ISO-10303-21;
HEADER;
FILE_DESCRIPTION (( 'STEP AP214' ),
    '1' );
FILE_NAME ('SMF4L26A.STEP',
    '2025-04-29T09:56:05',
    ( '' ),
    ( '' ),
    'SwSTEP 2.0',
    'SolidWorks 2024',
    '' );
FILE_SCHEMA (( 'AUTOMOTIVE_DESIGN' ));
ENDSEC;

DATA;
#1 = DIRECTION ( 'NONE',  ( -0.000000000000000000, -0.000000000000000000, -1.000000000000000000 ) ) ;
#2 = ORIENTED_EDGE ( 'NONE', *, *, #1776, .T. ) ;
#3 = APPLICATION_PROTOCOL_DEFINITION ( 'draft international standard', 'automotive_design', 1998, #1925 ) ;
#4 = ORIENTED_EDGE ( 'NONE', *, *, #1143, .T. ) ;
#5 = PLANE ( 'NONE',  #1976 ) ;
#6 = DIRECTION ( 'NONE',  ( 0.000000000000000000, 0.000000000000000000, 1.000000000000000000 ) ) ;
#7 = PLANE ( 'NONE',  #719 ) ;
#8 = VERTEX_POINT ( 'NONE', #1459 ) ;
#9 = FACE_OUTER_BOUND ( 'NONE', #1436, .T. ) ;
#10 = PRODUCT_DEFINITION_SHAPE ( 'NONE', 'NONE',  #2091 ) ;
#11 = EDGE_LOOP ( 'NONE', ( #1739, #1837, #1299, #130 ) ) ;
#12 = DIRECTION ( 'NONE',  ( 1.000000000000000000, 0.000000000000000000, 0.000000000000000000 ) ) ;
#13 = APPLICATION_CONTEXT ( 'automotive_design' ) ;
#14 = FACE_OUTER_BOUND ( 'NONE', #868, .T. ) ;
#15 = CARTESIAN_POINT ( 'NONE',  ( 1.323934121487573057, 0.1499999999999999112, -0.8489341214875738562 ) ) ;
#16 = CARTESIAN_POINT ( 'NONE',  ( -1.253943190666833907, 0.9743577871373830801, -0.8287529255714208842 ) ) ;
#17 = DIRECTION ( 'NONE',  ( 0.000000000000000000, 0.000000000000000000, 1.000000000000000000 ) ) ;
#18 = ORIENTED_EDGE ( 'NONE', *, *, #1289, .F. ) ;
#19 = VECTOR ( 'NONE', #275, 1000.000000000000000 ) ;
#20 = ADVANCED_FACE ( 'NONE', ( #668 ), #1973, .T. ) ;
#21 =( BOUNDED_CURVE ( )  B_SPLINE_CURVE ( 3, ( #257, #904, #759, #580 ),
 .UNSPECIFIED., .F., .F. ) 
 B_SPLINE_CURVE_WITH_KNOTS ( ( 4, 4 ),
 ( 5.501585242055424985, 7.064785372303745703 ),
 .UNSPECIFIED. ) 
 CURVE ( )  GEOMETRIC_REPRESENTATION_ITEM ( )  RATIONAL_B_SPLINE_CURVE ( ( 1.000000000000000000, 0.8065248903853510232, 0.8065248903853510232, 1.000000000000000000 ) ) 
 REPRESENTATION_ITEM ( '' )  );
#22 = VECTOR ( 'NONE', #975, 1000.000000000000000 ) ;
#23 = LINE ( 'NONE', #1316, #655 ) ;
#24 = CIRCLE ( 'NONE', #761, 0.05000000000000002359 ) ;
#25 = ITEM_DEFINED_TRANSFORMATION ( 'NONE', 'NONE', #454,  #329 ) ;
#26 = EDGE_LOOP ( 'NONE', ( #368, #1767, #1609, #905 ) ) ;
#27 = DIRECTION ( 'NONE',  ( 0.000000000000000000, -0.000000000000000000, 1.000000000000000000 ) ) ;
#28 = DIRECTION ( 'NONE',  ( -1.000000000000000000, 1.344783796247393155E-17, 1.537094912701362464E-16 ) ) ;
#29 = DIRECTION ( 'NONE',  ( -1.000000000000000000, -0.000000000000000000, -0.000000000000000000 ) ) ;
#30 = VERTEX_POINT ( 'NONE', #1983 ) ;
#31 = DIRECTION ( 'NONE',  ( 0.000000000000000000, 0.000000000000000000, 1.000000000000000000 ) ) ;
#32 =( BOUNDED_SURFACE ( )  B_SPLINE_SURFACE ( 3, 3, ( 
 ( #2049, #1626, #336, #1883 ),
 ( #987, #280, #820, #1571 ),
 ( #978, #122, #1100, #1466 ),
 ( #772, #2057, #1580, #2068 ) ),
 .UNSPECIFIED., .F., .F., .F. ) 
 B_SPLINE_SURFACE_WITH_KNOTS ( ( 4, 4 ),
 ( 4, 4 ),
 ( 0.000000000000000000, 1.000000000000000000 ),
 ( 0.000000000000000000, 1.000000000000000000 ),
 .UNSPECIFIED. ) 
 GEOMETRIC_REPRESENTATION_ITEM ( )  RATIONAL_B_SPLINE_SURFACE ( (
 ( 1.000000000000000000, 0.8228421800664417196, 0.8228421800664417196, 1.000000000000000000),
 ( 0.8228421800665304264, 0.6770692532965675303, 0.6770692532965675303, 0.8228421800665304264),
 ( 0.8228421800665304264, 0.6770692532965675303, 0.6770692532965675303, 0.8228421800665304264),
 ( 1.000000000000000000, 0.8228421800664417196, 0.8228421800664417196, 1.000000000000000000) ) ) 
 REPRESENTATION_ITEM ( '' )  SURFACE ( )  );
#33 = DIRECTION ( 'NONE',  ( 1.000000000000000000, 0.000000000000000000, 0.000000000000000000 ) ) ;
#34 = DIRECTION ( 'NONE',  ( -1.000000000000000000, 0.000000000000000000, 0.000000000000000000 ) ) ;
#35 = CARTESIAN_POINT ( 'NONE',  ( 0.02499999999999999792, 0.1600000000000000033, -0.4874999999999999889 ) ) ;
#36 = CARTESIAN_POINT ( 'NONE',  ( 1.323934121487573723, 0.1499999999999999944, 0.000000000000000000 ) ) ;
#37 = CARTESIAN_POINT ( 'NONE',  ( -1.175000000000000044, 0.000000000000000000, 0.4874999999999999889 ) ) ;
#38 = ORIENTED_EDGE ( 'NONE', *, *, #1674, .F. ) ;
#39 = PLANE ( 'NONE',  #722 ) ;
#40 = PRODUCT_DEFINITION_SHAPE ( 'NONE', 'NONE',  #1334 ) ;
#41 = LINE ( 'NONE', #1231, #1355 ) ;
#42 = EDGE_CURVE ( 'NONE', #1378, #1254, #1828, .T. ) ;
#43 = DIRECTION ( 'NONE',  ( -2.224004456380521903E-16, 0.000000000000000000, -1.000000000000000000 ) ) ;
#44 = CARTESIAN_POINT ( 'NONE',  ( -1.304456972858303976, 0.3926248275411881039, 0.8294569728583061075 ) ) ;
#45 = CARTESIAN_POINT ( 'NONE',  ( -1.373743856392159568, 0.1456422128626170542, 0.8489341214875739672 ) ) ;
#46 = ORIENTED_EDGE ( 'NONE', *, *, #589, .T. ) ;
#47 = EDGE_CURVE ( 'NONE', #746, #1594, #822, .T. ) ;
#48 = CARTESIAN_POINT ( 'NONE',  ( -1.175000000000000044, 0.1600000000000000033, 0.000000000000000000 ) ) ;
#49 = CARTESIAN_POINT ( 'NONE',  ( -1.374999999999999556, 0.1600000000000007805, -0.8794138467812649962 ) ) ;
#50 = APPLICATION_CONTEXT ( 'automotive_design' ) ;
#51 = VECTOR ( 'NONE', #1279, 1000.000000000000000 ) ;
#52 = DIRECTION ( 'NONE',  ( 0.000000000000000000, 0.000000000000000000, -1.000000000000000000 ) ) ;
#53 = AXIS2_PLACEMENT_3D ( 'NONE', #36, #671, #1089 ) ;
#54 = AXIS2_PLACEMENT_3D ( 'NONE', #1934, #1764, #660 ) ;
#55 = EDGE_CURVE ( 'NONE', #1343, #1585, #1317, .T. ) ;
#56 = LINE ( 'NONE', #1815, #1027 ) ;
#57 = EDGE_LOOP ( 'NONE', ( #162, #1611, #872, #224 ) ) ;
#58 = EDGE_CURVE ( 'NONE', #390, #1122, #1723, .T. ) ;
#59 = EDGE_LOOP ( 'NONE', ( #1494, #1782, #335, #1639 ) ) ;
#60 = DIRECTION ( 'NONE',  ( 0.000000000000000000, -0.000000000000000000, 1.000000000000000000 ) ) ;
#61 = CARTESIAN_POINT ( 'NONE',  ( 1.281444001924917142, 1.001330666586834894, -0.8266368375296753168 ) ) ;
#62 = CARTESIAN_POINT ( 'NONE',  ( 1.175000000000000044, 1.348707281041047867, 0.4874999999999999889 ) ) ;
#63 = DIRECTION ( 'NONE',  ( 0.000000000000000000, -0.000000000000000000, 1.000000000000000000 ) ) ;
#64 = ORIENTED_EDGE ( 'NONE', *, *, #1896, .T. ) ;
#65 = ORIENTED_EDGE ( 'NONE', *, *, #645, .T. ) ;
#66 = ADVANCED_FACE ( 'NONE', ( #193 ), #659, .T. ) ;
#67 = LINE ( 'NONE', #751, #1264 ) ;
#68 = CARTESIAN_POINT ( 'NONE',  ( -1.351434932745655404, 0.1186693334131660310, 0.8966277683504149110 ) ) ;
#69 = PLANE ( 'NONE',  #441 ) ;
#70 =( NAMED_UNIT ( * ) SI_UNIT ( $, .STERADIAN. ) SOLID_ANGLE_UNIT ( ) );
#71 = CARTESIAN_POINT ( 'NONE',  ( -1.375000000000000000, 0.1600000000000000033, 0.4874999999999999889 ) ) ;
#72 = EDGE_LOOP ( 'NONE', ( #403, #750, #1401, #1063 ) ) ;
#73 =( REPRESENTATION_RELATIONSHIP ('NONE','NONE', #227, #1038 ) REPRESENTATION_RELATIONSHIP_WITH_TRANSFORMATION ( #307 )SHAPE_REPRESENTATION_RELATIONSHIP( ) );
#74 = ORIENTED_EDGE ( 'NONE', *, *, #1512, .F. ) ;
#75 = DIRECTION ( 'NONE',  ( -0.08682659386424698700, 0.9924325091389669673, -0.08682659386424779191 ) ) ;
#76 = CARTESIAN_POINT ( 'NONE',  ( 1.145000000000000018, 0.000000000000000000, -0.4874999999999999889 ) ) ;
#77 = ADVANCED_FACE ( 'NONE', ( #1326 ), #1646, .T. ) ;
#78 = EDGE_CURVE ( 'NONE', #297, #1607, #1964, .T. ) ;
#79 = DIRECTION ( 'NONE',  ( 0.000000000000000000, -0.000000000000000000, 1.000000000000000000 ) ) ;
#80 =( NAMED_UNIT ( * ) PLANE_ANGLE_UNIT ( ) SI_UNIT ( $, .RADIAN. ) );
#81 = CIRCLE ( 'NONE', #1400, 0.05000000000000005135 ) ;
#82 = FACE_OUTER_BOUND ( 'NONE', #946, .T. ) ;
#83 = ORIENTED_EDGE ( 'NONE', *, *, #1880, .F. ) ;
#84 = CARTESIAN_POINT ( 'NONE',  ( -1.323934121487571947, 0.1000000000000000056, 0.8489341214875739672 ) ) ;
#85 = ORIENTED_EDGE ( 'NONE', *, *, #1479, .T. ) ;
#86 = PRODUCT_DEFINITION_FORMATION_WITH_SPECIFIED_SOURCE ( 'ANY', '', #1159, .NOT_KNOWN. ) ;
#87 = LINE ( 'NONE', #707, #753 ) ;
#88 = DIRECTION ( 'NONE',  ( -1.000000000000000000, -0.000000000000000000, 1.548860246407859885E-16 ) ) ;
#89 = FACE_OUTER_BOUND ( 'NONE', #996, .T. ) ;
#90 = PRODUCT_DEFINITION ( 'UNKNOWN', '', #291, #1891 ) ;
#91 = ADVANCED_FACE ( 'NONE', ( #1955 ), #165, .T. ) ;
#92 = CARTESIAN_POINT ( 'NONE',  ( 1.375000000000000000, 0.1600000000000000033, 0.000000000000000000 ) ) ;
#93 = ORIENTED_EDGE ( 'NONE', *, *, #384, .F. ) ;
#94 = ORIENTED_EDGE ( 'NONE', *, *, #1710, .F. ) ;
#95 = CARTESIAN_POINT ( 'NONE',  ( 0.02499999999999999792, 0.1600000000000000033, 0.000000000000000000 ) ) ;
#96 = CARTESIAN_POINT ( 'NONE',  ( -1.323934121487571947, 0.1000000000000000056, -0.8489341214875728570 ) ) ;
#97 = CARTESIAN_POINT ( 'NONE',  ( -1.375000000000000000, 0.1600000000000000033, 0.8501902650954130669 ) ) ;
#98 = DIRECTION ( 'NONE',  ( 0.000000000000000000, 0.000000000000000000, 1.000000000000000000 ) ) ;
#99 = ORIENTED_EDGE ( 'NONE', *, *, #243, .F. ) ;
#100 = EDGE_CURVE ( 'NONE', #1447, #1090, #1792, .T. ) ;
#101 = CARTESIAN_POINT ( 'NONE',  ( 1.175000000000000044, 0.1000000000000000056, -0.4874999999999999334 ) ) ;
#102 = DIRECTION ( 'NONE',  ( 0.08682659386424781967, -0.9924325091389671893, -0.08682659386424772252 ) ) ;
#103 = ORIENTED_EDGE ( 'NONE', *, *, #617, .F. ) ;
#104 = ADVANCED_FACE ( 'NONE', ( #14 ), #844, .T. ) ;
#105 = CARTESIAN_POINT ( 'NONE',  ( -1.303752925571421084, 0.9743577871373833021, -0.7789431906668340400 ) ) ;
#106 = DIRECTION ( 'NONE',  ( -1.000000000000000000, -0.000000000000000000, -4.783244878612519794E-16 ) ) ;
#107 = VERTEX_POINT ( 'NONE', #837 ) ;
#108 = FACE_OUTER_BOUND ( 'NONE', #1215, .T. ) ;
#109 = VECTOR ( 'NONE', #801, 1000.000000000000227 ) ;
#110 = LINE ( 'NONE', #1712, #1229 ) ;
#111 = AXIS2_PLACEMENT_3D ( 'NONE', #429, #1250, #1075 ) ;
#112 = PLANE ( 'NONE',  #415 ) ;
#113 = VECTOR ( 'NONE', #296, 1000.000000000000000 ) ;
#114 = CARTESIAN_POINT ( 'NONE',  ( -1.374999999999998890, 0.1600000000000007250, 0.8794138467812656623 ) ) ;
#115 = ORIENTED_EDGE ( 'NONE', *, *, #1330, .F. ) ;
#116 = VECTOR ( 'NONE', #1516, 1000.000000000000000 ) ;
#117 = EDGE_CURVE ( 'NONE', #942, #134, #508, .T. ) ;
#118 = LINE ( 'NONE', #1625, #323 ) ;
#119 = LINE ( 'NONE', #752, #217 ) ;
#120 = ORIENTED_EDGE ( 'NONE', *, *, #168, .F. ) ;
#121 = CARTESIAN_POINT ( 'NONE',  ( 0.02499999999999999792, 1.020000000000000018, 0.000000000000000000 ) ) ;
#122 = CARTESIAN_POINT ( 'NONE',  ( -1.301636837529674739, 0.9896322133755132144, -0.8088286656302310362 ) ) ;
#123 = EDGE_LOOP ( 'NONE', ( #611, #1413, #1284, #65 ) ) ;
#124 = DIRECTION ( 'NONE',  ( 1.000000000000000000, -0.000000000000000000, 5.580452358381270792E-16 ) ) ;
#125 = DIRECTION ( 'NONE',  ( 0.000000000000000000, -0.08715574274765820750, -0.9961946980917454342 ) ) ;
#126 = ORIENTED_EDGE ( 'NONE', *, *, #489, .F. ) ;
#127 = DIRECTION ( 'NONE',  ( 1.000000000000000000, -0.000000000000000000, -1.548860246407859885E-16 ) ) ;
#128 = CARTESIAN_POINT ( 'NONE',  ( -1.303789741279065106, 0.9739142549817648709, 0.7789431906668339289 ) ) ;
#129 = EDGE_CURVE ( 'NONE', #754, #727, #41, .T. ) ;
#130 = ORIENTED_EDGE ( 'NONE', *, *, #1318, .T. ) ;
#131 = DIRECTION ( 'NONE',  ( 0.000000000000000000, -0.000000000000000000, 1.000000000000000000 ) ) ;
#132 = DIRECTION ( 'NONE',  ( 0.000000000000000000, 0.000000000000000000, 1.000000000000000000 ) ) ;
#133 = CARTESIAN_POINT ( 'NONE',  ( 1.303752925571421084, 0.9743577871373826360, -0.7789431906668340400 ) ) ;
#134 = VERTEX_POINT ( 'NONE', #732 ) ;
#135 = CARTESIAN_POINT ( 'NONE',  ( -1.175000000000000044, 0.1599999999999999756, 0.4874999999999999334 ) ) ;
#136 = CARTESIAN_POINT ( 'NONE',  ( -1.325190265095411712, 0.1600000000000003919, 0.9000000000000003553 ) ) ;
#137 = PLANE ( 'NONE',  #247 ) ;
#138 = ORIENTED_EDGE ( 'NONE', *, *, #1323, .T. ) ;
#139 = DIRECTION ( 'NONE',  ( -1.000000000000000000, -0.000000000000000000, 4.783244878612519794E-16 ) ) ;
#140 = CARTESIAN_POINT ( 'NONE',  ( -1.323934121487571947, 0.1499999999999999944, 0.8489341214875731900 ) ) ;
#141 = ADVANCED_FACE ( 'NONE', ( #1050 ), #1386, .T. ) ;
#142 = ORIENTED_EDGE ( 'NONE', *, *, #117, .T. ) ;
#143 = CARTESIAN_POINT ( 'NONE',  ( 1.375000000000000000, 0.1600000000000000033, 0.9000000000000001332 ) ) ;
#144 = EDGE_CURVE ( 'NONE', #2028, #8, #393, .T. ) ;
#145 = VECTOR ( 'NONE', #1689, 999.9999999999998863 ) ;
#146 = ORIENTED_EDGE ( 'NONE', *, *, #220, .F. ) ;
#147 = DIRECTION ( 'NONE',  ( -0.000000000000000000, 1.000000000000000000, 0.000000000000000000 ) ) ;
#148 = CARTESIAN_POINT ( 'NONE',  ( -1.311995830260372031, 0.3064552931325025820, -0.8369958302603720535 ) ) ;
#149 = VECTOR ( 'NONE', #1351, 1000.000000000000000 ) ;
#150 = CARTESIAN_POINT ( 'NONE',  ( 1.253943190666833907, 1.001330666586837337, 0.8266368375296744286 ) ) ;
#151 = ORIENTED_EDGE ( 'NONE', *, *, #1896, .F. ) ;
#152 =( GEOMETRIC_REPRESENTATION_CONTEXT ( 3 ) GLOBAL_UNCERTAINTY_ASSIGNED_CONTEXT ( ( #1084 ) ) GLOBAL_UNIT_ASSIGNED_CONTEXT ( ( #1980, #1013, #1798 ) ) REPRESENTATION_CONTEXT ( 'NONE', 'WORKASPACE' ) );
#153 = CARTESIAN_POINT ( 'NONE',  ( -1.001454881387759732, 0.9200000000000000400, -0.7789431906668340400 ) ) ;
#154 = AXIS2_PLACEMENT_3D ( 'NONE', #745, #1858, #1842 ) ;
#155 = CARTESIAN_POINT ( 'NONE',  ( -1.253943190666833907, 0.9700000000000000844, 0.7789431906668342620 ) ) ;
#156 = CIRCLE ( 'NONE', #1305, 0.05000000000000002359 ) ;
#157 = VERTEX_POINT ( 'NONE', #2030 ) ;
#158 = ORIENTED_EDGE ( 'NONE', *, *, #1576, .F. ) ;
#159 = ADVANCED_FACE ( 'NONE', ( #401 ), #69, .T. ) ;
#160 = SURFACE_STYLE_FILL_AREA ( #649 ) ;
#161 = LINE ( 'NONE', #497, #1268 ) ;
#162 = ORIENTED_EDGE ( 'NONE', *, *, #1785, .T. ) ;
#163 = ADVANCED_BREP_SHAPE_REPRESENTATION ( '', ( #625, #329 ), #1234 ) ;
#164 = VERTEX_POINT ( 'NONE', #901 ) ;
#165 = CYLINDRICAL_SURFACE ( 'NONE', #541, 0.05000000000000005135 ) ;
#166 = LINE ( 'NONE', #1957, #2005 ) ;
#167 = CARTESIAN_POINT ( 'NONE',  ( -1.001454881387759732, 1.020000000000000018, 0.000000000000000000 ) ) ;
#168 = EDGE_CURVE ( 'NONE', #1150, #414, #214, .T. ) ;
#169 = FACE_OUTER_BOUND ( 'NONE', #372, .T. ) ;
#170 = ORIENTED_EDGE ( 'NONE', *, *, #725, .T. ) ;
#171 = CARTESIAN_POINT ( 'NONE',  ( -1.850000000000000089, 0.1599999999999999756, 0.4874999999999998779 ) ) ;
#172 = EDGE_CURVE ( 'NONE', #1475, #1076, #1831, .T. ) ;
#173 =( BOUNDED_CURVE ( )  B_SPLINE_CURVE ( 3, ( #530, #1977, #703, #1992 ),
 .UNSPECIFIED., .F., .F. ) 
 B_SPLINE_CURVE_WITH_KNOTS ( ( 4, 4 ),
 ( 5.501585242055424985, 7.064785372303752808 ),
 .UNSPECIFIED. ) 
 CURVE ( )  GEOMETRIC_REPRESENTATION_ITEM ( )  RATIONAL_B_SPLINE_CURVE ( ( 1.000000000000000000, 0.8065248903853495799, 0.8065248903853495799, 1.000000000000000000 ) ) 
 REPRESENTATION_ITEM ( '' )  );
#174 = APPLICATION_PROTOCOL_DEFINITION ( 'draft international standard', 'automotive_design', 1998, #13 ) ;
#175 = DIRECTION ( 'NONE',  ( -1.000000000000000000, 0.000000000000000000, 1.548860246407859885E-16 ) ) ;
#176 = VECTOR ( 'NONE', #356, 1000.000000000000000 ) ;
#177 = PLANE ( 'NONE',  #54 ) ;
#178 = PLANE ( 'NONE',  #1941 ) ;
#179 = DIRECTION ( 'NONE',  ( 0.08682659386424781967, 0.9924325091389671893, -0.08682659386424781967 ) ) ;
#180 = ORIENTED_EDGE ( 'NONE', *, *, #617, .T. ) ;
#181 = EDGE_CURVE ( 'NONE', #1115, #727, #1999, .T. ) ;
#182 = VECTOR ( 'NONE', #17, 1000.000000000000000 ) ;
#183 = CARTESIAN_POINT ( 'NONE',  ( 1.325190265095411712, 0.1600000000000001699, 0.9000000000000000222 ) ) ;
#184 = CIRCLE ( 'NONE', #800, 0.04999999999999991257 ) ;
#185 = PRODUCT_CONTEXT ( 'NONE', #1367, 'mechanical' ) ;
#186 = DIRECTION ( 'NONE',  ( 1.355252715606879803E-16, 0.000000000000000000, 1.000000000000000000 ) ) ;
#187 = PRESENTATION_STYLE_ASSIGNMENT (( #1786 ) ) ;
#188 = DIRECTION ( 'NONE',  ( 0.08682659386424772252, 0.9924325091389671893, 0.08682659386424781967 ) ) ;
#189 = CARTESIAN_POINT ( 'NONE',  ( -1.175000000000000044, 0.1000000000000000056, -0.4874999999999999334 ) ) ;
#190 = ORIENTED_EDGE ( 'NONE', *, *, #47, .T. ) ;
#191 = CARTESIAN_POINT ( 'NONE',  ( 1.425000000000000044, 0.1600000000000000033, 0.9000000000000001332 ) ) ;
#192 = EDGE_CURVE ( 'NONE', #1207, #1678, #1040, .T. ) ;
#193 = FACE_OUTER_BOUND ( 'NONE', #1542, .T. ) ;
#194 = SURFACE_STYLE_USAGE ( .BOTH. , #1357 ) ;
#195 = LINE ( 'NONE', #847, #1904 ) ;
#196 = ORIENTED_EDGE ( 'NONE', *, *, #598, .T. ) ;
#197 = DIRECTION ( 'NONE',  ( 1.000000000000000000, 0.000000000000000000, 4.783244878612519794E-16 ) ) ;
#198 = VERTEX_POINT ( 'NONE', #880 ) ;
#199 = CARTESIAN_POINT ( 'NONE',  ( -1.371627768350412557, 0.1475472756446096212, -0.8801686346422845642 ) ) ;
#200 = ADVANCED_FACE ( 'NONE', ( #1872 ), #425, .T. ) ;
#201 = DIRECTION ( 'NONE',  ( 0.000000000000000000, 0.000000000000000000, -1.000000000000000000 ) ) ;
#202 = ADVANCED_FACE ( 'NONE', ( #861 ), #1820, .T. ) ;
#203 = LINE ( 'NONE', #999, #1030 ) ;
#204 = DIRECTION ( 'NONE',  ( 0.000000000000000000, 0.000000000000000000, -1.000000000000000000 ) ) ;
#205 = DIRECTION ( 'NONE',  ( -0.08682659386431237913, 0.9924325091389615272, -0.08682659386424493309 ) ) ;
#206 =( NAMED_UNIT ( * ) SI_UNIT ( $, .STERADIAN. ) SOLID_ANGLE_UNIT ( ) );
#207 = AXIS2_PLACEMENT_3D ( 'NONE', #1282, #1120, #1882 ) ;
#208 = ORIENTED_EDGE ( 'NONE', *, *, #2012, .F. ) ;
#209 = VECTOR ( 'NONE', #1515, 1000.000000000000000 ) ;
#210 = VECTOR ( 'NONE', #605, 1000.000000000000000 ) ;
#211 = CARTESIAN_POINT ( 'NONE',  ( -1.351434932745655404, 0.09999999999999975575, -0.8764349327456560923 ) ) ;
#212 = AXIS2_PLACEMENT_3D ( 'NONE', #397, #728, #1045 ) ;
#213 = ORIENTED_EDGE ( 'NONE', *, *, #1181, .F. ) ;
#214 = LINE ( 'NONE', #97, #145 ) ;
#215 = AXIS2_PLACEMENT_3D ( 'NONE', #334, #1446, #125 ) ;
#216 = DIRECTION ( 'NONE',  ( -0.000000000000000000, -1.000000000000000000, 0.000000000000000000 ) ) ;
#217 = VECTOR ( 'NONE', #1384, 1000.000000000000000 ) ;
#218 = CARTESIAN_POINT ( 'NONE',  ( -1.064043593667499898, 0.9200000000000000400, -0.7789431906668340400 ) ) ;
#219 = ORIENTED_EDGE ( 'NONE', *, *, #864, .F. ) ;
#220 = EDGE_CURVE ( 'NONE', #1378, #1835, #1669, .T. ) ;
#221 = AXIS2_PLACEMENT_3D ( 'NONE', #529, #1640, #1184 ) ;
#222 = EDGE_LOOP ( 'NONE', ( #637, #94, #1588 ) ) ;
#223 = LINE ( 'NONE', #76, #1439 ) ;
#224 = ORIENTED_EDGE ( 'NONE', *, *, #421, .T. ) ;
#225 = DIRECTION ( 'NONE',  ( 1.000000000000000000, 1.344783796247395004E-17, -1.537094912701364682E-16 ) ) ;
#226 = FACE_OUTER_BOUND ( 'NONE', #2014, .T. ) ;
#227 = SHAPE_REPRESENTATION ( 'SMF4L26A', ( #1569, #1200, #454, #1666, #385 ), #1309 ) ;
#228 = DIRECTION ( 'NONE',  ( 0.08715574274765836016, -0.9961946980917455452, 0.000000000000000000 ) ) ;
#229 = ORIENTED_EDGE ( 'NONE', *, *, #243, .T. ) ;
#230 = EDGE_CURVE ( 'NONE', #1034, #1447, #677, .T. ) ;
#231 = CARTESIAN_POINT ( 'NONE',  ( 1.323934121487573723, 0.1000000000000000056, 0.8489341214875735231 ) ) ;
#232 = ORIENTED_EDGE ( 'NONE', *, *, #117, .F. ) ;
#233 = CARTESIAN_POINT ( 'NONE',  ( 0.02500000000000011935, 1.020000000000000018, 0.7789431906668342620 ) ) ;
#234 = ORIENTED_EDGE ( 'NONE', *, *, #1912, .T. ) ;
#235 = DIRECTION ( 'NONE',  ( 1.000000000000000000, 0.000000000000000000, 0.000000000000000000 ) ) ;
#236 = PLANE ( 'NONE',  #1443 ) ;
#237 = DIRECTION ( 'NONE',  ( -0.000000000000000000, -0.000000000000000000, 1.000000000000000000 ) ) ;
#238 = ORIENTED_EDGE ( 'NONE', *, *, #1457, .F. ) ;
#239 = CARTESIAN_POINT ( 'NONE',  ( 0.02499999999999999792, 0.000000000000000000, 0.000000000000000000 ) ) ;
#240 = ORIENTED_EDGE ( 'NONE', *, *, #1998, .T. ) ;
#241 = DIRECTION ( 'NONE',  ( 0.000000000000000000, 0.000000000000000000, -1.000000000000000000 ) ) ;
#242 = CARTESIAN_POINT ( 'NONE',  ( -1.323934121487572169, 0.1500000000000000777, 0.8489341214875731900 ) ) ;
#243 = EDGE_CURVE ( 'NONE', #1150, #1936, #1849, .T. ) ;
#244 = VECTOR ( 'NONE', #2017, 1000.000000000000000 ) ;
#245 = CARTESIAN_POINT ( 'NONE',  ( 1.373743856392160900, 0.1456422128626169432, 0.000000000000000000 ) ) ;
#246 = CIRCLE ( 'NONE', #1832, 0.04999999999999991257 ) ;
#247 = AXIS2_PLACEMENT_3D ( 'NONE', #1913, #632, #1615 ) ;
#248 = CARTESIAN_POINT ( 'NONE',  ( 1.425000000000000044, 0.1600000000000000033, -0.9000000000000001332 ) ) ;
#249 = EDGE_LOOP ( 'NONE', ( #550, #533, #998, #1458 ) ) ;
#250 = CIRCLE ( 'NONE', #518, 0.05000000000000002359 ) ;
#251 = ORIENTED_EDGE ( 'NONE', *, *, #1157, .F. ) ;
#252 = VECTOR ( 'NONE', #365, 1000.000000000000000 ) ;
#253 = PLANE ( 'NONE',  #2073 ) ;
#254 = CARTESIAN_POINT ( 'NONE',  ( -1.253943190666833019, 1.019999999999999796, 0.7789431906668339289 ) ) ;
#255 = ADVANCED_FACE ( 'NONE', ( #89 ), #1477, .T. ) ;
#256 = DIRECTION ( 'NONE',  ( -1.000000000000000000, 0.000000000000000000, 0.000000000000000000 ) ) ;
#257 = CARTESIAN_POINT ( 'NONE',  ( 1.374999999999999556, 0.1599999999999986433, 0.8501902650954128449 ) ) ;
#258 = ORIENTED_EDGE ( 'NONE', *, *, #669, .T. ) ;
#259 = APPLICATION_CONTEXT ( 'automotive_design' ) ;
#260 = CARTESIAN_POINT ( 'NONE',  ( 1.373780672099805145, 0.1460857450182354855, 0.8489341214875730790 ) ) ;
#261 = DIRECTION ( 'NONE',  ( 0.08682659386416412273, 0.9924325091389744058, 0.08682659386424655679 ) ) ;
#262 = ORIENTED_EDGE ( 'NONE', *, *, #1116, .T. ) ;
#263 = DIRECTION ( 'NONE',  ( 0.000000000000000000, -1.000000000000000000, -0.000000000000000000 ) ) ;
#264 = DIRECTION ( 'NONE',  ( 1.000000000000000000, -2.168404344971012812E-15, 0.000000000000000000 ) ) ;
#265 = ORIENTED_EDGE ( 'NONE', *, *, #421, .F. ) ;
#266 = CARTESIAN_POINT ( 'NONE',  ( 1.351434932745656958, 0.09999999999999985290, -0.8489341214875729680 ) ) ;
#267 = ADVANCED_FACE ( 'NONE', ( #108 ), #443, .T. ) ;
#268 =( LENGTH_UNIT ( ) NAMED_UNIT ( * ) SI_UNIT ( .MILLI., .METRE. ) );
#269 = LINE ( 'NONE', #1033, #1303 ) ;
#270 = ORIENTED_EDGE ( 'NONE', *, *, #913, .F. ) ;
#271 = EDGE_CURVE ( 'NONE', #1002, #1778, #1908, .T. ) ;
#272 = LINE ( 'NONE', #747, #893 ) ;
#273 = FACE_OUTER_BOUND ( 'NONE', #1549, .T. ) ;
#274 = ORIENTED_EDGE ( 'NONE', *, *, #1189, .F. ) ;
#275 = DIRECTION ( 'NONE',  ( -0.000000000000000000, 1.000000000000000000, 0.000000000000000000 ) ) ;
#276 = CARTESIAN_POINT ( 'NONE',  ( -1.001454881387759732, 0.9200000000000001510, -0.7789431906668340400 ) ) ;
#277 = VECTOR ( 'NONE', #690, 1000.000000000000114 ) ;
#278 = ORIENTED_EDGE ( 'NONE', *, *, #2041, .F. ) ;
#279 = CARTESIAN_POINT ( 'NONE',  ( 1.145000000000000018, 0.1600000000000000033, -0.4874999999999999889 ) ) ;
#280 = CARTESIAN_POINT ( 'NONE',  ( -1.281444001924917142, 1.001330666586843332, -0.8266368375296742066 ) ) ;
#281 = UNCERTAINTY_MEASURE_WITH_UNIT (LENGTH_MEASURE( 1.000000000000000082E-05 ), #1191, 'distance_accuracy_value', 'NONE');
#282 = ORIENTED_EDGE ( 'NONE', *, *, #737, .F. ) ;
#283 = PRESENTATION_LAYER_ASSIGNMENT (  '', '', ( #411 ) ) ;
#284 = CARTESIAN_POINT ( 'NONE',  ( -1.145000000000000018, 0.1600000000000000033, 0.4874999999999999889 ) ) ;
#285 = DIRECTION ( 'NONE',  ( -1.000000000000000000, -2.168404344971012812E-15, 0.000000000000000000 ) ) ;
#286 = EDGE_CURVE ( 'NONE', #1907, #1594, #458, .T. ) ;
#287 = CARTESIAN_POINT ( 'NONE',  ( 1.375000000000000000, 0.1600000000000000033, -0.4875000000000000999 ) ) ;
#288 = ORIENTED_EDGE ( 'NONE', *, *, #1645, .T. ) ;
#289 = VECTOR ( 'NONE', #950, 1000.000000000000000 ) ;
#290 = DIRECTION ( 'NONE',  ( 0.000000000000000000, 0.000000000000000000, 1.000000000000000000 ) ) ;
#291 = PRODUCT_DEFINITION_FORMATION_WITH_SPECIFIED_SOURCE ( 'ANY', '', #695, .NOT_KNOWN. ) ;
#292 = DIRECTION ( 'NONE',  ( 0.000000000000000000, 0.000000000000000000, -1.000000000000000000 ) ) ;
#293 = ORIENTED_EDGE ( 'NONE', *, *, #1103, .T. ) ;
#294 = LINE ( 'NONE', #143, #613 ) ;
#295 = PRODUCT_DEFINITION_CONTEXT ( 'detailed design', #1493, 'design' ) ;
#296 = DIRECTION ( 'NONE',  ( -0.000000000000000000, -0.000000000000000000, -1.000000000000000000 ) ) ;
#297 = VERTEX_POINT ( 'NONE', #1919 ) ;
#298 = CARTESIAN_POINT ( 'NONE',  ( 1.351434932745656736, 0.1460857450182357076, 0.8987806720998046117 ) ) ;
#299 = DIRECTION ( 'NONE',  ( 1.000000000000000000, 0.000000000000000000, 0.000000000000000000 ) ) ;
#300 = CARTESIAN_POINT ( 'NONE',  ( 1.301636837529674517, 1.001330666586836671, 0.7961755656347205834 ) ) ;
#301 = ORIENTED_EDGE ( 'NONE', *, *, #819, .T. ) ;
#302 = ADVANCED_FACE ( 'NONE', ( #1267 ), #433, .T. ) ;
#303 = DIRECTION ( 'NONE',  ( 0.000000000000000000, 0.08715574274765820750, -0.9961946980917454342 ) ) ;
#304 = DIRECTION ( 'NONE',  ( 1.000000000000000000, 0.000000000000000000, -0.000000000000000000 ) ) ;
#305 = ORIENTED_EDGE ( 'NONE', *, *, #902, .F. ) ;
#306 = CARTESIAN_POINT ( 'NONE',  ( 1.371627768350414778, 0.1475472756446095934, -0.8801686346422843421 ) ) ;
#307 = ITEM_DEFINED_TRANSFORMATION ( 'NONE', 'NONE', #1666,  #329 ) ;
#308 = ORIENTED_EDGE ( 'NONE', *, *, #1699, .F. ) ;
#309 = DIRECTION ( 'NONE',  ( 0.08715574274769366525, 0.9961946980917424366, 0.000000000000000000 ) ) ;
#310 = CARTESIAN_POINT ( 'NONE',  ( 1.253943190666833907, 1.020000000000004015, 0.8064440019249129454 ) ) ;
#311 = ORIENTED_EDGE ( 'NONE', *, *, #434, .F. ) ;
#312 = FILL_AREA_STYLE ('',( #1769 ) ) ;
#313 = CARTESIAN_POINT ( 'NONE',  ( -1.323934121487571947, 0.1499999999999999944, 0.4874999999999999889 ) ) ;
#314 = EDGE_CURVE ( 'NONE', #1085, #746, #294, .T. ) ;
#315 = ORIENTED_EDGE ( 'NONE', *, *, #791, .F. ) ;
#316 = APPLICATION_PROTOCOL_DEFINITION ( 'draft international standard', 'automotive_design', 1998, #1493 ) ;
#317 = VECTOR ( 'NONE', #2020, 1000.000000000000000 ) ;
#318 = ORIENTED_EDGE ( 'NONE', *, *, #1464, .T. ) ;
#319 = CARTESIAN_POINT ( 'NONE',  ( -1.375000000000000000, 0.1600000000000000033, -0.4874999999999999889 ) ) ;
#320 = LINE ( 'NONE', #1885, #210 ) ;
#321 = CARTESIAN_POINT ( 'NONE',  ( 1.281444001924917142, 1.020000000000000018, 0.7789431906668266015 ) ) ;
#322 = ORIENTED_EDGE ( 'NONE', *, *, #271, .T. ) ;
#323 = VECTOR ( 'NONE', #664, 1000.000000000000000 ) ;
#324 = CARTESIAN_POINT ( 'NONE',  ( -1.001454881387759732, -0.6391431377682249559, -0.7789431906668340400 ) ) ;
#325 = AXIS2_PLACEMENT_3D ( 'NONE', #650, #496, #510 ) ;
#326 = FACE_OUTER_BOUND ( 'NONE', #2061, .T. ) ;
#327 = VECTOR ( 'NONE', #465, 1000.000000000000000 ) ;
#328 = EDGE_LOOP ( 'NONE', ( #278, #764, #498, #1167 ) ) ;
#329 = AXIS2_PLACEMENT_3D ( 'NONE', #1233, #132, #1269 ) ;
#330 = ADVANCED_FACE ( 'NONE', ( #790 ), #1721, .T. ) ;
#331 = ORIENTED_EDGE ( 'NONE', *, *, #1698, .T. ) ;
#332 = ADVANCED_FACE ( 'NONE', ( #1709 ), #921, .T. ) ;
#333 = LINE ( 'NONE', #319, #622 ) ;
#334 = CARTESIAN_POINT ( 'NONE',  ( 1.325565773584091778, 0.1513501311968690199, 0.8505657735840930211 ) ) ;
#335 = ORIENTED_EDGE ( 'NONE', *, *, #1464, .F. ) ;
#336 = CARTESIAN_POINT ( 'NONE',  ( -1.253943190666833685, 1.020000000000011342, -0.8064440019249061731 ) ) ;
#337 = ITEM_DEFINED_TRANSFORMATION ( 'NONE', 'NONE', #385,  #329 ) ;
#338 = EDGE_LOOP ( 'NONE', ( #769, #262, #865, #1675 ) ) ;
#339 = CARTESIAN_POINT ( 'NONE',  ( 1.175000000000000044, 0.1599999999999999756, -0.4874999999999999889 ) ) ;
#340 = DIRECTION ( 'NONE',  ( 1.000000000000000000, 0.000000000000000000, -0.000000000000000000 ) ) ;
#341 = DIRECTION ( 'NONE',  ( 0.000000000000000000, 0.08715574274765820750, 0.9961946980917454342 ) ) ;
#342 = EDGE_LOOP ( 'NONE', ( #540, #120, #238, #387 ) ) ;
#343 = CARTESIAN_POINT ( 'NONE',  ( -1.323934121487571947, 0.1499999999999999944, -0.8489341214875727459 ) ) ;
#344 =( NAMED_UNIT ( * ) SI_UNIT ( $, .STERADIAN. ) SOLID_ANGLE_UNIT ( ) );
#345 = CARTESIAN_POINT ( 'NONE',  ( 0.02499999999999999792, 0.1000000000000000056, -0.4874999999999999889 ) ) ;
#346 = DIRECTION ( 'NONE',  ( -1.000000000000000000, -0.000000000000000000, -0.000000000000000000 ) ) ;
#347 = CYLINDRICAL_SURFACE ( 'NONE', #1563, 0.05000000000000005135 ) ;
#348 = DIRECTION ( 'NONE',  ( 0.000000000000000000, 0.000000000000000000, -1.000000000000000000 ) ) ;
#349 = EDGE_LOOP ( 'NONE', ( #418, #1559, #848 ) ) ;
#350 = EDGE_CURVE ( 'NONE', #1372, #390, #2065, .T. ) ;
#351 = CIRCLE ( 'NONE', #685, 0.05000000000000005135 ) ;
#352 = EDGE_CURVE ( 'NONE', #1944, #297, #67, .T. ) ;
#353 = AXIS2_PLACEMENT_3D ( 'NONE', #1824, #840, #1166 ) ;
#354 = DIRECTION ( 'NONE',  ( 1.000000000000000000, 0.000000000000000000, 0.000000000000000000 ) ) ;
#355 = VECTOR ( 'NONE', #1922, 1000.000000000000000 ) ;
#356 = DIRECTION ( 'NONE',  ( 1.000000000000000000, -0.000000000000000000, -1.548860246407859885E-16 ) ) ;
#357 = CARTESIAN_POINT ( 'NONE',  ( 1.373743856392160678, 0.1456422128626170542, 0.4874999999999999889 ) ) ;
#358 = CARTESIAN_POINT ( 'NONE',  ( -1.253943190666833907, 0.9743577871373831911, 0.8287529255714217724 ) ) ;
#359 = ORIENTED_EDGE ( 'NONE', *, *, #370, .T. ) ;
#360 = LINE ( 'NONE', #1003, #1771 ) ;
#361 = EDGE_LOOP ( 'NONE', ( #810, #817, #1750, #1845 ) ) ;
#362 = EDGE_CURVE ( 'NONE', #1827, #1205, #1226, .T. ) ;
#363 = CARTESIAN_POINT ( 'NONE',  ( -0.02500000000000000486, 0.1600000000000000033, 0.000000000000000000 ) ) ;
#364 = CARTESIAN_POINT ( 'NONE',  ( 1.375000000000000000, 0.1600000000000000033, 0.9000000000000001332 ) ) ;
#365 = DIRECTION ( 'NONE',  ( -2.224004456380521903E-16, 0.000000000000000000, 1.000000000000000000 ) ) ;
#366 = CARTESIAN_POINT ( 'NONE',  ( -1.849999999999999867, 0.1599999999999999756, -0.4875000000000001554 ) ) ;
#367 = DIRECTION ( 'NONE',  ( -1.000000000000000000, 0.000000000000000000, -0.000000000000000000 ) ) ;
#368 = ORIENTED_EDGE ( 'NONE', *, *, #1538, .T. ) ;
#369 = CARTESIAN_POINT ( 'NONE',  ( -1.373780672099803146, 0.1460857450182348471, -0.8489341214875729680 ) ) ;
#370 = EDGE_CURVE ( 'NONE', #1600, #1508, #899, .T. ) ;
#371 = ORIENTED_EDGE ( 'NONE', *, *, #230, .T. ) ;
#372 = EDGE_LOOP ( 'NONE', ( #1073, #432, #190, #1730 ) ) ;
#373 = DIRECTION ( 'NONE',  ( -0.000000000000000000, 1.000000000000000000, 0.000000000000000000 ) ) ;
#374 = ADVANCED_BREP_SHAPE_REPRESENTATION ( '', ( #607, #329 ), #1535 ) ;
#375 =( BOUNDED_CURVE ( )  B_SPLINE_CURVE ( 3, ( #136, #2072, #114, #1275 ),
 .UNSPECIFIED., .F., .T. ) 
 B_SPLINE_CURVE_WITH_KNOTS ( ( 4, 4 ),
 ( 5.501585242055429426, 7.064785372303750144 ),
 .UNSPECIFIED. ) 
 CURVE ( )  GEOMETRIC_REPRESENTATION_ITEM ( )  RATIONAL_B_SPLINE_CURVE ( ( 1.000000000000000000, 0.8065248903853510232, 0.8065248903853510232, 1.000000000000000000 ) ) 
 REPRESENTATION_ITEM ( '' )  );
#376 = LINE ( 'NONE', #1489, #796 ) ;
#377 = ORIENTED_EDGE ( 'NONE', *, *, #1744, .F. ) ;
#378 = CARTESIAN_POINT ( 'NONE',  ( -1.375000000000000000, 0.1600000000000000033, 0.9000000000000001332 ) ) ;
#379 = VECTOR ( 'NONE', #28, 1000.000000000000000 ) ;
#380 = DIRECTION ( 'NONE',  ( -0.000000000000000000, -1.000000000000000000, -0.000000000000000000 ) ) ;
#381 = CIRCLE ( 'NONE', #1564, 0.04999999999999991257 ) ;
#382 = CARTESIAN_POINT ( 'NONE',  ( 1.253943190666833241, 1.020000000000000018, -0.7789431906668327077 ) ) ;
#383 = VECTOR ( 'NONE', #1005, 1000.000000000000000 ) ;
#384 = EDGE_CURVE ( 'NONE', #804, #746, #2009, .T. ) ;
#385 = AXIS2_PLACEMENT_3D ( 'NONE', #1775, #988, #667 ) ;
#386 = DIRECTION ( 'NONE',  ( 0.000000000000000000, -1.000000000000000000, 0.000000000000000000 ) ) ;
#387 = ORIENTED_EDGE ( 'NONE', *, *, #1726, .F. ) ;
#388 = EDGE_CURVE ( 'NONE', #1108, #1066, #1532, .T. ) ;
#389 =( BOUNDED_SURFACE ( )  B_SPLINE_SURFACE ( 3, 3, ( 
 ( #738, #1380, #1860, #260 ),
 ( #906, #1418, #1102, #1727 ),
 ( #298, #2023, #914, #939 ),
 ( #1551, #1074, #1582, #1409 ) ),
 .UNSPECIFIED., .F., .F., .F. ) 
 B_SPLINE_SURFACE_WITH_KNOTS ( ( 4, 4 ),
 ( 4, 4 ),
 ( 0.000000000000000000, 1.000000000000000000 ),
 ( 0.000000000000000000, 1.000000000000000000 ),
 .UNSPECIFIED. ) 
 GEOMETRIC_REPRESENTATION_ITEM ( )  RATIONAL_B_SPLINE_SURFACE ( (
 ( 1.000000000000000000, 0.8228421800665319807, 0.8228421800665319807, 1.000000000000000000),
 ( 0.8228421800665266517, 0.6770692532966386956, 0.6770692532966386956, 0.8228421800665266517),
 ( 0.8228421800665266517, 0.6770692532966386956, 0.6770692532966386956, 0.8228421800665266517),
 ( 1.000000000000000000, 0.8228421800665319807, 0.8228421800665319807, 1.000000000000000000) ) ) 
 REPRESENTATION_ITEM ( '' )  SURFACE ( )  );
#390 = VERTEX_POINT ( 'NONE', #391 ) ;
#391 = CARTESIAN_POINT ( 'NONE',  ( 1.253943190666833907, 0.9743577871373831911, 0.8287529255714212173 ) ) ;
#392 = DIRECTION ( 'NONE',  ( -0.9961946980917458783, -0.08715574274765444662, -4.770489558936216354E-14 ) ) ;
#393 = LINE ( 'NONE', #1210, #317 ) ;
#394 = CARTESIAN_POINT ( 'NONE',  ( -1.064043593667499898, 0.9200000000000000400, -0.7789431906668340400 ) ) ;
#395 = CARTESIAN_POINT ( 'NONE',  ( -1.064043593667499898, 1.020000000000000018, -0.7789431906668340400 ) ) ;
#396 = ORIENTED_EDGE ( 'NONE', *, *, #1688, .F. ) ;
#397 = CARTESIAN_POINT ( 'NONE',  ( 0.02500000000000011935, 0.9700000000000000844, 0.7789431906668340400 ) ) ;
#398 = ORIENTED_EDGE ( 'NONE', *, *, #568, .T. ) ;
#399 = CARTESIAN_POINT ( 'NONE',  ( -1.001454881387759732, -0.6391431377682249559, 0.7789431906668340400 ) ) ;
#400 = CARTESIAN_POINT ( 'NONE',  ( -1.354413846781264530, 0.1600000000000007805, -0.8999999999999993561 ) ) ;
#401 = FACE_OUTER_BOUND ( 'NONE', #706, .T. ) ;
#402 = CARTESIAN_POINT ( 'NONE',  ( 1.850000000000000089, 0.1599999999999999756, 0.4874999999999998779 ) ) ;
#403 = ORIENTED_EDGE ( 'NONE', *, *, #557, .T. ) ;
#404 = EDGE_LOOP ( 'NONE', ( #898, #531, #581, #151, #396, #1575, #639, #274, #213, #1642, #38, #736 ) ) ;
#405 = ADVANCED_FACE ( 'NONE', ( #1216 ), #1364, .F. ) ;
#406 = AXIS2_PLACEMENT_3D ( 'NONE', #1656, #1218, #79 ) ;
#407 = CARTESIAN_POINT ( 'NONE',  ( 1.303752925571421084, 0.9743577871373830801, 0.7789431906668340400 ) ) ;
#408 = CARTESIAN_POINT ( 'NONE',  ( 1.849999999999999867, 1.348707281041047867, -0.4875000000000003220 ) ) ;
#409 = EDGE_CURVE ( 'NONE', #1122, #1944, #1241, .T. ) ;
#410 = CARTESIAN_POINT ( 'NONE',  ( 1.303789741279065106, 0.9703064278412454335, -0.7828454328479880209 ) ) ;
#411 = STYLED_ITEM ( 'NONE', ( #967 ), #607 ) ;
#412 = VECTOR ( 'NONE', #1660, 1000.000000000000114 ) ;
#413 = CARTESIAN_POINT ( 'NONE',  ( -1.325190265095411934, 0.1600000000000001421, -0.8999999999999996891 ) ) ;
#414 = VERTEX_POINT ( 'NONE', #1055 ) ;
#415 = AXIS2_PLACEMENT_3D ( 'NONE', #1221, #1431, #1573 ) ;
#416 = DIRECTION ( 'NONE',  ( -1.000000000000000000, 0.000000000000000000, -2.224004456380521903E-16 ) ) ;
#417 = DIRECTION ( 'NONE',  ( 1.000000000000000000, 0.000000000000000000, -1.548860246407859885E-16 ) ) ;
#418 = ORIENTED_EDGE ( 'NONE', *, *, #571, .F. ) ;
#419 = CARTESIAN_POINT ( 'NONE',  ( 1.849999999999999867, 0.000000000000000000, -0.4875000000000000999 ) ) ;
#420 = FACE_OUTER_BOUND ( 'NONE', #1852, .T. ) ;
#421 = EDGE_CURVE ( 'NONE', #1046, #1090, #1383, .T. ) ;
#422 = EDGE_CURVE ( 'NONE', #615, #1664, #87, .T. ) ;
#423 = EDGE_CURVE ( 'NONE', #480, #297, #1694, .T. ) ;
#424 = ORIENTED_EDGE ( 'NONE', *, *, #643, .F. ) ;
#425 = PLANE ( 'NONE',  #406 ) ;
#426 = CARTESIAN_POINT ( 'NONE',  ( -1.253943190666833907, 1.020000000000000018, -0.7789431906668340400 ) ) ;
#427 = UNCERTAINTY_MEASURE_WITH_UNIT (LENGTH_MEASURE( 1.000000000000000082E-05 ), #1887, 'distance_accuracy_value', 'NONE');
#428 = FACE_OUTER_BOUND ( 'NONE', #2045, .T. ) ;
#429 = CARTESIAN_POINT ( 'NONE',  ( -1.375000000000000000, 0.1600000000000000033, 0.9000000000000001332 ) ) ;
#430 = DIRECTION ( 'NONE',  ( 1.000000000000000000, -0.000000000000000000, -5.580452358381270792E-16 ) ) ;
#431 = CARTESIAN_POINT ( 'NONE',  ( -1.064043593667499898, 1.020000000000000018, -0.7789431906668340400 ) ) ;
#432 = ORIENTED_EDGE ( 'NONE', *, *, #314, .T. ) ;
#433 = PLANE ( 'NONE',  #2031 ) ;
#434 = EDGE_CURVE ( 'NONE', #1907, #513, #1997, .T. ) ;
#435 = DIRECTION ( 'NONE',  ( 0.000000000000000000, 0.000000000000000000, 1.000000000000000000 ) ) ;
#436 = CARTESIAN_POINT ( 'NONE',  ( 1.145000000000000018, 1.348707281041047867, 0.4874999999999999889 ) ) ;
#437 = VERTEX_POINT ( 'NONE', #1077 ) ;
#438 = CARTESIAN_POINT ( 'NONE',  ( 1.323934121487573723, 0.1499999999999999944, -0.8489341214875729680 ) ) ;
#439 = ORIENTED_EDGE ( 'NONE', *, *, #388, .T. ) ;
#440 = CARTESIAN_POINT ( 'NONE',  ( -1.253943190666833463, 1.001330666586834006, 0.8266368375296745397 ) ) ;
#441 = AXIS2_PLACEMENT_3D ( 'NONE', #744, #256, #1356 ) ;
#442 = VERTEX_POINT ( 'NONE', #1208 ) ;
#443 = PLANE ( 'NONE',  #207 ) ;
#444 = AXIS2_PLACEMENT_3D ( 'NONE', #464, #290, #1422 ) ;
#445 = LINE ( 'NONE', #133, #1833 ) ;
#446 = ORIENTED_EDGE ( 'NONE', *, *, #890, .T. ) ;
#447 = EDGE_CURVE ( 'NONE', #1108, #1085, #1878, .T. ) ;
#448 = LINE ( 'NONE', #1740, #1603 ) ;
#449 = AXIS2_PLACEMENT_3D ( 'NONE', #522, #179, #1177 ) ;
#450 = DIRECTION ( 'NONE',  ( 0.000000000000000000, 0.08715574274765820750, -0.9961946980917454342 ) ) ;
#451 = CARTESIAN_POINT ( 'NONE',  ( 1.303789741279065106, 0.9703064278412454335, 0.7828454328479882429 ) ) ;
#452 = EDGE_LOOP ( 'NONE', ( #103, #789, #793, #1720 ) ) ;
#453 = AXIS2_PLACEMENT_3D ( 'NONE', #1147, #147, #27 ) ;
#454 = AXIS2_PLACEMENT_3D ( 'NONE', #1283, #1791, #459 ) ;
#455 = CARTESIAN_POINT ( 'NONE',  ( -1.064043593667499898, 0.9200000000000000400, 0.000000000000000000 ) ) ;
#456 =( BOUNDED_SURFACE ( )  B_SPLINE_SURFACE ( 3, 3, ( 
 ( #254, #889, #440, #588 ),
 ( #731, #1888, #1577, #768 ),
 ( #1534, #2018, #1217, #1411 ),
 ( #128, #1856, #2044, #1068 ) ),
 .UNSPECIFIED., .F., .F., .F. ) 
 B_SPLINE_SURFACE_WITH_KNOTS ( ( 4, 4 ),
 ( 4, 4 ),
 ( 0.000000000000000000, 1.000000000000000000 ),
 ( 0.000000000000000000, 1.000000000000000000 ),
 .UNSPECIFIED. ) 
 GEOMETRIC_REPRESENTATION_ITEM ( )  RATIONAL_B_SPLINE_SURFACE ( (
 ( 1.000000000000000000, 0.8228421800665307595, 0.8228421800665307595, 1.000000000000000000),
 ( 0.8228421800665280950, 0.6770692532966388066, 0.6770692532966388066, 0.8228421800665280950),
 ( 0.8228421800665280950, 0.6770692532966388066, 0.6770692532966388066, 0.8228421800665280950),
 ( 1.000000000000000000, 0.8228421800665307595, 0.8228421800665307595, 1.000000000000000000) ) ) 
 REPRESENTATION_ITEM ( '' )  SURFACE ( )  );
#457 = ORIENTED_EDGE ( 'NONE', *, *, #819, .F. ) ;
#458 = LINE ( 'NONE', #1589, #1862 ) ;
#459 = DIRECTION ( 'NONE',  ( 1.000000000000000000, 0.000000000000000000, 0.000000000000000000 ) ) ;
#460 = ORIENTED_EDGE ( 'NONE', *, *, #1880, .T. ) ;
#461 = CARTESIAN_POINT ( 'NONE',  ( -1.323934121487572391, 0.1456422128626170265, 0.8987438563921609225 ) ) ;
#462 = FACE_OUTER_BOUND ( 'NONE', #1578, .T. ) ;
#463 = VERTEX_POINT ( 'NONE', #1866 ) ;
#464 = CARTESIAN_POINT ( 'NONE',  ( -1.253943190666833907, 0.9700000000000000844, 0.000000000000000000 ) ) ;
#465 = DIRECTION ( 'NONE',  ( 0.000000000000000000, -0.000000000000000000, 1.000000000000000000 ) ) ;
#466 = ORIENTED_EDGE ( 'NONE', *, *, #314, .F. ) ;
#467 = CARTESIAN_POINT ( 'NONE',  ( 1.373780672099805145, 0.1496935721587546175, -0.8528363636687272820 ) ) ;
#468 = SHAPE_DEFINITION_REPRESENTATION ( #1811, #1038 ) ;
#469 = ORIENTED_EDGE ( 'NONE', *, *, #973, .T. ) ;
#470 = FILL_AREA_STYLE_COLOUR ( '', #2080 ) ;
#471 = DIRECTION ( 'NONE',  ( -0.000000000000000000, -0.000000000000000000, -1.000000000000000000 ) ) ;
#472 = LINE ( 'NONE', #816, #182 ) ;
#473 = ORIENTED_EDGE ( 'NONE', *, *, #2066, .T. ) ;
#474 = CARTESIAN_POINT ( 'NONE',  ( 1.323934121487573723, 0.1000000000000000056, 0.4874999999999999889 ) ) ;
#475 = DIRECTION ( 'NONE',  ( 0.000000000000000000, 0.000000000000000000, -1.000000000000000000 ) ) ;
#476 = EDGE_CURVE ( 'NONE', #1585, #1158, #866, .T. ) ;
#477 = ORIENTED_EDGE ( 'NONE', *, *, #571, .T. ) ;
#478 = ADVANCED_FACE ( 'NONE', ( #1855 ), #1048, .F. ) ;
#479 = CONTEXT_DEPENDENT_SHAPE_REPRESENTATION ( #1016, #1931 ) ;
#480 = VERTEX_POINT ( 'NONE', #1676 ) ;
#481 = FACE_OUTER_BOUND ( 'NONE', #1914, .T. ) ;
#482 = AXIS2_PLACEMENT_3D ( 'NONE', #1923, #784, #584 ) ;
#483 = DIRECTION ( 'NONE',  ( 0.08715574274765836016, 0.9961946980917455452, 0.000000000000000000 ) ) ;
#484 = VERTEX_POINT ( 'NONE', #419 ) ;
#485 = CIRCLE ( 'NONE', #1531, 0.05000000000000002359 ) ;
#486 = LINE ( 'NONE', #1297, #1657 ) ;
#487 = VECTOR ( 'NONE', #228, 1000.000000000000000 ) ;
#488 = AXIS2_PLACEMENT_3D ( 'NONE', #1608, #1127, #304 ) ;
#489 = EDGE_CURVE ( 'NONE', #1122, #804, #1598, .T. ) ;
#490 = DIRECTION ( 'NONE',  ( 0.000000000000000000, 0.000000000000000000, 1.000000000000000000 ) ) ;
#491 = VECTOR ( 'NONE', #1670, 1000.000000000000000 ) ;
#492 = PRODUCT_CONTEXT ( 'NONE', #1925, 'mechanical' ) ;
#493 = EDGE_CURVE ( 'NONE', #1678, #1759, #888, .T. ) ;
#494 = DIRECTION ( 'NONE',  ( 1.000000000000000000, -0.000000000000000000, -1.548860246407859885E-16 ) ) ;
#495 = SURFACE_SIDE_STYLE ('',( #160 ) ) ;
#496 = DIRECTION ( 'NONE',  ( 0.000000000000000000, 0.000000000000000000, 1.000000000000000000 ) ) ;
#497 = CARTESIAN_POINT ( 'NONE',  ( -1.303752925571421084, 0.9743577871373833021, 0.9000000000000001332 ) ) ;
#498 = ORIENTED_EDGE ( 'NONE', *, *, #1956, .F. ) ;
#499 = FACE_OUTER_BOUND ( 'NONE', #11, .T. ) ;
#500 = CARTESIAN_POINT ( 'NONE',  ( -1.304456972858303976, -0.07262482754118800010, -0.8294569728583049972 ) ) ;
#501 = ADVANCED_FACE ( 'NONE', ( #561 ), #253, .T. ) ;
#502 = LINE ( 'NONE', #35, #1533 ) ;
#503 = FACE_OUTER_BOUND ( 'NONE', #514, .T. ) ;
#504 = CARTESIAN_POINT ( 'NONE',  ( 1.175000000000000044, 0.1600000000000000033, 0.4875000000000002109 ) ) ;
#505 = EDGE_LOOP ( 'NONE', ( #234, #1692, #1968, #477, #146, #1433 ) ) ;
#506 = EDGE_CURVE ( 'NONE', #437, #1031, #1939, .T. ) ;
#507 = DIRECTION ( 'NONE',  ( -1.542966365556589753E-16, 0.08715574274765836016, -0.9961946980917455452 ) ) ;
#508 = LINE ( 'NONE', #1162, #176 ) ;
#509 = CARTESIAN_POINT ( 'NONE',  ( 0.02499999999999999792, 0.1000000000000000056, -0.8489341214875729680 ) ) ;
#510 = DIRECTION ( 'NONE',  ( 1.000000000000000000, 0.000000000000000000, 0.000000000000000000 ) ) ;
#511 = ADVANCED_FACE ( 'NONE', ( #9 ), #1126, .T. ) ;
#512 = CARTESIAN_POINT ( 'NONE',  ( -1.064043593667499898, 0.9200000000000000400, -0.7789431906668340400 ) ) ;
#513 = VERTEX_POINT ( 'NONE', #474 ) ;
#514 = EDGE_LOOP ( 'NONE', ( #170, #229, #1540, #829 ) ) ;
#515 = AXIS2_PLACEMENT_3D ( 'NONE', #1787, #661, #340 ) ;
#516 = AXIS2_PLACEMENT_3D ( 'NONE', #218, #672, #1807 ) ;
#517 = CARTESIAN_POINT ( 'NONE',  ( -1.374999999999999556, 0.1599999999999995592, -0.8501902650954121787 ) ) ;
#518 = AXIS2_PLACEMENT_3D ( 'NONE', #1905, #88, #292 ) ;
#519 = PRODUCT_DEFINITION_FORMATION_WITH_SPECIFIED_SOURCE ( 'ANY', '', #1339, .NOT_KNOWN. ) ;
#520 = DIRECTION ( 'NONE',  ( -0.000000000000000000, -0.000000000000000000, 1.000000000000000000 ) ) ;
#521 = CARTESIAN_POINT ( 'NONE',  ( -1.175000000000000044, 0.9743577871373830801, 0.4874999999999999889 ) ) ;
#522 = CARTESIAN_POINT ( 'NONE',  ( 1.311995830260372031, 0.01354470686749740041, -0.8369958302603730527 ) ) ;
#523 = ORIENTED_EDGE ( 'NONE', *, *, #890, .F. ) ;
#524 = PRODUCT_DEFINITION_SHAPE ( 'NONE', 'NONE',  #1243 ) ;
#525 = ORIENTED_EDGE ( 'NONE', *, *, #1998, .F. ) ;
#526 = ADVANCED_FACE ( 'NONE', ( #644 ), #2077, .T. ) ;
#527 = CARTESIAN_POINT ( 'NONE',  ( -1.323934121487571947, 0.1460857450182354300, 0.8987806720998052779 ) ) ;
#528 = CARTESIAN_POINT ( 'NONE',  ( -1.001454881387759732, 0.9200000000000000400, -0.7789431906668340400 ) ) ;
#529 = CARTESIAN_POINT ( 'NONE',  ( 1.145000000000000018, 1.348707281041047867, -0.4874999999999999889 ) ) ;
#530 = CARTESIAN_POINT ( 'NONE',  ( 1.325190265095412157, 0.1599999999999977551, -0.9000000000000003553 ) ) ;
#531 = ORIENTED_EDGE ( 'NONE', *, *, #100, .F. ) ;
#532 = SURFACE_STYLE_USAGE ( .BOTH. , #683 ) ;
#533 = ORIENTED_EDGE ( 'NONE', *, *, #493, .F. ) ;
#534 = CARTESIAN_POINT ( 'NONE',  ( -1.323934121487571947, 0.09999999999999982514, 0.8489341214875739672 ) ) ;
#535 = EDGE_CURVE ( 'NONE', #1031, #1178, #609, .T. ) ;
#536 = EDGE_CURVE ( 'NONE', #782, #134, #1262, .T. ) ;
#537 = ORIENTED_EDGE ( 'NONE', *, *, #144, .T. ) ;
#538 = CARTESIAN_POINT ( 'NONE',  ( 1.253943190666833241, 1.020000000000000684, -0.8064440019249164981 ) ) ;
#539 = PLANE ( 'NONE',  #1399 ) ;
#540 = ORIENTED_EDGE ( 'NONE', *, *, #765, .T. ) ;
#541 = AXIS2_PLACEMENT_3D ( 'NONE', #500, #1153, #1183 ) ;
#542 = EDGE_LOOP ( 'NONE', ( #1519, #424, #907, #208 ) ) ;
#543 = DIRECTION ( 'NONE',  ( 0.000000000000000000, 0.000000000000000000, 1.000000000000000000 ) ) ;
#544 = CARTESIAN_POINT ( 'NONE',  ( -1.375000000000000000, 0.1600000000000000033, 0.9000000000000001332 ) ) ;
#545 = CARTESIAN_POINT ( 'NONE',  ( 1.303789741279065106, 0.9739142549817645378, -0.7789431906668339289 ) ) ;
#546 = VECTOR ( 'NONE', #1107, 1000.000000000000000 ) ;
#547 = EDGE_CURVE ( 'NONE', #1944, #2028, #1290, .T. ) ;
#548 = MECHANICAL_DESIGN_GEOMETRIC_PRESENTATION_REPRESENTATION (  '', ( #968 ), #1870 ) ;
#549 = DIRECTION ( 'NONE',  ( 0.000000000000000000, -0.000000000000000000, 1.000000000000000000 ) ) ;
#550 = ORIENTED_EDGE ( 'NONE', *, *, #2066, .F. ) ;
#551 = ORIENTED_EDGE ( 'NONE', *, *, #1116, .F. ) ;
#552 = DIRECTION ( 'NONE',  ( -0.000000000000000000, -1.000000000000000000, 0.000000000000000000 ) ) ;
#553 = CARTESIAN_POINT ( 'NONE',  ( -1.371627768350412557, 0.1186693334131656008, -0.8661664964554621760 ) ) ;
#554 = CARTESIAN_POINT ( 'NONE',  ( -1.175000000000000044, 1.348707281041047867, 0.4874999999999999889 ) ) ;
#555 = DIRECTION ( 'NONE',  ( 1.000000000000000000, 0.000000000000000000, 0.000000000000000000 ) ) ;
#556 = EDGE_LOOP ( 'NONE', ( #1105, #1672, #569, #1572 ) ) ;
#557 = EDGE_CURVE ( 'NONE', #1600, #1378, #1899, .T. ) ;
#558 = FACE_OUTER_BOUND ( 'NONE', #740, .T. ) ;
#559 = ORIENTED_EDGE ( 'NONE', *, *, #1044, .T. ) ;
#560 = EDGE_CURVE ( 'NONE', #107, #1348, #486, .T. ) ;
#561 = FACE_OUTER_BOUND ( 'NONE', #1187, .T. ) ;
#562 = DIRECTION ( 'NONE',  ( -1.542966365556589507E-16, -0.08715574274765836016, -0.9961946980917455452 ) ) ;
#563 = DIRECTION ( 'NONE',  ( -0.000000000000000000, -0.000000000000000000, 1.000000000000000000 ) ) ;
#564 =( NAMED_UNIT ( * ) PLANE_ANGLE_UNIT ( ) SI_UNIT ( $, .RADIAN. ) );
#565 = CARTESIAN_POINT ( 'NONE',  ( -1.001454881387759732, 1.020000000000000018, -0.7789431906668340400 ) ) ;
#566 = ORIENTED_EDGE ( 'NONE', *, *, #1298, .F. ) ;
#567 = LINE ( 'NONE', #618, #1198 ) ;
#568 = EDGE_CURVE ( 'NONE', #1207, #463, #1903, .T. ) ;
#569 = ORIENTED_EDGE ( 'NONE', *, *, #129, .T. ) ;
#570 = PRODUCT_RELATED_PRODUCT_CATEGORY ( 'part', '', ( #695 ) ) ;
#571 = EDGE_CURVE ( 'NONE', #1348, #1835, #1396, .T. ) ;
#572 = DIRECTION ( 'NONE',  ( -1.000000000000000000, -0.000000000000000000, 1.548860246407859885E-16 ) ) ;
#573 = LINE ( 'NONE', #431, #546 ) ;
#574 = VECTOR ( 'NONE', #139, 1000.000000000000000 ) ;
#575 = APPLICATION_CONTEXT ( 'automotive_design' ) ;
#576 = ORIENTED_EDGE ( 'NONE', *, *, #1624, .F. ) ;
#577 = CARTESIAN_POINT ( 'NONE',  ( 1.850000000000000089, 0.1600000000000000033, 0.4874999999999999889 ) ) ;
#578 = VECTOR ( 'NONE', #842, 1000.000000000000000 ) ;
#579 = VECTOR ( 'NONE', #1204, 1000.000000000000000 ) ;
#580 = CARTESIAN_POINT ( 'NONE',  ( 1.325190265095411712, 0.1600000000000001699, 0.9000000000000000222 ) ) ;
#581 = ORIENTED_EDGE ( 'NONE', *, *, #1645, .F. ) ;
#582 = VECTOR ( 'NONE', #1848, 1000.000000000000000 ) ;
#583 = DIRECTION ( 'NONE',  ( -1.000000000000000000, 0.000000000000000000, 0.000000000000000000 ) ) ;
#584 = DIRECTION ( 'NONE',  ( 1.000000000000000000, 0.000000000000000000, 4.783244878612519794E-16 ) ) ;
#585 = EDGE_LOOP ( 'NONE', ( #466, #566, #1311, #673, #592, #1186 ) ) ;
#586 = AXIS2_PLACEMENT_3D ( 'NONE', #1711, #435, #1098 ) ;
#587 = DIRECTION ( 'NONE',  ( -0.08682659386424779191, -0.9924325091389669673, -0.08682659386424698700 ) ) ;
#588 = CARTESIAN_POINT ( 'NONE',  ( -1.253943190666833019, 0.9739142549817648709, 0.8287897412790650176 ) ) ;
#589 = EDGE_CURVE ( 'NONE', #1717, #1343, #1141, .T. ) ;
#590 = EDGE_LOOP ( 'NONE', ( #949, #446, #1825, #18 ) ) ;
#591 = LINE ( 'NONE', #1256, #113 ) ;
#592 = ORIENTED_EDGE ( 'NONE', *, *, #1017, .T. ) ;
#593 = LINE ( 'NONE', #1249, #1867 ) ;
#594 = ORIENTED_EDGE ( 'NONE', *, *, #2024, .T. ) ;
#595 = SURFACE_SIDE_STYLE ('',( #953 ) ) ;
#596 = CARTESIAN_POINT ( 'NONE',  ( -1.323934121487571947, 0.1000000000000000056, 0.000000000000000000 ) ) ;
#597 =( BOUNDED_CURVE ( )  B_SPLINE_CURVE ( 3, ( #1324, #49, #400, #1812 ),
 .UNSPECIFIED., .F., .F. ) 
 B_SPLINE_CURVE_WITH_KNOTS ( ( 4, 4 ),
 ( 5.501585242055416103, 7.064785372303745703 ),
 .UNSPECIFIED. ) 
 CURVE ( )  GEOMETRIC_REPRESENTATION_ITEM ( )  RATIONAL_B_SPLINE_CURVE ( ( 1.000000000000000000, 0.8065248903853490248, 0.8065248903853490248, 1.000000000000000000 ) ) 
 REPRESENTATION_ITEM ( '' )  );
#598 = EDGE_CURVE ( 'NONE', #1607, #107, #1928, .T. ) ;
#599 = ORIENTED_EDGE ( 'NONE', *, *, #1442, .F. ) ;
#600 = CARTESIAN_POINT ( 'NONE',  ( 1.371627768350414778, 0.1186693334131658922, -0.8661664964554623980 ) ) ;
#601 = PRODUCT_DEFINITION_CONTEXT ( 'detailed design', #1989, 'design' ) ;
#602 = FACE_OUTER_BOUND ( 'NONE', #249, .T. ) ;
#603 = VERTEX_POINT ( 'NONE', #2054 ) ;
#604 = DIRECTION ( 'NONE',  ( 0.000000000000000000, -0.000000000000000000, 1.000000000000000000 ) ) ;
#605 = DIRECTION ( 'NONE',  ( -0.000000000000000000, -0.000000000000000000, -1.000000000000000000 ) ) ;
#606 = CARTESIAN_POINT ( 'NONE',  ( 1.303789741279065106, 0.9739142549817650929, 0.7810960944162241848 ) ) ;
#607 = MANIFOLD_SOLID_BREP ( 'NONE', #1560 ) ;
#608 = ORIENTED_EDGE ( 'NONE', *, *, #55, .T. ) ;
#609 = LINE ( 'NONE', #1117, #574 ) ;
#610 = LINE ( 'NONE', #455, #1945 ) ;
#611 = ORIENTED_EDGE ( 'NONE', *, *, #1425, .T. ) ;
#612 = CARTESIAN_POINT ( 'NONE',  ( 1.325190265095411934, 0.1600000000000000033, 0.9000000000000001332 ) ) ;
#613 = VECTOR ( 'NONE', #1080, 1000.000000000000000 ) ;
#614 = DIRECTION ( 'NONE',  ( 0.08682659386424772252, -0.9924325091389671893, 0.08682659386424781967 ) ) ;
#615 = VERTEX_POINT ( 'NONE', #171 ) ;
#616 = AXIS2_PLACEMENT_3D ( 'NONE', #1520, #102, #705 ) ;
#617 = EDGE_CURVE ( 'NONE', #1343, #777, #118, .T. ) ;
#618 = CARTESIAN_POINT ( 'NONE',  ( -1.064043593667499898, 0.9200000000000000400, 0.7789431906668340400 ) ) ;
#619 = VECTOR ( 'NONE', #1156, 1000.000000000000114 ) ;
#620 = CARTESIAN_POINT ( 'NONE',  ( 1.281444001924917364, 1.020000000000004015, 0.8064440019249130565 ) ) ;
#621 = ORIENTED_EDGE ( 'NONE', *, *, #1103, .F. ) ;
#622 = VECTOR ( 'NONE', #974, 1000.000000000000000 ) ;
#623 = DIRECTION ( 'NONE',  ( -1.000000000000000000, -0.000000000000000000, 0.000000000000000000 ) ) ;
#624 = LINE ( 'NONE', #1280, #656 ) ;
#625 = MANIFOLD_SOLID_BREP ( 'NONE', #2067 ) ;
#626 = ORIENTED_EDGE ( 'NONE', *, *, #2024, .F. ) ;
#627 = CARTESIAN_POINT ( 'NONE',  ( 1.351434932745656958, 0.1460857450182354578, -0.8987806720998043897 ) ) ;
#628 = SHAPE_DEFINITION_REPRESENTATION ( #818, #825 ) ;
#629 = LINE ( 'NONE', #1312, #1232 ) ;
#630 = LINE ( 'NONE', #2052, #1329 ) ;
#631 = EDGE_CURVE ( 'NONE', #1907, #1085, #830, .T. ) ;
#632 = DIRECTION ( 'NONE',  ( 1.000000000000000000, 0.000000000000000000, 0.000000000000000000 ) ) ;
#633 = EDGE_LOOP ( 'NONE', ( #293, #799, #1735, #1894 ) ) ;
#634 = DIRECTION ( 'NONE',  ( 1.542966365556587288E-16, 0.08715574274765836016, 0.9961946980917455452 ) ) ;
#635 = EDGE_CURVE ( 'NONE', #754, #994, #360, .T. ) ;
#636 = CARTESIAN_POINT ( 'NONE',  ( 0.02499999999999999792, 0.1000000000000000056, 0.4874999999999993228 ) ) ;
#637 = ORIENTED_EDGE ( 'NONE', *, *, #876, .F. ) ;
#638 = SHAPE_DEFINITION_REPRESENTATION ( #40, #227 ) ;
#639 = ORIENTED_EDGE ( 'NONE', *, *, #733, .F. ) ;
#640 = CARTESIAN_POINT ( 'NONE',  ( 0.02499999999999987649, 1.020000000000000018, -0.7789431906668342620 ) ) ;
#641 = CARTESIAN_POINT ( 'NONE',  ( 1.323934121487573057, 0.1456422128626171653, 0.8987438563921603674 ) ) ;
#642 = ORIENTED_EDGE ( 'NONE', *, *, #100, .T. ) ;
#643 = EDGE_CURVE ( 'NONE', #1664, #603, #1492, .T. ) ;
#644 = FACE_OUTER_BOUND ( 'NONE', #338, .T. ) ;
#645 = EDGE_CURVE ( 'NONE', #1002, #1372, #897, .T. ) ;
#646 = ORIENTED_EDGE ( 'NONE', *, *, #1318, .F. ) ;
#647 = CLOSED_SHELL ( 'NONE', ( #478, #302, #916, #749, #1927, #104, #66, #330, #1047, #1869, #959, #682, #945, #2088, #1453, #809, #255, #1612, #20, #1278, #1819, #986, #1550, #1930, #698, #267, #91, #1172, #1368, #141, #835, #1392, #526, #832, #779, #511, #1916, #1225, #1007, #77, #720, #1636, #1428, #1979, #202, #332, #1069, #405, #1758, #955, #958, #1087 ) ) ;
#648 = VERTEX_POINT ( 'NONE', #739 ) ;
#649 = FILL_AREA_STYLE ('',( #470 ) ) ;
#650 = CARTESIAN_POINT ( 'NONE',  ( -1.323934121487571947, 0.1499999999999999944, 0.000000000000000000 ) ) ;
#651 = VECTOR ( 'NONE', #2015, 1000.000000000000000 ) ;
#652 = LINE ( 'NONE', #1307, #856 ) ;
#653 =( REPRESENTATION_RELATIONSHIP ('NONE','NONE', #227, #1971 ) REPRESENTATION_RELATIONSHIP_WITH_TRANSFORMATION ( #1144 )SHAPE_REPRESENTATION_RELATIONSHIP( ) );
#654 = ORIENTED_EDGE ( 'NONE', *, *, #805, .T. ) ;
#655 = VECTOR ( 'NONE', #997, 1000.000000000000000 ) ;
#656 = VECTOR ( 'NONE', #2036, 1000.000000000000000 ) ;
#657 = FACE_OUTER_BOUND ( 'NONE', #1567, .T. ) ;
#658 = EDGE_CURVE ( 'NONE', #1590, #1158, #1683, .T. ) ;
#659 = CYLINDRICAL_SURFACE ( 'NONE', #1325, 0.04999999999999991257 ) ;
#660 = DIRECTION ( 'NONE',  ( 0.000000000000000000, -0.9961946980917455452, -0.08715574274765836016 ) ) ;
#661 = DIRECTION ( 'NONE',  ( 0.000000000000000000, 0.000000000000000000, 1.000000000000000000 ) ) ;
#662 = DIRECTION ( 'NONE',  ( 0.08682659386424777803, 0.9924325091389669673, -0.08682659386424816661 ) ) ;
#663 = EDGE_LOOP ( 'NONE', ( #1070, #138, #1094, #760 ) ) ;
#664 = DIRECTION ( 'NONE',  ( -1.000000000000000000, -0.000000000000000000, -0.000000000000000000 ) ) ;
#665 = CARTESIAN_POINT ( 'NONE',  ( -1.323934121487571947, 0.1499999999999999944, -0.8489341214875729680 ) ) ;
#666 = ADVANCED_FACE ( 'NONE', ( #1194 ), #1222, .F. ) ;
#667 = DIRECTION ( 'NONE',  ( 1.000000000000000000, 0.000000000000000000, 0.000000000000000000 ) ) ;
#668 = FACE_OUTER_BOUND ( 'NONE', #633, .T. ) ;
#669 = EDGE_CURVE ( 'NONE', #1835, #1036, #2000, .T. ) ;
#670 = LINE ( 'NONE', #640, #1028 ) ;
#671 = DIRECTION ( 'NONE',  ( 0.000000000000000000, 0.000000000000000000, -1.000000000000000000 ) ) ;
#672 = DIRECTION ( 'NONE',  ( 0.000000000000000000, 0.000000000000000000, -1.000000000000000000 ) ) ;
#673 = ORIENTED_EDGE ( 'NONE', *, *, #1441, .T. ) ;
#674 = CARTESIAN_POINT ( 'NONE',  ( 1.375000000000000000, 0.1600000000000000033, 0.4874999999999999889 ) ) ;
#675 = DIRECTION ( 'NONE',  ( 0.08682659386424781967, -0.9924325091389671893, -0.08682659386424772252 ) ) ;
#676 = DIRECTION ( 'NONE',  ( 0.000000000000000000, 0.000000000000000000, 1.000000000000000000 ) ) ;
#677 = CIRCLE ( 'NONE', #851, 0.04999999999999991257 ) ;
#678 = FACE_OUTER_BOUND ( 'NONE', #59, .T. ) ;
#679 = PLANE ( 'NONE',  #515 ) ;
#680 = DIRECTION ( 'NONE',  ( 0.08682659386424772252, -0.9924325091389671893, 0.08682659386424781967 ) ) ;
#681 = VERTEX_POINT ( 'NONE', #84 ) ;
#682 = ADVANCED_FACE ( 'NONE', ( #1349 ), #1826, .T. ) ;
#683 = SURFACE_SIDE_STYLE ('',( #1342 ) ) ;
#684 = ORIENTED_EDGE ( 'NONE', *, *, #568, .F. ) ;
#685 = AXIS2_PLACEMENT_3D ( 'NONE', #1966, #1780, #982 ) ;
#686 = AXIS2_PLACEMENT_3D ( 'NONE', #504, #1796, #348 ) ;
#687 = CARTESIAN_POINT ( 'NONE',  ( -1.323934121487571947, 0.1186693334131659755, -0.8966277683504139118 ) ) ;
#688 = VECTOR ( 'NONE', #944, 1000.000000000000000 ) ;
#689 = MECHANICAL_DESIGN_GEOMETRIC_PRESENTATION_REPRESENTATION (  '', ( #1838 ), #833 ) ;
#690 = DIRECTION ( 'NONE',  ( -0.08682659386425251036, -0.9924325091389621933, -0.08682659386429747439 ) ) ;
#691 = APPLICATION_CONTEXT ( 'automotive_design' ) ;
#692 = CARTESIAN_POINT ( 'NONE',  ( -1.175000000000000044, 0.000000000000000000, 0.4874999999999999889 ) ) ;
#693 = LINE ( 'NONE', #828, #1865 ) ;
#694 = EDGE_LOOP ( 'NONE', ( #684, #1650, #841, #1702 ) ) ;
#695 = PRODUCT ( 'SMF4L75AH', 'SMF4L75AH', '', ( #185 ) ) ;
#696 = EDGE_CURVE ( 'NONE', #8, #1254, #1381, .T. ) ;
#697 = VERTEX_POINT ( 'NONE', #231 ) ;
#698 = ADVANCED_FACE ( 'NONE', ( #1065 ), #748, .T. ) ;
#699 = FACE_OUTER_BOUND ( 'NONE', #1125, .T. ) ;
#700 = ORIENTED_EDGE ( 'NONE', *, *, #230, .F. ) ;
#701 = CARTESIAN_POINT ( 'NONE',  ( 1.281444001924917142, 1.020000000000001350, -0.8064440019249166092 ) ) ;
#702 = FILL_AREA_STYLE_COLOUR ( '', #927 ) ;
#703 = CARTESIAN_POINT ( 'NONE',  ( 1.374999999999999556, 0.1599999999999954514, -0.8794138467812658844 ) ) ;
#704 = ORIENTED_EDGE ( 'NONE', *, *, #489, .T. ) ;
#705 = DIRECTION ( 'NONE',  ( 0.9961946980917454342, 0.08715574274765820750, 0.000000000000000000 ) ) ;
#706 = EDGE_LOOP ( 'NONE', ( #956, #1859, #1684, #1430 ) ) ;
#707 = CARTESIAN_POINT ( 'NONE',  ( 0.02499999999999999792, 0.1600000000000000033, 0.4874999999999999889 ) ) ;
#708 = LINE ( 'NONE', #1523, #1472 ) ;
#709 = CARTESIAN_POINT ( 'NONE',  ( -1.323934121487571947, 0.1499999999999999944, -0.4874999999999999889 ) ) ;
#710 = CARTESIAN_POINT ( 'NONE',  ( -1.849999999999999867, 0.1600000000000000033, 0.000000000000000000 ) ) ;
#711 = ORIENTED_EDGE ( 'NONE', *, *, #1017, .F. ) ;
#712 = VECTOR ( 'NONE', #563, 1000.000000000000000 ) ;
#713 = DIRECTION ( 'NONE',  ( 1.000000000000000000, 0.000000000000000000, -0.000000000000000000 ) ) ;
#714 = ORIENTED_EDGE ( 'NONE', *, *, #55, .F. ) ;
#715 = AXIS2_PLACEMENT_3D ( 'NONE', #933, #1596, #303 ) ;
#716 = DIRECTION ( 'NONE',  ( 1.000000000000000000, 0.000000000000000000, 0.000000000000000000 ) ) ;
#717 = AXIS2_PLACEMENT_3D ( 'NONE', #378, #873, #1206 ) ;
#718 = CARTESIAN_POINT ( 'NONE',  ( -1.373780672099803368, 0.1460857450182348471, -0.8510870252369637790 ) ) ;
#719 = AXIS2_PLACEMENT_3D ( 'NONE', #808, #1260, #1584 ) ;
#720 = ADVANCED_FACE ( 'NONE', ( #558 ), #1541, .T. ) ;
#721 = CARTESIAN_POINT ( 'NONE',  ( 1.303789741279065106, 0.9739142549817646488, -0.7810960944162241848 ) ) ;
#722 = AXIS2_PLACEMENT_3D ( 'NONE', #1652, #1039, #1486 ) ;
#723 = FILL_AREA_STYLE ('',( #702 ) ) ;
#724 = PRODUCT_DEFINITION_FORMATION_WITH_SPECIFIED_SOURCE ( 'ANY', '', #1963, .NOT_KNOWN. ) ;
#725 = EDGE_CURVE ( 'NONE', #681, #1150, #2037, .T. ) ;
#726 = LINE ( 'NONE', #710, #1097 ) ;
#727 = VERTEX_POINT ( 'NONE', #1592 ) ;
#728 = DIRECTION ( 'NONE',  ( 1.000000000000000000, 0.000000000000000000, -1.548860246407859885E-16 ) ) ;
#729 = ORIENTED_EDGE ( 'NONE', *, *, #493, .T. ) ;
#730 = CARTESIAN_POINT ( 'NONE',  ( -1.064043593667499898, 0.9200000000000000400, 0.7789431906668340400 ) ) ;
#731 = CARTESIAN_POINT ( 'NONE',  ( -1.281444001924916476, 1.020000000000000018, 0.7789431906668339289 ) ) ;
#732 = CARTESIAN_POINT ( 'NONE',  ( 1.323934121487573501, 0.1456422128626169987, -0.8987438563921608115 ) ) ;
#733 = EDGE_CURVE ( 'NONE', #1066, #1802, #1113, .T. ) ;
#734 =( NAMED_UNIT ( * ) SI_UNIT ( $, .STERADIAN. ) SOLID_ANGLE_UNIT ( ) );
#735 = LINE ( 'NONE', #92, #1333 ) ;
#736 = ORIENTED_EDGE ( 'NONE', *, *, #1698, .F. ) ;
#737 = EDGE_CURVE ( 'NONE', #1034, #1281, #320, .T. ) ;
#738 = CARTESIAN_POINT ( 'NONE',  ( 1.373780672099805145, 0.1496935721587547008, 0.8528363636687271709 ) ) ;
#739 = CARTESIAN_POINT ( 'NONE',  ( 1.175000000000000044, 0.000000000000000000, -0.4874999999999999889 ) ) ;
#740 = EDGE_LOOP ( 'NONE', ( #537, #1854, #305, #896, #1704, #1682 ) ) ;
#741 = DIRECTION ( 'NONE',  ( -0.000000000000000000, 1.000000000000000000, 0.000000000000000000 ) ) ;
#742 = LINE ( 'NONE', #1078, #1170 ) ;
#743 = ORIENTED_EDGE ( 'NONE', *, *, #447, .F. ) ;
#744 = CARTESIAN_POINT ( 'NONE',  ( -1.064043593667499898, -0.6391431377682249559, -0.7789431906668340400 ) ) ;
#745 = CARTESIAN_POINT ( 'NONE',  ( -1.145000000000000018, 1.348707281041047867, -0.4874999999999999889 ) ) ;
#746 = VERTEX_POINT ( 'NONE', #797 ) ;
#747 = CARTESIAN_POINT ( 'NONE',  ( -0.02500000000000000486, 0.1600000000000000033, 0.4875000000000002109 ) ) ;
#748 = PLANE ( 'NONE',  #717 ) ;
#749 = ADVANCED_FACE ( 'NONE', ( #807 ), #940, .T. ) ;
#750 = ORIENTED_EDGE ( 'NONE', *, *, #932, .F. ) ;
#751 = CARTESIAN_POINT ( 'NONE',  ( -1.001454881387759732, 0.9200000000000000400, 0.7789431906668340400 ) ) ;
#752 = CARTESIAN_POINT ( 'NONE',  ( 1.850000000000000089, 0.000000000000000000, 0.4874999999999999889 ) ) ;
#753 = VECTOR ( 'NONE', #716, 1000.000000000000000 ) ;
#754 = VERTEX_POINT ( 'NONE', #1583 ) ;
#755 = CARTESIAN_POINT ( 'NONE',  ( 1.323934121487573501, 0.1000000000000000194, -0.8764349327456563143 ) ) ;
#756 = PRODUCT_DEFINITION_CONTEXT ( 'detailed design', #766, 'design' ) ;
#757 = AXIS2_PLACEMENT_3D ( 'NONE', #1151, #507, #1783 ) ;
#758 = CIRCLE ( 'NONE', #858, 0.04999999999999991257 ) ;
#759 = CARTESIAN_POINT ( 'NONE',  ( 1.354413846781264086, 0.1600000000000003364, 0.8999999999999996891 ) ) ;
#760 = ORIENTED_EDGE ( 'NONE', *, *, #423, .T. ) ;
#761 = AXIS2_PLACEMENT_3D ( 'NONE', #140, #954, #787 ) ;
#762 = FACE_OUTER_BOUND ( 'NONE', #1213, .T. ) ;
#763 = CARTESIAN_POINT ( 'NONE',  ( -1.064043593667499898, 1.020000000000000018, -0.7789431906668340400 ) ) ;
#764 = ORIENTED_EDGE ( 'NONE', *, *, #422, .F. ) ;
#765 = EDGE_CURVE ( 'NONE', #164, #414, #375, .T. ) ;
#766 = APPLICATION_CONTEXT ( 'automotive_design' ) ;
#767 = CARTESIAN_POINT ( 'NONE',  ( 1.325190265095411934, 0.1600000000000000033, -0.9000000000000001332 ) ) ;
#768 = CARTESIAN_POINT ( 'NONE',  ( -1.281444001924916476, 0.9739142549817648709, 0.8287897412790654617 ) ) ;
#769 = ORIENTED_EDGE ( 'NONE', *, *, #902, .T. ) ;
#770 = DIRECTION ( 'NONE',  ( -0.000000000000000000, 1.000000000000000000, 0.000000000000000000 ) ) ;
#771 =( NAMED_UNIT ( * ) SI_UNIT ( $, .STERADIAN. ) SOLID_ANGLE_UNIT ( ) );
#772 = CARTESIAN_POINT ( 'NONE',  ( -1.303789741279065106, 0.9703064278412456556, -0.7828454328479884650 ) ) ;
#773 = UNCERTAINTY_MEASURE_WITH_UNIT (LENGTH_MEASURE( 1.000000000000000082E-05 ), #268, 'distance_accuracy_value', 'NONE');
#774 = ORIENTED_EDGE ( 'NONE', *, *, #1179, .F. ) ;
#775 = FACE_OUTER_BOUND ( 'NONE', #1370, .T. ) ;
#776 = DIRECTION ( 'NONE',  ( 1.000000000000000000, 0.000000000000000000, 0.000000000000000000 ) ) ;
#777 = VERTEX_POINT ( 'NONE', #763 ) ;
#778 = DIRECTION ( 'NONE',  ( 0.000000000000000000, -0.000000000000000000, 1.000000000000000000 ) ) ;
#779 = ADVANCED_FACE ( 'NONE', ( #1752 ), #1898, .T. ) ;
#780 = ORIENTED_EDGE ( 'NONE', *, *, #1344, .T. ) ;
#781 = DIRECTION ( 'NONE',  ( -0.08682659386424784742, 0.9924325091389669673, 0.08682659386424811110 ) ) ;
#782 = VERTEX_POINT ( 'NONE', #1978 ) ;
#783 = DIRECTION ( 'NONE',  ( -2.224004456380521903E-16, 0.000000000000000000, 1.000000000000000000 ) ) ;
#784 = DIRECTION ( 'NONE',  ( -4.783244878612519794E-16, 0.000000000000000000, 1.000000000000000000 ) ) ;
#785 = DIRECTION ( 'NONE',  ( -1.000000000000000000, 0.000000000000000000, 0.000000000000000000 ) ) ;
#786 = ORIENTED_EDGE ( 'NONE', *, *, #635, .T. ) ;
#787 = DIRECTION ( 'NONE',  ( 0.000000000000000000, 0.000000000000000000, -1.000000000000000000 ) ) ;
#788 = VECTOR ( 'NONE', #869, 1000.000000000000000 ) ;
#789 = ORIENTED_EDGE ( 'NONE', *, *, #589, .F. ) ;
#790 = FACE_OUTER_BOUND ( 'NONE', #1714, .T. ) ;
#791 = EDGE_CURVE ( 'NONE', #414, #198, #630, .T. ) ;
#792 = CONTEXT_DEPENDENT_SHAPE_REPRESENTATION ( #1599, #1491 ) ;
#793 = ORIENTED_EDGE ( 'NONE', *, *, #1106, .T. ) ;
#794 = MECHANICAL_DESIGN_GEOMETRIC_PRESENTATION_REPRESENTATION (  '', ( #411 ), #1972 ) ;
#795 = DIRECTION ( 'NONE',  ( -0.08682659386424781967, -0.9924325091389671893, 0.08682659386424781967 ) ) ;
#796 = VECTOR ( 'NONE', #63, 1000.000000000000000 ) ;
#797 = CARTESIAN_POINT ( 'NONE',  ( 1.374999999999999556, 0.1599999999999986433, 0.8501902650954128449 ) ) ;
#798 = CARTESIAN_POINT ( 'NONE',  ( 1.253943190666833907, 0.9739142549817647598, 0.8287897412790651286 ) ) ;
#799 = ORIENTED_EDGE ( 'NONE', *, *, #506, .T. ) ;
#800 = AXIS2_PLACEMENT_3D ( 'NONE', #438, #1897, #583 ) ;
#801 = DIRECTION ( 'NONE',  ( -0.08682659386416412273, -0.9924325091389744058, 0.08682659386424655679 ) ) ;
#802 =( GEOMETRIC_REPRESENTATION_CONTEXT ( 3 ) GLOBAL_UNCERTAINTY_ASSIGNED_CONTEXT ( ( #773 ) ) GLOBAL_UNIT_ASSIGNED_CONTEXT ( ( #268, #2032, #2048 ) ) REPRESENTATION_CONTEXT ( 'NONE', 'WORKASPACE' ) );
#803 = DIRECTION ( 'NONE',  ( 1.000000000000000000, 0.000000000000000000, -1.548860246407859885E-16 ) ) ;
#804 = VERTEX_POINT ( 'NONE', #1286 ) ;
#805 = EDGE_CURVE ( 'NONE', #1036, #1348, #1902, .T. ) ;
#806 = LINE ( 'NONE', #509, #1060 ) ;
#807 = FACE_OUTER_BOUND ( 'NONE', #1308, .T. ) ;
#808 = CARTESIAN_POINT ( 'NONE',  ( -1.064043593667499898, -0.6391431377682249559, -0.7789431906668340400 ) ) ;
#809 = ADVANCED_FACE ( 'NONE', ( #929 ), #1419, .T. ) ;
#810 = ORIENTED_EDGE ( 'NONE', *, *, #352, .T. ) ;
#811 = ORIENTED_EDGE ( 'NONE', *, *, #643, .T. ) ;
#812 = SHAPE_DEFINITION_REPRESENTATION ( #1424, #875 ) ;
#813 = CARTESIAN_POINT ( 'NONE',  ( 1.375000000000000000, 0.1600000000000000033, 0.8501902650954130669 ) ) ;
#814 = FACE_OUTER_BOUND ( 'NONE', #1024, .T. ) ;
#815 = DIRECTION ( 'NONE',  ( -1.000000000000000000, 0.000000000000000000, 0.000000000000000000 ) ) ;
#816 = CARTESIAN_POINT ( 'NONE',  ( -1.064043593667499898, 0.9200000000000000400, -0.7789431906668340400 ) ) ;
#817 = ORIENTED_EDGE ( 'NONE', *, *, #423, .F. ) ;
#818 = PRODUCT_DEFINITION_SHAPE ( 'NONE', 'NONE',  #1810 ) ;
#819 = EDGE_CURVE ( 'NONE', #1918, #648, #2060, .T. ) ;
#820 = CARTESIAN_POINT ( 'NONE',  ( -1.281444001924917142, 1.020000000000011786, -0.8064440019249061731 ) ) ;
#821 = CARTESIAN_POINT ( 'NONE',  ( 0.000000000000000000, 0.000000000000000000, 0.000000000000000000 ) ) ;
#822 = LINE ( 'NONE', #813, #277 ) ;
#823 = AXIS2_PLACEMENT_3D ( 'NONE', #1398, #1554, #543 ) ;
#824 = CARTESIAN_POINT ( 'NONE',  ( -1.373743856392159568, 0.1456422128626170265, 0.4874999999999999889 ) ) ;
#825 = SHAPE_REPRESENTATION ( 'SMF4L75AH_2', ( #329 ), #802 ) ;
#826 = CYLINDRICAL_SURFACE ( 'NONE', #325, 0.04999999999999991257 ) ;
#827 = AXIS2_PLACEMENT_3D ( 'NONE', #239, #1552, #2038 ) ;
#828 = CARTESIAN_POINT ( 'NONE',  ( 1.323934121487573723, 0.1000000000000000056, 0.000000000000000000 ) ) ;
#829 = ORIENTED_EDGE ( 'NONE', *, *, #1674, .T. ) ;
#830 = LINE ( 'NONE', #674, #578 ) ;
#831 = AXIS2_PLACEMENT_3D ( 'NONE', #1621, #2087, #1804 ) ;
#832 = ADVANCED_FACE ( 'NONE', ( #273 ), #1614, .T. ) ;
#833 =( GEOMETRIC_REPRESENTATION_CONTEXT ( 3 ) GLOBAL_UNCERTAINTY_ASSIGNED_CONTEXT ( ( #2058 ) ) GLOBAL_UNIT_ASSIGNED_CONTEXT ( ( #1203, #80, #70 ) ) REPRESENTATION_CONTEXT ( 'NONE', 'WORKASPACE' ) );
#834 = CYLINDRICAL_SURFACE ( 'NONE', #1630, 0.05000000000000005135 ) ;
#835 = ADVANCED_FACE ( 'NONE', ( #991 ), #347, .T. ) ;
#836 = APPLICATION_PROTOCOL_DEFINITION ( 'draft international standard', 'automotive_design', 1998, #691 ) ;
#837 = CARTESIAN_POINT ( 'NONE',  ( -1.001454881387759732, 1.020000000000000018, -0.7789431906668340400 ) ) ;
#838 = CARTESIAN_POINT ( 'NONE',  ( 1.323934121487573723, 0.1000000000000000056, -0.4874999999999999889 ) ) ;
#839 = FACE_OUTER_BOUND ( 'NONE', #976, .T. ) ;
#840 = DIRECTION ( 'NONE',  ( -0.08682659386424772252, -0.9924325091389671893, -0.08682659386424781967 ) ) ;
#841 = ORIENTED_EDGE ( 'NONE', *, *, #1624, .T. ) ;
#842 = DIRECTION ( 'NONE',  ( 0.08715574274765836016, 0.9961946980917455452, 0.000000000000000000 ) ) ;
#843 = FACE_OUTER_BOUND ( 'NONE', #1266, .T. ) ;
#844 = CYLINDRICAL_SURFACE ( 'NONE', #1892, 0.05000000000000002359 ) ;
#845 = DIRECTION ( 'NONE',  ( 1.000000000000000000, 0.000000000000000000, -2.224004456380521903E-16 ) ) ;
#846 = DIRECTION ( 'NONE',  ( 0.08682659386424726455, 0.9924325091389669673, 0.08682659386424780579 ) ) ;
#847 = CARTESIAN_POINT ( 'NONE',  ( -1.323934121487571947, 0.1456422128626169987, -0.8987438563921603674 ) ) ;
#848 = ORIENTED_EDGE ( 'NONE', *, *, #669, .F. ) ;
#849 = CARTESIAN_POINT ( 'NONE',  ( -1.373780672099803368, 0.1475472756446092881, -0.8526678233842014398 ) ) ;
#850 = CARTESIAN_POINT ( 'NONE',  ( -1.001454881387759732, 1.020000000000000018, -0.7789431906668340400 ) ) ;
#851 = AXIS2_PLACEMENT_3D ( 'NONE', #709, #1201, #235 ) ;
#852 = DIRECTION ( 'NONE',  ( 0.000000000000000000, -1.000000000000000000, -0.000000000000000000 ) ) ;
#853 = PLANE ( 'NONE',  #1529 ) ;
#854 = ORIENTED_EDGE ( 'NONE', *, *, #631, .F. ) ;
#855 = VECTOR ( 'NONE', #1393, 1000.000000000000000 ) ;
#856 = VECTOR ( 'NONE', #1432, 1000.000000000000000 ) ;
#857 = CARTESIAN_POINT ( 'NONE',  ( -1.323934121487571725, 0.1186693334131660449, 0.8966277683504149110 ) ) ;
#858 = AXIS2_PLACEMENT_3D ( 'NONE', #313, #1, #1597 ) ;
#859 = VECTOR ( 'NONE', #216, 1000.000000000000000 ) ;
#860 = ORIENTED_EDGE ( 'NONE', *, *, #1744, .T. ) ;
#861 = FACE_OUTER_BOUND ( 'NONE', #349, .T. ) ;
#862 = FACE_OUTER_BOUND ( 'NONE', #328, .T. ) ;
#863 = VERTEX_POINT ( 'NONE', #366 ) ;
#864 = EDGE_CURVE ( 'NONE', #1158, #1717, #1320, .T. ) ;
#865 = ORIENTED_EDGE ( 'NONE', *, *, #1425, .F. ) ;
#866 = LINE ( 'NONE', #399, #149 ) ;
#867 = CARTESIAN_POINT ( 'NONE',  ( -1.351434932745655404, 0.1460857450182354300, 0.8987806720998050558 ) ) ;
#868 = EDGE_LOOP ( 'NONE', ( #64, #1248, #142, #1747 ) ) ;
#869 = DIRECTION ( 'NONE',  ( -0.000000000000000000, -1.000000000000000000, -0.000000000000000000 ) ) ;
#870 = PLANE ( 'NONE',  #221 ) ;
#871 = DIRECTION ( 'NONE',  ( 0.000000000000000000, -0.000000000000000000, 1.000000000000000000 ) ) ;
#872 = ORIENTED_EDGE ( 'NONE', *, *, #1379, .T. ) ;
#873 = DIRECTION ( 'NONE',  ( -0.9961946980917455452, -0.08715574274765836016, 0.000000000000000000 ) ) ;
#874 = ORIENTED_EDGE ( 'NONE', *, *, #286, .T. ) ;
#875 = SHAPE_REPRESENTATION ( 'SMF4L75AH_3', ( #329 ), #1947 ) ;
#876 = EDGE_CURVE ( 'NONE', #30, #1359, #351, .T. ) ;
#877 = CARTESIAN_POINT ( 'NONE',  ( 1.323934121487573723, 0.1499999999999999944, 0.4874999999999999889 ) ) ;
#878 = CARTESIAN_POINT ( 'NONE',  ( -1.373780672099803146, 0.1496935721587546175, -0.8528363636687276150 ) ) ;
#879 = ORIENTED_EDGE ( 'NONE', *, *, #1323, .F. ) ;
#880 = CARTESIAN_POINT ( 'NONE',  ( -1.375000000000000000, 0.1600000000000000033, 0.4874999999999999889 ) ) ;
#881 = PRESENTATION_STYLE_ASSIGNMENT (( #194 ) ) ;
#882 = DIRECTION ( 'NONE',  ( -0.000000000000000000, 0.000000000000000000, 1.000000000000000000 ) ) ;
#883 = ORIENTED_EDGE ( 'NONE', *, *, #1289, .T. ) ;
#884 = VECTOR ( 'NONE', #892, 1000.000000000000000 ) ;
#885 = CARTESIAN_POINT ( 'NONE',  ( -1.253943190666833907, 1.020000000000000018, 0.000000000000000000 ) ) ;
#886 = ORIENTED_EDGE ( 'NONE', *, *, #1179, .T. ) ;
#887 = AXIS2_PLACEMENT_3D ( 'NONE', #877, #1847, #1037 ) ;
#888 = LINE ( 'NONE', #1373, #244 ) ;
#889 = CARTESIAN_POINT ( 'NONE',  ( -1.253943190666833463, 1.019999999999999796, 0.8064440019249172753 ) ) ;
#890 = EDGE_CURVE ( 'NONE', #107, #1944, #1313, .T. ) ;
#891 = VECTOR ( 'NONE', #29, 1000.000000000000000 ) ;
#892 = DIRECTION ( 'NONE',  ( -1.000000000000000000, 0.000000000000000000, -5.580452358381270792E-16 ) ) ;
#893 = VECTOR ( 'NONE', #1064, 1000.000000000000000 ) ;
#894 =( LENGTH_UNIT ( ) NAMED_UNIT ( * ) SI_UNIT ( .MILLI., .METRE. ) );
#895 = CARTESIAN_POINT ( 'NONE',  ( -1.373743856392159568, 0.1456422128626163881, -0.8489341214875731900 ) ) ;
#896 = ORIENTED_EDGE ( 'NONE', *, *, #58, .T. ) ;
#897 = LINE ( 'NONE', #1663, #1134 ) ;
#898 = ORIENTED_EDGE ( 'NONE', *, *, #1785, .F. ) ;
#899 = LINE ( 'NONE', #105, #1128 ) ;
#900 = FACE_OUTER_BOUND ( 'NONE', #222, .T. ) ;
#901 = CARTESIAN_POINT ( 'NONE',  ( -1.325190265095411712, 0.1600000000000003919, 0.9000000000000003553 ) ) ;
#902 = EDGE_CURVE ( 'NONE', #390, #30, #1814, .T. ) ;
#903 = SHAPE_REPRESENTATION_RELATIONSHIP ( 'NONE' , 'NONE' ,  #1038, #374 ) ;
#904 = CARTESIAN_POINT ( 'NONE',  ( 1.374999999999998890, 0.1600000000000003364, 0.8794138467812656623 ) ) ;
#905 = ORIENTED_EDGE ( 'NONE', *, *, #1057, .F. ) ;
#906 = CARTESIAN_POINT ( 'NONE',  ( 1.371627768350414556, 0.1475472756446097600, 0.8801686346422846752 ) ) ;
#907 = ORIENTED_EDGE ( 'NONE', *, *, #2041, .T. ) ;
#908 = DIRECTION ( 'NONE',  ( -0.000000000000000000, -1.000000000000000000, -0.000000000000000000 ) ) ;
#909 = CARTESIAN_POINT ( 'NONE',  ( -1.175000000000000044, 0.1599999999999999756, 0.4874999999999999889 ) ) ;
#910 = EDGE_LOOP ( 'NONE', ( #1261, #1288, #915, #786 ) ) ;
#911 = DIRECTION ( 'NONE',  ( 1.000000000000000000, 0.000000000000000000, 0.000000000000000000 ) ) ;
#912 = VERTEX_POINT ( 'NONE', #1950 ) ;
#913 = EDGE_CURVE ( 'NONE', #1594, #697, #246, .T. ) ;
#914 = CARTESIAN_POINT ( 'NONE',  ( 1.351434932745656514, 0.09999999999999997780, 0.8764349327456569805 ) ) ;
#915 = ORIENTED_EDGE ( 'NONE', *, *, #129, .F. ) ;
#916 = ADVANCED_FACE ( 'NONE', ( #1461 ), #853, .T. ) ;
#917 = AXIS2_PLACEMENT_3D ( 'NONE', #1822, #52, #34 ) ;
#918 = CARTESIAN_POINT ( 'NONE',  ( 1.253943190666833907, 0.9700000000000000844, -0.7789431906668342620 ) ) ;
#919 = CARTESIAN_POINT ( 'NONE',  ( 1.373743856392160456, 0.1456422128626170542, 0.8489341214875740782 ) ) ;
#920 = AXIS2_PLACEMENT_3D ( 'NONE', #918, #1410, #1915 ) ;
#921 = PLANE ( 'NONE',  #1394 ) ;
#922 = VECTOR ( 'NONE', #925, 1000.000000000000000 ) ;
#923 = DIRECTION ( 'NONE',  ( 0.000000000000000000, 0.000000000000000000, 1.000000000000000000 ) ) ;
#924 = CIRCLE ( 'NONE', #1140, 0.05000000000000002359 ) ;
#925 = DIRECTION ( 'NONE',  ( -1.000000000000000000, -1.344783796247393155E-17, 1.537094912701362464E-16 ) ) ;
#926 = ORIENTED_EDGE ( 'NONE', *, *, #422, .T. ) ;
#927 = COLOUR_RGB ( '',0.7921568627450980005, 0.8196078431372548767, 0.9333333333333333481 ) ;
#928 = PLANE ( 'NONE',  #966 ) ;
#929 = FACE_OUTER_BOUND ( 'NONE', #1251, .T. ) ;
#930 = LINE ( 'NONE', #941, #1974 ) ;
#931 = ORIENTED_EDGE ( 'NONE', *, *, #172, .T. ) ;
#932 = EDGE_CURVE ( 'NONE', #1245, #1378, #1806, .T. ) ;
#933 = CARTESIAN_POINT ( 'NONE',  ( -1.253943190666833463, 0.9700000000000006395, -0.7789431906668334848 ) ) ;
#934 = CARTESIAN_POINT ( 'NONE',  ( -1.001454881387759732, 1.020000000000000018, 0.7789431906668340400 ) ) ;
#935 = EDGE_LOOP ( 'NONE', ( #1322, #1195, #1581, #523 ) ) ;
#936 = CARTESIAN_POINT ( 'NONE',  ( 1.373780672099805145, 0.1460857450182353467, -0.8489341214875729680 ) ) ;
#937 = LINE ( 'NONE', #191, #922 ) ;
#938 = ORIENTED_EDGE ( 'NONE', *, *, #447, .T. ) ;
#939 = CARTESIAN_POINT ( 'NONE',  ( 1.351434932745656736, 0.09999999999999961697, 0.8489341214875737451 ) ) ;
#940 = PLANE ( 'NONE',  #482 ) ;
#941 = CARTESIAN_POINT ( 'NONE',  ( 0.02499999999999999792, 0.1000000000000000056, 0.8489341214875739672 ) ) ;
#942 = VERTEX_POINT ( 'NONE', #1483 ) ;
#943 = CARTESIAN_POINT ( 'NONE',  ( 1.850000000000000089, 0.1600000000000000033, 0.000000000000000000 ) ) ;
#944 = DIRECTION ( 'NONE',  ( -0.000000000000000000, 0.000000000000000000, -1.000000000000000000 ) ) ;
#945 = ADVANCED_FACE ( 'NONE', ( #503 ), #826, .T. ) ;
#946 = EDGE_LOOP ( 'NONE', ( #1502, #219, #1668, #985 ) ) ;
#947 = CARTESIAN_POINT ( 'NONE',  ( 1.373780672099805367, 0.1475472756446095934, -0.8526678233842011068 ) ) ;
#948 = CONTEXT_DEPENDENT_SHAPE_REPRESENTATION ( #73, #10 ) ;
#949 = ORIENTED_EDGE ( 'NONE', *, *, #560, .F. ) ;
#950 = DIRECTION ( 'NONE',  ( 0.000000000000000000, -0.000000000000000000, 1.000000000000000000 ) ) ;
#951 = CARTESIAN_POINT ( 'NONE',  ( 1.301636837529674517, 0.9724527243553906519, 0.8101777038215454141 ) ) ;
#952 = ORIENTED_EDGE ( 'NONE', *, *, #1479, .F. ) ;
#953 = SURFACE_STYLE_FILL_AREA ( #312 ) ;
#954 = DIRECTION ( 'NONE',  ( 1.000000000000000000, 0.000000000000000000, -1.548860246407859885E-16 ) ) ;
#955 = ADVANCED_FACE ( 'NONE', ( #1488 ), #679, .F. ) ;
#956 = ORIENTED_EDGE ( 'NONE', *, *, #1146, .F. ) ;
#957 = AXIS2_PLACEMENT_3D ( 'NONE', #2062, #634, #1448 ) ;
#958 = ADVANCED_FACE ( 'NONE', ( #1622 ), #178, .T. ) ;
#959 = ADVANCED_FACE ( 'NONE', ( #839 ), #1000, .T. ) ;
#960 = VECTOR ( 'NONE', #1165, 1000.000000000000000 ) ;
#961 = CARTESIAN_POINT ( 'NONE',  ( -1.323934121487571947, 0.1499999999999999944, 0.000000000000000000 ) ) ;
#962 = VECTOR ( 'NONE', #1369, 1000.000000000000114 ) ;
#963 = DIRECTION ( 'NONE',  ( -0.000000000000000000, -0.000000000000000000, -1.000000000000000000 ) ) ;
#964 = CARTESIAN_POINT ( 'NONE',  ( 1.373743856392160456, 0.1456422128626161661, -0.4874999999999999889 ) ) ;
#965 = ORIENTED_EDGE ( 'NONE', *, *, #47, .F. ) ;
#966 = AXIS2_PLACEMENT_3D ( 'NONE', #1715, #416, #783 ) ;
#967 = PRESENTATION_STYLE_ASSIGNMENT (( #1252 ) ) ;
#968 = STYLED_ITEM ( 'NONE', ( #881 ), #2019 ) ;
#969 = PLANE ( 'NONE',  #488 ) ;
#970 = ORIENTED_EDGE ( 'NONE', *, *, #1761, .F. ) ;
#971 = CARTESIAN_POINT ( 'NONE',  ( 0.000000000000000000, 0.000000000000000000, 0.000000000000000000 ) ) ;
#972 = EDGE_LOOP ( 'NONE', ( #1809, #621, #1808, #1553 ) ) ;
#973 = EDGE_CURVE ( 'NONE', #1076, #1877, #1058, .T. ) ;
#974 = DIRECTION ( 'NONE',  ( -0.08715574274765836016, 0.9961946980917455452, -0.000000000000000000 ) ) ;
#975 = DIRECTION ( 'NONE',  ( 0.000000000000000000, -0.000000000000000000, 1.000000000000000000 ) ) ;
#976 = EDGE_LOOP ( 'NONE', ( #2069, #1889, #311, #874 ) ) ;
#977 = PRESENTATION_STYLE_ASSIGNMENT (( #532 ) ) ;
#978 = CARTESIAN_POINT ( 'NONE',  ( -1.301636837529674962, 0.9724527243553908740, -0.8101777038215455251 ) ) ;
#979 = APPLICATION_PROTOCOL_DEFINITION ( 'draft international standard', 'automotive_design', 1998, #766 ) ;
#980 = CARTESIAN_POINT ( 'NONE',  ( 0.02499999999999986608, 0.1499999999999999944, -0.8489341214875729680 ) ) ;
#981 = CARTESIAN_POINT ( 'NONE',  ( 1.145000000000000018, 0.1600000000000000033, 0.4874999999999999889 ) ) ;
#982 = DIRECTION ( 'NONE',  ( 0.9961946980917454342, -0.08715574274765820750, 0.000000000000000000 ) ) ;
#983 = EDGE_CURVE ( 'NONE', #1359, #1600, #161, .T. ) ;
#984 = CYLINDRICAL_SURFACE ( 'NONE', #449, 0.05000000000000005135 ) ;
#985 = ORIENTED_EDGE ( 'NONE', *, *, #1562, .F. ) ;
#986 = ADVANCED_FACE ( 'NONE', ( #169 ), #1909, .T. ) ;
#987 = CARTESIAN_POINT ( 'NONE',  ( -1.281444001924916920, 0.9739142549817649819, -0.8287897412790654617 ) ) ;
#988 = DIRECTION ( 'NONE',  ( 0.000000000000000000, 0.000000000000000000, 1.000000000000000000 ) ) ;
#989 = AXIS2_PLACEMENT_3D ( 'NONE', #279, #1437, #1071 ) ;
#990 = CARTESIAN_POINT ( 'NONE',  ( -1.174999999999999822, 1.348707281041047867, -0.4874999999999999889 ) ) ;
#991 = FACE_OUTER_BOUND ( 'NONE', #1004, .T. ) ;
#992 = STYLED_ITEM ( 'NONE', ( #977 ), #625 ) ;
#993 = CARTESIAN_POINT ( 'NONE',  ( -1.175000000000000044, 0.1000000000000000056, 0.4874999999999994893 ) ) ;
#994 = VERTEX_POINT ( 'NONE', #1104 ) ;
#995 = VECTOR ( 'NONE', #124, 1000.000000000000000 ) ;
#996 = EDGE_LOOP ( 'NONE', ( #74, #1981, #1182 ) ) ;
#997 = DIRECTION ( 'NONE',  ( -1.000000000000000000, -0.000000000000000000, 0.000000000000000000 ) ) ;
#998 = ORIENTED_EDGE ( 'NONE', *, *, #192, .F. ) ;
#999 = CARTESIAN_POINT ( 'NONE',  ( 1.175000000000000044, 0.1600000000000000033, -0.4874999999999999889 ) ) ;
#1000 = CYLINDRICAL_SURFACE ( 'NONE', #53, 0.04999999999999991257 ) ;
#1001 = PLANE ( 'NONE',  #1601 ) ;
#1002 = VERTEX_POINT ( 'NONE', #641 ) ;
#1003 = CARTESIAN_POINT ( 'NONE',  ( -1.145000000000000018, 0.000000000000000000, -0.4874999999999999889 ) ) ;
#1004 = EDGE_LOOP ( 'NONE', ( #2016, #1960, #1130, #965 ) ) ;
#1005 = DIRECTION ( 'NONE',  ( -0.000000000000000000, -0.000000000000000000, 1.000000000000000000 ) ) ;
#1006 = ADVANCED_FACE ( 'NONE', ( #1295 ), #7, .T. ) ;
#1007 = ADVANCED_FACE ( 'NONE', ( #1138 ), #1781, .T. ) ;
#1008 = DIRECTION ( 'NONE',  ( 0.9961946980917455452, -0.08715574274765836016, 0.000000000000000000 ) ) ;
#1009 = LINE ( 'NONE', #554, #491 ) ;
#1010 = DIRECTION ( 'NONE',  ( 0.000000000000000000, -0.08715574274765820750, 0.9961946980917454342 ) ) ;
#1011 = DIRECTION ( 'NONE',  ( 5.580452358381270792E-16, 0.000000000000000000, -1.000000000000000000 ) ) ;
#1012 = ORIENTED_EDGE ( 'NONE', *, *, #1298, .T. ) ;
#1013 =( NAMED_UNIT ( * ) PLANE_ANGLE_UNIT ( ) SI_UNIT ( $, .RADIAN. ) );
#1014 = ORIENTED_EDGE ( 'NONE', *, *, #168, .T. ) ;
#1015 = CARTESIAN_POINT ( 'NONE',  ( -1.849999999999999867, 0.1600000000000000033, -0.4874999999999999889 ) ) ;
#1016 =( REPRESENTATION_RELATIONSHIP ('NONE','NONE', #227, #825 ) REPRESENTATION_RELATIONSHIP_WITH_TRANSFORMATION ( #25 )SHAPE_REPRESENTATION_RELATIONSHIP( ) );
#1017 = EDGE_CURVE ( 'NONE', #1036, #804, #1900, .T. ) ;
#1018 = EDGE_LOOP ( 'NONE', ( #1237, #1773, #1426, #331, #1395 ) ) ;
#1019 = CARTESIAN_POINT ( 'NONE',  ( 1.253943190666833907, 0.9700000000000000844, 0.7789431906668338179 ) ) ;
#1020 = PRODUCT_RELATED_PRODUCT_CATEGORY ( 'part', '', ( #1339 ) ) ;
#1021 = AXIS2_PLACEMENT_3D ( 'NONE', #1948, #494, #676 ) ;
#1022 = DIRECTION ( 'NONE',  ( 0.000000000000000000, -0.000000000000000000, 1.000000000000000000 ) ) ;
#1023 = FACE_OUTER_BOUND ( 'NONE', #1451, .T. ) ;
#1024 = EDGE_LOOP ( 'NONE', ( #258, #1926, #251, #646 ) ) ;
#1025 = COLOUR_RGB ( '',0.7921568627450980005, 0.8196078431372548767, 0.9333333333333333481 ) ;
#1026 = ORIENTED_EDGE ( 'NONE', *, *, #1035, .F. ) ;
#1027 = VECTOR ( 'NONE', #662, 1000.000000000000114 ) ;
#1028 = VECTOR ( 'NONE', #1613, 1000.000000000000000 ) ;
#1029 = CARTESIAN_POINT ( 'NONE',  ( -1.371627768350412557, 0.1303677866244926653, -0.8788195964509704083 ) ) ;
#1030 = VECTOR ( 'NONE', #852, 1000.000000000000000 ) ;
#1031 = VERTEX_POINT ( 'NONE', #287 ) ;
#1032 = CARTESIAN_POINT ( 'NONE',  ( 1.281444001924916920, 1.020000000000000462, -0.7789431906668327077 ) ) ;
#1033 = CARTESIAN_POINT ( 'NONE',  ( 0.02499999999999999792, 0.1000000000000000056, -0.4874999999999999889 ) ) ;
#1034 = VERTEX_POINT ( 'NONE', #1462 ) ;
#1035 = EDGE_CURVE ( 'NONE', #1350, #480, #472, .T. ) ;
#1036 = VERTEX_POINT ( 'NONE', #1606 ) ;
#1037 = DIRECTION ( 'NONE',  ( -1.000000000000000000, 0.000000000000000000, 0.000000000000000000 ) ) ;
#1038 = SHAPE_REPRESENTATION ( 'SMF4L75AH', ( #329 ), #1535 ) ;
#1039 = DIRECTION ( 'NONE',  ( -1.000000000000000000, 0.000000000000000000, -2.224004456380521903E-16 ) ) ;
#1040 = LINE ( 'NONE', #577, #788 ) ;
#1041 = CARTESIAN_POINT ( 'NONE',  ( -1.064043593667499898, 1.020000000000000018, 0.7789431906668340400 ) ) ;
#1042 = DIRECTION ( 'NONE',  ( -1.000000000000000000, 0.000000000000000000, 1.548860246407859885E-16 ) ) ;
#1043 = EDGE_LOOP ( 'NONE', ( #1079, #1864, #1389, #1743 ) ) ;
#1044 = EDGE_CURVE ( 'NONE', #681, #697, #930, .T. ) ;
#1045 = DIRECTION ( 'NONE',  ( -1.355252715606879803E-16, 0.000000000000000000, -1.000000000000000000 ) ) ;
#1046 = VERTEX_POINT ( 'NONE', #1574 ) ;
#1047 = ADVANCED_FACE ( 'NONE', ( #462 ), #137, .T. ) ;
#1048 = PLANE ( 'NONE',  #1360 ) ;
#1049 = CARTESIAN_POINT ( 'NONE',  ( -1.351434932745654960, 0.09999999999999997780, -0.8489341214875726349 ) ) ;
#1050 = FACE_OUTER_BOUND ( 'NONE', #585, .T. ) ;
#1051 = PLANE ( 'NONE',  #1136 ) ;
#1052 = VERTEX_POINT ( 'NONE', #1593 ) ;
#1053 = EDGE_LOOP ( 'NONE', ( #473, #1986, #301, #377 ) ) ;
#1054 = VECTOR ( 'NONE', #430, 1000.000000000000000 ) ;
#1055 = CARTESIAN_POINT ( 'NONE',  ( -1.374999999999999334, 0.1600000000000003642, 0.8501902650954129559 ) ) ;
#1056 = CARTESIAN_POINT ( 'NONE',  ( -1.373780672099802924, 0.1460857450182354855, 0.8510870252369643341 ) ) ;
#1057 = EDGE_CURVE ( 'NONE', #1508, #1281, #652, .T. ) ;
#1058 = CIRCLE ( 'NONE', #1438, 0.04999999999999991257 ) ;
#1059 = CARTESIAN_POINT ( 'NONE',  ( 1.301636837529674962, 0.9724527243553904299, -0.8101777038215456361 ) ) ;
#1060 = VECTOR ( 'NONE', #1452, 1000.000000000000000 ) ;
#1061 =( NAMED_UNIT ( * ) PLANE_ANGLE_UNIT ( ) SI_UNIT ( $, .RADIAN. ) );
#1062 = FACE_OUTER_BOUND ( 'NONE', #505, .T. ) ;
#1063 = ORIENTED_EDGE ( 'NONE', *, *, #370, .F. ) ;
#1064 = DIRECTION ( 'NONE',  ( 1.000000000000000000, 0.000000000000000000, 0.000000000000000000 ) ) ;
#1065 = FACE_OUTER_BOUND ( 'NONE', #2025, .T. ) ;
#1066 = VERTEX_POINT ( 'NONE', #1421 ) ;
#1067 = CARTESIAN_POINT ( 'NONE',  ( -1.175000000000000044, 0.9743577871373830801, -0.4874999999999999889 ) ) ;
#1068 = CARTESIAN_POINT ( 'NONE',  ( -1.303789741279065106, 0.9703064278412456556, 0.7828454328479883539 ) ) ;
#1069 = ADVANCED_FACE ( 'NONE', ( #1124 ), #1406, .T. ) ;
#1070 = ORIENTED_EDGE ( 'NONE', *, *, #78, .T. ) ;
#1071 = DIRECTION ( 'NONE',  ( 1.000000000000000000, 0.000000000000000000, -4.783244878612519794E-16 ) ) ;
#1072 = LINE ( 'NONE', #71, #487 ) ;
#1073 = ORIENTED_EDGE ( 'NONE', *, *, #631, .T. ) ;
#1074 = CARTESIAN_POINT ( 'NONE',  ( 1.323934121487573057, 0.1186693334131665029, 0.8966277683504140228 ) ) ;
#1075 = DIRECTION ( 'NONE',  ( 0.08715574274765836016, -0.9961946980917455452, 0.000000000000000000 ) ) ;
#1076 = VERTEX_POINT ( 'NONE', #964 ) ;
#1077 = CARTESIAN_POINT ( 'NONE',  ( 1.374999999999999556, 0.1599999999999982825, -0.8501902650954129559 ) ) ;
#1078 = CARTESIAN_POINT ( 'NONE',  ( -1.145000000000000018, 0.1600000000000000033, -0.4874999999999999889 ) ) ;
#1079 = ORIENTED_EDGE ( 'NONE', *, *, #696, .F. ) ;
#1080 = DIRECTION ( 'NONE',  ( -0.000000000000000000, 0.000000000000000000, 1.000000000000000000 ) ) ;
#1081 = EDGE_CURVE ( 'NONE', #1594, #1002, #1774, .T. ) ;
#1082 = CARTESIAN_POINT ( 'NONE',  ( 0.000000000000000000, 0.000000000000000000, 0.000000000000000000 ) ) ;
#1083 = CARTESIAN_POINT ( 'NONE',  ( -1.253943190666833685, 0.9743577871373834132, -0.8287529255714209953 ) ) ;
#1084 = UNCERTAINTY_MEASURE_WITH_UNIT (LENGTH_MEASURE( 1.000000000000000082E-05 ), #1980, 'distance_accuracy_value', 'NONE');
#1085 = VERTEX_POINT ( 'NONE', #1501 ) ;
#1086 = PRODUCT_RELATED_PRODUCT_CATEGORY ( 'part', '', ( #1963 ) ) ;
#1087 = ADVANCED_FACE ( 'NONE', ( #1023 ), #1511, .F. ) ;
#1088 = DIRECTION ( 'NONE',  ( 0.000000000000000000, 1.000000000000000000, 0.000000000000000000 ) ) ;
#1089 = DIRECTION ( 'NONE',  ( -1.000000000000000000, 0.000000000000000000, 0.000000000000000000 ) ) ;
#1090 = VERTEX_POINT ( 'NONE', #189 ) ;
#1091 =( NAMED_UNIT ( * ) PLANE_ANGLE_UNIT ( ) SI_UNIT ( $, .RADIAN. ) );
#1092 = CARTESIAN_POINT ( 'NONE',  ( -1.064043593667499898, 0.9200000000000000400, 0.7789431906668340400 ) ) ;
#1093 = AXIS2_PLACEMENT_3D ( 'NONE', #2006, #417, #1673 ) ;
#1094 = ORIENTED_EDGE ( 'NONE', *, *, #1035, .T. ) ;
#1095 = DIRECTION ( 'NONE',  ( -1.000000000000000000, -0.000000000000000000, 1.548860246407859885E-16 ) ) ;
#1096 = PRODUCT_DEFINITION_CONTEXT ( 'detailed design', #691, 'design' ) ;
#1097 = VECTOR ( 'NONE', #549, 1000.000000000000000 ) ;
#1098 = DIRECTION ( 'NONE',  ( 1.000000000000000000, 0.000000000000000000, 0.000000000000000000 ) ) ;
#1099 = VECTOR ( 'NONE', #1135, 1000.000000000000000 ) ;
#1100 = CARTESIAN_POINT ( 'NONE',  ( -1.301636837529674739, 1.001330666586841334, -0.7961755656347161425 ) ) ;
#1101 = ORIENTED_EDGE ( 'NONE', *, *, #1987, .F. ) ;
#1102 = CARTESIAN_POINT ( 'NONE',  ( 1.371627768350414556, 0.1186693334131658784, 0.8661664964554627311 ) ) ;
#1103 = EDGE_CURVE ( 'NONE', #1475, #437, #1984, .T. ) ;
#1104 = CARTESIAN_POINT ( 'NONE',  ( -1.174999999999999822, 0.000000000000000000, -0.4874999999999999889 ) ) ;
#1105 = ORIENTED_EDGE ( 'NONE', *, *, #1273, .F. ) ;
#1106 = EDGE_CURVE ( 'NONE', #1717, #1052, #1321, .T. ) ;
#1107 = DIRECTION ( 'NONE',  ( 1.000000000000000000, -0.000000000000000000, 0.000000000000000000 ) ) ;
#1108 = VERTEX_POINT ( 'NONE', #1649 ) ;
#1109 = DIRECTION ( 'NONE',  ( 5.580452358381270792E-16, 0.000000000000000000, -1.000000000000000000 ) ) ;
#1110 = DIRECTION ( 'NONE',  ( 0.000000000000000000, 0.000000000000000000, 1.000000000000000000 ) ) ;
#1111 = ORIENTED_EDGE ( 'NONE', *, *, #973, .F. ) ;
#1112 = CARTESIAN_POINT ( 'NONE',  ( -1.175000000000000044, 0.1000000000000000056, 0.000000000000000000 ) ) ;
#1113 = LINE ( 'NONE', #1741, #1361 ) ;
#1114 = CARTESIAN_POINT ( 'NONE',  ( 1.281444001924917142, 0.9739142549817647598, 0.8287897412790651286 ) ) ;
#1115 = VERTEX_POINT ( 'NONE', #37 ) ;
#1116 = EDGE_CURVE ( 'NONE', #30, #164, #1967, .T. ) ;
#1117 = CARTESIAN_POINT ( 'NONE',  ( 1.145000000000000018, 0.1600000000000000033, -0.4874999999999999889 ) ) ;
#1118 = CARTESIAN_POINT ( 'NONE',  ( 1.323934121487573723, 0.1000000000000000056, 0.000000000000000000 ) ) ;
#1119 = ORIENTED_EDGE ( 'NONE', *, *, #1081, .T. ) ;
#1120 = DIRECTION ( 'NONE',  ( -0.9961946980917455452, 0.08715574274765836016, 0.000000000000000000 ) ) ;
#1121 = PRODUCT ( 'SMF4L75AH_2', 'SMF4L75AH_2', '', ( #1954 ) ) ;
#1122 = VERTEX_POINT ( 'NONE', #1634 ) ;
#1123 = CARTESIAN_POINT ( 'NONE',  ( -1.323934121487571947, 0.1000000000000000056, 0.4874999999999996558 ) ) ;
#1124 = FACE_OUTER_BOUND ( 'NONE', #1901, .T. ) ;
#1125 = EDGE_LOOP ( 'NONE', ( #398, #1332, #1725, #1505 ) ) ;
#1126 = CYLINDRICAL_SURFACE ( 'NONE', #444, 0.04999999999999991257 ) ;
#1127 = DIRECTION ( 'NONE',  ( 0.000000000000000000, 0.000000000000000000, 1.000000000000000000 ) ) ;
#1128 = VECTOR ( 'NONE', #587, 1000.000000000000114 ) ;
#1129 = ADVANCED_FACE ( 'NONE', ( #862 ), #1001, .F. ) ;
#1130 = ORIENTED_EDGE ( 'NONE', *, *, #1081, .F. ) ;
#1131 = AXIS2_PLACEMENT_3D ( 'NONE', #1371, #471, #299 ) ;
#1132 = DIRECTION ( 'NONE',  ( 1.000000000000000000, 0.000000000000000000, 0.000000000000000000 ) ) ;
#1133 = ORIENTED_EDGE ( 'NONE', *, *, #983, .T. ) ;
#1134 = VECTOR ( 'NONE', #261, 1000.000000000000227 ) ;
#1135 = DIRECTION ( 'NONE',  ( 0.000000000000000000, 1.000000000000000000, 0.000000000000000000 ) ) ;
#1136 = AXIS2_PLACEMENT_3D ( 'NONE', #1548, #2033, #1377 ) ;
#1137 = CARTESIAN_POINT ( 'NONE',  ( -1.001454881387759732, 0.9200000000000000400, -0.7789431906668340400 ) ) ;
#1138 = FACE_OUTER_BOUND ( 'NONE', #1604, .T. ) ;
#1139 = EDGE_LOOP ( 'NONE', ( #970, #1026, #626, #1754 ) ) ;
#1140 = AXIS2_PLACEMENT_3D ( 'NONE', #155, #803, #475 ) ;
#1141 = LINE ( 'NONE', #324, #1467 ) ;
#1142 = CARTESIAN_POINT ( 'NONE',  ( -1.323934121487571947, 0.1000000000000000056, -0.4874999999999999889 ) ) ;
#1143 = EDGE_CURVE ( 'NONE', #942, #1245, #195, .T. ) ;
#1144 = ITEM_DEFINED_TRANSFORMATION ( 'NONE', 'NONE', #1200,  #329 ) ;
#1145 = CARTESIAN_POINT ( 'NONE',  ( 1.323934121487573723, 0.1499999999999999944, 0.000000000000000000 ) ) ;
#1146 = EDGE_CURVE ( 'NONE', #777, #912, #376, .T. ) ;
#1147 = CARTESIAN_POINT ( 'NONE',  ( 0.02499999999999999792, 1.020000000000000018, 0.000000000000000000 ) ) ;
#1148 = DIRECTION ( 'NONE',  ( -0.08682659386424781967, -0.9924325091389671893, 0.08682659386424772252 ) ) ;
#1149 = CARTESIAN_POINT ( 'NONE',  ( -1.323934121487571947, 0.1500000000000000500, -0.8489341214875728570 ) ) ;
#1150 = VERTEX_POINT ( 'NONE', #45 ) ;
#1151 = CARTESIAN_POINT ( 'NONE',  ( 1.425000000000000044, 0.1600000000000000033, -0.9000000000000001332 ) ) ;
#1152 = PRODUCT_CONTEXT ( 'NONE', #50, 'mechanical' ) ;
#1153 = DIRECTION ( 'NONE',  ( -0.08682659386424772252, 0.9924325091389671893, -0.08682659386424781967 ) ) ;
#1154 = DIRECTION ( 'NONE',  ( 1.000000000000000000, 0.000000000000000000, 0.000000000000000000 ) ) ;
#1155 = DIRECTION ( 'NONE',  ( 0.000000000000000000, -0.000000000000000000, 1.000000000000000000 ) ) ;
#1156 = DIRECTION ( 'NONE',  ( 0.08682659386425260750, 0.9924325091389636366, -0.08682659386428258352 ) ) ;
#1157 = EDGE_CURVE ( 'NONE', #782, #437, #173, .T. ) ;
#1158 = VERTEX_POINT ( 'NONE', #1347 ) ;
#1159 = PRODUCT ( 'SMF4L26A', 'SMF4L26A', '', ( #492 ) ) ;
#1160 = FILL_AREA_STYLE_COLOUR ( '', #1627 ) ;
#1161 = PLANE ( 'NONE',  #1659 ) ;
#1162 = CARTESIAN_POINT ( 'NONE',  ( 0.02499999999999985914, 0.1456422128626170265, -0.8987438563921603674 ) ) ;
#1163 = VECTOR ( 'NONE', #908, 1000.000000000000000 ) ;
#1164 = PLANE ( 'NONE',  #453 ) ;
#1165 = DIRECTION ( 'NONE',  ( 0.000000000000000000, -0.000000000000000000, 1.000000000000000000 ) ) ;
#1166 = DIRECTION ( 'NONE',  ( -5.204170427930418128E-14, -0.08715574274765390539, 0.9961946980917458783 ) ) ;
#1167 = ORIENTED_EDGE ( 'NONE', *, *, #181, .F. ) ;
#1168 = AXIS2_PLACEMENT_3D ( 'NONE', #1454, #1935, #483 ) ;
#1169 = EDGE_CURVE ( 'NONE', #1281, #942, #81, .T. ) ;
#1170 = VECTOR ( 'NONE', #106, 1000.000000000000000 ) ;
#1171 = PRODUCT_DEFINITION_FORMATION_WITH_SPECIFIED_SOURCE ( 'ANY', '', #1121, .NOT_KNOWN. ) ;
#1172 = ADVANCED_FACE ( 'NONE', ( #1331 ), #984, .T. ) ;
#1173 = FACE_OUTER_BOUND ( 'NONE', #542, .T. ) ;
#1174 = PRODUCT_DEFINITION_SHAPE ( 'NONE', 'NONE',  #2089 ) ;
#1175 = DIRECTION ( 'NONE',  ( -1.000000000000000000, -0.000000000000000000, 1.548860246407859885E-16 ) ) ;
#1176 = DIRECTION ( 'NONE',  ( 0.9961946980917454342, -0.08715574274765820750, 0.000000000000000000 ) ) ;
#1177 = DIRECTION ( 'NONE',  ( 0.000000000000000000, 0.08715574274765841567, 0.9961946980917454342 ) ) ;
#1178 = VERTEX_POINT ( 'NONE', #1623 ) ;
#1179 = EDGE_CURVE ( 'NONE', #414, #1359, #56, .T. ) ;
#1180 = LINE ( 'NONE', #1015, #1777 ) ;
#1181 = EDGE_CURVE ( 'NONE', #697, #513, #693, .T. ) ;
#1182 = ORIENTED_EDGE ( 'NONE', *, *, #1776, .F. ) ;
#1183 = DIRECTION ( 'NONE',  ( 0.000000000000000000, 0.08715574274765848506, 0.9961946980917454342 ) ) ;
#1184 = DIRECTION ( 'NONE',  ( 1.000000000000000000, 0.000000000000000000, -4.783244878612519794E-16 ) ) ;
#1185 = CARTESIAN_POINT ( 'NONE',  ( 0.02499999999999999792, 0.1000000000000000056, 0.4874999999999999889 ) ) ;
#1186 = ORIENTED_EDGE ( 'NONE', *, *, #384, .T. ) ;
#1187 = EDGE_LOOP ( 'NONE', ( #2050, #926, #811, #460 ) ) ;
#1188 = CARTESIAN_POINT ( 'NONE',  ( 1.373743856392160456, 0.1456422128626169710, -0.8489341214875734121 ) ) ;
#1189 = EDGE_CURVE ( 'NONE', #513, #1066, #1474, .T. ) ;
#1190 = CARTESIAN_POINT ( 'NONE',  ( 1.301636837529674962, 0.9896322133755076633, -0.8088286656302317024 ) ) ;
#1191 =( LENGTH_UNIT ( ) NAMED_UNIT ( * ) SI_UNIT ( .MILLI., .METRE. ) );
#1192 = CARTESIAN_POINT ( 'NONE',  ( 0.02499999999999999792, 0.9200000000000000400, 0.000000000000000000 ) ) ;
#1193 = ORIENTED_EDGE ( 'NONE', *, *, #2070, .F. ) ;
#1194 = FACE_OUTER_BOUND ( 'NONE', #910, .T. ) ;
#1195 = ORIENTED_EDGE ( 'NONE', *, *, #78, .F. ) ;
#1196 = AXIS2_PLACEMENT_3D ( 'NONE', #1429, #614, #1942 ) ;
#1197 = DIRECTION ( 'NONE',  ( -0.000000000000000000, 1.000000000000000000, 0.000000000000000000 ) ) ;
#1198 = VECTOR ( 'NONE', #1911, 1000.000000000000000 ) ;
#1199 = LINE ( 'NONE', #544, #582 ) ;
#1200 = AXIS2_PLACEMENT_3D ( 'NONE', #1082, #923, #12 ) ;
#1201 = DIRECTION ( 'NONE',  ( 0.000000000000000000, 0.000000000000000000, 1.000000000000000000 ) ) ;
#1202 = ADVANCED_FACE ( 'NONE', ( #1314 ), #1959, .F. ) ;
#1203 =( LENGTH_UNIT ( ) NAMED_UNIT ( * ) SI_UNIT ( .MILLI., .METRE. ) );
#1204 = DIRECTION ( 'NONE',  ( -1.000000000000000000, -0.000000000000000000, -0.000000000000000000 ) ) ;
#1205 = VERTEX_POINT ( 'NONE', #993 ) ;
#1206 = DIRECTION ( 'NONE',  ( 0.08715574274765836016, -0.9961946980917455452, 0.000000000000000000 ) ) ;
#1207 = VERTEX_POINT ( 'NONE', #402 ) ;
#1208 = CARTESIAN_POINT ( 'NONE',  ( 1.323934121487573723, 0.1000000000000000056, -0.8489341214875729680 ) ) ;
#1209 = DIRECTION ( 'NONE',  ( -1.000000000000000000, 0.000000000000000000, 1.548860246407859885E-16 ) ) ;
#1210 = CARTESIAN_POINT ( 'NONE',  ( 0.02500000000000011935, 1.020000000000000018, 0.7789431906668338179 ) ) ;
#1211 = SURFACE_STYLE_FILL_AREA ( #723 ) ;
#1212 = FACE_OUTER_BOUND ( 'NONE', #1655, .T. ) ;
#1213 = EDGE_LOOP ( 'NONE', ( #576, #729, #860, #1763 ) ) ;
#1214 = EDGE_CURVE ( 'NONE', #1802, #1877, #269, .T. ) ;
#1215 = EDGE_LOOP ( 'NONE', ( #315, #886, #1133, #359, #952, #318 ) ) ;
#1216 = FACE_OUTER_BOUND ( 'NONE', #1139, .T. ) ;
#1217 = CARTESIAN_POINT ( 'NONE',  ( -1.301636837529674517, 0.9896322133755076633, 0.8088286656302315913 ) ) ;
#1218 = DIRECTION ( 'NONE',  ( -0.000000000000000000, 1.000000000000000000, 0.000000000000000000 ) ) ;
#1219 = DIRECTION ( 'NONE',  ( 1.000000000000000000, -1.344783796247394850E-17, -1.537094912701364436E-16 ) ) ;
#1220 = AXIS2_PLACEMENT_3D ( 'NONE', #1857, #1375, #1366 ) ;
#1221 = CARTESIAN_POINT ( 'NONE',  ( -0.02500000000000000486, 0.000000000000000000, 0.000000000000000000 ) ) ;
#1222 = PLANE ( 'NONE',  #827 ) ;
#1223 = ORIENTED_EDGE ( 'NONE', *, *, #1943, .F. ) ;
#1224 = VECTOR ( 'NONE', #1543, 1000.000000000000000 ) ;
#1225 = ADVANCED_FACE ( 'NONE', ( #1062 ), #1388, .T. ) ;
#1226 = LINE ( 'NONE', #1522, #1163 ) ;
#1227 = PRESENTATION_LAYER_ASSIGNMENT (  '', '', ( #992 ) ) ;
#1228 = CARTESIAN_POINT ( 'NONE',  ( -1.371627768350413001, 0.1303677866244929984, 0.8788195964509711855 ) ) ;
#1229 = VECTOR ( 'NONE', #237, 1000.000000000000000 ) ;
#1230 = ORIENTED_EDGE ( 'NONE', *, *, #1057, .T. ) ;
#1231 = CARTESIAN_POINT ( 'NONE',  ( -1.850000000000000089, 0.000000000000000000, 0.4874999999999999889 ) ) ;
#1232 = VECTOR ( 'NONE', #346, 1000.000000000000000 ) ;
#1233 = CARTESIAN_POINT ( 'NONE',  ( 0.000000000000000000, 0.000000000000000000, 0.000000000000000000 ) ) ;
#1234 =( GEOMETRIC_REPRESENTATION_CONTEXT ( 3 ) GLOBAL_UNCERTAINTY_ASSIGNED_CONTEXT ( ( #281 ) ) GLOBAL_UNIT_ASSIGNED_CONTEXT ( ( #1191, #1415, #1387 ) ) REPRESENTATION_CONTEXT ( 'NONE', 'WORKASPACE' ) );
#1235 = LINE ( 'NONE', #1851, #579 ) ;
#1236 = UNCERTAINTY_MEASURE_WITH_UNIT (LENGTH_MEASURE( 1.000000000000000082E-05 ), #1404, 'distance_accuracy_value', 'NONE');
#1237 = ORIENTED_EDGE ( 'NONE', *, *, #1255, .F. ) ;
#1238 = PLANE ( 'NONE',  #1805 ) ;
#1239 = CARTESIAN_POINT ( 'NONE',  ( 1.253943190666833907, 0.9700000000000000844, -0.7789431906668340400 ) ) ;
#1240 = ORIENTED_EDGE ( 'NONE', *, *, #737, .T. ) ;
#1241 = LINE ( 'NONE', #233, #1654 ) ;
#1242 = LINE ( 'NONE', #408, #1695 ) ;
#1243 = PRODUCT_DEFINITION ( 'UNKNOWN', '', #724, #295 ) ;
#1244 = ADVANCED_FACE ( 'NONE', ( #1701 ), #1834, .F. ) ;
#1245 = VERTEX_POINT ( 'NONE', #413 ) ;
#1246 = UNCERTAINTY_MEASURE_WITH_UNIT (LENGTH_MEASURE( 1.000000000000000082E-05 ), #894, 'distance_accuracy_value', 'NONE');
#1247 = FACE_OUTER_BOUND ( 'NONE', #342, .T. ) ;
#1248 = ORIENTED_EDGE ( 'NONE', *, *, #1353, .T. ) ;
#1249 = CARTESIAN_POINT ( 'NONE',  ( -1.064043593667499898, -0.6391431377682249559, -0.7789431906668340400 ) ) ;
#1250 = DIRECTION ( 'NONE',  ( -0.9961946980917455452, -0.08715574274765836016, 0.000000000000000000 ) ) ;
#1251 = EDGE_LOOP ( 'NONE', ( #240, #85, #1230, #282 ) ) ;
#1252 = SURFACE_STYLE_USAGE ( .BOTH. , #595 ) ;
#1253 = DIRECTION ( 'NONE',  ( -0.000000000000000000, -0.000000000000000000, -1.000000000000000000 ) ) ;
#1254 = VERTEX_POINT ( 'NONE', #426 ) ;
#1255 = EDGE_CURVE ( 'NONE', #198, #1936, #1072, .T. ) ;
#1256 = CARTESIAN_POINT ( 'NONE',  ( -1.175000000000000044, 0.1599999999999999756, 0.4874999999999999889 ) ) ;
#1257 = ORIENTED_EDGE ( 'NONE', *, *, #1602, .F. ) ;
#1258 = DIRECTION ( 'NONE',  ( 1.000000000000000000, 0.000000000000000000, 0.000000000000000000 ) ) ;
#1259 = CARTESIAN_POINT ( 'NONE',  ( 1.175000000000000044, 1.348707281041047867, -0.4874999999999999889 ) ) ;
#1260 = DIRECTION ( 'NONE',  ( 0.000000000000000000, 0.000000000000000000, -1.000000000000000000 ) ) ;
#1261 = ORIENTED_EDGE ( 'NONE', *, *, #2012, .T. ) ;
#1262 = LINE ( 'NONE', #767, #109 ) ;
#1263 = CARTESIAN_POINT ( 'NONE',  ( -1.303752925571421084, 0.9743577871373834132, -0.7789431906668322636 ) ) ;
#1264 = VECTOR ( 'NONE', #263, 1000.000000000000000 ) ;
#1265 = VECTOR ( 'NONE', #1633, 1000.000000000000000 ) ;
#1266 = EDGE_LOOP ( 'NONE', ( #115, #1440, #1843 ) ) ;
#1267 = FACE_OUTER_BOUND ( 'NONE', #1018, .T. ) ;
#1268 = VECTOR ( 'NONE', #1287, 1000.000000000000000 ) ;
#1269 = DIRECTION ( 'NONE',  ( 1.000000000000000000, 0.000000000000000000, 0.000000000000000000 ) ) ;
#1270 = AXIS2_PLACEMENT_3D ( 'NONE', #15, #795, #1444 ) ;
#1271 = DIRECTION ( 'NONE',  ( -5.580452358381270792E-16, 0.000000000000000000, -1.000000000000000000 ) ) ;
#1272 = VERTEX_POINT ( 'NONE', #395 ) ;
#1273 = EDGE_CURVE ( 'NONE', #863, #615, #726, .T. ) ;
#1274 = CARTESIAN_POINT ( 'NONE',  ( -1.001454881387759732, 0.9200000000000000400, -0.7789431906668340400 ) ) ;
#1275 = CARTESIAN_POINT ( 'NONE',  ( -1.374999999999999334, 0.1600000000000003642, 0.8501902650954129559 ) ) ;
#1276 = CARTESIAN_POINT ( 'NONE',  ( 1.281444001924917364, 1.001330666586837337, 0.8266368375296746507 ) ) ;
#1277 = ORIENTED_EDGE ( 'NONE', *, *, #725, .F. ) ;
#1278 = ADVANCED_FACE ( 'NONE', ( #1873 ), #1358, .T. ) ;
#1279 = DIRECTION ( 'NONE',  ( -0.000000000000000000, 0.000000000000000000, -1.000000000000000000 ) ) ;
#1280 = CARTESIAN_POINT ( 'NONE',  ( 1.175000000000000044, 0.000000000000000000, 0.4875000000000002109 ) ) ;
#1281 = VERTEX_POINT ( 'NONE', #895 ) ;
#1282 = CARTESIAN_POINT ( 'NONE',  ( -1.375000000000000000, 0.1600000000000000033, 0.9000000000000001332 ) ) ;
#1283 = CARTESIAN_POINT ( 'NONE',  ( 0.000000000000000000, 0.000000000000000000, 0.000000000000000000 ) ) ;
#1284 = ORIENTED_EDGE ( 'NONE', *, *, #271, .F. ) ;
#1285 = DIRECTION ( 'NONE',  ( 0.000000000000000000, 0.000000000000000000, 1.000000000000000000 ) ) ;
#1286 = CARTESIAN_POINT ( 'NONE',  ( 1.303752925571420862, 0.9743577871373831911, 0.7789431906668333738 ) ) ;
#1287 = DIRECTION ( 'NONE',  ( -0.000000000000000000, -0.000000000000000000, -1.000000000000000000 ) ) ;
#1288 = ORIENTED_EDGE ( 'NONE', *, *, #181, .T. ) ;
#1289 = EDGE_CURVE ( 'NONE', #1348, #1122, #110, .T. ) ;
#1290 = LINE ( 'NONE', #1745, #1498 ) ;
#1291 = LINE ( 'NONE', #636, #1403 ) ;
#1292 = ORIENTED_EDGE ( 'NONE', *, *, #1412, .F. ) ;
#1293 = SHAPE_DEFINITION_REPRESENTATION ( #524, #1971 ) ;
#1294 = FACE_OUTER_BOUND ( 'NONE', #123, .T. ) ;
#1295 = FACE_OUTER_BOUND ( 'NONE', #452, .T. ) ;
#1296 = ORIENTED_EDGE ( 'NONE', *, *, #765, .F. ) ;
#1297 = CARTESIAN_POINT ( 'NONE',  ( 0.02499999999999987649, 1.020000000000000018, -0.7789431906668342620 ) ) ;
#1298 = EDGE_CURVE ( 'NONE', #1031, #1085, #735, .T. ) ;
#1299 = ORIENTED_EDGE ( 'NONE', *, *, #220, .T. ) ;
#1300 = EDGE_CURVE ( 'NONE', #746, #1372, #21, .T. ) ;
#1301 = AXIS2_PLACEMENT_3D ( 'NONE', #44, #1148, #1176 ) ;
#1302 = VERTEX_POINT ( 'NONE', #1407 ) ;
#1303 = VECTOR ( 'NONE', #911, 1000.000000000000000 ) ;
#1304 = CARTESIAN_POINT ( 'NONE',  ( -1.001454881387759732, 1.020000000000000018, 0.7789431906668341510 ) ) ;
#1305 = AXIS2_PLACEMENT_3D ( 'NONE', #1840, #1209, #1667 ) ;
#1306 = CARTESIAN_POINT ( 'NONE',  ( 1.425000000000000044, 0.9743577871373831911, 0.8287529255714213283 ) ) ;
#1307 = CARTESIAN_POINT ( 'NONE',  ( -1.375000000000000000, 0.1600000000000000033, -0.8501902650954120677 ) ) ;
#1308 = EDGE_LOOP ( 'NONE', ( #371, #642, #265, #2003, #525 ) ) ;
#1309 =( GEOMETRIC_REPRESENTATION_CONTEXT ( 3 ) GLOBAL_UNCERTAINTY_ASSIGNED_CONTEXT ( ( #2047 ) ) GLOBAL_UNIT_ASSIGNED_CONTEXT ( ( #1628, #1920, #344 ) ) REPRESENTATION_CONTEXT ( 'NONE', 'WORKASPACE' ) );
#1310 = ADVANCED_FACE ( 'NONE', ( #82 ), #539, .F. ) ;
#1311 = ORIENTED_EDGE ( 'NONE', *, *, #506, .F. ) ;
#1312 = CARTESIAN_POINT ( 'NONE',  ( -0.02500000000000000486, 0.1600000000000000033, -0.4874999999999999889 ) ) ;
#1313 = LINE ( 'NONE', #167, #960 ) ;
#1314 = FACE_OUTER_BOUND ( 'NONE', #1053, .T. ) ;
#1315 = ORIENTED_EDGE ( 'NONE', *, *, #1397, .F. ) ;
#1316 = CARTESIAN_POINT ( 'NONE',  ( -1.064043593667499898, 1.020000000000000018, 0.7789431906668340400 ) ) ;
#1317 = LINE ( 'NONE', #850, #1525 ) ;
#1318 = EDGE_CURVE ( 'NONE', #1835, #782, #1518, .T. ) ;
#1319 = DIRECTION ( 'NONE',  ( -0.000000000000000000, 0.000000000000000000, -1.000000000000000000 ) ) ;
#1320 = LINE ( 'NONE', #1137, #1265 ) ;
#1321 = LINE ( 'NONE', #512, #1693 ) ;
#1322 = ORIENTED_EDGE ( 'NONE', *, *, #598, .F. ) ;
#1323 = EDGE_CURVE ( 'NONE', #1607, #1350, #1235, .T. ) ;
#1324 = CARTESIAN_POINT ( 'NONE',  ( -1.374999999999999556, 0.1599999999999995592, -0.8501902650954121787 ) ) ;
#1325 = AXIS2_PLACEMENT_3D ( 'NONE', #1145, #1629, #1813 ) ;
#1326 = FACE_OUTER_BOUND ( 'NONE', #1527, .T. ) ;
#1327 = PLANE ( 'NONE',  #2008 ) ;
#1328 = CARTESIAN_POINT ( 'NONE',  ( 1.325565773584091778, 0.1686498688031315141, 0.8505657735840930211 ) ) ;
#1329 = VECTOR ( 'NONE', #963, 1000.000000000000000 ) ;
#1330 = EDGE_CURVE ( 'NONE', #1254, #1600, #2078, .T. ) ;
#1331 = FACE_OUTER_BOUND ( 'NONE', #972, .T. ) ;
#1332 = ORIENTED_EDGE ( 'NONE', *, *, #1943, .T. ) ;
#1333 = VECTOR ( 'NONE', #882, 1000.000000000000000 ) ;
#1334 = PRODUCT_DEFINITION ( 'UNKNOWN', '', #86, #756 ) ;
#1335 = ADVANCED_FACE ( 'NONE', ( #1212 ), #1051, .T. ) ;
#1336 = ORIENTED_EDGE ( 'NONE', *, *, #535, .F. ) ;
#1337 = AXIS2_PLACEMENT_3D ( 'NONE', #1707, #1253, #264 ) ;
#1338 = CARTESIAN_POINT ( 'NONE',  ( -1.351434932745654960, 0.1460857450182355965, -0.8987806720998041676 ) ) ;
#1339 = PRODUCT ( 'SMF4L75AH_3', 'SMF4L75AH_3', '', ( #1152 ) ) ;
#1340 = ORIENTED_EDGE ( 'NONE', *, *, #1169, .T. ) ;
#1341 = DIRECTION ( 'NONE',  ( -0.000000000000000000, 0.000000000000000000, -1.000000000000000000 ) ) ;
#1342 = SURFACE_STYLE_FILL_AREA ( #1961 ) ;
#1343 = VERTEX_POINT ( 'NONE', #565 ) ;
#1344 = EDGE_CURVE ( 'NONE', #1245, #782, #1690, .T. ) ;
#1345 = DIRECTION ( 'NONE',  ( -0.000000000000000000, 1.000000000000000000, 0.000000000000000000 ) ) ;
#1346 = CARTESIAN_POINT ( 'NONE',  ( 1.253943190666833241, 0.9739142549817647598, -0.8287897412790653506 ) ) ;
#1347 = CARTESIAN_POINT ( 'NONE',  ( -1.001454881387759732, 0.9200000000000000400, 0.7789431906668340400 ) ) ;
#1348 = VERTEX_POINT ( 'NONE', #1738 ) ;
#1349 = FACE_OUTER_BOUND ( 'NONE', #2053, .T. ) ;
#1350 = VERTEX_POINT ( 'NONE', #1893 ) ;
#1351 = DIRECTION ( 'NONE',  ( 0.000000000000000000, -1.000000000000000000, -0.000000000000000000 ) ) ;
#1352 = CARTESIAN_POINT ( 'NONE',  ( -1.351434932745655404, 0.09999999999999983902, 0.8764349327456574246 ) ) ;
#1353 = EDGE_CURVE ( 'NONE', #1651, #942, #485, .T. ) ;
#1354 = ADVANCED_FACE ( 'NONE', ( #602 ), #1161, .F. ) ;
#1355 = VECTOR ( 'NONE', #1545, 1000.000000000000000 ) ;
#1356 = DIRECTION ( 'NONE',  ( 0.000000000000000000, 0.000000000000000000, 1.000000000000000000 ) ) ;
#1357 = SURFACE_SIDE_STYLE ('',( #1211 ) ) ;
#1358 = PLANE ( 'NONE',  #1504 ) ;
#1359 = VERTEX_POINT ( 'NONE', #1637 ) ;
#1360 = AXIS2_PLACEMENT_3D ( 'NONE', #1995, #1197, #1839 ) ;
#1361 = VECTOR ( 'NONE', #1765, 1000.000000000000000 ) ;
#1362 = ORIENTED_EDGE ( 'NONE', *, *, #1300, .F. ) ;
#1363 = AXIS2_PLACEMENT_3D ( 'NONE', #2013, #98, #555 ) ;
#1364 = PLANE ( 'NONE',  #823 ) ;
#1365 = PLANE ( 'NONE',  #1906 ) ;
#1366 = DIRECTION ( 'NONE',  ( -0.08715574274765836016, 0.9961946980917455452, 0.000000000000000000 ) ) ;
#1367 = APPLICATION_CONTEXT ( 'automotive_design' ) ;
#1368 = ADVANCED_FACE ( 'NONE', ( #499 ), #1800, .T. ) ;
#1369 = DIRECTION ( 'NONE',  ( 0.08682659386424698700, -0.9924325091389669673, -0.08682659386424779191 ) ) ;
#1370 = EDGE_LOOP ( 'NONE', ( #1530, #1816, #1521, #938, #854 ) ) ;
#1371 = CARTESIAN_POINT ( 'NONE',  ( -1.323934121487571947, 0.1499999999999999944, 0.8489341214875739672 ) ) ;
#1372 = VERTEX_POINT ( 'NONE', #183 ) ;
#1373 = CARTESIAN_POINT ( 'NONE',  ( 1.145000000000000018, 0.000000000000000000, 0.4874999999999999889 ) ) ;
#1374 = CARTESIAN_POINT ( 'NONE',  ( -1.371627768350412557, 0.1186693334131660588, 0.8489341214875738562 ) ) ;
#1375 = DIRECTION ( 'NONE',  ( 0.9961946980917455452, 0.08715574274765836016, 0.000000000000000000 ) ) ;
#1376 = SHAPE_REPRESENTATION_RELATIONSHIP ( 'NONE' , 'NONE' ,  #875, #1706 ) ;
#1377 = DIRECTION ( 'NONE',  ( 0.000000000000000000, 0.000000000000000000, -1.000000000000000000 ) ) ;
#1378 = VERTEX_POINT ( 'NONE', #1083 ) ;
#1379 = EDGE_CURVE ( 'NONE', #1827, #1046, #591, .T. ) ;
#1380 = CARTESIAN_POINT ( 'NONE',  ( 1.373780672099805145, 0.1475472756446097322, 0.8526678233842007737 ) ) ;
#1381 = LINE ( 'NONE', #885, #651 ) ;
#1382 = ORIENTED_EDGE ( 'NONE', *, *, #876, .T. ) ;
#1383 = LINE ( 'NONE', #1067, #1969 ) ;
#1384 = DIRECTION ( 'NONE',  ( -2.224004456380521903E-16, 0.000000000000000000, -1.000000000000000000 ) ) ;
#1385 = ORIENTED_EDGE ( 'NONE', *, *, #476, .T. ) ;
#1386 = PLANE ( 'NONE',  #1220 ) ;
#1387 =( NAMED_UNIT ( * ) SI_UNIT ( $, .STERADIAN. ) SOLID_ANGLE_UNIT ( ) );
#1388 = CYLINDRICAL_SURFACE ( 'NONE', #2040, 0.05000000000000002359 ) ;
#1389 = ORIENTED_EDGE ( 'NONE', *, *, #1953, .T. ) ;
#1390 = CLOSED_SHELL ( 'NONE', ( #501, #1129, #1821, #1244, #1524, #666 ) ) ;
#1391 = FACE_OUTER_BOUND ( 'NONE', #935, .T. ) ;
#1392 = ADVANCED_FACE ( 'NONE', ( #1247 ), #834, .T. ) ;
#1393 = DIRECTION ( 'NONE',  ( -0.000000000000000000, 0.000000000000000000, -1.000000000000000000 ) ) ;
#1394 = AXIS2_PLACEMENT_3D ( 'NONE', #121, #770, #131 ) ;
#1395 = ORIENTED_EDGE ( 'NONE', *, *, #1697, .T. ) ;
#1396 = CIRCLE ( 'NONE', #920, 0.05000000000000002359 ) ;
#1397 = EDGE_CURVE ( 'NONE', #1281, #1651, #381, .T. ) ;
#1398 = CARTESIAN_POINT ( 'NONE',  ( -1.064043593667499898, 0.9200000000000000400, -0.7789431906668340400 ) ) ;
#1399 = AXIS2_PLACEMENT_3D ( 'NONE', #1192, #2021, #871 ) ;
#1400 = AXIS2_PLACEMENT_3D ( 'NONE', #1149, #680, #341 ) ;
#1401 = ORIENTED_EDGE ( 'NONE', *, *, #1538, .F. ) ;
#1402 = CARTESIAN_POINT ( 'NONE',  ( 1.373780672099805367, 0.1460857450182353745, -0.8510870252369634459 ) ) ;
#1403 = VECTOR ( 'NONE', #1587, 1000.000000000000000 ) ;
#1404 =( LENGTH_UNIT ( ) NAMED_UNIT ( * ) SI_UNIT ( .MILLI., .METRE. ) );
#1405 = PRESENTATION_LAYER_ASSIGNMENT (  '', '', ( #1838 ) ) ;
#1406 =( BOUNDED_SURFACE ( )  B_SPLINE_SURFACE ( 3, 3, ( 
 ( #1924, #606, #2074, #451 ),
 ( #1742, #300, #1766, #951 ),
 ( #321, #620, #1276, #1114 ),
 ( #1753, #310, #150, #798 ) ),
 .UNSPECIFIED., .F., .F., .F. ) 
 B_SPLINE_SURFACE_WITH_KNOTS ( ( 4, 4 ),
 ( 4, 4 ),
 ( 0.000000000000000000, 1.000000000000000000 ),
 ( 0.000000000000000000, 1.000000000000000000 ),
 .UNSPECIFIED. ) 
 GEOMETRIC_REPRESENTATION_ITEM ( )  RATIONAL_B_SPLINE_SURFACE ( (
 ( 1.000000000000000000, 0.8228421800664970087, 0.8228421800664970087, 1.000000000000000000),
 ( 0.8228421800665316477, 0.6770692532966139376, 0.6770692532966139376, 0.8228421800665316477),
 ( 0.8228421800665316477, 0.6770692532966139376, 0.6770692532966139376, 0.8228421800665316477),
 ( 1.000000000000000000, 0.8228421800664970087, 0.8228421800664970087, 1.000000000000000000) ) ) 
 REPRESENTATION_ITEM ( '' )  SURFACE ( )  );
#1407 = CARTESIAN_POINT ( 'NONE',  ( -1.375000000000000000, 0.1600000000000000033, -0.4875000000000000999 ) ) ;
#1408 = ORIENTED_EDGE ( 'NONE', *, *, #1146, .T. ) ;
#1409 = CARTESIAN_POINT ( 'NONE',  ( 1.323934121487573057, 0.1000000000000000472, 0.8489341214875736341 ) ) ;
#1410 = DIRECTION ( 'NONE',  ( -1.000000000000000000, 0.000000000000000000, 1.548860246407859885E-16 ) ) ;
#1411 = CARTESIAN_POINT ( 'NONE',  ( -1.301636837529674517, 0.9724527243553907629, 0.8101777038215457472 ) ) ;
#1412 = EDGE_CURVE ( 'NONE', #1585, #912, #23, .T. ) ;
#1413 = ORIENTED_EDGE ( 'NONE', *, *, #1726, .T. ) ;
#1414 = CARTESIAN_POINT ( 'NONE',  ( 1.351434932745656958, 0.09999999999999988065, -0.8764349327456563143 ) ) ;
#1415 =( NAMED_UNIT ( * ) PLANE_ANGLE_UNIT ( ) SI_UNIT ( $, .RADIAN. ) );
#1416 = DIRECTION ( 'NONE',  ( -0.08682659386424781967, 0.9924325091389671893, 0.08682659386424772252 ) ) ;
#1417 = ORIENTED_EDGE ( 'NONE', *, *, #58, .F. ) ;
#1418 = CARTESIAN_POINT ( 'NONE',  ( 1.371627768350414556, 0.1303677866244929706, 0.8788195964509708524 ) ) ;
#1419 = PLANE ( 'NONE',  #111 ) ;
#1420 = CARTESIAN_POINT ( 'NONE',  ( 1.323934121487573723, 0.1499999999999999944, -0.4874999999999999889 ) ) ;
#1421 = CARTESIAN_POINT ( 'NONE',  ( 1.175000000000000044, 0.1000000000000000056, 0.4874999999999999334 ) ) ;
#1422 = DIRECTION ( 'NONE',  ( 1.000000000000000000, 0.000000000000000000, 0.000000000000000000 ) ) ;
#1423 = CARTESIAN_POINT ( 'NONE',  ( 1.425000000000000044, 0.1600000000000000033, -0.9000000000000001332 ) ) ;
#1424 = PRODUCT_DEFINITION_SHAPE ( 'NONE', 'NONE',  #1895 ) ;
#1425 = EDGE_CURVE ( 'NONE', #1372, #164, #937, .T. ) ;
#1426 = ORIENTED_EDGE ( 'NONE', *, *, #362, .T. ) ;
#1427 = CARTESIAN_POINT ( 'NONE',  ( 1.323934121487573501, 0.1186693334131660726, -0.8966277683504140228 ) ) ;
#1428 = ADVANCED_FACE ( 'NONE', ( #843 ), #32, .T. ) ;
#1429 = CARTESIAN_POINT ( 'NONE',  ( 1.253943190666832797, 0.9700000000000001954, 0.7789431906668338179 ) ) ;
#1430 = ORIENTED_EDGE ( 'NONE', *, *, #1503, .F. ) ;
#1431 = DIRECTION ( 'NONE',  ( 0.000000000000000000, -1.000000000000000000, 0.000000000000000000 ) ) ;
#1432 = DIRECTION ( 'NONE',  ( 0.08682659386425306547, -0.9924325091389687437, 0.08682659386422308945 ) ) ;
#1433 = ORIENTED_EDGE ( 'NONE', *, *, #42, .T. ) ;
#1434 = CARTESIAN_POINT ( 'NONE',  ( 1.375000000000000000, 0.1600000000000000033, 0.9000000000000001332 ) ) ;
#1435 = LINE ( 'NONE', #2079, #1665 ) ;
#1436 = EDGE_LOOP ( 'NONE', ( #2075, #1874, #2056, #1789 ) ) ;
#1437 = DIRECTION ( 'NONE',  ( 4.783244878612519794E-16, 0.000000000000000000, 1.000000000000000000 ) ) ;
#1438 = AXIS2_PLACEMENT_3D ( 'NONE', #1420, #1951, #785 ) ;
#1439 = VECTOR ( 'NONE', #1495, 1000.000000000000000 ) ;
#1440 = ORIENTED_EDGE ( 'NONE', *, *, #42, .F. ) ;
#1441 = EDGE_CURVE ( 'NONE', #437, #1036, #445, .T. ) ;
#1442 = EDGE_CURVE ( 'NONE', #804, #390, #1803, .T. ) ;
#1443 = AXIS2_PLACEMENT_3D ( 'NONE', #1823, #845, #43 ) ;
#1444 = DIRECTION ( 'NONE',  ( 0.000000000000000000, 0.08715574274765820750, 0.9961946980917454342 ) ) ;
#1445 = DIRECTION ( 'NONE',  ( -0.08682659386424772252, -0.9924325091389671893, -0.08682659386424781967 ) ) ;
#1446 = DIRECTION ( 'NONE',  ( 0.08682659386424772252, -0.9924325091389671893, 0.08682659386424781967 ) ) ;
#1447 = VERTEX_POINT ( 'NONE', #1142 ) ;
#1448 = DIRECTION ( 'NONE',  ( 0.000000000000000000, -0.9961946980917455452, 0.08715574274765836016 ) ) ;
#1449 = CARTESIAN_POINT ( 'NONE',  ( -1.001454881387759732, 0.9200000000000000400, -0.7789431906668340400 ) ) ;
#1450 = CONTEXT_DEPENDENT_SHAPE_REPRESENTATION ( #653, #1174 ) ;
#1451 = EDGE_LOOP ( 'NONE', ( #594, #879, #196, #1257 ) ) ;
#1452 = DIRECTION ( 'NONE',  ( -1.000000000000000000, -0.000000000000000000, -0.000000000000000000 ) ) ;
#1453 = ADVANCED_FACE ( 'NONE', ( #657 ), #1755, .T. ) ;
#1454 = CARTESIAN_POINT ( 'NONE',  ( 1.375000000000000000, 0.1600000000000000033, 0.9000000000000001332 ) ) ;
#1455 = ORIENTED_EDGE ( 'NONE', *, *, #536, .T. ) ;
#1456 = DIRECTION ( 'NONE',  ( 0.000000000000000000, -0.000000000000000000, 1.000000000000000000 ) ) ;
#1457 = EDGE_CURVE ( 'NONE', #1778, #1150, #1732, .T. ) ;
#1458 = ORIENTED_EDGE ( 'NONE', *, *, #1830, .F. ) ;
#1459 = CARTESIAN_POINT ( 'NONE',  ( -1.253943190666833907, 1.020000000000000018, 0.7789431906668340400 ) ) ;
#1460 = DIRECTION ( 'NONE',  ( -5.580452358381270792E-16, 0.000000000000000000, -1.000000000000000000 ) ) ;
#1461 = FACE_OUTER_BOUND ( 'NONE', #57, .T. ) ;
#1462 = CARTESIAN_POINT ( 'NONE',  ( -1.373743856392159568, 0.1456422128626170265, -0.4874999999999999889 ) ) ;
#1463 = ORIENTED_EDGE ( 'NONE', *, *, #1487, .F. ) ;
#1464 = EDGE_CURVE ( 'NONE', #1302, #198, #708, .T. ) ;
#1465 = PRODUCT_RELATED_PRODUCT_CATEGORY ( 'part', '', ( #1159 ) ) ;
#1466 = CARTESIAN_POINT ( 'NONE',  ( -1.301636837529674962, 1.001330666586834228, -0.7789431906668212724 ) ) ;
#1467 = VECTOR ( 'NONE', #1756, 1000.000000000000000 ) ;
#1468 = APPLICATION_PROTOCOL_DEFINITION ( 'draft international standard', 'automotive_design', 1998, #1367 ) ;
#1469 = DIRECTION ( 'NONE',  ( 0.000000000000000000, 2.168404344971007685E-15, -1.000000000000000000 ) ) ;
#1470 = VECTOR ( 'NONE', #1219, 1000.000000000000000 ) ;
#1471 = LINE ( 'NONE', #990, #355 ) ;
#1472 = VECTOR ( 'NONE', #1970, 1000.000000000000000 ) ;
#1473 = DIRECTION ( 'NONE',  ( -0.000000000000000000, 1.000000000000000000, 0.000000000000000000 ) ) ;
#1474 = LINE ( 'NONE', #1185, #891 ) ;
#1475 = VERTEX_POINT ( 'NONE', #1188 ) ;
#1476 = ADVANCED_FACE ( 'NONE', ( #1680 ), #236, .T. ) ;
#1477 =( BOUNDED_SURFACE ( )  B_SPLINE_SURFACE ( 3, 3, ( 
 ( #936, #1402, #947, #467 ),
 ( #1557, #600, #1748, #306 ),
 ( #266, #1414, #2082, #627 ),
 ( #1579, #755, #1427, #2046 ) ),
 .UNSPECIFIED., .F., .F., .F. ) 
 B_SPLINE_SURFACE_WITH_KNOTS ( ( 4, 4 ),
 ( 4, 4 ),
 ( 0.000000000000000000, 1.000000000000000000 ),
 ( 0.000000000000000000, 1.000000000000000000 ),
 .UNSPECIFIED. ) 
 GEOMETRIC_REPRESENTATION_ITEM ( )  RATIONAL_B_SPLINE_SURFACE ( (
 ( 1.000000000000000000, 0.8228421800665303154, 0.8228421800665303154, 1.000000000000000000),
 ( 0.8228421800665298713, 0.6770692532966399169, 0.6770692532966399169, 0.8228421800665298713),
 ( 0.8228421800665298713, 0.6770692532966399169, 0.6770692532966399169, 0.8228421800665298713),
 ( 1.000000000000000000, 0.8228421800665303154, 0.8228421800665303154, 1.000000000000000000) ) ) 
 REPRESENTATION_ITEM ( '' )  SURFACE ( )  );
#1478 = CARTESIAN_POINT ( 'NONE',  ( -1.325565773584091778, 0.1686498688031315141, 0.8505657735840930211 ) ) ;
#1479 = EDGE_CURVE ( 'NONE', #1302, #1508, #1199, .T. ) ;
#1480 = DIRECTION ( 'NONE',  ( 0.000000000000000000, 0.000000000000000000, 1.000000000000000000 ) ) ;
#1481 = ORIENTED_EDGE ( 'NONE', *, *, #1699, .T. ) ;
#1482 = DIRECTION ( 'NONE',  ( -1.000000000000000000, -0.000000000000000000, -0.000000000000000000 ) ) ;
#1483 = CARTESIAN_POINT ( 'NONE',  ( -1.323934121487572391, 0.1456422128626171097, -0.8987438563921601453 ) ) ;
#1484 = CARTESIAN_POINT ( 'NONE',  ( 1.373743856392160456, 0.1456422128626169710, -0.8489341214875730790 ) ) ;
#1485 = ORIENTED_EDGE ( 'NONE', *, *, #1214, .T. ) ;
#1486 = DIRECTION ( 'NONE',  ( -2.224004456380521903E-16, 0.000000000000000000, 1.000000000000000000 ) ) ;
#1487 = EDGE_CURVE ( 'NONE', #863, #754, #1180, .T. ) ;
#1488 = FACE_OUTER_BOUND ( 'NONE', #361, .T. ) ;
#1489 = CARTESIAN_POINT ( 'NONE',  ( -1.064043593667499898, 1.020000000000000018, 0.000000000000000000 ) ) ;
#1490 = EDGE_LOOP ( 'NONE', ( #714, #180, #1408, #1292 ) ) ;
#1491 = PRODUCT_DEFINITION_SHAPE ( 'NONE', 'NONE',  #2092 ) ;
#1492 = LINE ( 'NONE', #48, #855 ) ;
#1493 = APPLICATION_CONTEXT ( 'automotive_design' ) ;
#1494 = ORIENTED_EDGE ( 'NONE', *, *, #1379, .F. ) ;
#1495 = DIRECTION ( 'NONE',  ( 1.000000000000000000, 0.000000000000000000, -4.783244878612519794E-16 ) ) ;
#1496 = VECTOR ( 'NONE', #225, 1000.000000000000000 ) ;
#1497 = ORIENTED_EDGE ( 'NONE', *, *, #1536, .F. ) ;
#1498 = VECTOR ( 'NONE', #623, 1000.000000000000000 ) ;
#1499 =( NAMED_UNIT ( * ) PLANE_ANGLE_UNIT ( ) SI_UNIT ( $, .RADIAN. ) );
#1500 = MECHANICAL_DESIGN_GEOMETRIC_PRESENTATION_REPRESENTATION (  '', ( #992 ), #152 ) ;
#1501 = CARTESIAN_POINT ( 'NONE',  ( 1.375000000000000000, 0.1600000000000000033, 0.4874999999999999889 ) ) ;
#1502 = ORIENTED_EDGE ( 'NONE', *, *, #1106, .F. ) ;
#1503 = EDGE_CURVE ( 'NONE', #912, #1590, #1818, .T. ) ;
#1504 = AXIS2_PLACEMENT_3D ( 'NONE', #1539, #386, #1681 ) ;
#1505 = ORIENTED_EDGE ( 'NONE', *, *, #1830, .T. ) ;
#1506 = CIRCLE ( 'NONE', #1270, 0.05000000000000005135 ) ;
#1507 = CARTESIAN_POINT ( 'NONE',  ( 1.175000000000000044, 0.1599999999999999756, 0.4874999999999999889 ) ) ;
#1508 = VERTEX_POINT ( 'NONE', #517 ) ;
#1509 = CARTESIAN_POINT ( 'NONE',  ( 1.303789741279065106, 0.9724527243553904299, -0.7826768925634618457 ) ) ;
#1510 = LINE ( 'NONE', #394, #859 ) ;
#1511 = PLANE ( 'NONE',  #516 ) ;
#1512 = EDGE_CURVE ( 'NONE', #134, #442, #156, .T. ) ;
#1513 = ORIENTED_EDGE ( 'NONE', *, *, #1457, .T. ) ;
#1514 = EDGE_CURVE ( 'NONE', #648, #484, #223, .T. ) ;
#1515 = DIRECTION ( 'NONE',  ( 0.000000000000000000, -1.000000000000000000, -0.000000000000000000 ) ) ;
#1516 = DIRECTION ( 'NONE',  ( 0.000000000000000000, -1.000000000000000000, -0.000000000000000000 ) ) ;
#1517 = CARTESIAN_POINT ( 'NONE',  ( 1.301636837529674962, 1.001330666586834672, -0.7961755656347229149 ) ) ;
#1518 = LINE ( 'NONE', #2002, #962 ) ;
#1519 = ORIENTED_EDGE ( 'NONE', *, *, #1987, .T. ) ;
#1520 = CARTESIAN_POINT ( 'NONE',  ( 1.253943190666832797, 0.9700000000000003064, -0.7789431906668339289 ) ) ;
#1521 = ORIENTED_EDGE ( 'NONE', *, *, #388, .F. ) ;
#1522 = CARTESIAN_POINT ( 'NONE',  ( -1.175000000000000044, 0.1600000000000000033, 0.4874999999999999889 ) ) ;
#1523 = CARTESIAN_POINT ( 'NONE',  ( -1.375000000000000000, 0.1600000000000000033, 0.000000000000000000 ) ) ;
#1524 = ADVANCED_FACE ( 'NONE', ( #1173 ), #39, .F. ) ;
#1525 = VECTOR ( 'NONE', #520, 1000.000000000000000 ) ;
#1526 = DIRECTION ( 'NONE',  ( -0.000000000000000000, -0.000000000000000000, -1.000000000000000000 ) ) ;
#1527 = EDGE_LOOP ( 'NONE', ( #654, #883, #704, #711 ) ) ;
#1528 = VECTOR ( 'NONE', #1586, 1000.000000000000000 ) ;
#1529 = AXIS2_PLACEMENT_3D ( 'NONE', #521, #1958, #6 ) ;
#1530 = ORIENTED_EDGE ( 'NONE', *, *, #434, .T. ) ;
#1531 = AXIS2_PLACEMENT_3D ( 'NONE', #343, #1962, #31 ) ;
#1532 = LINE ( 'NONE', #2026, #209 ) ;
#1533 = VECTOR ( 'NONE', #1482, 1000.000000000000000 ) ;
#1534 = CARTESIAN_POINT ( 'NONE',  ( -1.301636837529674517, 1.001330666586834450, 0.7789431906668339289 ) ) ;
#1535 =( GEOMETRIC_REPRESENTATION_CONTEXT ( 3 ) GLOBAL_UNCERTAINTY_ASSIGNED_CONTEXT ( ( #1236 ) ) GLOBAL_UNIT_ASSIGNED_CONTEXT ( ( #1404, #564, #734 ) ) REPRESENTATION_CONTEXT ( 'NONE', 'WORKASPACE' ) );
#1536 = EDGE_CURVE ( 'NONE', #1178, #1108, #1677, .T. ) ;
#1537 = CARTESIAN_POINT ( 'NONE',  ( -1.373743856392158902, 0.1456422128626171097, 0.000000000000000000 ) ) ;
#1538 = EDGE_CURVE ( 'NONE', #1508, #1245, #597, .T. ) ;
#1539 = CARTESIAN_POINT ( 'NONE',  ( -0.02500000000000000486, 0.1600000000000000033, 0.000000000000000000 ) ) ;
#1540 = ORIENTED_EDGE ( 'NONE', *, *, #1697, .F. ) ;
#1541 = CYLINDRICAL_SURFACE ( 'NONE', #212, 0.05000000000000002359 ) ;
#1542 = EDGE_LOOP ( 'NONE', ( #2, #931, #469, #1635 ) ) ;
#1543 = DIRECTION ( 'NONE',  ( 1.000000000000000000, 0.000000000000000000, -0.000000000000000000 ) ) ;
#1544 = DIRECTION ( 'NONE',  ( 0.000000000000000000, -0.000000000000000000, 1.000000000000000000 ) ) ;
#1545 = DIRECTION ( 'NONE',  ( -2.224004456380521903E-16, 0.000000000000000000, 1.000000000000000000 ) ) ;
#1546 = ADVANCED_FACE ( 'NONE', ( #699 ), #1365, .T. ) ;
#1547 =( BOUNDED_SURFACE ( )  B_SPLINE_SURFACE ( 3, 3, ( 
 ( #527, #857, #1988, #534 ),
 ( #867, #68, #1352, #1719 ),
 ( #2027, #1228, #2063, #1374 ),
 ( #1733, #2055, #1056, #1868 ) ),
 .UNSPECIFIED., .F., .F., .F. ) 
 B_SPLINE_SURFACE_WITH_KNOTS ( ( 4, 4 ),
 ( 4, 4 ),
 ( 0.000000000000000000, 1.000000000000000000 ),
 ( 0.000000000000000000, 1.000000000000000000 ),
 .UNSPECIFIED. ) 
 GEOMETRIC_REPRESENTATION_ITEM ( )  RATIONAL_B_SPLINE_SURFACE ( (
 ( 1.000000000000000000, 0.8228421800665305375, 0.8228421800665305375, 1.000000000000000000),
 ( 0.8228421800665298713, 0.6770692532966401389, 0.6770692532966401389, 0.8228421800665298713),
 ( 0.8228421800665298713, 0.6770692532966401389, 0.6770692532966401389, 0.8228421800665298713),
 ( 1.000000000000000000, 0.8228421800665305375, 0.8228421800665305375, 1.000000000000000000) ) ) 
 REPRESENTATION_ITEM ( '' )  SURFACE ( )  );
#1548 = CARTESIAN_POINT ( 'NONE',  ( -1.001454881387759732, -0.6391431377682249559, -0.7789431906668340400 ) ) ;
#1549 = EDGE_LOOP ( 'NONE', ( #1382, #774, #1296, #551 ) ) ;
#1550 = ADVANCED_FACE ( 'NONE', ( #1644 ), #1547, .T. ) ;
#1551 = CARTESIAN_POINT ( 'NONE',  ( 1.323934121487573057, 0.1460857450182357353, 0.8987806720998042787 ) ) ;
#1552 = DIRECTION ( 'NONE',  ( -0.000000000000000000, 1.000000000000000000, 0.000000000000000000 ) ) ;
#1553 = ORIENTED_EDGE ( 'NONE', *, *, #536, .F. ) ;
#1554 = DIRECTION ( 'NONE',  ( -1.000000000000000000, 0.000000000000000000, 0.000000000000000000 ) ) ;
#1555 = LINE ( 'NONE', #1770, #327 ) ;
#1556 = ORIENTED_EDGE ( 'NONE', *, *, #791, .T. ) ;
#1557 = CARTESIAN_POINT ( 'NONE',  ( 1.371627768350414778, 0.1186693334131658784, -0.8489341214875729680 ) ) ;
#1558 = CARTESIAN_POINT ( 'NONE',  ( 0.02499999999999987649, 0.9700000000000000844, -0.7789431906668340400 ) ) ;
#1559 = ORIENTED_EDGE ( 'NONE', *, *, #805, .F. ) ;
#1560 = CLOSED_SHELL ( 'NONE', ( #1546, #2086, #1476, #1354, #1202, #1772 ) ) ;
#1561 = FACE_OUTER_BOUND ( 'NONE', #556, .T. ) ;
#1562 = EDGE_CURVE ( 'NONE', #1052, #1590, #610, .T. ) ;
#1563 = AXIS2_PLACEMENT_3D ( 'NONE', #1328, #188, #1010 ) ;
#1564 = AXIS2_PLACEMENT_3D ( 'NONE', #665, #490, #354 ) ;
#1565 = DIRECTION ( 'NONE',  ( 0.000000000000000000, 0.9961946980917455452, -0.08715574274765836016 ) ) ;
#1566 = CIRCLE ( 'NONE', #1337, 0.04999999999999991257 ) ;
#1567 = EDGE_LOOP ( 'NONE', ( #1315, #1340, #2034 ) ) ;
#1568 = CARTESIAN_POINT ( 'NONE',  ( -1.145000000000000018, 0.1600000000000000033, 0.4874999999999999889 ) ) ;
#1569 = AXIS2_PLACEMENT_3D ( 'NONE', #971, #1110, #1132 ) ;
#1570 = SHAPE_REPRESENTATION_RELATIONSHIP ( 'NONE' , 'NONE' ,  #825, #1610 ) ;
#1571 = CARTESIAN_POINT ( 'NONE',  ( -1.281444001924916920, 1.020000000000000462, -0.7789431906668139449 ) ) ;
#1572 = ORIENTED_EDGE ( 'NONE', *, *, #1956, .T. ) ;
#1573 = DIRECTION ( 'NONE',  ( 0.000000000000000000, -0.000000000000000000, -1.000000000000000000 ) ) ;
#1574 = CARTESIAN_POINT ( 'NONE',  ( -1.175000000000000044, 0.1599999999999999756, -0.4874999999999999334 ) ) ;
#1575 = ORIENTED_EDGE ( 'NONE', *, *, #1214, .F. ) ;
#1576 = EDGE_CURVE ( 'NONE', #697, #1002, #250, .T. ) ;
#1577 = CARTESIAN_POINT ( 'NONE',  ( -1.281444001924916476, 1.001330666586834228, 0.8266368375296750948 ) ) ;
#1578 = EDGE_LOOP ( 'NONE', ( #439, #1921, #1193, #1871 ) ) ;
#1579 = CARTESIAN_POINT ( 'NONE',  ( 1.323934121487573501, 0.09999999999999999167, -0.8489341214875729680 ) ) ;
#1580 = CARTESIAN_POINT ( 'NONE',  ( -1.303789741279065106, 0.9739142549817662031, -0.7810960944162236297 ) ) ;
#1581 = ORIENTED_EDGE ( 'NONE', *, *, #352, .F. ) ;
#1582 = CARTESIAN_POINT ( 'NONE',  ( 1.323934121487573057, 0.1000000000000004080, 0.8764349327456566474 ) ) ;
#1583 = CARTESIAN_POINT ( 'NONE',  ( -1.849999999999999867, 0.000000000000000000, -0.4875000000000000999 ) ) ;
#1584 = DIRECTION ( 'NONE',  ( -1.000000000000000000, 0.000000000000000000, -0.000000000000000000 ) ) ;
#1585 = VERTEX_POINT ( 'NONE', #934 ) ;
#1586 = DIRECTION ( 'NONE',  ( -0.000000000000000000, 0.000000000000000000, 1.000000000000000000 ) ) ;
#1587 = DIRECTION ( 'NONE',  ( -1.000000000000000000, -0.000000000000000000, -0.000000000000000000 ) ) ;
#1588 = ORIENTED_EDGE ( 'NONE', *, *, #1661, .F. ) ;
#1589 = CARTESIAN_POINT ( 'NONE',  ( 1.373743856392160900, 0.1456422128626169432, 0.000000000000000000 ) ) ;
#1590 = VERTEX_POINT ( 'NONE', #1092 ) ;
#1591 = CYLINDRICAL_SURFACE ( 'NONE', #831, 0.05000000000000005135 ) ;
#1592 = CARTESIAN_POINT ( 'NONE',  ( -1.850000000000000089, 0.000000000000000000, 0.4874999999999998779 ) ) ;
#1593 = CARTESIAN_POINT ( 'NONE',  ( -1.064043593667499898, 0.9200000000000000400, -0.7789431906668340400 ) ) ;
#1594 = VERTEX_POINT ( 'NONE', #919 ) ;
#1595 = VECTOR ( 'NONE', #1095, 1000.000000000000000 ) ;
#1596 = DIRECTION ( 'NONE',  ( -0.08682659386424772252, -0.9924325091389671893, -0.08682659386424781967 ) ) ;
#1597 = DIRECTION ( 'NONE',  ( 1.000000000000000000, 0.000000000000000000, 0.000000000000000000 ) ) ;
#1598 = CIRCLE ( 'NONE', #1938, 0.04999999999999991257 ) ;
#1599 =( REPRESENTATION_RELATIONSHIP ('NONE','NONE', #227, #875 ) REPRESENTATION_RELATIONSHIP_WITH_TRANSFORMATION ( #337 )SHAPE_REPRESENTATION_RELATIONSHIP( ) );
#1600 = VERTEX_POINT ( 'NONE', #1263 ) ;
#1601 = AXIS2_PLACEMENT_3D ( 'NONE', #1641, #1011, #1788 ) ;
#1602 = EDGE_CURVE ( 'NONE', #1272, #107, #573, .T. ) ;
#1603 = VECTOR ( 'NONE', #309, 1000.000000000000114 ) ;
#1604 = EDGE_LOOP ( 'NONE', ( #2085, #2081, #1362, #93 ) ) ;
#1605 = CARTESIAN_POINT ( 'NONE',  ( -1.850000000000000089, 1.348707281041047867, 0.4874999999999996003 ) ) ;
#1606 = CARTESIAN_POINT ( 'NONE',  ( 1.303752925571420862, 0.9743577871373829691, -0.7789431906668339289 ) ) ;
#1607 = VERTEX_POINT ( 'NONE', #276 ) ;
#1608 = CARTESIAN_POINT ( 'NONE',  ( -1.064043593667499898, -0.6391431377682249559, 0.7789431906668340400 ) ) ;
#1609 = ORIENTED_EDGE ( 'NONE', *, *, #1169, .F. ) ;
#1610 = ADVANCED_BREP_SHAPE_REPRESENTATION ( '', ( #2004, #329 ), #802 ) ;
#1611 = ORIENTED_EDGE ( 'NONE', *, *, #362, .F. ) ;
#1612 = ADVANCED_FACE ( 'NONE', ( #420 ), #1746, .T. ) ;
#1613 = DIRECTION ( 'NONE',  ( 1.000000000000000000, -0.000000000000000000, -1.548860246407859885E-16 ) ) ;
#1614 = CYLINDRICAL_SURFACE ( 'NONE', #1301, 0.05000000000000005135 ) ;
#1615 = DIRECTION ( 'NONE',  ( 0.000000000000000000, 0.000000000000000000, -1.000000000000000000 ) ) ;
#1616 = PRODUCT_RELATED_PRODUCT_CATEGORY ( 'part', '', ( #1121 ) ) ;
#1617 = ORIENTED_EDGE ( 'NONE', *, *, #476, .F. ) ;
#1618 = DIRECTION ( 'NONE',  ( -1.000000000000000000, 0.000000000000000000, 5.580452358381270792E-16 ) ) ;
#1619 = APPLICATION_PROTOCOL_DEFINITION ( 'draft international standard', 'automotive_design', 1998, #575 ) ;
#1620 = DIRECTION ( 'NONE',  ( 0.08715574274765836016, 0.9961946980917455452, 0.000000000000000000 ) ) ;
#1621 = CARTESIAN_POINT ( 'NONE',  ( 1.325565773584091778, 0.1513501311968690199, -0.8505657735840930211 ) ) ;
#1622 = FACE_OUTER_BOUND ( 'NONE', #663, .T. ) ;
#1623 = CARTESIAN_POINT ( 'NONE',  ( 1.175000000000000044, 0.1599999999999999756, -0.4874999999999999334 ) ) ;
#1624 = EDGE_CURVE ( 'NONE', #1678, #484, #119, .T. ) ;
#1625 = CARTESIAN_POINT ( 'NONE',  ( 0.02499999999999999792, 1.020000000000000018, -0.7789431906668340400 ) ) ;
#1626 = CARTESIAN_POINT ( 'NONE',  ( -1.253943190666833685, 1.001330666586843110, -0.8266368375296742066 ) ) ;
#1627 = COLOUR_RGB ( '',1.000000000000000000, 1.000000000000000000, 1.000000000000000000 ) ;
#1628 =( LENGTH_UNIT ( ) NAMED_UNIT ( * ) SI_UNIT ( .MILLI., .METRE. ) );
#1629 = DIRECTION ( 'NONE',  ( 0.000000000000000000, 0.000000000000000000, -1.000000000000000000 ) ) ;
#1630 = AXIS2_PLACEMENT_3D ( 'NONE', #1478, #1416, #1724 ) ;
#1631 = LINE ( 'NONE', #692, #252 ) ;
#1632 = VECTOR ( 'NONE', #1544, 1000.000000000000000 ) ;
#1633 = DIRECTION ( 'NONE',  ( 0.000000000000000000, 0.000000000000000000, -1.000000000000000000 ) ) ;
#1634 = CARTESIAN_POINT ( 'NONE',  ( 1.253943190666833907, 1.020000000000000018, 0.7789431906668340400 ) ) ;
#1635 = ORIENTED_EDGE ( 'NONE', *, *, #1688, .T. ) ;
#1636 = ADVANCED_FACE ( 'NONE', ( #900 ), #456, .T. ) ;
#1637 = CARTESIAN_POINT ( 'NONE',  ( -1.303752925571420640, 0.9743577871373831911, 0.7789431906668341510 ) ) ;
#1638 = EDGE_CURVE ( 'NONE', #484, #463, #1242, .T. ) ;
#1639 = ORIENTED_EDGE ( 'NONE', *, *, #1658, .F. ) ;
#1640 = DIRECTION ( 'NONE',  ( 4.783244878612519794E-16, 0.000000000000000000, 1.000000000000000000 ) ) ;
#1641 = CARTESIAN_POINT ( 'NONE',  ( -1.145000000000000018, 1.348707281041047867, 0.4874999999999999889 ) ) ;
#1642 = ORIENTED_EDGE ( 'NONE', *, *, #1044, .F. ) ;
#1643 = ORIENTED_EDGE ( 'NONE', *, *, #1576, .T. ) ;
#1644 = FACE_OUTER_BOUND ( 'NONE', #1691, .T. ) ;
#1645 = EDGE_CURVE ( 'NONE', #1651, #1447, #1696, .T. ) ;
#1646 = CYLINDRICAL_SURFACE ( 'NONE', #917, 0.04999999999999991257 ) ;
#1647 = DIRECTION ( 'NONE',  ( 0.000000000000000000, 1.000000000000000000, 0.000000000000000000 ) ) ;
#1648 = CARTESIAN_POINT ( 'NONE',  ( 1.323934121487573723, 0.1499999999999999944, 0.8489341214875729680 ) ) ;
#1649 = CARTESIAN_POINT ( 'NONE',  ( 1.175000000000000044, 0.1599999999999999756, 0.4874999999999999334 ) ) ;
#1650 = ORIENTED_EDGE ( 'NONE', *, *, #192, .T. ) ;
#1651 = VERTEX_POINT ( 'NONE', #96 ) ;
#1652 = CARTESIAN_POINT ( 'NONE',  ( -1.175000000000000044, 0.1600000000000000033, 0.4874999999999999889 ) ) ;
#1653 = AXIS2_PLACEMENT_3D ( 'NONE', #1019, #1175, #1469 ) ;
#1654 = VECTOR ( 'NONE', #572, 1000.000000000000000 ) ;
#1655 = EDGE_LOOP ( 'NONE', ( #608, #1385, #1932, #46 ) ) ;
#1656 = CARTESIAN_POINT ( 'NONE',  ( 0.02499999999999999792, 1.020000000000000018, 0.000000000000000000 ) ) ;
#1657 = VECTOR ( 'NONE', #127, 1000.000000000000000 ) ;
#1658 = EDGE_CURVE ( 'NONE', #1046, #1302, #742, .T. ) ;
#1659 = AXIS2_PLACEMENT_3D ( 'NONE', #436, #1271, #1618 ) ;
#1660 = DIRECTION ( 'NONE',  ( -0.08682659386424725068, -0.9924325091389669673, 0.08682659386424779191 ) ) ;
#1661 = EDGE_CURVE ( 'NONE', #1359, #8, #1566, .T. ) ;
#1662 = VECTOR ( 'NONE', #604, 1000.000000000000000 ) ;
#1663 = CARTESIAN_POINT ( 'NONE',  ( 1.325190265095411934, 0.1600000000000000033, 0.9000000000000001332 ) ) ;
#1664 = VERTEX_POINT ( 'NONE', #909 ) ;
#1665 = VECTOR ( 'NONE', #1917, 1000.000000000000114 ) ;
#1666 = AXIS2_PLACEMENT_3D ( 'NONE', #821, #1480, #33 ) ;
#1667 = DIRECTION ( 'NONE',  ( 0.000000000000000000, 0.000000000000000000, 1.000000000000000000 ) ) ;
#1668 = ORIENTED_EDGE ( 'NONE', *, *, #658, .F. ) ;
#1669 = LINE ( 'NONE', #1679, #1496 ) ;
#1670 = DIRECTION ( 'NONE',  ( -0.000000000000000000, -1.000000000000000000, -0.000000000000000000 ) ) ;
#1671 = DIRECTION ( 'NONE',  ( 1.355252715606879803E-16, 0.000000000000000000, 1.000000000000000000 ) ) ;
#1672 = ORIENTED_EDGE ( 'NONE', *, *, #1487, .T. ) ;
#1673 = DIRECTION ( 'NONE',  ( -1.355252715606879803E-16, 0.000000000000000000, -1.000000000000000000 ) ) ;
#1674 = EDGE_CURVE ( 'NONE', #1881, #681, #1555, .T. ) ;
#1675 = ORIENTED_EDGE ( 'NONE', *, *, #350, .T. ) ;
#1676 = CARTESIAN_POINT ( 'NONE',  ( -1.064043593667499898, 0.9200000000000001510, 0.7789431906668340400 ) ) ;
#1677 = LINE ( 'NONE', #1507, #383 ) ;
#1678 = VERTEX_POINT ( 'NONE', #1929 ) ;
#1679 = CARTESIAN_POINT ( 'NONE',  ( 1.425000000000000044, 0.9743577871373831911, -0.8287529255714213283 ) ) ;
#1680 = FACE_OUTER_BOUND ( 'NONE', #694, .T. ) ;
#1681 = DIRECTION ( 'NONE',  ( 0.000000000000000000, -0.000000000000000000, -1.000000000000000000 ) ) ;
#1682 = ORIENTED_EDGE ( 'NONE', *, *, #547, .T. ) ;
#1683 = LINE ( 'NONE', #1863, #1731 ) ;
#1684 = ORIENTED_EDGE ( 'NONE', *, *, #1562, .T. ) ;
#1685 = ADVANCED_FACE ( 'NONE', ( #326 ), #969, .T. ) ;
#1686 = CARTESIAN_POINT ( 'NONE',  ( 1.253943190666833907, 0.9700000000000000844, 0.7789431906668340400 ) ) ;
#1687 = CARTESIAN_POINT ( 'NONE',  ( -1.351434932745655404, 0.1186693334131659755, -0.8966277683504140228 ) ) ;
#1688 = EDGE_CURVE ( 'NONE', #1877, #442, #1757, .T. ) ;
#1689 = DIRECTION ( 'NONE',  ( -0.08682659386425302384, 0.9924325091389681885, 0.08682659386423054182 ) ) ;
#1690 = LINE ( 'NONE', #248, #1470 ) ;
#1691 = EDGE_LOOP ( 'NONE', ( #1277, #308, #1513 ) ) ;
#1692 = ORIENTED_EDGE ( 'NONE', *, *, #1602, .T. ) ;
#1693 = VECTOR ( 'NONE', #367, 1000.000000000000000 ) ;
#1694 = LINE ( 'NONE', #730, #1224 ) ;
#1695 = VECTOR ( 'NONE', #1879, 1000.000000000000000 ) ;
#1696 = LINE ( 'NONE', #596, #1632 ) ;
#1697 = EDGE_CURVE ( 'NONE', #1881, #1936, #758, .T. ) ;
#1698 = EDGE_CURVE ( 'NONE', #1205, #1881, #1291, .T. ) ;
#1699 = EDGE_CURVE ( 'NONE', #1778, #681, #24, .T. ) ;
#1700 = CARTESIAN_POINT ( 'NONE',  ( 1.281444001924916920, 0.9739142549817648709, -0.8287897412790656837 ) ) ;
#1701 = FACE_OUTER_BOUND ( 'NONE', #2022, .T. ) ;
#1702 = ORIENTED_EDGE ( 'NONE', *, *, #1638, .T. ) ;
#1703 = CARTESIAN_POINT ( 'NONE',  ( 1.253943190666833241, 0.9743577871373831911, -0.8287529255714214393 ) ) ;
#1704 = ORIENTED_EDGE ( 'NONE', *, *, #409, .T. ) ;
#1705 = DIRECTION ( 'NONE',  ( -1.000000000000000000, 0.000000000000000000, 0.000000000000000000 ) ) ;
#1706 = ADVANCED_BREP_SHAPE_REPRESENTATION ( '', ( #2019, #329 ), #1947 ) ;
#1707 = CARTESIAN_POINT ( 'NONE',  ( -1.253943190666833907, 0.9700000000000000844, 0.7789431906668340400 ) ) ;
#1708 = ORIENTED_EDGE ( 'NONE', *, *, #658, .T. ) ;
#1709 = FACE_OUTER_BOUND ( 'NONE', #590, .T. ) ;
#1710 = EDGE_CURVE ( 'NONE', #8, #30, #924, .T. ) ;
#1711 = CARTESIAN_POINT ( 'NONE',  ( 0.000000000000000000, 0.000000000000000000, 0.000000000000000000 ) ) ;
#1712 = CARTESIAN_POINT ( 'NONE',  ( 1.253943190666833907, 1.020000000000000018, 0.000000000000000000 ) ) ;
#1713 = UNCERTAINTY_MEASURE_WITH_UNIT (LENGTH_MEASURE( 1.000000000000000082E-05 ), #1991, 'distance_accuracy_value', 'NONE');
#1714 = EDGE_LOOP ( 'NONE', ( #2039, #2064, #1797, #1485, #1111 ) ) ;
#1715 = CARTESIAN_POINT ( 'NONE',  ( -1.850000000000000089, 0.1600000000000000033, 0.4874999999999999889 ) ) ;
#1716 = DIRECTION ( 'NONE',  ( 0.000000000000000000, -1.000000000000000000, -0.000000000000000000 ) ) ;
#1717 = VERTEX_POINT ( 'NONE', #1449 ) ;
#1718 = CARTESIAN_POINT ( 'NONE',  ( 1.145000000000000018, 0.1600000000000000033, 0.4874999999999999889 ) ) ;
#1719 = CARTESIAN_POINT ( 'NONE',  ( -1.351434932745655404, 0.09999999999999983902, 0.8489341214875738562 ) ) ;
#1720 = ORIENTED_EDGE ( 'NONE', *, *, #1846, .T. ) ;
#1721 = PLANE ( 'NONE',  #989 ) ;
#1722 = SHAPE_REPRESENTATION_RELATIONSHIP ( 'NONE' , 'NONE' ,  #1971, #163 ) ;
#1723 = CIRCLE ( 'NONE', #1653, 0.05000000000000002359 ) ;
#1724 = DIRECTION ( 'NONE',  ( -0.9961946980917454342, -0.08715574274765820750, 0.000000000000000000 ) ) ;
#1725 = ORIENTED_EDGE ( 'NONE', *, *, #1844, .T. ) ;
#1726 = EDGE_CURVE ( 'NONE', #164, #1778, #1435, .T. ) ;
#1727 = CARTESIAN_POINT ( 'NONE',  ( 1.371627768350414556, 0.1186693334131656286, 0.8489341214875735231 ) ) ;
#1728 = VECTOR ( 'NONE', #2042, 1000.000000000000114 ) ;
#1729 = CARTESIAN_POINT ( 'NONE',  ( 1.303752925571421084, 0.9743577871373830801, 0.9000000000000001332 ) ) ;
#1730 = ORIENTED_EDGE ( 'NONE', *, *, #286, .F. ) ;
#1731 = VECTOR ( 'NONE', #713, 1000.000000000000000 ) ;
#1732 = CIRCLE ( 'NONE', #2043, 0.05000000000000003053 ) ;
#1733 = CARTESIAN_POINT ( 'NONE',  ( -1.373780672099803146, 0.1496935721587545898, 0.8528363636687279481 ) ) ;
#1734 = AXIS2_PLACEMENT_3D ( 'NONE', #961, #1285, #1154 ) ;
#1735 = ORIENTED_EDGE ( 'NONE', *, *, #1795, .F. ) ;
#1736 = DIRECTION ( 'NONE',  ( -1.000000000000000000, 0.000000000000000000, -5.580452358381270792E-16 ) ) ;
#1737 = VECTOR ( 'NONE', #1647, 1000.000000000000000 ) ;
#1738 = CARTESIAN_POINT ( 'NONE',  ( 1.253943190666833907, 1.020000000000000018, -0.7789431906668342620 ) ) ;
#1739 = ORIENTED_EDGE ( 'NONE', *, *, #1344, .F. ) ;
#1740 = CARTESIAN_POINT ( 'NONE',  ( 1.373743856392160012, 0.1456422128626170265, -0.4875000000000000999 ) ) ;
#1741 = CARTESIAN_POINT ( 'NONE',  ( 1.175000000000000044, 0.1000000000000000056, 0.000000000000000000 ) ) ;
#1742 = CARTESIAN_POINT ( 'NONE',  ( 1.301636837529674517, 1.001330666586834006, 0.7789431906668295991 ) ) ;
#1743 = ORIENTED_EDGE ( 'NONE', *, *, #1912, .F. ) ;
#1744 = EDGE_CURVE ( 'NONE', #1759, #648, #624, .T. ) ;
#1745 = CARTESIAN_POINT ( 'NONE',  ( -1.064043593667499898, 1.020000000000000018, 0.7789431906668340400 ) ) ;
#1746 = PLANE ( 'NONE',  #1836 ) ;
#1747 = ORIENTED_EDGE ( 'NONE', *, *, #1512, .T. ) ;
#1748 = CARTESIAN_POINT ( 'NONE',  ( 1.371627768350414778, 0.1303677866244928596, -0.8788195964509702973 ) ) ;
#1749 = APPLICATION_PROTOCOL_DEFINITION ( 'draft international standard', 'automotive_design', 1998, #259 ) ;
#1750 = ORIENTED_EDGE ( 'NONE', *, *, #1761, .T. ) ;
#1751 = CARTESIAN_POINT ( 'NONE',  ( 1.175000000000000044, 0.000000000000000000, 0.4875000000000000444 ) ) ;
#1752 = FACE_OUTER_BOUND ( 'NONE', #72, .T. ) ;
#1753 = CARTESIAN_POINT ( 'NONE',  ( 1.253943190666833907, 1.019999999999999796, 0.7789431906668266015 ) ) ;
#1754 = ORIENTED_EDGE ( 'NONE', *, *, #1953, .F. ) ;
#1755 =( BOUNDED_SURFACE ( )  B_SPLINE_SURFACE ( 3, 3, ( 
 ( #1952, #1790, #687, #2010 ),
 ( #1049, #211, #1687, #1338 ),
 ( #1996, #553, #1029, #199 ),
 ( #369, #718, #849, #878 ) ),
 .UNSPECIFIED., .F., .F., .F. ) 
 B_SPLINE_SURFACE_WITH_KNOTS ( ( 4, 4 ),
 ( 4, 4 ),
 ( 0.000000000000000000, 1.000000000000000000 ),
 ( 0.000000000000000000, 1.000000000000000000 ),
 .UNSPECIFIED. ) 
 GEOMETRIC_REPRESENTATION_ITEM ( )  RATIONAL_B_SPLINE_SURFACE ( (
 ( 1.000000000000000000, 0.8228421800665280950, 0.8228421800665280950, 1.000000000000000000),
 ( 0.8228421800665329799, 0.6770692532966406940, 0.6770692532966406940, 0.8228421800665329799),
 ( 0.8228421800665329799, 0.6770692532966406940, 0.6770692532966406940, 0.8228421800665329799),
 ( 1.000000000000000000, 0.8228421800665280950, 0.8228421800665280950, 1.000000000000000000) ) ) 
 REPRESENTATION_ITEM ( '' )  SURFACE ( )  );
#1756 = DIRECTION ( 'NONE',  ( -0.000000000000000000, 1.000000000000000000, 0.000000000000000000 ) ) ;
#1757 = LINE ( 'NONE', #1118, #688 ) ;
#1758 = ADVANCED_FACE ( 'NONE', ( #1391 ), #1238, .F. ) ;
#1759 = VERTEX_POINT ( 'NONE', #1751 ) ;
#1760 = DIRECTION ( 'NONE',  ( -0.000000000000000000, -0.000000000000000000, 1.000000000000000000 ) ) ;
#1761 = EDGE_CURVE ( 'NONE', #480, #2028, #567, .T. ) ;
#1762 = PRODUCT_CONTEXT ( 'NONE', #13, 'mechanical' ) ;
#1763 = ORIENTED_EDGE ( 'NONE', *, *, #1514, .T. ) ;
#1764 = DIRECTION ( 'NONE',  ( 1.542966365556587288E-16, -0.08715574274765836016, 0.9961946980917455452 ) ) ;
#1765 = DIRECTION ( 'NONE',  ( -0.000000000000000000, 0.000000000000000000, -1.000000000000000000 ) ) ;
#1766 = CARTESIAN_POINT ( 'NONE',  ( 1.301636837529674517, 0.9896322133755091066, 0.8088286656302312583 ) ) ;
#1767 = ORIENTED_EDGE ( 'NONE', *, *, #1143, .F. ) ;
#1768 = VECTOR ( 'NONE', #1784, 1000.000000000000000 ) ;
#1769 = FILL_AREA_STYLE_COLOUR ( '', #1025 ) ;
#1770 = CARTESIAN_POINT ( 'NONE',  ( -1.323934121487571947, 0.1000000000000000056, 0.000000000000000000 ) ) ;
#1771 = VECTOR ( 'NONE', #197, 1000.000000000000000 ) ;
#1772 = ADVANCED_FACE ( 'NONE', ( #762 ), #112, .T. ) ;
#1773 = ORIENTED_EDGE ( 'NONE', *, *, #1853, .T. ) ;
#1774 = CIRCLE ( 'NONE', #353, 0.05000000000000003053 ) ;
#1775 = CARTESIAN_POINT ( 'NONE',  ( 0.000000000000000000, 0.000000000000000000, 0.000000000000000000 ) ) ;
#1776 = EDGE_CURVE ( 'NONE', #442, #1475, #184, .T. ) ;
#1777 = VECTOR ( 'NONE', #380, 1000.000000000000000 ) ;
#1778 = VERTEX_POINT ( 'NONE', #461 ) ;
#1779 = FACE_OUTER_BOUND ( 'NONE', #1043, .T. ) ;
#1780 = DIRECTION ( 'NONE',  ( -0.08682659386424781967, -0.9924325091389671893, 0.08682659386424772252 ) ) ;
#1781 = CYLINDRICAL_SURFACE ( 'NONE', #215, 0.05000000000000005135 ) ;
#1782 = ORIENTED_EDGE ( 'NONE', *, *, #1853, .F. ) ;
#1783 = DIRECTION ( 'NONE',  ( 0.000000000000000000, 0.9961946980917455452, 0.08715574274765836016 ) ) ;
#1784 = DIRECTION ( 'NONE',  ( 1.000000000000000000, 0.000000000000000000, 0.000000000000000000 ) ) ;
#1785 = EDGE_CURVE ( 'NONE', #1090, #1205, #1875, .T. ) ;
#1786 = SURFACE_STYLE_USAGE ( .BOTH. , #495 ) ;
#1787 = CARTESIAN_POINT ( 'NONE',  ( -1.064043593667499898, 0.9200000000000000400, 0.7789431906668340400 ) ) ;
#1788 = DIRECTION ( 'NONE',  ( -1.000000000000000000, 0.000000000000000000, -5.580452358381270792E-16 ) ) ;
#1789 = ORIENTED_EDGE ( 'NONE', *, *, #983, .F. ) ;
#1790 = CARTESIAN_POINT ( 'NONE',  ( -1.323934121487571947, 0.09999999999999974187, -0.8764349327456560923 ) ) ;
#1791 = DIRECTION ( 'NONE',  ( 0.000000000000000000, 0.000000000000000000, 1.000000000000000000 ) ) ;
#1792 = LINE ( 'NONE', #345, #1768 ) ;
#1793 = CYLINDRICAL_SURFACE ( 'NONE', #1734, 0.04999999999999991257 ) ;
#1794 = CARTESIAN_POINT ( 'NONE',  ( 0.02499999999999999792, 0.9200000000000000400, 0.000000000000000000 ) ) ;
#1795 = EDGE_CURVE ( 'NONE', #1076, #1031, #448, .T. ) ;
#1796 = DIRECTION ( 'NONE',  ( 1.000000000000000000, -0.000000000000000000, 0.000000000000000000 ) ) ;
#1797 = ORIENTED_EDGE ( 'NONE', *, *, #2070, .T. ) ;
#1798 =( NAMED_UNIT ( * ) SI_UNIT ( $, .STERADIAN. ) SOLID_ANGLE_UNIT ( ) );
#1799 = VECTOR ( 'NONE', #201, 1000.000000000000000 ) ;
#1800 = PLANE ( 'NONE',  #757 ) ;
#1801 = AXIS2_PLACEMENT_3D ( 'NONE', #1239, #1876, #285 ) ;
#1802 = VERTEX_POINT ( 'NONE', #101 ) ;
#1803 = CIRCLE ( 'NONE', #1196, 0.05000000000000005135 ) ;
#1804 = DIRECTION ( 'NONE',  ( 0.9961946980917454342, 0.08715574274765820750, 0.000000000000000000 ) ) ;
#1805 = AXIS2_PLACEMENT_3D ( 'NONE', #1274, #1258, #2071 ) ;
#1806 = LINE ( 'NONE', #16, #2076 ) ;
#1807 = DIRECTION ( 'NONE',  ( -1.000000000000000000, 0.000000000000000000, -0.000000000000000000 ) ) ;
#1808 = ORIENTED_EDGE ( 'NONE', *, *, #1982, .F. ) ;
#1809 = ORIENTED_EDGE ( 'NONE', *, *, #1157, .T. ) ;
#1810 = PRODUCT_DEFINITION ( 'UNKNOWN', '', #1171, #1096 ) ;
#1811 = PRODUCT_DEFINITION_SHAPE ( 'NONE', 'NONE',  #90 ) ;
#1812 = CARTESIAN_POINT ( 'NONE',  ( -1.325190265095411934, 0.1600000000000001421, -0.8999999999999996891 ) ) ;
#1813 = DIRECTION ( 'NONE',  ( -1.000000000000000000, 0.000000000000000000, 0.000000000000000000 ) ) ;
#1814 = LINE ( 'NONE', #1306, #379 ) ;
#1815 = CARTESIAN_POINT ( 'NONE',  ( -1.375000000000000000, 0.1600000000000000033, 0.8501902650954130669 ) ) ;
#1816 = ORIENTED_EDGE ( 'NONE', *, *, #1189, .T. ) ;
#1817 = ORIENTED_EDGE ( 'NONE', *, *, #1503, .T. ) ;
#1818 = LINE ( 'NONE', #1829, #116 ) ;
#1819 = ADVANCED_FACE ( 'NONE', ( #428 ), #389, .T. ) ;
#1820 =( BOUNDED_SURFACE ( )  B_SPLINE_SURFACE ( 3, 3, ( 
 ( #410, #1509, #721, #545 ),
 ( #1059, #1190, #1517, #1841 ),
 ( #1700, #61, #701, #1032 ),
 ( #1346, #1990, #538, #382 ) ),
 .UNSPECIFIED., .F., .F., .F. ) 
 B_SPLINE_SURFACE_WITH_KNOTS ( ( 4, 4 ),
 ( 4, 4 ),
 ( 0.000000000000000000, 1.000000000000000000 ),
 ( 0.000000000000000000, 1.000000000000000000 ),
 .UNSPECIFIED. ) 
 GEOMETRIC_REPRESENTATION_ITEM ( )  RATIONAL_B_SPLINE_SURFACE ( (
 ( 1.000000000000000000, 0.8228421800665254304, 0.8228421800665254304, 1.000000000000000000),
 ( 0.8228421800665266517, 0.6770692532966332555, 0.6770692532966332555, 0.8228421800665266517),
 ( 0.8228421800665266517, 0.6770692532966332555, 0.6770692532966332555, 0.8228421800665266517),
 ( 1.000000000000000000, 0.8228421800665254304, 0.8228421800665254304, 1.000000000000000000) ) ) 
 REPRESENTATION_ITEM ( '' )  SURFACE ( )  );
#1821 = ADVANCED_FACE ( 'NONE', ( #1561 ), #928, .T. ) ;
#1822 = CARTESIAN_POINT ( 'NONE',  ( 1.253943190666833907, 0.9700000000000000844, 0.000000000000000000 ) ) ;
#1823 = CARTESIAN_POINT ( 'NONE',  ( 1.850000000000000089, 0.1600000000000000033, 0.4874999999999999889 ) ) ;
#1824 = CARTESIAN_POINT ( 'NONE',  ( 1.323934121487572169, 0.1500000000000001610, 0.8489341214875731900 ) ) ;
#1825 = ORIENTED_EDGE ( 'NONE', *, *, #409, .F. ) ;
#1826 = CYLINDRICAL_SURFACE ( 'NONE', #1093, 0.05000000000000002359 ) ;
#1827 = VERTEX_POINT ( 'NONE', #135 ) ;
#1828 = CIRCLE ( 'NONE', #1021, 0.05000000000000002359 ) ;
#1829 = CARTESIAN_POINT ( 'NONE',  ( -1.064043593667499898, -0.6391431377682249559, 0.7789431906668340400 ) ) ;
#1830 = EDGE_CURVE ( 'NONE', #157, #1207, #272, .T. ) ;
#1831 = LINE ( 'NONE', #245, #712 ) ;
#1832 = AXIS2_PLACEMENT_3D ( 'NONE', #1648, #204, #815 ) ;
#1833 = VECTOR ( 'NONE', #781, 1000.000000000000114 ) ;
#1834 = PLANE ( 'NONE',  #154 ) ;
#1835 = VERTEX_POINT ( 'NONE', #1703 ) ;
#1836 = AXIS2_PLACEMENT_3D ( 'NONE', #1423, #562, #1565 ) ;
#1837 = ORIENTED_EDGE ( 'NONE', *, *, #932, .T. ) ;
#1838 = STYLED_ITEM ( 'NONE', ( #187 ), #2004 ) ;
#1839 = DIRECTION ( 'NONE',  ( 0.000000000000000000, -0.000000000000000000, 1.000000000000000000 ) ) ;
#1840 = CARTESIAN_POINT ( 'NONE',  ( 1.323934121487573723, 0.1499999999999999944, -0.8489341214875731900 ) ) ;
#1841 = CARTESIAN_POINT ( 'NONE',  ( 1.301636837529674962, 1.001330666586834228, -0.7789431906668333738 ) ) ;
#1842 = DIRECTION ( 'NONE',  ( 1.000000000000000000, 0.000000000000000000, 4.783244878612519794E-16 ) ) ;
#1843 = ORIENTED_EDGE ( 'NONE', *, *, #557, .F. ) ;
#1844 = EDGE_CURVE ( 'NONE', #1918, #157, #2051, .T. ) ;
#1845 = ORIENTED_EDGE ( 'NONE', *, *, #547, .F. ) ;
#1846 = EDGE_CURVE ( 'NONE', #1052, #777, #593, .T. ) ;
#1847 = DIRECTION ( 'NONE',  ( 0.000000000000000000, 0.000000000000000000, -1.000000000000000000 ) ) ;
#1848 = DIRECTION ( 'NONE',  ( -0.000000000000000000, -0.000000000000000000, -1.000000000000000000 ) ) ;
#1849 = LINE ( 'NONE', #1537, #2029 ) ;
#1850 = LINE ( 'NONE', #62, #1737 ) ;
#1851 = CARTESIAN_POINT ( 'NONE',  ( 0.02499999999999999792, 0.9200000000000000400, -0.7789431906668340400 ) ) ;
#1852 = EDGE_LOOP ( 'NONE', ( #232, #4, #780, #1455 ) ) ;
#1853 = EDGE_CURVE ( 'NONE', #198, #1827, #2059, .T. ) ;
#1854 = ORIENTED_EDGE ( 'NONE', *, *, #1710, .T. ) ;
#1855 = FACE_OUTER_BOUND ( 'NONE', #404, .T. ) ;
#1856 = CARTESIAN_POINT ( 'NONE',  ( -1.303789741279065106, 0.9739142549817650929, 0.7810960944162244068 ) ) ;
#1857 = CARTESIAN_POINT ( 'NONE',  ( 1.375000000000000000, 0.1600000000000000033, 0.9000000000000001332 ) ) ;
#1858 = DIRECTION ( 'NONE',  ( -4.783244878612519794E-16, 0.000000000000000000, 1.000000000000000000 ) ) ;
#1859 = ORIENTED_EDGE ( 'NONE', *, *, #1846, .F. ) ;
#1860 = CARTESIAN_POINT ( 'NONE',  ( 1.373780672099805145, 0.1460857450182355133, 0.8510870252369635569 ) ) ;
#1861 = VECTOR ( 'NONE', #1716, 1000.000000000000000 ) ;
#1862 = VECTOR ( 'NONE', #1760, 1000.000000000000000 ) ;
#1863 = CARTESIAN_POINT ( 'NONE',  ( -1.064043593667499898, 0.9200000000000000400, 0.7789431906668340400 ) ) ;
#1864 = ORIENTED_EDGE ( 'NONE', *, *, #144, .F. ) ;
#1865 = VECTOR ( 'NONE', #1341, 1000.000000000000000 ) ;
#1866 = CARTESIAN_POINT ( 'NONE',  ( 1.850000000000000089, 0.1599999999999999756, -0.4875000000000000999 ) ) ;
#1867 = VECTOR ( 'NONE', #1088, 1000.000000000000000 ) ;
#1868 = CARTESIAN_POINT ( 'NONE',  ( -1.373780672099803146, 0.1460857450182354855, 0.8489341214875739672 ) ) ;
#1869 = ADVANCED_FACE ( 'NONE', ( #775 ), #5, .T. ) ;
#1870 =( GEOMETRIC_REPRESENTATION_CONTEXT ( 3 ) GLOBAL_UNCERTAINTY_ASSIGNED_CONTEXT ( ( #1713 ) ) GLOBAL_UNIT_ASSIGNED_CONTEXT ( ( #1991, #1499, #2001 ) ) REPRESENTATION_CONTEXT ( 'NONE', 'WORKASPACE' ) );
#1871 = ORIENTED_EDGE ( 'NONE', *, *, #1536, .T. ) ;
#1872 = FACE_OUTER_BOUND ( 'NONE', #1490, .T. ) ;
#1873 = FACE_OUTER_BOUND ( 'NONE', #1985, .T. ) ;
#1874 = ORIENTED_EDGE ( 'NONE', *, *, #696, .T. ) ;
#1875 = LINE ( 'NONE', #1112, #289 ) ;
#1876 = DIRECTION ( 'NONE',  ( -0.000000000000000000, -0.000000000000000000, 1.000000000000000000 ) ) ;
#1877 = VERTEX_POINT ( 'NONE', #838 ) ;
#1878 = LINE ( 'NONE', #1718, #1054 ) ;
#1879 = DIRECTION ( 'NONE',  ( -0.000000000000000000, 1.000000000000000000, 0.000000000000000000 ) ) ;
#1880 = EDGE_CURVE ( 'NONE', #603, #863, #502, .T. ) ;
#1881 = VERTEX_POINT ( 'NONE', #1123 ) ;
#1882 = DIRECTION ( 'NONE',  ( -0.08715574274765836016, -0.9961946980917455452, 0.000000000000000000 ) ) ;
#1883 = CARTESIAN_POINT ( 'NONE',  ( -1.253943190666833685, 1.020000000000000240, -0.7789431906668139449 ) ) ;
#1884 = CARTESIAN_POINT ( 'NONE',  ( 1.175000000000000044, 0.1600000000000000033, 0.000000000000000000 ) ) ;
#1885 = CARTESIAN_POINT ( 'NONE',  ( -1.373743856392158902, 0.1456422128626171097, 0.000000000000000000 ) ) ;
#1886 = ORIENTED_EDGE ( 'NONE', *, *, #1397, .T. ) ;
#1887 =( LENGTH_UNIT ( ) NAMED_UNIT ( * ) SI_UNIT ( .MILLI., .METRE. ) );
#1888 = CARTESIAN_POINT ( 'NONE',  ( -1.281444001924916476, 1.020000000000000462, 0.8064440019249173863 ) ) ;
#1889 = ORIENTED_EDGE ( 'NONE', *, *, #1181, .T. ) ;
#1890 = CARTESIAN_POINT ( 'NONE',  ( 0.02500000000000013670, 0.1456422128626171097, 0.8987438563921603674 ) ) ;
#1891 = PRODUCT_DEFINITION_CONTEXT ( 'detailed design', #259, 'design' ) ;
#1892 = AXIS2_PLACEMENT_3D ( 'NONE', #980, #175, #186 ) ;
#1893 = CARTESIAN_POINT ( 'NONE',  ( -1.064043593667499898, 0.9200000000000001510, -0.7789431906668340400 ) ) ;
#1894 = ORIENTED_EDGE ( 'NONE', *, *, #172, .F. ) ;
#1895 = PRODUCT_DEFINITION ( 'UNKNOWN', '', #519, #601 ) ;
#1896 = EDGE_CURVE ( 'NONE', #442, #1651, #806, .T. ) ;
#1897 = DIRECTION ( 'NONE',  ( -0.000000000000000000, -0.000000000000000000, 1.000000000000000000 ) ) ;
#1898 = CYLINDRICAL_SURFACE ( 'NONE', #1940, 0.05000000000000005135 ) ;
#1899 = CIRCLE ( 'NONE', #715, 0.05000000000000005135 ) ;
#1900 = LINE ( 'NONE', #1729, #22 ) ;
#1901 = EDGE_LOOP ( 'NONE', ( #599, #126, #1417 ) ) ;
#1902 = CIRCLE ( 'NONE', #1801, 0.04999999999999991257 ) ;
#1903 = LINE ( 'NONE', #943, #51 ) ;
#1904 = VECTOR ( 'NONE', #205, 1000.000000000000114 ) ;
#1905 = CARTESIAN_POINT ( 'NONE',  ( 1.323934121487573723, 0.1499999999999999944, 0.8489341214875727459 ) ) ;
#1906 = AXIS2_PLACEMENT_3D ( 'NONE', #363, #1345, #60 ) ;
#1907 = VERTEX_POINT ( 'NONE', #357 ) ;
#1908 = LINE ( 'NONE', #1890, #1595 ) ;
#1909 = PLANE ( 'NONE',  #1168 ) ;
#1910 = ORIENTED_EDGE ( 'NONE', *, *, #1412, .T. ) ;
#1911 = DIRECTION ( 'NONE',  ( 0.000000000000000000, 1.000000000000000000, -0.000000000000000000 ) ) ;
#1912 = EDGE_CURVE ( 'NONE', #1254, #1272, #670, .T. ) ;
#1913 = CARTESIAN_POINT ( 'NONE',  ( 1.175000000000000044, 0.9743577871373830801, 0.4874999999999999889 ) ) ;
#1914 = EDGE_LOOP ( 'NONE', ( #1886, #288, #700, #1240 ) ) ;
#1915 = DIRECTION ( 'NONE',  ( 0.000000000000000000, 0.000000000000000000, 1.000000000000000000 ) ) ;
#1916 = ADVANCED_FACE ( 'NONE', ( #814 ), #1591, .T. ) ;
#1917 = DIRECTION ( 'NONE',  ( 0.08682659386431289261, -0.9924325091389615272, -0.08682659386424544656 ) ) ;
#1918 = VERTEX_POINT ( 'NONE', #339 ) ;
#1919 = CARTESIAN_POINT ( 'NONE',  ( -1.001454881387759732, 0.9200000000000001510, 0.7789431906668340400 ) ) ;
#1920 =( NAMED_UNIT ( * ) PLANE_ANGLE_UNIT ( ) SI_UNIT ( $, .RADIAN. ) );
#1921 = ORIENTED_EDGE ( 'NONE', *, *, #733, .T. ) ;
#1922 = DIRECTION ( 'NONE',  ( 0.000000000000000000, 1.000000000000000000, -0.000000000000000000 ) ) ;
#1923 = CARTESIAN_POINT ( 'NONE',  ( -1.145000000000000018, 0.1600000000000000033, -0.4874999999999999889 ) ) ;
#1924 = CARTESIAN_POINT ( 'NONE',  ( 1.303789741279065106, 0.9739142549817647598, 0.7789431906668334848 ) ) ;
#1925 = APPLICATION_CONTEXT ( 'automotive_design' ) ;
#1926 = ORIENTED_EDGE ( 'NONE', *, *, #1441, .F. ) ;
#1927 = ADVANCED_FACE ( 'NONE', ( #481 ), #1793, .T. ) ;
#1928 = LINE ( 'NONE', #153, #19 ) ;
#1929 = CARTESIAN_POINT ( 'NONE',  ( 1.850000000000000089, 0.000000000000000000, 0.4874999999999998779 ) ) ;
#1930 = ADVANCED_FACE ( 'NONE', ( #1294 ), #177, .T. ) ;
#1931 = PRODUCT_DEFINITION_SHAPE ( 'NONE', 'NONE',  #2090 ) ;
#1932 = ORIENTED_EDGE ( 'NONE', *, *, #864, .T. ) ;
#1933 = ORIENTED_EDGE ( 'NONE', *, *, #1638, .F. ) ;
#1934 = CARTESIAN_POINT ( 'NONE',  ( 1.425000000000000044, 0.1600000000000000033, 0.9000000000000001332 ) ) ;
#1935 = DIRECTION ( 'NONE',  ( 0.9961946980917455452, -0.08715574274765836016, 0.000000000000000000 ) ) ;
#1936 = VERTEX_POINT ( 'NONE', #824 ) ;
#1937 = AXIS2_PLACEMENT_3D ( 'NONE', #364, #1008, #1620 ) ;
#1938 = AXIS2_PLACEMENT_3D ( 'NONE', #1686, #241, #1705 ) ;
#1939 = LINE ( 'NONE', #1434, #1528 ) ;
#1940 = AXIS2_PLACEMENT_3D ( 'NONE', #148, #1445, #450 ) ;
#1941 = AXIS2_PLACEMENT_3D ( 'NONE', #1794, #1473, #1155 ) ;
#1942 = DIRECTION ( 'NONE',  ( 0.000000000000000000, -0.08715574274765820750, -0.9961946980917454342 ) ) ;
#1943 = EDGE_CURVE ( 'NONE', #463, #1918, #629, .T. ) ;
#1944 = VERTEX_POINT ( 'NONE', #1304 ) ;
#1945 = VECTOR ( 'NONE', #778, 1000.000000000000000 ) ;
#1946 = APPLICATION_PROTOCOL_DEFINITION ( 'draft international standard', 'automotive_design', 1998, #50 ) ;
#1947 =( GEOMETRIC_REPRESENTATION_CONTEXT ( 3 ) GLOBAL_UNCERTAINTY_ASSIGNED_CONTEXT ( ( #1246 ) ) GLOBAL_UNIT_ASSIGNED_CONTEXT ( ( #894, #1061, #771 ) ) REPRESENTATION_CONTEXT ( 'NONE', 'WORKASPACE' ) );
#1948 = CARTESIAN_POINT ( 'NONE',  ( -1.253943190666833907, 0.9700000000000000844, -0.7789431906668338179 ) ) ;
#1949 = LINE ( 'NONE', #1605, #1099 ) ;
#1950 = CARTESIAN_POINT ( 'NONE',  ( -1.064043593667499898, 1.020000000000000018, 0.7789431906668340400 ) ) ;
#1951 = DIRECTION ( 'NONE',  ( 0.000000000000000000, 0.000000000000000000, -1.000000000000000000 ) ) ;
#1952 = CARTESIAN_POINT ( 'NONE',  ( -1.323934121487571947, 0.09999999999999999167, -0.8489341214875725239 ) ) ;
#1953 = EDGE_CURVE ( 'NONE', #2028, #1272, #166, .T. ) ;
#1954 = PRODUCT_CONTEXT ( 'NONE', #575, 'mechanical' ) ;
#1955 = FACE_OUTER_BOUND ( 'NONE', #26, .T. ) ;
#1956 = EDGE_CURVE ( 'NONE', #727, #615, #1949, .T. ) ;
#1957 = CARTESIAN_POINT ( 'NONE',  ( -1.064043593667499898, 1.020000000000000018, 0.000000000000000000 ) ) ;
#1958 = DIRECTION ( 'NONE',  ( -1.000000000000000000, 0.000000000000000000, 0.000000000000000000 ) ) ;
#1959 = PLANE ( 'NONE',  #686 ) ;
#1960 = ORIENTED_EDGE ( 'NONE', *, *, #645, .F. ) ;
#1961 = FILL_AREA_STYLE ('',( #1160 ) ) ;
#1962 = DIRECTION ( 'NONE',  ( 1.000000000000000000, -0.000000000000000000, -1.548860246407859885E-16 ) ) ;
#1963 = PRODUCT ( 'SMF4L75AH_1', 'SMF4L75AH_1', '', ( #1762 ) ) ;
#1964 = LINE ( 'NONE', #528, #1799 ) ;
#1965 = DIRECTION ( 'NONE',  ( -1.000000000000000000, 0.000000000000000000, 5.580452358381270792E-16 ) ) ;
#1966 = CARTESIAN_POINT ( 'NONE',  ( -1.253943190666832574, 0.9700000000000004174, 0.7789431906668347061 ) ) ;
#1967 = LINE ( 'NONE', #358, #412 ) ;
#1968 = ORIENTED_EDGE ( 'NONE', *, *, #560, .T. ) ;
#1969 = VECTOR ( 'NONE', #552, 1000.000000000000000 ) ;
#1970 = DIRECTION ( 'NONE',  ( 0.000000000000000000, -0.000000000000000000, 1.000000000000000000 ) ) ;
#1971 = SHAPE_REPRESENTATION ( 'SMF4L75AH_1', ( #329 ), #1234 ) ;
#1972 =( GEOMETRIC_REPRESENTATION_CONTEXT ( 3 ) GLOBAL_UNCERTAINTY_ASSIGNED_CONTEXT ( ( #427 ) ) GLOBAL_UNIT_ASSIGNED_CONTEXT ( ( #1887, #1091, #206 ) ) REPRESENTATION_CONTEXT ( 'NONE', 'WORKASPACE' ) );
#1973 = PLANE ( 'NONE',  #1937 ) ;
#1974 = VECTOR ( 'NONE', #776, 1000.000000000000000 ) ;
#1975 = CARTESIAN_POINT ( 'NONE',  ( 0.02499999999999999792, 0.1600000000000000033, 0.000000000000000000 ) ) ;
#1976 = AXIS2_PLACEMENT_3D ( 'NONE', #981, #1460, #1965 ) ;
#1977 = CARTESIAN_POINT ( 'NONE',  ( 1.354413846781264974, 0.1599999999999954514, -0.9000000000000002442 ) ) ;
#1978 = CARTESIAN_POINT ( 'NONE',  ( 1.325190265095412157, 0.1599999999999977551, -0.9000000000000003553 ) ) ;
#1979 = ADVANCED_FACE ( 'NONE', ( #1779 ), #1164, .T. ) ;
#1980 =( LENGTH_UNIT ( ) NAMED_UNIT ( * ) SI_UNIT ( .MILLI., .METRE. ) );
#1981 = ORIENTED_EDGE ( 'NONE', *, *, #1982, .T. ) ;
#1982 = EDGE_CURVE ( 'NONE', #134, #1475, #1506, .T. ) ;
#1983 = CARTESIAN_POINT ( 'NONE',  ( -1.253943190666833019, 0.9743577871373831911, 0.8287529255714216614 ) ) ;
#1984 = LINE ( 'NONE', #1484, #619 ) ;
#1985 = EDGE_LOOP ( 'NONE', ( #1012, #743, #1497, #1336 ) ) ;
#1986 = ORIENTED_EDGE ( 'NONE', *, *, #1844, .F. ) ;
#1987 = EDGE_CURVE ( 'NONE', #994, #603, #1471, .T. ) ;
#1988 = CARTESIAN_POINT ( 'NONE',  ( -1.323934121487571725, 0.09999999999999983902, 0.8764349327456575356 ) ) ;
#1989 = APPLICATION_CONTEXT ( 'automotive_design' ) ;
#1990 = CARTESIAN_POINT ( 'NONE',  ( 1.253943190666833241, 1.001330666586834672, -0.8266368375296749837 ) ) ;
#1991 =( LENGTH_UNIT ( ) NAMED_UNIT ( * ) SI_UNIT ( .MILLI., .METRE. ) );
#1992 = CARTESIAN_POINT ( 'NONE',  ( 1.374999999999999556, 0.1599999999999982825, -0.8501902650954129559 ) ) ;
#1993 = ORIENTED_EDGE ( 'NONE', *, *, #1514, .F. ) ;
#1994 = ORIENTED_EDGE ( 'NONE', *, *, #635, .F. ) ;
#1995 = CARTESIAN_POINT ( 'NONE',  ( 0.02499999999999999792, 0.1000000000000000056, 0.000000000000000000 ) ) ;
#1996 = CARTESIAN_POINT ( 'NONE',  ( -1.371627768350412557, 0.1186693334131657535, -0.8489341214875727459 ) ) ;
#1997 = CIRCLE ( 'NONE', #887, 0.04999999999999991257 ) ;
#1998 = EDGE_CURVE ( 'NONE', #1034, #1302, #333, .T. ) ;
#1999 = LINE ( 'NONE', #2011, #884 ) ;
#2000 = CIRCLE ( 'NONE', #616, 0.05000000000000005135 ) ;
#2001 =( NAMED_UNIT ( * ) SI_UNIT ( $, .STERADIAN. ) SOLID_ANGLE_UNIT ( ) );
#2002 = CARTESIAN_POINT ( 'NONE',  ( 1.253943190666833907, 0.9743577871373831911, -0.8287529255714213283 ) ) ;
#2003 = ORIENTED_EDGE ( 'NONE', *, *, #1658, .T. ) ;
#2004 = MANIFOLD_SOLID_BREP ( 'NONE', #647 ) ;
#2005 = VECTOR ( 'NONE', #1319, 1000.000000000000000 ) ;
#2006 = CARTESIAN_POINT ( 'NONE',  ( 0.02500000000000012976, 0.1499999999999999944, 0.8489341214875729680 ) ) ;
#2007 = ORIENTED_EDGE ( 'NONE', *, *, #1255, .T. ) ;
#2008 = AXIS2_PLACEMENT_3D ( 'NONE', #1975, #373, #1022 ) ;
#2009 = LINE ( 'NONE', #407, #1728 ) ;
#2010 = CARTESIAN_POINT ( 'NONE',  ( -1.323934121487571947, 0.1460857450182355965, -0.8987806720998042787 ) ) ;
#2011 = CARTESIAN_POINT ( 'NONE',  ( -1.145000000000000018, 0.000000000000000000, 0.4874999999999999889 ) ) ;
#2012 = EDGE_CURVE ( 'NONE', #994, #1115, #1631, .T. ) ;
#2013 = CARTESIAN_POINT ( 'NONE',  ( -1.253943190666833907, 0.9700000000000000844, -0.7789431906668340400 ) ) ;
#2014 = EDGE_LOOP ( 'NONE', ( #457, #1223, #1933, #1993 ) ) ;
#2015 = DIRECTION ( 'NONE',  ( -0.000000000000000000, -0.000000000000000000, -1.000000000000000000 ) ) ;
#2016 = ORIENTED_EDGE ( 'NONE', *, *, #1300, .T. ) ;
#2017 = DIRECTION ( 'NONE',  ( -1.000000000000000000, 0.000000000000000000, 5.580452358381270792E-16 ) ) ;
#2018 = CARTESIAN_POINT ( 'NONE',  ( -1.301636837529674517, 1.001330666586834672, 0.7961755656347231369 ) ) ;
#2019 = MANIFOLD_SOLID_BREP ( 'NONE', #1390 ) ;
#2020 = DIRECTION ( 'NONE',  ( -1.000000000000000000, -0.000000000000000000, 1.548860246407859885E-16 ) ) ;
#2021 = DIRECTION ( 'NONE',  ( -0.000000000000000000, 1.000000000000000000, 0.000000000000000000 ) ) ;
#2022 = EDGE_LOOP ( 'NONE', ( #1101, #1994, #1463, #83 ) ) ;
#2023 = CARTESIAN_POINT ( 'NONE',  ( 1.351434932745656514, 0.1186693334131662253, 0.8966277683504143559 ) ) ;
#2024 = EDGE_CURVE ( 'NONE', #1272, #1350, #1510, .T. ) ;
#2025 = EDGE_LOOP ( 'NONE', ( #1014, #1556, #2007, #99 ) ) ;
#2026 = CARTESIAN_POINT ( 'NONE',  ( 1.175000000000000044, 0.9743577871373830801, 0.4874999999999999889 ) ) ;
#2027 = CARTESIAN_POINT ( 'NONE',  ( -1.371627768350412557, 0.1475472756446095934, 0.8801686346422850082 ) ) ;
#2028 = VERTEX_POINT ( 'NONE', #1041 ) ;
#2029 = VECTOR ( 'NONE', #1526, 1000.000000000000000 ) ;
#2030 = CARTESIAN_POINT ( 'NONE',  ( 1.175000000000000044, 0.1599999999999999756, 0.4875000000000001554 ) ) ;
#2031 = AXIS2_PLACEMENT_3D ( 'NONE', #1568, #1109, #1736 ) ;
#2032 =( NAMED_UNIT ( * ) PLANE_ANGLE_UNIT ( ) SI_UNIT ( $, .RADIAN. ) );
#2033 = DIRECTION ( 'NONE',  ( 1.000000000000000000, 0.000000000000000000, 0.000000000000000000 ) ) ;
#2034 = ORIENTED_EDGE ( 'NONE', *, *, #1353, .F. ) ;
#2035 = VECTOR ( 'NONE', #75, 1000.000000000000114 ) ;
#2036 = DIRECTION ( 'NONE',  ( 0.000000000000000000, 0.000000000000000000, -1.000000000000000000 ) ) ;
#2037 = CIRCLE ( 'NONE', #1131, 0.04999999999999991257 ) ;
#2038 = DIRECTION ( 'NONE',  ( 0.000000000000000000, -0.000000000000000000, 1.000000000000000000 ) ) ;
#2039 = ORIENTED_EDGE ( 'NONE', *, *, #1795, .T. ) ;
#2040 = AXIS2_PLACEMENT_3D ( 'NONE', #1558, #1042, #1671 ) ;
#2041 = EDGE_CURVE ( 'NONE', #1664, #1115, #1009, .T. ) ;
#2042 = DIRECTION ( 'NONE',  ( 0.08682659386424780579, -0.9924325091389669673, 0.08682659386424819437 ) ) ;
#2043 = AXIS2_PLACEMENT_3D ( 'NONE', #242, #675, #392 ) ;
#2044 = CARTESIAN_POINT ( 'NONE',  ( -1.303789741279065106, 0.9724527243553908740, 0.7826768925634619567 ) ) ;
#2045 = EDGE_LOOP ( 'NONE', ( #270, #1119, #158 ) ) ;
#2046 = CARTESIAN_POINT ( 'NONE',  ( 1.323934121487573501, 0.1460857450182354855, -0.8987806720998042787 ) ) ;
#2047 = UNCERTAINTY_MEASURE_WITH_UNIT (LENGTH_MEASURE( 1.000000000000000082E-05 ), #1628, 'distance_accuracy_value', 'NONE');
#2048 =( NAMED_UNIT ( * ) SI_UNIT ( $, .STERADIAN. ) SOLID_ANGLE_UNIT ( ) );
#2049 = CARTESIAN_POINT ( 'NONE',  ( -1.253943190666833685, 0.9739142549817649819, -0.8287897412790653506 ) ) ;
#2050 = ORIENTED_EDGE ( 'NONE', *, *, #1273, .T. ) ;
#2051 = LINE ( 'NONE', #1884, #1662 ) ;
#2052 = CARTESIAN_POINT ( 'NONE',  ( -1.375000000000000000, 0.1600000000000000033, 0.9000000000000001332 ) ) ;
#2053 = EDGE_LOOP ( 'NONE', ( #322, #1481, #559, #1643 ) ) ;
#2054 = CARTESIAN_POINT ( 'NONE',  ( -1.174999999999999822, 0.1599999999999999756, -0.4874999999999999889 ) ) ;
#2055 = CARTESIAN_POINT ( 'NONE',  ( -1.373780672099802924, 0.1475472756446096212, 0.8526678233842016619 ) ) ;
#2056 = ORIENTED_EDGE ( 'NONE', *, *, #1330, .T. ) ;
#2057 = CARTESIAN_POINT ( 'NONE',  ( -1.303789741279065106, 0.9724527243553915401, -0.7826768925634622898 ) ) ;
#2058 = UNCERTAINTY_MEASURE_WITH_UNIT (LENGTH_MEASURE( 1.000000000000000082E-05 ), #1203, 'distance_accuracy_value', 'NONE');
#2059 = LINE ( 'NONE', #284, #995 ) ;
#2060 = LINE ( 'NONE', #1259, #1861 ) ;
#2061 = EDGE_LOOP ( 'NONE', ( #1910, #1817, #1708, #1617 ) ) ;
#2062 = CARTESIAN_POINT ( 'NONE',  ( 1.425000000000000044, 0.1600000000000000033, 0.9000000000000001332 ) ) ;
#2063 = CARTESIAN_POINT ( 'NONE',  ( -1.371627768350413001, 0.1186693334131660588, 0.8661664964554631752 ) ) ;
#2064 = ORIENTED_EDGE ( 'NONE', *, *, #535, .T. ) ;
#2065 = LINE ( 'NONE', #612, #2035 ) ;
#2066 = EDGE_CURVE ( 'NONE', #1759, #157, #1850, .T. ) ;
#2067 = CLOSED_SHELL ( 'NONE', ( #1335, #1685, #200, #1006, #1310, #159 ) ) ;
#2068 = CARTESIAN_POINT ( 'NONE',  ( -1.303789741279065106, 0.9739142549817650929, -0.7789431906668322636 ) ) ;
#2069 = ORIENTED_EDGE ( 'NONE', *, *, #913, .T. ) ;
#2070 = EDGE_CURVE ( 'NONE', #1178, #1802, #203, .T. ) ;
#2071 = DIRECTION ( 'NONE',  ( 0.000000000000000000, 0.000000000000000000, -1.000000000000000000 ) ) ;
#2072 = CARTESIAN_POINT ( 'NONE',  ( -1.354413846781264086, 0.1600000000000007250, 0.9000000000000000222 ) ) ;
#2073 = AXIS2_PLACEMENT_3D ( 'NONE', #95, #741, #1456 ) ;
#2074 = CARTESIAN_POINT ( 'NONE',  ( 1.303789741279065106, 0.9724527243553907629, 0.7826768925634619567 ) ) ;
#2075 = ORIENTED_EDGE ( 'NONE', *, *, #1661, .T. ) ;
#2076 = VECTOR ( 'NONE', #846, 1000.000000000000114 ) ;
#2077 = PLANE ( 'NONE',  #957 ) ;
#2078 = CIRCLE ( 'NONE', #1363, 0.04999999999999991257 ) ;
#2079 = CARTESIAN_POINT ( 'NONE',  ( -1.325190265095412157, 0.1599999999999999756, 0.9000000000000004663 ) ) ;
#2080 = COLOUR_RGB ( '',0.2509803921568627416, 0.2509803921568627416, 0.2509803921568627416 ) ;
#2081 = ORIENTED_EDGE ( 'NONE', *, *, #350, .F. ) ;
#2082 = CARTESIAN_POINT ( 'NONE',  ( 1.351434932745656958, 0.1186693334131660033, -0.8966277683504139118 ) ) ;
#2083 = PRESENTATION_LAYER_ASSIGNMENT (  '', '', ( #968 ) ) ;
#2084 = APPLICATION_PROTOCOL_DEFINITION ( 'draft international standard', 'automotive_design', 1998, #1989 ) ;
#2085 = ORIENTED_EDGE ( 'NONE', *, *, #1442, .T. ) ;
#2086 = ADVANCED_FACE ( 'NONE', ( #226 ), #870, .F. ) ;
#2087 = DIRECTION ( 'NONE',  ( 0.08682659386424781967, -0.9924325091389671893, -0.08682659386424772252 ) ) ;
#2088 = ADVANCED_FACE ( 'NONE', ( #678 ), #1327, .F. ) ;
#2089 = NEXT_ASSEMBLY_USAGE_OCCURRENCE ( 'NAUO1', ' ', ' ', #1334, #1243, $ ) ;
#2090 = NEXT_ASSEMBLY_USAGE_OCCURRENCE ( 'NAUO2', ' ', ' ', #1334, #1810, $ ) ;
#2091 = NEXT_ASSEMBLY_USAGE_OCCURRENCE ( 'NAUO3', ' ', ' ', #1334, #90, $ ) ;
#2092 = NEXT_ASSEMBLY_USAGE_OCCURRENCE ( 'NAUO4', ' ', ' ', #1334, #1895, $ ) ;
ENDSEC;
END-ISO-10303-21;
