ISO-10303-21;
HEADER;
FILE_DESCRIPTION (( 'STEP AP214' ),
    '1' );
FILE_NAME ('SM06B-SURS-TF.STEP',
    '2025-03-28T11:58:36',
    ( 'LENOVO' ),
    ( '' ),
    'SwSTEP 2.0',
    'SolidWorks 2021',
    '' );
FILE_SCHEMA (( 'AUTOMOTIVE_DESIGN' ));
ENDSEC;

DATA;
#1 = ORIENTED_EDGE ( 'NONE', *, *, #1812, .F. ) ;
#2 = DIRECTION ( 'NONE',  ( -3.407318703740830925E-16, 0.7071067811865474617, 0.7071067811865474617 ) ) ;
#3 = VECTOR ( 'NONE', #9159, 1000.000000000000000 ) ;
#4 = ORIENTED_EDGE ( 'NONE', *, *, #10046, .T. ) ;
#5 = DIRECTION ( 'NONE',  ( 0.000000000000000000, -0.9363291775690438801, -0.3511234415883935922 ) ) ;
#6 = EDGE_CURVE ( 'NONE', #9128, #2186, #1459, .T. ) ;
#7 = CARTESIAN_POINT ( 'NONE',  ( -2.700000000000000622, 1.750000000000000000, -1.275000000000001910 ) ) ;
#8 = VERTEX_POINT ( 'NONE', #2105 ) ;
#9 = EDGE_CURVE ( 'NONE', #977, #6085, #6117, .T. ) ;
#10 = AXIS2_PLACEMENT_3D ( 'NONE', #12831, #6614, #8816 ) ;
#11 = ORIENTED_EDGE ( 'NONE', *, *, #5176, .F. ) ;
#12 = EDGE_LOOP ( 'NONE', ( #10709, #12377, #13100, #6701 ) ) ;
#13 = DIRECTION ( 'NONE',  ( 1.000000000000000000, -0.000000000000000000, -0.000000000000000000 ) ) ;
#14 = DIRECTION ( 'NONE',  ( 1.000000000000000000, 0.000000000000000000, -7.228014483236699514E-16 ) ) ;
#15 = DIRECTION ( 'NONE',  ( -1.000000000000000000, 0.000000000000000000, 0.000000000000000000 ) ) ;
#16 = ORIENTED_EDGE ( 'NONE', *, *, #197, .T. ) ;
#17 = CARTESIAN_POINT ( 'NONE',  ( 3.500000000000003109, 1.149999999999999911, -0.9749999999999897637 ) ) ;
#18 = VECTOR ( 'NONE', #5528, 1000.000000000000000 ) ;
#19 = AXIS2_PLACEMENT_3D ( 'NONE', #8376, #1298, #5573 ) ;
#20 = VERTEX_POINT ( 'NONE', #3116 ) ;
#21 = DIRECTION ( 'NONE',  ( -0.000000000000000000, -0.000000000000000000, 1.000000000000000000 ) ) ;
#22 = EDGE_LOOP ( 'NONE', ( #9343, #1021, #3991, #4819 ) ) ;
#23 = FACE_OUTER_BOUND ( 'NONE', #8131, .T. ) ;
#24 = AXIS2_PLACEMENT_3D ( 'NONE', #4536, #8254, #6446 ) ;
#25 = ORIENTED_EDGE ( 'NONE', *, *, #10025, .T. ) ;
#26 = VECTOR ( 'NONE', #6557, 1000.000000000000000 ) ;
#27 = VECTOR ( 'NONE', #1913, 1000.000000000000000 ) ;
#28 = DIRECTION ( 'NONE',  ( -0.5773502691896240657, -0.5773502691896253980, 0.5773502691896279515 ) ) ;
#29 = CARTESIAN_POINT ( 'NONE',  ( 3.200000000000000178, 0.6500000000000112355, 1.305000000000000160 ) ) ;
#30 = VERTEX_POINT ( 'NONE', #4126 ) ;
#31 = ORIENTED_EDGE ( 'NONE', *, *, #1508, .T. ) ;
#32 = DIRECTION ( 'NONE',  ( 1.000000000000000000, -0.000000000000000000, -0.000000000000000000 ) ) ;
#33 = VERTEX_POINT ( 'NONE', #11269 ) ;
#34 = ORIENTED_EDGE ( 'NONE', *, *, #13092, .F. ) ;
#35 = EDGE_CURVE ( 'NONE', #2954, #70, #10454, .T. ) ;
#36 = CARTESIAN_POINT ( 'NONE',  ( 1.275000000000000133, 1.750000000000000888, -0.5500000000000018208 ) ) ;
#37 = EDGE_CURVE ( 'NONE', #10510, #10383, #1543, .T. ) ;
#38 = CARTESIAN_POINT ( 'NONE',  ( -0.4749999999999999223, 0.7499999999999998890, -0.5500000000000020428 ) ) ;
#39 = ORIENTED_EDGE ( 'NONE', *, *, #2709, .T. ) ;
#40 = LINE ( 'NONE', #5014, #8712 ) ;
#41 = DIRECTION ( 'NONE',  ( -0.000000000000000000, 1.000000000000000000, 0.000000000000000000 ) ) ;
#42 = AXIS2_PLACEMENT_3D ( 'NONE', #1155, #1236, #8121 ) ;
#43 = VERTEX_POINT ( 'NONE', #11177 ) ;
#44 = FACE_OUTER_BOUND ( 'NONE', #8849, .T. ) ;
#45 = DIRECTION ( 'NONE',  ( -1.000000000000000000, 1.275531967630008943E-16, 0.000000000000000000 ) ) ;
#46 = ORIENTED_EDGE ( 'NONE', *, *, #4885, .F. ) ;
#47 = CARTESIAN_POINT ( 'NONE',  ( 2.925000000000000266, 0.05000000000000506817, 1.274999999999999245 ) ) ;
#48 = DIRECTION ( 'NONE',  ( -1.000000000000000000, 0.000000000000000000, 0.000000000000000000 ) ) ;
#49 = VECTOR ( 'NONE', #2596, 1000.000000000000000 ) ;
#50 = DIRECTION ( 'NONE',  ( 0.000000000000000000, 0.000000000000000000, 1.000000000000000000 ) ) ;
#51 = ORIENTED_EDGE ( 'NONE', *, *, #901, .T. ) ;
#52 = VERTEX_POINT ( 'NONE', #1054 ) ;
#53 = EDGE_LOOP ( 'NONE', ( #3164, #12749, #12780, #12135 ) ) ;
#54 = ORIENTED_EDGE ( 'NONE', *, *, #9239, .F. ) ;
#55 = CARTESIAN_POINT ( 'NONE',  ( 3.200000000000000178, -2.551063935260013388E-17, 1.224999999999994982 ) ) ;
#56 = DIRECTION ( 'NONE',  ( 0.000000000000000000, 1.000000000000000000, 0.000000000000000000 ) ) ;
#57 = ORIENTED_EDGE ( 'NONE', *, *, #3663, .T. ) ;
#58 = FACE_OUTER_BOUND ( 'NONE', #9929, .T. ) ;
#59 = EDGE_CURVE ( 'NONE', #1940, #9673, #6082, .T. ) ;
#60 = DIRECTION ( 'NONE',  ( 0.000000000000000000, 6.377659838150027460E-17, 1.000000000000000000 ) ) ;
#61 = DIRECTION ( 'NONE',  ( 0.000000000000000000, -0.000000000000000000, 1.000000000000000000 ) ) ;
#62 = ORIENTED_EDGE ( 'NONE', *, *, #5665, .T. ) ;
#63 = DIRECTION ( 'NONE',  ( 0.000000000000000000, 0.000000000000000000, 1.000000000000000000 ) ) ;
#64 = LINE ( 'NONE', #4711, #4477 ) ;
#65 = CARTESIAN_POINT ( 'NONE',  ( 1.925000000000000711, 0.4499999999999991784, -0.5500000000000018208 ) ) ;
#66 = ORIENTED_EDGE ( 'NONE', *, *, #8724, .F. ) ;
#67 = VECTOR ( 'NONE', #12127, 1000.000000000000000 ) ;
#68 = CARTESIAN_POINT ( 'NONE',  ( -0.4749999999999995337, 0.7499999999999991118, -1.350000000000000533 ) ) ;
#69 = VECTOR ( 'NONE', #9240, 1000.000000000000000 ) ;
#70 = VERTEX_POINT ( 'NONE', #3026 ) ;
#71 = CARTESIAN_POINT ( 'NONE',  ( 2.700000000000000178, 0.05000000000000490163, -1.350000000000000533 ) ) ;
#72 = CARTESIAN_POINT ( 'NONE',  ( 3.500000000000000000, 0.2299999999999946254, -1.350000000000000533 ) ) ;
#73 = ORIENTED_EDGE ( 'NONE', *, *, #8435, .T. ) ;
#74 = ORIENTED_EDGE ( 'NONE', *, *, #7737, .T. ) ;
#75 = CARTESIAN_POINT ( 'NONE',  ( -0.4249999999999998224, 0.5000000000000002220, -0.3499999999999998113 ) ) ;
#76 = ORIENTED_EDGE ( 'NONE', *, *, #360, .F. ) ;
#77 = DIRECTION ( 'NONE',  ( 1.000000000000000000, 0.000000000000000000, 0.000000000000000000 ) ) ;
#78 = EDGE_LOOP ( 'NONE', ( #150, #8778, #4695, #172, #4839, #5208 ) ) ;
#79 = CARTESIAN_POINT ( 'NONE',  ( 2.500000000000000444, 0.2499999999999991396, 1.275000000000001910 ) ) ;
#80 = COLOUR_RGB ( '',0.7921568627450980005, 0.8196078431372548767, 0.9333333333333333481 ) ;
#81 = DIRECTION ( 'NONE',  ( -0.000000000000000000, 1.000000000000000000, 1.694065894508603883E-16 ) ) ;
#82 = ORIENTED_EDGE ( 'NONE', *, *, #3133, .F. ) ;
#83 = DIRECTION ( 'NONE',  ( 1.000000000000000000, 0.000000000000000000, 0.000000000000000000 ) ) ;
#84 = FACE_OUTER_BOUND ( 'NONE', #3840, .T. ) ;
#85 = EDGE_LOOP ( 'NONE', ( #13128, #12767, #12787, #7370 ) ) ;
#86 = LINE ( 'NONE', #3861, #8984 ) ;
#87 = DIRECTION ( 'NONE',  ( 1.000000000000000000, -0.000000000000000000, -0.000000000000000000 ) ) ;
#88 = VECTOR ( 'NONE', #2180, 1000.000000000000000 ) ;
#89 = ORIENTED_EDGE ( 'NONE', *, *, #11155, .F. ) ;
#90 = CARTESIAN_POINT ( 'NONE',  ( -3.200000000000000178, 1.150000000000011235, 1.275000000000000133 ) ) ;
#91 = ADVANCED_FACE ( 'NONE', ( #1838 ), #3149, .T. ) ;
#92 = CARTESIAN_POINT ( 'NONE',  ( -1.925000000000000044, 0.4499999999999999556, -0.9499999999999999556 ) ) ;
#93 = ORIENTED_EDGE ( 'NONE', *, *, #10323, .T. ) ;
#94 = ORIENTED_EDGE ( 'NONE', *, *, #928, .F. ) ;
#95 =( NAMED_UNIT ( * ) SI_UNIT ( $, .STERADIAN. ) SOLID_ANGLE_UNIT ( ) );
#96 = ORIENTED_EDGE ( 'NONE', *, *, #7325, .F. ) ;
#97 = ADVANCED_FACE ( 'NONE', ( #1497 ), #3233, .F. ) ;
#98 = ORIENTED_EDGE ( 'NONE', *, *, #10358, .T. ) ;
#99 = DIRECTION ( 'NONE',  ( 1.000000000000000000, 3.614007241618339403E-16, 0.000000000000000000 ) ) ;
#100 = CARTESIAN_POINT ( 'NONE',  ( -1.925000000000000044, 1.125000000000000222, -0.5500000000000018208 ) ) ;
#101 = EDGE_LOOP ( 'NONE', ( #7187, #676, #13219, #4205 ) ) ;
#102 = PLANE ( 'NONE',  #10780 ) ;
#103 = LINE ( 'NONE', #7763, #8939 ) ;
#104 = EDGE_LOOP ( 'NONE', ( #7052, #5814, #11498, #12338 ) ) ;
#105 = EDGE_CURVE ( 'NONE', #5685, #1526, #6246, .T. ) ;
#106 = LINE ( 'NONE', #1798, #4524 ) ;
#107 = CARTESIAN_POINT ( 'NONE',  ( -2.075000000000000178, 1.175000000000000488, 0.5500000000000004885 ) ) ;
#108 = CARTESIAN_POINT ( 'NONE',  ( -2.024999999999999911, 0.4499999999999999556, -0.3499999999999998113 ) ) ;
#109 = EDGE_CURVE ( 'NONE', #5656, #115, #6100, .T. ) ;
#110 = EDGE_LOOP ( 'NONE', ( #5601, #1170, #6318, #9918 ) ) ;
#111 = VERTEX_POINT ( 'NONE', #11480 ) ;
#112 = DIRECTION ( 'NONE',  ( -0.7071067811865435759, -9.614813431917708148E-16, -0.7071067811865515695 ) ) ;
#113 = AXIS2_PLACEMENT_3D ( 'NONE', #10043, #8938, #2883 ) ;
#114 = VERTEX_POINT ( 'NONE', #11121 ) ;
#115 = VERTEX_POINT ( 'NONE', #79 ) ;
#116 = CARTESIAN_POINT ( 'NONE',  ( 3.500000000000000000, 1.574999999999999734, 1.350000000000000533 ) ) ;
#117 = DIRECTION ( 'NONE',  ( 0.000000000000000000, 0.000000000000000000, 1.000000000000000000 ) ) ;
#118 = CARTESIAN_POINT ( 'NONE',  ( 1.125000000000000888, 0.4499999999999991784, -0.5500000000000018208 ) ) ;
#119 = AXIS2_PLACEMENT_3D ( 'NONE', #10223, #5098, #12322 ) ;
#120 = ORIENTED_EDGE ( 'NONE', *, *, #889, .F. ) ;
#121 = EDGE_CURVE ( 'NONE', #13238, #3962, #6225, .T. ) ;
#122 = CARTESIAN_POINT ( 'NONE',  ( -3.200000000000000178, 0.3500000000000113021, 1.275000000000000133 ) ) ;
#123 = ORIENTED_EDGE ( 'NONE', *, *, #12918, .F. ) ;
#124 = FACE_OUTER_BOUND ( 'NONE', #3968, .T. ) ;
#125 = DIRECTION ( 'NONE',  ( 1.000000000000000000, 0.000000000000000000, -0.000000000000000000 ) ) ;
#126 = EDGE_CURVE ( 'NONE', #1354, #11360, #10395, .T. ) ;
#127 = AXIS2_PLACEMENT_3D ( 'NONE', #9091, #6071, #7069 ) ;
#128 = EDGE_CURVE ( 'NONE', #11569, #11453, #1627, .T. ) ;
#129 = ORIENTED_EDGE ( 'NONE', *, *, #3949, .F. ) ;
#130 = CARTESIAN_POINT ( 'NONE',  ( 2.740000000000000657, 1.299999999999999156, -0.3499999999999994227 ) ) ;
#131 = LINE ( 'NONE', #3046, #13176 ) ;
#132 = CARTESIAN_POINT ( 'NONE',  ( 1.125000000000000222, 1.750000000000000888, -0.5500000000000017097 ) ) ;
#133 = DIRECTION ( 'NONE',  ( 0.5773502691896175154, 0.5773502691896343908, -0.5773502691896253980 ) ) ;
#134 = VECTOR ( 'NONE', #6551, 1000.000000000000000 ) ;
#135 = DIRECTION ( 'NONE',  ( -1.000000000000000000, 0.000000000000000000, 0.000000000000000000 ) ) ;
#136 = EDGE_LOOP ( 'NONE', ( #11792, #761, #4381, #739 ) ) ;
#137 = ORIENTED_EDGE ( 'NONE', *, *, #9191, .T. ) ;
#138 = EDGE_CURVE ( 'NONE', #9856, #4105, #6043, .T. ) ;
#139 = EDGE_CURVE ( 'NONE', #9673, #6889, #1567, .T. ) ;
#140 = EDGE_LOOP ( 'NONE', ( #3947, #1725, #6975, #2236, #8658 ) ) ;
#141 = VERTEX_POINT ( 'NONE', #7186 ) ;
#142 = CARTESIAN_POINT ( 'NONE',  ( 2.075000000000000622, 1.124999999999999778, -1.350000000000000533 ) ) ;
#143 = CARTESIAN_POINT ( 'NONE',  ( 3.500000000000003109, 1.474999999999999867, -0.9749999999999897637 ) ) ;
#144 = ORIENTED_EDGE ( 'NONE', *, *, #11379, .T. ) ;
#145 = EDGE_CURVE ( 'NONE', #5022, #6995, #10526, .T. ) ;
#146 = ADVANCED_FACE ( 'NONE', ( #10653 ), #5355, .F. ) ;
#147 = LINE ( 'NONE', #5099, #8993 ) ;
#148 = EDGE_CURVE ( 'NONE', #2911, #4427, #10677, .T. ) ;
#149 = DIRECTION ( 'NONE',  ( -1.445602896647340100E-15, 1.000000000000000000, 0.000000000000000000 ) ) ;
#150 = ORIENTED_EDGE ( 'NONE', *, *, #4584, .F. ) ;
#151 = CARTESIAN_POINT ( 'NONE',  ( 0.000000000000000000, 1.124999999999999778, -0.3499999999999994227 ) ) ;
#152 = FACE_OUTER_BOUND ( 'NONE', #11320, .T. ) ;
#153 = CARTESIAN_POINT ( 'NONE',  ( 1.125000000000000222, 1.125000000000000222, -0.5500000000000018208 ) ) ;
#154 = ORIENTED_EDGE ( 'NONE', *, *, #7731, .T. ) ;
#155 = CARTESIAN_POINT ( 'NONE',  ( -1.224999999999999867, 1.125000000000000222, 0.5500000000000004885 ) ) ;
#156 = LINE ( 'NONE', #13229, #67 ) ;
#157 = AXIS2_PLACEMENT_3D ( 'NONE', #279, #4460, #15 ) ;
#158 = DIRECTION ( 'NONE',  ( 0.000000000000000000, 1.000000000000000000, -2.409338161078897701E-16 ) ) ;
#159 = VECTOR ( 'NONE', #864, 1000.000000000000000 ) ;
#160 = ORIENTED_EDGE ( 'NONE', *, *, #2029, .F. ) ;
#161 = DIRECTION ( 'NONE',  ( 0.000000000000000000, 0.000000000000000000, -1.000000000000000000 ) ) ;
#162 = ORIENTED_EDGE ( 'NONE', *, *, #13049, .F. ) ;
#163 = ORIENTED_EDGE ( 'NONE', *, *, #3760, .F. ) ;
#164 = CARTESIAN_POINT ( 'NONE',  ( -3.500000000000000000, 0.3500000000000024203, 0.2749999999999982458 ) ) ;
#165 = ORIENTED_EDGE ( 'NONE', *, *, #2814, .T. ) ;
#166 = CARTESIAN_POINT ( 'NONE',  ( -0.3249999999999995670, 0.4499999999999992339, -1.350000000000000533 ) ) ;
#167 = EDGE_CURVE ( 'NONE', #2954, #6253, #6064, .T. ) ;
#168 = ORIENTED_EDGE ( 'NONE', *, *, #1970, .F. ) ;
#169 = DIRECTION ( 'NONE',  ( 0.000000000000000000, 1.000000000000000000, -2.409338161078897701E-16 ) ) ;
#170 = FACE_OUTER_BOUND ( 'NONE', #6566, .T. ) ;
#171 = EDGE_CURVE ( 'NONE', #12720, #1392, #1516, .T. ) ;
#172 = ORIENTED_EDGE ( 'NONE', *, *, #2793, .T. ) ;
#173 = EDGE_CURVE ( 'NONE', #12987, #8963, #1880, .T. ) ;
#174 = DIRECTION ( 'NONE',  ( -1.445602896647340100E-15, 1.000000000000000000, 0.000000000000000000 ) ) ;
#175 = AXIS2_PLACEMENT_3D ( 'NONE', #1159, #6002, #9860 ) ;
#176 = ADVANCED_FACE ( 'NONE', ( #1776 ), #2889, .F. ) ;
#177 = VECTOR ( 'NONE', #1095, 1000.000000000000000 ) ;
#178 = ORIENTED_EDGE ( 'NONE', *, *, #1364, .T. ) ;
#179 = FACE_OUTER_BOUND ( 'NONE', #12829, .T. ) ;
#180 = DIRECTION ( 'NONE',  ( 1.000000000000000000, 0.000000000000000000, 0.000000000000000000 ) ) ;
#181 = VECTOR ( 'NONE', #297, 1000.000000000000000 ) ;
#182 = ORIENTED_EDGE ( 'NONE', *, *, #3109, .F. ) ;
#183 = CARTESIAN_POINT ( 'NONE',  ( 0.3250000000000001776, 1.574999999999999734, 1.349999999999999645 ) ) ;
#184 = CARTESIAN_POINT ( 'NONE',  ( 2.075000000000000178, 1.474999999999999423, -0.9749999999999918732 ) ) ;
#185 = ORIENTED_EDGE ( 'NONE', *, *, #13248, .T. ) ;
#186 = AXIS2_PLACEMENT_3D ( 'NONE', #1322, #233, #61 ) ;
#187 = VERTEX_POINT ( 'NONE', #10124 ) ;
#188 = DIRECTION ( 'NONE',  ( -5.421010862427530059E-16, -1.694065894508603883E-16, 1.000000000000000000 ) ) ;
#189 = ORIENTED_EDGE ( 'NONE', *, *, #8711, .T. ) ;
#190 = DIRECTION ( 'NONE',  ( -0.5773502691896242878, -0.5773502691896251759, -0.5773502691896278405 ) ) ;
#191 = VERTEX_POINT ( 'NONE', #7099 ) ;
#192 = CARTESIAN_POINT ( 'NONE',  ( 3.200000000000000178, 0.3050000000000114286, 1.275000000000000133 ) ) ;
#193 = CARTESIAN_POINT ( 'NONE',  ( -0.3250000000000008438, 0.2299999999999947364, -1.300000000000000711 ) ) ;
#194 = ORIENTED_EDGE ( 'NONE', *, *, #789, .F. ) ;
#195 = DIRECTION ( 'NONE',  ( 4.818676322157797375E-16, -1.000000000000000000, 0.000000000000000000 ) ) ;
#196 = LINE ( 'NONE', #6097, #4887 ) ;
#197 = EDGE_CURVE ( 'NONE', #10405, #10315, #5972, .T. ) ;
#198 = ORIENTED_EDGE ( 'NONE', *, *, #13226, .F. ) ;
#199 = LINE ( 'NONE', #5005, #12990 ) ;
#200 = LINE ( 'NONE', #6383, #9221 ) ;
#201 = EDGE_CURVE ( 'NONE', #4710, #6856, #1862, .T. ) ;
#202 = PLANE ( 'NONE',  #9231 ) ;
#203 = DIRECTION ( 'NONE',  ( -0.000000000000000000, 1.000000000000000000, -0.000000000000000000 ) ) ;
#204 = ORIENTED_EDGE ( 'NONE', *, *, #6345, .T. ) ;
#205 = ADVANCED_FACE ( 'NONE', ( #10566 ), #4248, .F. ) ;
#206 = ORIENTED_EDGE ( 'NONE', *, *, #3909, .F. ) ;
#207 = DIRECTION ( 'NONE',  ( 0.000000000000000000, -1.694065894508603883E-16, 1.000000000000000000 ) ) ;
#208 = ORIENTED_EDGE ( 'NONE', *, *, #11374, .T. ) ;
#209 = VERTEX_POINT ( 'NONE', #4521 ) ;
#210 = DIRECTION ( 'NONE',  ( 0.7071067811865521247, 3.407318703740853605E-16, 0.7071067811865430208 ) ) ;
#211 = CARTESIAN_POINT ( 'NONE',  ( -1.274999999999999467, 1.124999999999999778, -0.5500000000000018208 ) ) ;
#212 = AXIS2_PLACEMENT_3D ( 'NONE', #11304, #1167, #8327 ) ;
#213 = ORIENTED_EDGE ( 'NONE', *, *, #1391, .T. ) ;
#214 = FACE_OUTER_BOUND ( 'NONE', #8709, .T. ) ;
#215 = DIRECTION ( 'NONE',  ( 1.000000000000000000, 0.000000000000000000, 0.000000000000000000 ) ) ;
#216 = ORIENTED_EDGE ( 'NONE', *, *, #12608, .T. ) ;
#217 = VERTEX_POINT ( 'NONE', #11831 ) ;
#218 = ORIENTED_EDGE ( 'NONE', *, *, #9711, .T. ) ;
#219 = PLANE ( 'NONE',  #12552 ) ;
#220 = VECTOR ( 'NONE', #3698, 1000.000000000000000 ) ;
#221 = DIRECTION ( 'NONE',  ( 0.000000000000000000, 1.000000000000000000, 0.000000000000000000 ) ) ;
#222 = VECTOR ( 'NONE', #13047, 1000.000000000000000 ) ;
#223 = CARTESIAN_POINT ( 'NONE',  ( -1.925000000000000044, 1.574999999999999734, -1.300000000000000044 ) ) ;
#224 = ORIENTED_EDGE ( 'NONE', *, *, #4906, .T. ) ;
#225 = EDGE_LOOP ( 'NONE', ( #631, #4628, #5640, #5055 ) ) ;
#226 = ORIENTED_EDGE ( 'NONE', *, *, #8199, .F. ) ;
#227 = ORIENTED_EDGE ( 'NONE', *, *, #1067, .F. ) ;
#228 = CARTESIAN_POINT ( 'NONE',  ( -0.3250000000000000666, 1.574999999999999512, 1.349999999999999867 ) ) ;
#229 = DIRECTION ( 'NONE',  ( 1.000000000000000000, 0.000000000000000000, 0.000000000000000000 ) ) ;
#230 = ORIENTED_EDGE ( 'NONE', *, *, #1285, .T. ) ;
#231 = VECTOR ( 'NONE', #8233, 1000.000000000000000 ) ;
#232 = CARTESIAN_POINT ( 'NONE',  ( 1.125000000000000222, 1.150000000000000133, -1.229999999999999760 ) ) ;
#233 = DIRECTION ( 'NONE',  ( -0.000000000000000000, 1.000000000000000000, 0.000000000000000000 ) ) ;
#234 = ORIENTED_EDGE ( 'NONE', *, *, #6932, .T. ) ;
#235 = CARTESIAN_POINT ( 'NONE',  ( -1.925000000000000044, 0.7499999999999998890, -0.5500000000000020428 ) ) ;
#236 = PLANE ( 'NONE',  #12400 ) ;
#237 = LINE ( 'NONE', #11127, #4663 ) ;
#238 = ORIENTED_EDGE ( 'NONE', *, *, #4761, .T. ) ;
#239 = ORIENTED_EDGE ( 'NONE', *, *, #11071, .T. ) ;
#240 = DIRECTION ( 'NONE',  ( 0.000000000000000000, 0.000000000000000000, -1.000000000000000000 ) ) ;
#241 = VECTOR ( 'NONE', #1728, 1000.000000000000000 ) ;
#242 = DIRECTION ( 'NONE',  ( -0.5773502691896251759, 0.5773502691896270633, 0.5773502691896251759 ) ) ;
#243 = LINE ( 'NONE', #463, #4745 ) ;
#244 = ORIENTED_EDGE ( 'NONE', *, *, #12350, .F. ) ;
#245 = DIRECTION ( 'NONE',  ( 0.000000000000000000, 0.000000000000000000, -1.000000000000000000 ) ) ;
#246 = PLANE ( 'NONE',  #2139 ) ;
#247 = ORIENTED_EDGE ( 'NONE', *, *, #941, .F. ) ;
#248 = ORIENTED_EDGE ( 'NONE', *, *, #201, .T. ) ;
#249 = PLANE ( 'NONE',  #11000 ) ;
#250 = CARTESIAN_POINT ( 'NONE',  ( -1.125000000000000222, 1.575000000000000178, 0.4999999999999998890 ) ) ;
#251 = ORIENTED_EDGE ( 'NONE', *, *, #10927, .F. ) ;
#252 = ADVANCED_FACE ( 'NONE', ( #10305 ), #9545, .F. ) ;
#253 = LINE ( 'NONE', #3013, #9430 ) ;
#254 = DIRECTION ( 'NONE',  ( -1.445602896647340100E-15, 1.000000000000000000, 0.000000000000000000 ) ) ;
#255 = ORIENTED_EDGE ( 'NONE', *, *, #1683, .T. ) ;
#256 = FACE_OUTER_BOUND ( 'NONE', #353, .T. ) ;
#257 = DIRECTION ( 'NONE',  ( 1.000000000000000000, 0.000000000000000000, 0.000000000000000000 ) ) ;
#258 = ORIENTED_EDGE ( 'NONE', *, *, #8587, .T. ) ;
#259 = ORIENTED_EDGE ( 'NONE', *, *, #338, .F. ) ;
#260 = LINE ( 'NONE', #3764, #9176 ) ;
#261 = CARTESIAN_POINT ( 'NONE',  ( 3.200000000000000178, 1.150000000000011235, 0.3500000000000004219 ) ) ;
#262 = VECTOR ( 'NONE', #5570, 1000.000000000000000 ) ;
#263 = ORIENTED_EDGE ( 'NONE', *, *, #12920, .T. ) ;
#264 = CARTESIAN_POINT ( 'NONE',  ( 0.3250000000000001776, 1.150000000000000133, -1.229999999999999982 ) ) ;
#265 = DIRECTION ( 'NONE',  ( 0.000000000000000000, 0.000000000000000000, -1.000000000000000000 ) ) ;
#266 = ORIENTED_EDGE ( 'NONE', *, *, #5985, .F. ) ;
#267 = ORIENTED_EDGE ( 'NONE', *, *, #5533, .F. ) ;
#268 = DIRECTION ( 'NONE',  ( -4.818676322157797375E-16, 1.000000000000000000, 0.000000000000000000 ) ) ;
#269 = DIRECTION ( 'NONE',  ( -3.407318703740830925E-16, 0.7071067811865474617, 0.7071067811865474617 ) ) ;
#270 = VERTEX_POINT ( 'NONE', #5694 ) ;
#271 = AXIS2_PLACEMENT_3D ( 'NONE', #10064, #2577, #3993 ) ;
#272 = DIRECTION ( 'NONE',  ( -1.000000000000000000, -0.000000000000000000, -1.445602896647338917E-15 ) ) ;
#273 = EDGE_CURVE ( 'NONE', #2934, #586, #10478, .T. ) ;
#274 = DIRECTION ( 'NONE',  ( 0.000000000000000000, -1.000000000000000000, 0.000000000000000000 ) ) ;
#275 = VECTOR ( 'NONE', #3234, 1000.000000000000114 ) ;
#276 = EDGE_CURVE ( 'NONE', #3794, #7615, #5929, .T. ) ;
#277 = ADVANCED_FACE ( 'NONE', ( #1737 ), #4791, .F. ) ;
#278 = EDGE_CURVE ( 'NONE', #8197, #6951, #6264, .T. ) ;
#279 = CARTESIAN_POINT ( 'NONE',  ( 2.500000000000000888, 1.499999999999999334, 1.275000000000000133 ) ) ;
#280 = ORIENTED_EDGE ( 'NONE', *, *, #2148, .F. ) ;
#281 = EDGE_CURVE ( 'NONE', #9290, #10075, #1439, .T. ) ;
#282 = ADVANCED_FACE ( 'NONE', ( #10281 ), #2673, .F. ) ;
#283 = FACE_OUTER_BOUND ( 'NONE', #1903, .T. ) ;
#284 = CARTESIAN_POINT ( 'NONE',  ( 1.125000000000000222, 1.575000000000000178, 0.4999999999999997780 ) ) ;
#285 = VERTEX_POINT ( 'NONE', #9633 ) ;
#286 = EDGE_CURVE ( 'NONE', #3523, #2251, #1479, .T. ) ;
#287 = LINE ( 'NONE', #10582, #9672 ) ;
#288 = LINE ( 'NONE', #7735, #9141 ) ;
#289 = CARTESIAN_POINT ( 'NONE',  ( 3.200000000000000178, 0.3500000000000113021, 1.275000000000000133 ) ) ;
#290 = CARTESIAN_POINT ( 'NONE',  ( 1.224999999999999867, 1.575000000000000178, 0.5500000000000003775 ) ) ;
#291 = EDGE_LOOP ( 'NONE', ( #12844, #8451, #10152, #10108 ) ) ;
#292 = ORIENTED_EDGE ( 'NONE', *, *, #3450, .T. ) ;
#293 = CARTESIAN_POINT ( 'NONE',  ( 3.000000000000000000, 0.3500000000000024203, 0.2749999999999982458 ) ) ;
#294 = ORIENTED_EDGE ( 'NONE', *, *, #7048, .F. ) ;
#295 = DIRECTION ( 'NONE',  ( 0.000000000000000000, 1.000000000000000000, 0.000000000000000000 ) ) ;
#296 = DIRECTION ( 'NONE',  ( -1.000000000000000000, 0.000000000000000000, 7.228014483236698528E-16 ) ) ;
#297 = DIRECTION ( 'NONE',  ( -1.000000000000000000, 0.000000000000000000, 0.000000000000000000 ) ) ;
#298 = CARTESIAN_POINT ( 'NONE',  ( -0.4749999999999999223, 0.2000000000000000111, -0.9499999999999999556 ) ) ;
#299 = AXIS2_PLACEMENT_3D ( 'NONE', #1731, #8850, #11964 ) ;
#300 = ORIENTED_EDGE ( 'NONE', *, *, #10795, .T. ) ;
#301 = DIRECTION ( 'NONE',  ( 0.000000000000000000, -1.000000000000000000, 0.000000000000000000 ) ) ;
#302 = VECTOR ( 'NONE', #10567, 1000.000000000000000 ) ;
#303 = DIRECTION ( 'NONE',  ( -4.818676322157797375E-16, 1.000000000000000000, 0.000000000000000000 ) ) ;
#304 = ORIENTED_EDGE ( 'NONE', *, *, #10128, .T. ) ;
#305 = EDGE_CURVE ( 'NONE', #6249, #1922, #10584, .T. ) ;
#306 = VECTOR ( 'NONE', #3154, 1000.000000000000000 ) ;
#307 = DIRECTION ( 'NONE',  ( 0.000000000000000000, 0.000000000000000000, -1.000000000000000000 ) ) ;
#308 = ORIENTED_EDGE ( 'NONE', *, *, #10293, .F. ) ;
#309 = DIRECTION ( 'NONE',  ( 1.000000000000000000, 0.000000000000000000, 0.000000000000000000 ) ) ;
#310 = LINE ( 'NONE', #4513, #9373 ) ;
#311 = DIRECTION ( 'NONE',  ( 0.000000000000000000, -1.000000000000000000, 0.000000000000000000 ) ) ;
#312 = CYLINDRICAL_SURFACE ( 'NONE', #3464, 0.09999999999999993616 ) ;
#313 = EDGE_LOOP ( 'NONE', ( #12473, #3996, #6926, #1 ) ) ;
#314 = EDGE_CURVE ( 'NONE', #7360, #4853, #6166, .T. ) ;
#315 = ORIENTED_EDGE ( 'NONE', *, *, #12724, .T. ) ;
#316 = EDGE_CURVE ( 'NONE', #4080, #13129, #1958, .T. ) ;
#317 = ORIENTED_EDGE ( 'NONE', *, *, #5886, .F. ) ;
#318 = DIRECTION ( 'NONE',  ( -1.000000000000000000, 0.000000000000000000, 0.000000000000000000 ) ) ;
#319 = VERTEX_POINT ( 'NONE', #5032 ) ;
#320 = VECTOR ( 'NONE', #6957, 1000.000000000000000 ) ;
#321 = AXIS2_PLACEMENT_3D ( 'NONE', #8214, #4913, #9011 ) ;
#322 = DIRECTION ( 'NONE',  ( 0.5773502691896227335, -0.5773502691896318373, 0.5773502691896227335 ) ) ;
#323 = ORIENTED_EDGE ( 'NONE', *, *, #6772, .T. ) ;
#324 = CARTESIAN_POINT ( 'NONE',  ( 3.500000000000000000, 1.150000000000011013, 1.350000000000000533 ) ) ;
#325 = DIRECTION ( 'NONE',  ( 1.000000000000000000, 0.000000000000000000, -7.228014483236698528E-16 ) ) ;
#326 = VECTOR ( 'NONE', #5361, 1000.000000000000000 ) ;
#327 = CARTESIAN_POINT ( 'NONE',  ( 0.3250000000000001776, 0.2000000000000000111, -0.9499999999999999556 ) ) ;
#328 = ORIENTED_EDGE ( 'NONE', *, *, #8622, .T. ) ;
#329 = EDGE_CURVE ( 'NONE', #527, #4938, #2287, .T. ) ;
#330 = PLANE ( 'NONE',  #7129 ) ;
#331 = FACE_OUTER_BOUND ( 'NONE', #5745, .T. ) ;
#332 = CARTESIAN_POINT ( 'NONE',  ( 2.024999999999999911, 1.524999999999999911, 0.5500000000000003775 ) ) ;
#333 = LINE ( 'NONE', #4020, #159 ) ;
#334 = ORIENTED_EDGE ( 'NONE', *, *, #10654, .F. ) ;
#335 = DIRECTION ( 'NONE',  ( 0.000000000000000000, -2.710505431213783173E-15, 1.000000000000000000 ) ) ;
#336 = VERTEX_POINT ( 'NONE', #10251 ) ;
#337 = ORIENTED_EDGE ( 'NONE', *, *, #1100, .F. ) ;
#338 = EDGE_CURVE ( 'NONE', #4177, #8589, #11042, .T. ) ;
#339 = CARTESIAN_POINT ( 'NONE',  ( 2.075000000000000178, 1.499999999999999334, 1.275000000000000133 ) ) ;
#340 = CARTESIAN_POINT ( 'NONE',  ( 1.125000000000000222, 1.150000000000000133, -0.3999999999999999667 ) ) ;
#341 = FACE_OUTER_BOUND ( 'NONE', #12547, .T. ) ;
#342 = DIRECTION ( 'NONE',  ( -1.445602896647340100E-15, 1.000000000000000000, 0.000000000000000000 ) ) ;
#343 = PRESENTATION_LAYER_ASSIGNMENT (  '', '', ( #7925 ) ) ;
#344 = ORIENTED_EDGE ( 'NONE', *, *, #5799, .T. ) ;
#345 = CARTESIAN_POINT ( 'NONE',  ( -2.075000000000000178, 1.150000000000000133, -1.229999999999999982 ) ) ;
#346 = CYLINDRICAL_SURFACE ( 'NONE', #11109, 0.2236160714285718720 ) ;
#347 = EDGE_LOOP ( 'NONE', ( #8311, #13245, #4612, #12910 ) ) ;
#348 = LINE ( 'NONE', #8417, #5033 ) ;
#349 = CARTESIAN_POINT ( 'NONE',  ( 1.275000000000000133, 1.124999999999999778, -0.5500000000000018208 ) ) ;
#350 = VECTOR ( 'NONE', #8748, 1000.000000000000000 ) ;
#351 = EDGE_LOOP ( 'NONE', ( #9907, #4, #2706, #5002 ) ) ;
#352 = DIRECTION ( 'NONE',  ( 0.000000000000000000, 0.000000000000000000, -1.000000000000000000 ) ) ;
#353 = EDGE_LOOP ( 'NONE', ( #7860, #12035, #8007, #4369, #8033, #3015, #12683, #62, #3432, #8019, #4267, #9067, #12997, #3653, #8302, #3364, #4060 ) ) ;
#354 = VERTEX_POINT ( 'NONE', #853 ) ;
#355 = CARTESIAN_POINT ( 'NONE',  ( -0.3250000000000000111, 1.750000000000000888, -0.5500000000000018208 ) ) ;
#356 = EDGE_CURVE ( 'NONE', #4510, #10466, #11083, .T. ) ;
#357 = CARTESIAN_POINT ( 'NONE',  ( -2.075000000000000178, 1.574999999999999734, -1.350000000000000533 ) ) ;
#358 = ADVANCED_FACE ( 'NONE', ( #6705 ), #10337, .T. ) ;
#359 = VECTOR ( 'NONE', #4435, 1000.000000000000000 ) ;
#360 = EDGE_CURVE ( 'NONE', #5894, #9433, #10843, .T. ) ;
#361 = DIRECTION ( 'NONE',  ( -1.000000000000000000, -0.000000000000000000, -0.000000000000000000 ) ) ;
#362 = ORIENTED_EDGE ( 'NONE', *, *, #10188, .T. ) ;
#363 = VECTOR ( 'NONE', #2071, 1000.000000000000000 ) ;
#364 = AXIS2_PLACEMENT_3D ( 'NONE', #10543, #5502, #12273 ) ;
#365 = ORIENTED_EDGE ( 'NONE', *, *, #12045, .T. ) ;
#366 = LINE ( 'NONE', #6504, #9345 ) ;
#367 = FACE_OUTER_BOUND ( 'NONE', #3533, .T. ) ;
#368 = DIRECTION ( 'NONE',  ( 0.000000000000000000, 1.000000000000000000, 0.000000000000000000 ) ) ;
#369 = DIRECTION ( 'NONE',  ( 0.000000000000000000, 0.000000000000000000, 1.000000000000000000 ) ) ;
#370 = ORIENTED_EDGE ( 'NONE', *, *, #11633, .T. ) ;
#371 = VERTEX_POINT ( 'NONE', #7034 ) ;
#372 = CARTESIAN_POINT ( 'NONE',  ( 3.500000000000000000, 0.2799999999999950862, -1.350000000000000533 ) ) ;
#373 = ORIENTED_EDGE ( 'NONE', *, *, #6491, .T. ) ;
#374 = CARTESIAN_POINT ( 'NONE',  ( -0.3250000000000000111, 0.7499999999999998890, -0.5500000000000020428 ) ) ;
#375 = CARTESIAN_POINT ( 'NONE',  ( 0.3250000000000001776, 1.575000000000000178, 0.4999999999999997780 ) ) ;
#376 = DIRECTION ( 'NONE',  ( 1.000000000000000000, -0.000000000000000000, -0.000000000000000000 ) ) ;
#377 = SURFACE_STYLE_USAGE ( .BOTH. , #12566 ) ;
#378 = DIRECTION ( 'NONE',  ( 5.421010862427532031E-16, -1.694065894508603636E-16, 1.000000000000000000 ) ) ;
#379 = VECTOR ( 'NONE', #6428, 1000.000000000000000 ) ;
#380 = ADVANCED_FACE ( 'NONE', ( #10779 ), #102, .F. ) ;
#381 = DIRECTION ( 'NONE',  ( 0.000000000000000000, 0.000000000000000000, -1.000000000000000000 ) ) ;
#382 = DIRECTION ( 'NONE',  ( 0.000000000000000000, 1.000000000000000000, 0.000000000000000000 ) ) ;
#383 = ORIENTED_EDGE ( 'NONE', *, *, #6577, .F. ) ;
#384 = EDGE_CURVE ( 'NONE', #12152, #12309, #11152, .T. ) ;
#385 = ADVANCED_FACE ( 'NONE', ( #2161 ), #6540, .F. ) ;
#386 = LINE ( 'NONE', #1174, #306 ) ;
#387 = DIRECTION ( 'NONE',  ( -1.000000000000000000, -0.000000000000000000, -0.000000000000000000 ) ) ;
#388 = ORIENTED_EDGE ( 'NONE', *, *, #5866, .T. ) ;
#389 = VECTOR ( 'NONE', #1241, 1000.000000000000000 ) ;
#390 = DIRECTION ( 'NONE',  ( 1.000000000000000000, 0.000000000000000000, -7.228014483236698528E-16 ) ) ;
#391 = FACE_OUTER_BOUND ( 'NONE', #8522, .T. ) ;
#392 = DIRECTION ( 'NONE',  ( 0.000000000000000000, 0.000000000000000000, 1.000000000000000000 ) ) ;
#393 = ORIENTED_EDGE ( 'NONE', *, *, #632, .T. ) ;
#394 = VERTEX_POINT ( 'NONE', #5947 ) ;
#395 = ORIENTED_EDGE ( 'NONE', *, *, #9057, .T. ) ;
#396 = CARTESIAN_POINT ( 'NONE',  ( 3.500000000000000000, 1.675000000000001377, -1.350000000000000533 ) ) ;
#397 = FACE_OUTER_BOUND ( 'NONE', #12238, .T. ) ;
#398 = DIRECTION ( 'NONE',  ( -1.000000000000000000, 0.000000000000000000, -0.000000000000000000 ) ) ;
#399 = PLANE ( 'NONE',  #10977 ) ;
#400 = ORIENTED_EDGE ( 'NONE', *, *, #3386, .F. ) ;
#401 = SURFACE_STYLE_USAGE ( .BOTH. , #9620 ) ;
#402 = VECTOR ( 'NONE', #83, 1000.000000000000000 ) ;
#403 = DIRECTION ( 'NONE',  ( -1.000000000000000000, -0.000000000000000000, -0.000000000000000000 ) ) ;
#404 = ORIENTED_EDGE ( 'NONE', *, *, #488, .F. ) ;
#405 = PLANE ( 'NONE',  #9567 ) ;
#406 = VECTOR ( 'NONE', #11052, 1000.000000000000000 ) ;
#407 = CARTESIAN_POINT ( 'NONE',  ( 1.125000000000000222, 0.6999999999999995115, -0.3499999999999998113 ) ) ;
#408 = EDGE_CURVE ( 'NONE', #12524, #6467, #2241, .T. ) ;
#409 = ORIENTED_EDGE ( 'NONE', *, *, #2518, .T. ) ;
#410 = CARTESIAN_POINT ( 'NONE',  ( -3.200000000000000178, -2.551063935260013388E-17, 1.224999999999994982 ) ) ;
#411 = CARTESIAN_POINT ( 'NONE',  ( -0.3250000000000000111, 0.000000000000000000, -1.300000000000000044 ) ) ;
#412 = ORIENTED_EDGE ( 'NONE', *, *, #6795, .T. ) ;
#413 = ORIENTED_EDGE ( 'NONE', *, *, #9223, .F. ) ;
#414 = CARTESIAN_POINT ( 'NONE',  ( 3.500000000000000000, 1.750000000000000000, -1.275000000000001910 ) ) ;
#415 = DIRECTION ( 'NONE',  ( -1.000000000000000000, 0.000000000000000000, 0.000000000000000000 ) ) ;
#416 = CARTESIAN_POINT ( 'NONE',  ( 3.000000000000000444, 0.6200000000000113198, 1.324999999999999956 ) ) ;
#417 = LINE ( 'NONE', #12626, #489 ) ;
#418 = CARTESIAN_POINT ( 'NONE',  ( -1.158333333333333659, 1.158333333333333659, 0.5333333333333336590 ) ) ;
#419 = AXIS2_PLACEMENT_3D ( 'NONE', #10049, #81, #1985 ) ;
#420 = ORIENTED_EDGE ( 'NONE', *, *, #128, .F. ) ;
#421 = DIRECTION ( 'NONE',  ( 0.000000000000000000, 1.000000000000000000, 8.673617379884030542E-16 ) ) ;
#422 = LINE ( 'NONE', #4069, #4537 ) ;
#423 = EDGE_CURVE ( 'NONE', #1352, #5466, #6356, .T. ) ;
#424 = ORIENTED_EDGE ( 'NONE', *, *, #12858, .T. ) ;
#425 = LINE ( 'NONE', #3136, #9394 ) ;
#426 = CARTESIAN_POINT ( 'NONE',  ( 1.275000000000000133, 0.7499999999999991118, -0.3499999999999998113 ) ) ;
#427 = VECTOR ( 'NONE', #4993, 1000.000000000000000 ) ;
#428 = AXIS2_PLACEMENT_3D ( 'NONE', #8841, #3857, #10206 ) ;
#429 = EDGE_LOOP ( 'NONE', ( #9948, #3938, #3945, #6833 ) ) ;
#430 = CARTESIAN_POINT ( 'NONE',  ( 1.275000000000000133, 1.574999999999999734, -0.5500000000000020428 ) ) ;
#431 = EDGE_CURVE ( 'NONE', #394, #10790, #6395, .T. ) ;
#432 = DIRECTION ( 'NONE',  ( -1.000000000000000000, 0.000000000000000000, 0.000000000000000000 ) ) ;
#433 = ORIENTED_EDGE ( 'NONE', *, *, #2916, .T. ) ;
#434 = EDGE_CURVE ( 'NONE', #4741, #2934, #2183, .T. ) ;
#435 = EDGE_CURVE ( 'NONE', #3178, #1945, #2309, .T. ) ;
#436 = ORIENTED_EDGE ( 'NONE', *, *, #3002, .F. ) ;
#437 = EDGE_CURVE ( 'NONE', #7593, #12822, #10982, .T. ) ;
#438 = DIRECTION ( 'NONE',  ( 1.000000000000000000, -0.000000000000000000, -0.000000000000000000 ) ) ;
#439 = EDGE_CURVE ( 'NONE', #2887, #4232, #6730, .T. ) ;
#440 = CARTESIAN_POINT ( 'NONE',  ( 3.799999999999999822, 3.600000000000000089, 0.5749999999999982903 ) ) ;
#441 = CARTESIAN_POINT ( 'NONE',  ( 0.4750000000000001443, 1.574999999999999956, -1.300000000000000044 ) ) ;
#442 = DIRECTION ( 'NONE',  ( 1.000000000000000000, 1.275531967630008943E-16, -0.000000000000000000 ) ) ;
#443 = FACE_OUTER_BOUND ( 'NONE', #10207, .T. ) ;
#444 = DIRECTION ( 'NONE',  ( -5.421010862427532031E-16, 1.694065894508603883E-16, -1.000000000000000000 ) ) ;
#445 = ORIENTED_EDGE ( 'NONE', *, *, #5839, .T. ) ;
#446 = DIRECTION ( 'NONE',  ( 1.000000000000000000, 1.275531967630008943E-16, -0.000000000000000000 ) ) ;
#447 = LINE ( 'NONE', #9910, #4451 ) ;
#448 = ORIENTED_EDGE ( 'NONE', *, *, #12692, .F. ) ;
#449 = DIRECTION ( 'NONE',  ( 0.000000000000000000, 0.000000000000000000, -1.000000000000000000 ) ) ;
#450 = VECTOR ( 'NONE', #8064, 1000.000000000000000 ) ;
#451 = AXIS2_PLACEMENT_3D ( 'NONE', #649, #10444, #6559 ) ;
#452 = DIRECTION ( 'NONE',  ( -1.000000000000000000, 0.000000000000000000, 0.000000000000000000 ) ) ;
#453 = CARTESIAN_POINT ( 'NONE',  ( -3.200000000000000178, -1.254149897585988891E-16, 0.4750000000000064171 ) ) ;
#454 = ORIENTED_EDGE ( 'NONE', *, *, #571, .T. ) ;
#455 = APPLICATION_CONTEXT ( 'automotive_design' ) ;
#456 = VERTEX_POINT ( 'NONE', #9480 ) ;
#457 = ORIENTED_EDGE ( 'NONE', *, *, #10484, .F. ) ;
#458 = EDGE_CURVE ( 'NONE', #5754, #3712, #11025, .T. ) ;
#459 = ORIENTED_EDGE ( 'NONE', *, *, #2458, .T. ) ;
#460 = CARTESIAN_POINT ( 'NONE',  ( -0.4749999999999999223, 1.150000000000000133, -1.453616071428571743 ) ) ;
#461 = DIRECTION ( 'NONE',  ( 0.000000000000000000, -1.172110456741085828E-16, -1.000000000000000000 ) ) ;
#462 = EDGE_CURVE ( 'NONE', #12316, #12640, #2199, .T. ) ;
#463 = CARTESIAN_POINT ( 'NONE',  ( 1.925000000000000044, 1.575000000000000178, 0.5500000000000003775 ) ) ;
#464 = CARTESIAN_POINT ( 'NONE',  ( 1.925000000000000044, 1.524999999999999911, 0.5500000000000003775 ) ) ;
#465 = ADVANCED_FACE ( 'NONE', ( #10881 ), #8553, .F. ) ;
#466 = CARTESIAN_POINT ( 'NONE',  ( 1.275000000000000133, 1.125000000000000222, -0.5500000000000018208 ) ) ;
#467 = LINE ( 'NONE', #8333, #379 ) ;
#468 = EDGE_CURVE ( 'NONE', #1620, #13098, #2140, .T. ) ;
#469 = DIRECTION ( 'NONE',  ( 0.000000000000000000, 0.000000000000000000, -1.000000000000000000 ) ) ;
#470 = ORIENTED_EDGE ( 'NONE', *, *, #10128, .F. ) ;
#471 = EDGE_CURVE ( 'NONE', #4943, #1006, #6562, .T. ) ;
#472 = EDGE_CURVE ( 'NONE', #6897, #11674, #1938, .T. ) ;
#473 = VECTOR ( 'NONE', #6684, 1000.000000000000114 ) ;
#474 = CARTESIAN_POINT ( 'NONE',  ( 1.275000000000000133, 1.750000000000000888, -0.5500000000000018208 ) ) ;
#475 = ORIENTED_EDGE ( 'NONE', *, *, #2445, .T. ) ;
#476 = CARTESIAN_POINT ( 'NONE',  ( -2.074999999999999289, 0.7499999999999991118, -0.5500000000000018208 ) ) ;
#477 = LINE ( 'NONE', #6670, #601 ) ;
#478 = PLANE ( 'NONE',  #743 ) ;
#479 = VECTOR ( 'NONE', #11841, 1000.000000000000000 ) ;
#480 = CARTESIAN_POINT ( 'NONE',  ( -2.075000000000000178, 0.4499999999999991784, -1.350000000000000533 ) ) ;
#481 = VERTEX_POINT ( 'NONE', #9403 ) ;
#482 = ORIENTED_EDGE ( 'NONE', *, *, #3612, .T. ) ;
#483 = AXIS2_PLACEMENT_3D ( 'NONE', #6498, #3497, #1323 ) ;
#484 = ORIENTED_EDGE ( 'NONE', *, *, #197, .F. ) ;
#485 = VERTEX_POINT ( 'NONE', #12550 ) ;
#486 = DIRECTION ( 'NONE',  ( 0.000000000000000000, 1.000000000000000000, 0.000000000000000000 ) ) ;
#487 = ADVANCED_FACE ( 'NONE', ( #10957 ), #2341, .F. ) ;
#488 = EDGE_CURVE ( 'NONE', #12908, #7081, #6457, .T. ) ;
#489 = VECTOR ( 'NONE', #1340, 1000.000000000000000 ) ;
#490 = ADVANCED_FACE ( 'NONE', ( #10801 ), #3544, .F. ) ;
#491 = CARTESIAN_POINT ( 'NONE',  ( -3.000000000000000444, 0.7250000000000111910, 1.350000000000000533 ) ) ;
#492 = DIRECTION ( 'NONE',  ( -4.818676322157797375E-16, 1.000000000000000000, -6.965892449317257782E-31 ) ) ;
#493 = ORIENTED_EDGE ( 'NONE', *, *, #2456, .F. ) ;
#494 = CARTESIAN_POINT ( 'NONE',  ( -1.275000000000000133, 0.2000000000000000111, -0.9499999999999999556 ) ) ;
#495 = CARTESIAN_POINT ( 'NONE',  ( 1.349999999999981659, -1.595000000000014184, 0.5249999999999792610 ) ) ;
#496 = ADVANCED_FACE ( 'NONE', ( #10755 ), #6537, .T. ) ;
#497 = CIRCLE ( 'NONE', #8767, 0.2236160714285718720 ) ;
#498 = DIRECTION ( 'NONE',  ( -1.000000000000000000, -0.000000000000000000, -1.445602896647338917E-15 ) ) ;
#499 = EDGE_CURVE ( 'NONE', #12620, #5487, #2113, .T. ) ;
#500 = VERTEX_POINT ( 'NONE', #4650 ) ;
#501 = EDGE_CURVE ( 'NONE', #1112, #10116, #6689, .T. ) ;
#502 = DIRECTION ( 'NONE',  ( 1.000000000000000000, 0.000000000000000000, 0.000000000000000000 ) ) ;
#503 = LINE ( 'NONE', #7344, #4912 ) ;
#504 = DIRECTION ( 'NONE',  ( 0.000000000000000000, 0.000000000000000000, -1.000000000000000000 ) ) ;
#505 = LINE ( 'NONE', #9325, #4690 ) ;
#506 = ORIENTED_EDGE ( 'NONE', *, *, #4091, .T. ) ;
#507 = PLANE ( 'NONE',  #6027 ) ;
#508 = CARTESIAN_POINT ( 'NONE',  ( 0.4750000000000001443, 0.2000000000000000111, -0.9499999999999999556 ) ) ;
#509 = ORIENTED_EDGE ( 'NONE', *, *, #3948, .T. ) ;
#510 = EDGE_LOOP ( 'NONE', ( #5264, #2827, #8836, #482 ) ) ;
#511 = ORIENTED_EDGE ( 'NONE', *, *, #608, .F. ) ;
#512 = DIRECTION ( 'NONE',  ( 0.000000000000000000, -1.000000000000000000, 0.000000000000000000 ) ) ;
#513 = AXIS2_PLACEMENT_3D ( 'NONE', #38, #10836, #10996 ) ;
#514 = DIRECTION ( 'NONE',  ( -0.000000000000000000, -1.000000000000000000, 0.000000000000000000 ) ) ;
#515 = FACE_OUTER_BOUND ( 'NONE', #8208, .T. ) ;
#516 = VERTEX_POINT ( 'NONE', #11330 ) ;
#517 = DIRECTION ( 'NONE',  ( -0.000000000000000000, 1.000000000000000000, -0.000000000000000000 ) ) ;
#518 = VECTOR ( 'NONE', #7984, 1000.000000000000000 ) ;
#519 = ORIENTED_EDGE ( 'NONE', *, *, #5352, .F. ) ;
#520 = LINE ( 'NONE', #6030, #4935 ) ;
#521 = DIRECTION ( 'NONE',  ( 1.000000000000000000, 0.000000000000000000, -0.000000000000000000 ) ) ;
#522 = ORIENTED_EDGE ( 'NONE', *, *, #1364, .F. ) ;
#523 = DIRECTION ( 'NONE',  ( 1.275531967630008697E-16, 1.000000000000000000, -1.332058005413337239E-16 ) ) ;
#524 = EDGE_LOOP ( 'NONE', ( #4185, #4324, #12896, #12884 ) ) ;
#525 = ORIENTED_EDGE ( 'NONE', *, *, #900, .F. ) ;
#526 = EDGE_CURVE ( 'NONE', #10470, #2526, #11004, .T. ) ;
#527 = VERTEX_POINT ( 'NONE', #12019 ) ;
#528 = DIRECTION ( 'NONE',  ( -0.5773502691896242878, 0.5773502691896251759, 0.5773502691896278405 ) ) ;
#529 = DIRECTION ( 'NONE',  ( -0.7071067811865475727, 0.000000000000000000, 0.7071067811865475727 ) ) ;
#530 = CARTESIAN_POINT ( 'NONE',  ( 3.500000000000000000, 0.1500000000000054623, 0.2749999999999981348 ) ) ;
#531 = DIRECTION ( 'NONE',  ( 1.000000000000000000, -1.275531967630008943E-16, -0.000000000000000000 ) ) ;
#532 = LINE ( 'NONE', #3815, #4991 ) ;
#533 = DIRECTION ( 'NONE',  ( 0.7071067811865474617, -0.000000000000000000, 0.7071067811865474617 ) ) ;
#534 = UNCERTAINTY_MEASURE_WITH_UNIT (LENGTH_MEASURE( 1.000000000000000082E-05 ), #5090, 'distance_accuracy_value', 'NONE');
#535 = CARTESIAN_POINT ( 'NONE',  ( 3.225000000000000533, 1.149999999999999911, -0.3000000000000006550 ) ) ;
#536 = CIRCLE ( 'NONE', #9073, 0.2236160714285718720 ) ;
#537 = ORIENTED_EDGE ( 'NONE', *, *, #6477, .T. ) ;
#538 = DIRECTION ( 'NONE',  ( 0.000000000000000000, -1.000000000000000000, 0.000000000000000000 ) ) ;
#539 = LINE ( 'NONE', #9107, #9138 ) ;
#540 = VECTOR ( 'NONE', #9766, 1000.000000000000000 ) ;
#541 = CARTESIAN_POINT ( 'NONE',  ( -2.075000000000000178, 0.000000000000000000, -0.9499999999999999556 ) ) ;
#542 = CARTESIAN_POINT ( 'NONE',  ( -2.075000000000000178, 1.124999999999999778, -1.350000000000000533 ) ) ;
#543 = EDGE_LOOP ( 'NONE', ( #673, #4916, #11573, #2466 ) ) ;
#544 = VERTEX_POINT ( 'NONE', #7816 ) ;
#545 = CARTESIAN_POINT ( 'NONE',  ( -0.4249999999999998224, 1.524999999999999911, 0.5500000000000003775 ) ) ;
#546 = ORIENTED_EDGE ( 'NONE', *, *, #12172, .F. ) ;
#547 = ORIENTED_EDGE ( 'NONE', *, *, #10188, .F. ) ;
#548 = PLANE ( 'NONE',  #4976 ) ;
#549 = CARTESIAN_POINT ( 'NONE',  ( 2.075000000000000178, 1.575000000000000178, 0.5500000000000003775 ) ) ;
#550 = CARTESIAN_POINT ( 'NONE',  ( -1.125000000000000222, 0.7499999999999998890, -0.5500000000000020428 ) ) ;
#551 = DIRECTION ( 'NONE',  ( -0.5773502691896242878, 0.5773502691896251759, 0.5773502691896278405 ) ) ;
#552 = DIRECTION ( 'NONE',  ( -0.000000000000000000, 1.000000000000000000, 0.000000000000000000 ) ) ;
#553 = LINE ( 'NONE', #8978, #591 ) ;
#554 = CARTESIAN_POINT ( 'NONE',  ( -1.925000000000000044, 1.574999999999999734, -1.350000000000000533 ) ) ;
#555 = CARTESIAN_POINT ( 'NONE',  ( 2.075000000000000178, 0.1000000000000000056, -0.9499999999999999556 ) ) ;
#556 = FACE_OUTER_BOUND ( 'NONE', #9353, .T. ) ;
#557 = ORIENTED_EDGE ( 'NONE', *, *, #35, .T. ) ;
#558 = PLANE ( 'NONE',  #451 ) ;
#559 = VECTOR ( 'NONE', #1409, 1000.000000000000000 ) ;
#560 = VECTOR ( 'NONE', #9268, 1000.000000000000000 ) ;
#561 = CARTESIAN_POINT ( 'NONE',  ( 2.700000000000000178, 1.149999999999999911, -1.350000000000000533 ) ) ;
#562 = ORIENTED_EDGE ( 'NONE', *, *, #3742, .T. ) ;
#563 = ORIENTED_EDGE ( 'NONE', *, *, #10756, .T. ) ;
#564 = VERTEX_POINT ( 'NONE', #7909 ) ;
#565 = ORIENTED_EDGE ( 'NONE', *, *, #11600, .F. ) ;
#566 = DIRECTION ( 'NONE',  ( 0.000000000000000000, 1.000000000000000000, 0.000000000000000000 ) ) ;
#567 = ADVANCED_FACE ( 'NONE', ( #2064 ), #11772, .F. ) ;
#568 = VECTOR ( 'NONE', #7357, 1000.000000000000000 ) ;
#569 = EDGE_CURVE ( 'NONE', #1395, #7211, #6604, .T. ) ;
#570 = CARTESIAN_POINT ( 'NONE',  ( 1.925000000000000488, 1.750000000000000888, -1.350000000000000533 ) ) ;
#571 = EDGE_CURVE ( 'NONE', #1151, #12650, #10822, .T. ) ;
#572 = DIRECTION ( 'NONE',  ( -1.445602896647340100E-15, 1.000000000000000000, 0.000000000000000000 ) ) ;
#573 = DIRECTION ( 'NONE',  ( 0.5773502691896227335, -0.5773502691896318373, 0.5773502691896227335 ) ) ;
#574 = DIRECTION ( 'NONE',  ( 0.000000000000000000, 1.000000000000000000, 0.000000000000000000 ) ) ;
#575 = VERTEX_POINT ( 'NONE', #10847 ) ;
#576 = AXIS2_PLACEMENT_3D ( 'NONE', #10114, #10938, #10862 ) ;
#577 = CARTESIAN_POINT ( 'NONE',  ( -1.275000000000000133, 1.575000000000000178, 0.4999999999999997780 ) ) ;
#578 = LINE ( 'NONE', #7602, #4767 ) ;
#579 = CARTESIAN_POINT ( 'NONE',  ( 0.2750000000000005218, 1.149999999999999911, -1.349999999999997868 ) ) ;
#580 = FACE_OUTER_BOUND ( 'NONE', #9702, .T. ) ;
#581 = ORIENTED_EDGE ( 'NONE', *, *, #12380, .T. ) ;
#582 = CARTESIAN_POINT ( 'NONE',  ( 3.500000000000000000, 0.2799999999999950862, -1.350000000000000533 ) ) ;
#583 = CARTESIAN_POINT ( 'NONE',  ( -2.949999999999999734, 1.714999999999999858, 1.350000000000000533 ) ) ;
#584 = VERTEX_POINT ( 'NONE', #6794 ) ;
#585 = ORIENTED_EDGE ( 'NONE', *, *, #8183, .T. ) ;
#586 = VERTEX_POINT ( 'NONE', #13200 ) ;
#587 = EDGE_CURVE ( 'NONE', #9225, #9244, #1981, .T. ) ;
#588 = CARTESIAN_POINT ( 'NONE',  ( 1.925000000000000044, 1.124999999999999778, -1.350000000000000533 ) ) ;
#589 = DIRECTION ( 'NONE',  ( 1.000000000000000000, 0.000000000000000000, 0.000000000000000000 ) ) ;
#590 = EDGE_CURVE ( 'NONE', #5979, #3770, #6314, .T. ) ;
#591 = VECTOR ( 'NONE', #10259, 1000.000000000000000 ) ;
#592 = ADVANCED_FACE ( 'NONE', ( #10738 ), #12840, .T. ) ;
#593 = AXIS2_PLACEMENT_3D ( 'NONE', #6544, #1600, #3520 ) ;
#594 = EDGE_CURVE ( 'NONE', #5860, #11305, #2713, .T. ) ;
#595 = CARTESIAN_POINT ( 'NONE',  ( -3.225000000000000533, 1.149999999999999911, -0.4500000000000006217 ) ) ;
#596 = CARTESIAN_POINT ( 'NONE',  ( -0.4749999999999999223, 1.175000000000000488, 0.5500000000000004885 ) ) ;
#597 = EDGE_CURVE ( 'NONE', #2436, #4851, #11529, .T. ) ;
#598 = ADVANCED_FACE ( 'NONE', ( #2447 ), #10015, .F. ) ;
#599 = VECTOR ( 'NONE', #8802, 1000.000000000000000 ) ;
#600 = EDGE_LOOP ( 'NONE', ( #6194, #10111, #3564, #693 ) ) ;
#601 = VECTOR ( 'NONE', #2908, 1000.000000000000000 ) ;
#602 = CYLINDRICAL_SURFACE ( 'NONE', #1136, 0.09999999999999993616 ) ;
#603 = VERTEX_POINT ( 'NONE', #2862 ) ;
#604 = DIRECTION ( 'NONE',  ( 1.000000000000000000, -0.000000000000000000, -0.000000000000000000 ) ) ;
#605 = EDGE_CURVE ( 'NONE', #5163, #1255, #7139, .T. ) ;
#606 = VERTEX_POINT ( 'NONE', #12944 ) ;
#607 = ORIENTED_EDGE ( 'NONE', *, *, #12172, .T. ) ;
#608 = EDGE_CURVE ( 'NONE', #1446, #111, #2360, .T. ) ;
#609 = EDGE_LOOP ( 'NONE', ( #12243, #1351, #12381, #4299 ) ) ;
#610 = CARTESIAN_POINT ( 'NONE',  ( -2.875000000000002220, 1.750000000000000000, -1.050000000000000488 ) ) ;
#611 = DIRECTION ( 'NONE',  ( 0.000000000000000000, 0.000000000000000000, 1.000000000000000000 ) ) ;
#612 = CARTESIAN_POINT ( 'NONE',  ( -1.274999999999999467, 1.574999999999999734, -0.5500000000000017097 ) ) ;
#613 = CARTESIAN_POINT ( 'NONE',  ( 1.125000000000000222, 1.574999999999999956, -1.300000000000000044 ) ) ;
#614 = LINE ( 'NONE', #2848, #9449 ) ;
#615 = AXIS2_PLACEMENT_3D ( 'NONE', #5321, #307, #2368 ) ;
#616 = DIRECTION ( 'NONE',  ( 0.000000000000000000, -0.7071067811865461294, -0.7071067811865490160 ) ) ;
#617 = DIRECTION ( 'NONE',  ( 1.000000000000000000, 0.000000000000000000, 0.000000000000000000 ) ) ;
#618 = VECTOR ( 'NONE', #9820, 1000.000000000000114 ) ;
#619 = EDGE_LOOP ( 'NONE', ( #66, #4056, #1929, #8560, #4343 ) ) ;
#620 = CARTESIAN_POINT ( 'NONE',  ( 2.500000000000000888, 0.6999999999999991784, 1.275000000000001910 ) ) ;
#621 = EDGE_CURVE ( 'NONE', #7726, #8461, #11647, .T. ) ;
#622 = CIRCLE ( 'NONE', #271, 0.2236160714285718720 ) ;
#623 = DIRECTION ( 'NONE',  ( 0.000000000000000000, 0.000000000000000000, 1.000000000000000000 ) ) ;
#624 = LINE ( 'NONE', #3850, #862 ) ;
#625 = DIRECTION ( 'NONE',  ( 1.000000000000000000, -0.000000000000000000, -0.000000000000000000 ) ) ;
#626 = DIRECTION ( 'NONE',  ( 9.019373039314010907E-17, 0.7071067811865492381, 0.7071067811865457964 ) ) ;
#627 = ORIENTED_EDGE ( 'NONE', *, *, #2118, .T. ) ;
#628 = ORIENTED_EDGE ( 'NONE', *, *, #12564, .T. ) ;
#629 = DIRECTION ( 'NONE',  ( -2.775557561562891351E-17, 0.7071067811865436870, 0.7071067811865513475 ) ) ;
#630 = ORIENTED_EDGE ( 'NONE', *, *, #3916, .T. ) ;
#631 = ORIENTED_EDGE ( 'NONE', *, *, #8860, .T. ) ;
#632 = EDGE_CURVE ( 'NONE', #12640, #8399, #11193, .T. ) ;
#633 = FILL_AREA_STYLE ('',( #5193 ) ) ;
#634 = DIRECTION ( 'NONE',  ( -0.5773502691896251759, -0.5773502691896270633, -0.5773502691896251759 ) ) ;
#635 = EDGE_LOOP ( 'NONE', ( #4440, #9631, #1300, #11175, #7965, #12190 ) ) ;
#636 = EDGE_CURVE ( 'NONE', #9312, #1888, #2692, .T. ) ;
#637 = CARTESIAN_POINT ( 'NONE',  ( -1.900000000000000577, 0.2499999999999991396, 1.275000000000001910 ) ) ;
#638 = AXIS2_PLACEMENT_3D ( 'NONE', #11194, #1078, #5822 ) ;
#639 = PLANE ( 'NONE',  #12958 ) ;
#640 = DIRECTION ( 'NONE',  ( -0.000000000000000000, -1.000000000000000000, -1.694065894508603636E-16 ) ) ;
#641 =( NAMED_UNIT ( * ) PLANE_ANGLE_UNIT ( ) SI_UNIT ( $, .RADIAN. ) );
#642 = LINE ( 'NONE', #952, #5052 ) ;
#643 = CARTESIAN_POINT ( 'NONE',  ( 1.125000000000000222, 0.7499999999999998890, -0.5500000000000020428 ) ) ;
#644 = AXIS2_PLACEMENT_3D ( 'NONE', #11610, #7641, #1463 ) ;
#645 = CARTESIAN_POINT ( 'NONE',  ( 2.524999999999999911, 0.6999999999999991784, 1.300000000000000711 ) ) ;
#646 = LINE ( 'NONE', #10079, #9468 ) ;
#647 = CARTESIAN_POINT ( 'NONE',  ( -1.925000000000000933, 1.750000000000001554, -1.275000000000000355 ) ) ;
#648 = ORIENTED_EDGE ( 'NONE', *, *, #8747, .F. ) ;
#649 = CARTESIAN_POINT ( 'NONE',  ( 2.500000000000000888, 1.499999999999999334, 1.275000000000000133 ) ) ;
#650 = FACE_OUTER_BOUND ( 'NONE', #1066, .T. ) ;
#651 = VECTOR ( 'NONE', #10935, 1000.000000000000114 ) ;
#652 = AXIS2_PLACEMENT_3D ( 'NONE', #7431, #6672, #335 ) ;
#653 = CARTESIAN_POINT ( 'NONE',  ( 3.500000000000000000, 0.2299999999999944866, -0.5500000000000018208 ) ) ;
#654 = ORIENTED_EDGE ( 'NONE', *, *, #10191, .F. ) ;
#655 = ORIENTED_EDGE ( 'NONE', *, *, #9863, .F. ) ;
#656 = ORIENTED_EDGE ( 'NONE', *, *, #4740, .T. ) ;
#657 = ORIENTED_EDGE ( 'NONE', *, *, #8808, .F. ) ;
#658 = ORIENTED_EDGE ( 'NONE', *, *, #8366, .T. ) ;
#659 = EDGE_CURVE ( 'NONE', #544, #2944, #11173, .T. ) ;
#660 = CARTESIAN_POINT ( 'NONE',  ( 1.125000000000000222, 0.2299999999999945421, -0.5500000000000018208 ) ) ;
#661 = VECTOR ( 'NONE', #7700, 1000.000000000000000 ) ;
#662 = PLANE ( 'NONE',  #5578 ) ;
#663 = CARTESIAN_POINT ( 'NONE',  ( 0.4750000000000001443, 1.125000000000000222, 0.5000000000000000000 ) ) ;
#664 = DIRECTION ( 'NONE',  ( -0.000000000000000000, -0.000000000000000000, 1.000000000000000000 ) ) ;
#665 = LINE ( 'NONE', #6859, #4957 ) ;
#666 = DIRECTION ( 'NONE',  ( 0.000000000000000000, -1.000000000000000000, 0.000000000000000000 ) ) ;
#667 = AXIS2_PLACEMENT_3D ( 'NONE', #3229, #13240, #13153 ) ;
#668 = ORIENTED_EDGE ( 'NONE', *, *, #13208, .T. ) ;
#669 = DIRECTION ( 'NONE',  ( -1.000000000000000000, 0.000000000000000000, 0.000000000000000000 ) ) ;
#670 = VECTOR ( 'NONE', #7459, 1000.000000000000000 ) ;
#671 = DIRECTION ( 'NONE',  ( 0.7071067811865497932, -1.703659351870409300E-16, -0.7071067811865452413 ) ) ;
#672 = LINE ( 'NONE', #550, #826 ) ;
#673 = ORIENTED_EDGE ( 'NONE', *, *, #11747, .F. ) ;
#674 = DIRECTION ( 'NONE',  ( 0.000000000000000000, 0.7071067811865420216, 0.7071067811865531239 ) ) ;
#675 = DIRECTION ( 'NONE',  ( -0.5773502691896208461, 0.5773502691896281735, 0.5773502691896281735 ) ) ;
#676 = ORIENTED_EDGE ( 'NONE', *, *, #9062, .F. ) ;
#677 = ORIENTED_EDGE ( 'NONE', *, *, #2765, .T. ) ;
#678 = ORIENTED_EDGE ( 'NONE', *, *, #6015, .F. ) ;
#679 = CARTESIAN_POINT ( 'NONE',  ( 3.200000000000000178, 1.150000000000011013, 1.350000000000000533 ) ) ;
#680 = EDGE_LOOP ( 'NONE', ( #2072, #10845, #8990, #57, #11395, #6425 ) ) ;
#681 = DIRECTION ( 'NONE',  ( 0.000000000000000000, -1.000000000000000000, 0.000000000000000000 ) ) ;
#682 = CARTESIAN_POINT ( 'NONE',  ( -2.700000000000000178, 0.05000000000000490163, -1.050000000000000488 ) ) ;
#683 = VECTOR ( 'NONE', #2536, 1000.000000000000000 ) ;
#684 = CARTESIAN_POINT ( 'NONE',  ( -2.740000000000000213, 1.299999999999999156, 1.350000000000000533 ) ) ;
#685 = CARTESIAN_POINT ( 'NONE',  ( 0.4750000000000001443, 1.499999999999999334, -0.3499999999999994227 ) ) ;
#686 = VECTOR ( 'NONE', #949, 1000.000000000000000 ) ;
#687 = DIRECTION ( 'NONE',  ( -1.000000000000000000, 0.000000000000000000, -0.000000000000000000 ) ) ;
#688 = ORIENTED_EDGE ( 'NONE', *, *, #5962, .F. ) ;
#689 = LINE ( 'NONE', #3444, #1059 ) ;
#690 = DIRECTION ( 'NONE',  ( 0.000000000000000000, 0.000000000000000000, 1.000000000000000000 ) ) ;
#691 = CARTESIAN_POINT ( 'NONE',  ( -0.4749999999999999223, 0.7499999999999998890, -0.5500000000000020428 ) ) ;
#692 = VECTOR ( 'NONE', #10027, 1000.000000000000000 ) ;
#693 = ORIENTED_EDGE ( 'NONE', *, *, #9510, .T. ) ;
#694 = DIRECTION ( 'NONE',  ( 1.000000000000000000, -1.275531967630008943E-16, -0.000000000000000000 ) ) ;
#695 = ORIENTED_EDGE ( 'NONE', *, *, #1812, .T. ) ;
#696 = ORIENTED_EDGE ( 'NONE', *, *, #6945, .T. ) ;
#697 = ORIENTED_EDGE ( 'NONE', *, *, #356, .T. ) ;
#698 = ORIENTED_EDGE ( 'NONE', *, *, #4885, .T. ) ;
#699 = DIRECTION ( 'NONE',  ( 0.000000000000000000, -0.9363291775690438801, -0.3511234415883935922 ) ) ;
#700 = PLANE ( 'NONE',  #12881 ) ;
#701 = DIRECTION ( 'NONE',  ( -1.000000000000000000, 0.000000000000000000, -0.000000000000000000 ) ) ;
#702 = FACE_OUTER_BOUND ( 'NONE', #3477, .T. ) ;
#703 = ADVANCED_FACE ( 'NONE', ( #2649 ), #11009, .F. ) ;
#704 = CARTESIAN_POINT ( 'NONE',  ( 3.500000000000000000, 0.2299999999999946254, -1.350000000000000533 ) ) ;
#705 = CARTESIAN_POINT ( 'NONE',  ( 1.275000000000000577, 0.4499999999999992339, -1.350000000000000533 ) ) ;
#706 = ADVANCED_FACE ( 'NONE', ( #6936 ), #973, .F. ) ;
#707 = LINE ( 'NONE', #10901, #9628 ) ;
#708 = EDGE_LOOP ( 'NONE', ( #2842, #7014, #8245, #11301, #9481, #2657, #168, #943, #6988, #11857, #7644, #11944, #2985, #3600, #11519, #7046, #1134, #2704, #1426 ) ) ;
#709 = DIRECTION ( 'NONE',  ( 1.000000000000000000, 0.000000000000000000, 0.000000000000000000 ) ) ;
#710 = FACE_OUTER_BOUND ( 'NONE', #7985, .T. ) ;
#711 = ORIENTED_EDGE ( 'NONE', *, *, #6765, .F. ) ;
#712 = ADVANCED_FACE ( 'NONE', ( #11215 ), #7633, .F. ) ;
#713 = FACE_OUTER_BOUND ( 'NONE', #9202, .T. ) ;
#714 = CARTESIAN_POINT ( 'NONE',  ( 1.865000000000000435, 0.2149999999999987477, 0.7500000000000005551 ) ) ;
#715 = VERTEX_POINT ( 'NONE', #5556 ) ;
#716 = DIRECTION ( 'NONE',  ( 0.000000000000000000, 0.000000000000000000, 1.000000000000000000 ) ) ;
#717 = ORIENTED_EDGE ( 'NONE', *, *, #6037, .F. ) ;
#718 = DIRECTION ( 'NONE',  ( -0.7071067811865435759, -7.114961939619187255E-15, 0.7071067811865515695 ) ) ;
#719 = ORIENTED_EDGE ( 'NONE', *, *, #3081, .T. ) ;
#720 = ORIENTED_EDGE ( 'NONE', *, *, #9512, .F. ) ;
#721 = VERTEX_POINT ( 'NONE', #11329 ) ;
#722 = CARTESIAN_POINT ( 'NONE',  ( -3.500000000000000000, -0.06249999999998748917, 0.06249999999998677447 ) ) ;
#723 = CARTESIAN_POINT ( 'NONE',  ( -1.925000000000000044, 0.7499999999999991118, -0.3499999999999998113 ) ) ;
#724 =( NAMED_UNIT ( * ) SI_UNIT ( $, .STERADIAN. ) SOLID_ANGLE_UNIT ( ) );
#725 = PLANE ( 'NONE',  #10360 ) ;
#726 = FILL_AREA_STYLE ('',( #8846 ) ) ;
#727 = FACE_OUTER_BOUND ( 'NONE', #5147, .T. ) ;
#728 = CARTESIAN_POINT ( 'NONE',  ( 2.075000000000000178, 0.000000000000000000, -1.300000000000000044 ) ) ;
#729 = ORIENTED_EDGE ( 'NONE', *, *, #9731, .T. ) ;
#730 = DIRECTION ( 'NONE',  ( -0.000000000000000000, -0.000000000000000000, 1.000000000000000000 ) ) ;
#731 = LINE ( 'NONE', #2243, #5230 ) ;
#732 = DIRECTION ( 'NONE',  ( -1.000000000000000000, -0.000000000000000000, -0.000000000000000000 ) ) ;
#733 = ORIENTED_EDGE ( 'NONE', *, *, #6795, .F. ) ;
#734 = VECTOR ( 'NONE', #4228, 1000.000000000000000 ) ;
#735 = CARTESIAN_POINT ( 'NONE',  ( -2.700000000000000178, 1.474999999999999867, -1.300000000000000711 ) ) ;
#736 = ORIENTED_EDGE ( 'NONE', *, *, #9675, .T. ) ;
#737 = EDGE_CURVE ( 'NONE', #6680, #3311, #2541, .T. ) ;
#738 = ORIENTED_EDGE ( 'NONE', *, *, #7232, .T. ) ;
#739 = ORIENTED_EDGE ( 'NONE', *, *, #8205, .T. ) ;
#740 = EDGE_CURVE ( 'NONE', #191, #3809, #11239, .T. ) ;
#741 = ORIENTED_EDGE ( 'NONE', *, *, #6962, .F. ) ;
#742 = EDGE_LOOP ( 'NONE', ( #6031, #5956, #4461, #1694 ) ) ;
#743 = AXIS2_PLACEMENT_3D ( 'NONE', #10708, #3478, #390 ) ;
#744 = DIRECTION ( 'NONE',  ( 1.000000000000000000, 0.000000000000000000, 1.445602896647338917E-15 ) ) ;
#745 = EDGE_CURVE ( 'NONE', #6344, #5344, #2729, .T. ) ;
#746 = LINE ( 'NONE', #7474, #5117 ) ;
#747 = CARTESIAN_POINT ( 'NONE',  ( 1.925000000000000044, 0.4499999999999999556, -0.3999999999999999667 ) ) ;
#748 = AXIS2_PLACEMENT_3D ( 'NONE', #6211, #10346, #4375 ) ;
#749 = PLANE ( 'NONE',  #4797 ) ;
#750 = VECTOR ( 'NONE', #4101, 1000.000000000000114 ) ;
#751 = DIRECTION ( 'NONE',  ( 0.000000000000000000, 0.000000000000000000, 1.000000000000000000 ) ) ;
#752 = ORIENTED_EDGE ( 'NONE', *, *, #11912, .T. ) ;
#753 = CARTESIAN_POINT ( 'NONE',  ( 1.975000000000000089, 0.5000000000000002220, -0.3499999999999998113 ) ) ;
#754 = VECTOR ( 'NONE', #274, 1000.000000000000000 ) ;
#755 = ORIENTED_EDGE ( 'NONE', *, *, #1699, .T. ) ;
#756 = EDGE_CURVE ( 'NONE', #999, #5163, #11598, .T. ) ;
#757 = AXIS2_PLACEMENT_3D ( 'NONE', #6234, #5980, #9344 ) ;
#758 = VECTOR ( 'NONE', #6157, 1000.000000000000000 ) ;
#759 = VERTEX_POINT ( 'NONE', #2083 ) ;
#760 = ORIENTED_EDGE ( 'NONE', *, *, #5750, .T. ) ;
#761 = ORIENTED_EDGE ( 'NONE', *, *, #6906, .F. ) ;
#762 = ORIENTED_EDGE ( 'NONE', *, *, #10164, .T. ) ;
#763 = DIRECTION ( 'NONE',  ( 1.000000000000000000, 1.275531967630008943E-16, -0.000000000000000000 ) ) ;
#764 = EDGE_CURVE ( 'NONE', #1392, #7499, #2517, .T. ) ;
#765 = VERTEX_POINT ( 'NONE', #193 ) ;
#766 = EDGE_CURVE ( 'NONE', #10399, #8589, #7044, .T. ) ;
#767 = CARTESIAN_POINT ( 'NONE',  ( 2.075000000000000178, 0.4499999999999999556, -0.3999999999999999667 ) ) ;
#768 = ADVANCED_FACE ( 'NONE', ( #6864 ), #2009, .F. ) ;
#769 = CARTESIAN_POINT ( 'NONE',  ( -0.4749999999999993672, 0.4499999999999991784, -0.5500000000000018208 ) ) ;
#770 = VECTOR ( 'NONE', #4285, 1000.000000000000114 ) ;
#771 = EDGE_CURVE ( 'NONE', #4693, #8963, #7182, .T. ) ;
#772 = EDGE_CURVE ( 'NONE', #12650, #3391, #2753, .T. ) ;
#773 = DIRECTION ( 'NONE',  ( 1.000000000000000000, -1.275531967630008943E-16, -0.000000000000000000 ) ) ;
#774 = VECTOR ( 'NONE', #5622, 1000.000000000000000 ) ;
#775 = DIRECTION ( 'NONE',  ( -1.000000000000000000, 0.000000000000000000, 0.000000000000000000 ) ) ;
#776 = ORIENTED_EDGE ( 'NONE', *, *, #4257, .T. ) ;
#777 = LINE ( 'NONE', #11411, #821 ) ;
#778 = ORIENTED_EDGE ( 'NONE', *, *, #11584, .F. ) ;
#779 = CARTESIAN_POINT ( 'NONE',  ( -2.075000000000000178, 1.575000000000000178, 0.4999999999999997780 ) ) ;
#780 = VECTOR ( 'NONE', #6661, 1000.000000000000000 ) ;
#781 = VERTEX_POINT ( 'NONE', #9758 ) ;
#782 = DIRECTION ( 'NONE',  ( 0.000000000000000000, -1.000000000000000000, 0.000000000000000000 ) ) ;
#783 = VERTEX_POINT ( 'NONE', #10765 ) ;
#784 = AXIS2_PLACEMENT_3D ( 'NONE', #8364, #10514, #5644 ) ;
#785 = EDGE_LOOP ( 'NONE', ( #8048, #12343, #8098, #3549 ) ) ;
#786 = ORIENTED_EDGE ( 'NONE', *, *, #7524, .T. ) ;
#787 = ORIENTED_EDGE ( 'NONE', *, *, #7575, .F. ) ;
#788 = CARTESIAN_POINT ( 'NONE',  ( 3.000000000000000000, 0.1500000000000054623, 0.07500000000000120459 ) ) ;
#789 = EDGE_CURVE ( 'NONE', #11973, #12854, #11313, .T. ) ;
#790 = CARTESIAN_POINT ( 'NONE',  ( 3.500000000000003109, 1.474999999999999867, -0.9749999999999897637 ) ) ;
#791 = FACE_OUTER_BOUND ( 'NONE', #5126, .T. ) ;
#792 = DIRECTION ( 'NONE',  ( -0.7071067811865475727, 0.000000000000000000, 0.7071067811865475727 ) ) ;
#793 = EDGE_CURVE ( 'NONE', #3794, #5437, #11369, .T. ) ;
#794 = FACE_OUTER_BOUND ( 'NONE', #10573, .T. ) ;
#795 = ORIENTED_EDGE ( 'NONE', *, *, #7535, .F. ) ;
#796 = EDGE_CURVE ( 'NONE', #831, #4551, #2377, .T. ) ;
#797 = PLANE ( 'NONE',  #13212 ) ;
#798 = AXIS2_PLACEMENT_3D ( 'NONE', #11079, #3106, #1214 ) ;
#799 = LINE ( 'NONE', #4363, #9493 ) ;
#800 = ORIENTED_EDGE ( 'NONE', *, *, #3208, .T. ) ;
#801 = VECTOR ( 'NONE', #988, 1000.000000000000000 ) ;
#802 = CARTESIAN_POINT ( 'NONE',  ( -0.3750000000000001110, 1.175000000000000488, 0.5500000000000004885 ) ) ;
#803 = ORIENTED_EDGE ( 'NONE', *, *, #13216, .T. ) ;
#804 = VERTEX_POINT ( 'NONE', #6114 ) ;
#805 = CARTESIAN_POINT ( 'NONE',  ( -2.074999999999999734, 0.7499999999999991118, -1.350000000000000533 ) ) ;
#806 = VERTEX_POINT ( 'NONE', #8558 ) ;
#807 = ORIENTED_EDGE ( 'NONE', *, *, #2661, .T. ) ;
#808 = AXIS2_PLACEMENT_3D ( 'NONE', #9181, #13217, #8307 ) ;
#809 = ORIENTED_EDGE ( 'NONE', *, *, #11062, .F. ) ;
#810 = DIRECTION ( 'NONE',  ( 0.000000000000000000, -1.694065894508603883E-16, 1.000000000000000000 ) ) ;
#811 = CARTESIAN_POINT ( 'NONE',  ( -0.4749999999999999223, 1.125000000000000222, -0.5500000000000018208 ) ) ;
#812 = DIRECTION ( 'NONE',  ( 0.7071067811865489050, -0.7071067811865462405, 0.000000000000000000 ) ) ;
#813 = VECTOR ( 'NONE', #1710, 1000.000000000000000 ) ;
#814 = PLANE ( 'NONE',  #6650 ) ;
#815 = DIRECTION ( 'NONE',  ( -1.000000000000000000, 9.042264237094587925E-32, -2.710505431213771932E-16 ) ) ;
#816 = ADVANCED_FACE ( 'NONE', ( #6843 ), #2348, .F. ) ;
#817 = LINE ( 'NONE', #1681, #618 ) ;
#818 = CARTESIAN_POINT ( 'NONE',  ( -2.925000000000000266, 0.05000000000000506817, -0.5500000000000020428 ) ) ;
#819 = ORIENTED_EDGE ( 'NONE', *, *, #5200, .T. ) ;
#820 = DIRECTION ( 'NONE',  ( 0.000000000000000000, 1.000000000000000000, -2.409338161078897701E-16 ) ) ;
#821 = VECTOR ( 'NONE', #6368, 1000.000000000000000 ) ;
#822 = DIRECTION ( 'NONE',  ( -5.421010862427532031E-16, 1.694065894508603883E-16, -1.000000000000000000 ) ) ;
#823 = ORIENTED_EDGE ( 'NONE', *, *, #121, .T. ) ;
#824 = EDGE_CURVE ( 'NONE', #5192, #843, #7198, .T. ) ;
#825 = ADVANCED_FACE ( 'NONE', ( #2397 ), #4552, .F. ) ;
#826 = VECTOR ( 'NONE', #6635, 1000.000000000000000 ) ;
#827 = EDGE_CURVE ( 'NONE', #2364, #3178, #2672, .T. ) ;
#828 = CARTESIAN_POINT ( 'NONE',  ( -3.200000000000000178, 0.2750000000000111799, 1.305000000000000160 ) ) ;
#829 = VERTEX_POINT ( 'NONE', #10247 ) ;
#830 = ORIENTED_EDGE ( 'NONE', *, *, #3428, .T. ) ;
#831 = VERTEX_POINT ( 'NONE', #5471 ) ;
#832 = ORIENTED_EDGE ( 'NONE', *, *, #2709, .F. ) ;
#833 = ORIENTED_EDGE ( 'NONE', *, *, #1234, .F. ) ;
#834 = EDGE_CURVE ( 'NONE', #8555, #3420, #6756, .T. ) ;
#835 = AXIS2_PLACEMENT_3D ( 'NONE', #588, #3805, #12077 ) ;
#836 = LINE ( 'NONE', #5982, #1076 ) ;
#837 = DIRECTION ( 'NONE',  ( 0.000000000000000000, -0.7071067811865461294, -0.7071067811865490160 ) ) ;
#838 = CARTESIAN_POINT ( 'NONE',  ( -2.700000000000000178, 1.149999999999999911, -1.050000000000000488 ) ) ;
#839 = LINE ( 'NONE', #10257, #5155 ) ;
#840 = DIRECTION ( 'NONE',  ( 0.000000000000000000, 0.7071067811865475727, -0.7071067811865475727 ) ) ;
#841 = ORIENTED_EDGE ( 'NONE', *, *, #12727, .T. ) ;
#842 = LINE ( 'NONE', #9651, #954 ) ;
#843 = VERTEX_POINT ( 'NONE', #6200 ) ;
#844 = VECTOR ( 'NONE', #5650, 1000.000000000000000 ) ;
#845 = ORIENTED_EDGE ( 'NONE', *, *, #7111, .F. ) ;
#846 = ORIENTED_EDGE ( 'NONE', *, *, #13085, .T. ) ;
#847 = ORIENTED_EDGE ( 'NONE', *, *, #10492, .F. ) ;
#848 = ORIENTED_EDGE ( 'NONE', *, *, #13145, .F. ) ;
#849 = DIRECTION ( 'NONE',  ( -1.000000000000000000, 0.000000000000000000, 7.228014483236699514E-16 ) ) ;
#850 = ORIENTED_EDGE ( 'NONE', *, *, #8549, .T. ) ;
#851 = EDGE_CURVE ( 'NONE', #1184, #9539, #11444, .T. ) ;
#852 = DIRECTION ( 'NONE',  ( -0.7071067811865435759, 0.7071067811865515695, 0.000000000000000000 ) ) ;
#853 = CARTESIAN_POINT ( 'NONE',  ( 2.075000000000000622, 0.4499999999999992339, -0.3499999999999998113 ) ) ;
#854 = VECTOR ( 'NONE', #7921, 1000.000000000000114 ) ;
#855 = PLANE ( 'NONE',  #5060 ) ;
#856 = LINE ( 'NONE', #5130, #926 ) ;
#857 = CARTESIAN_POINT ( 'NONE',  ( -2.700000000000000178, 0.05000000000000490163, -1.350000000000000533 ) ) ;
#858 = ORIENTED_EDGE ( 'NONE', *, *, #3134, .T. ) ;
#859 = FACE_OUTER_BOUND ( 'NONE', #5240, .T. ) ;
#860 = ORIENTED_EDGE ( 'NONE', *, *, #12573, .T. ) ;
#861 = DIRECTION ( 'NONE',  ( -1.000000000000000000, -0.000000000000000000, -0.000000000000000000 ) ) ;
#862 = VECTOR ( 'NONE', #4907, 1000.000000000000000 ) ;
#863 = ORIENTED_EDGE ( 'NONE', *, *, #10125, .T. ) ;
#864 = DIRECTION ( 'NONE',  ( 0.000000000000000000, -1.000000000000000000, 0.000000000000000000 ) ) ;
#865 = ORIENTED_EDGE ( 'NONE', *, *, #2123, .F. ) ;
#866 = ORIENTED_EDGE ( 'NONE', *, *, #9988, .F. ) ;
#867 = VERTEX_POINT ( 'NONE', #3652 ) ;
#868 = ORIENTED_EDGE ( 'NONE', *, *, #4408, .F. ) ;
#869 = DIRECTION ( 'NONE',  ( 0.000000000000000000, -1.000000000000000000, 0.000000000000000000 ) ) ;
#870 = CARTESIAN_POINT ( 'NONE',  ( -1.175000000000000266, 0.4499999999999999556, -0.3499999999999998113 ) ) ;
#871 = ADVANCED_FACE ( 'NONE', ( #2471 ), #13038, .T. ) ;
#872 = LINE ( 'NONE', #1626, #9713 ) ;
#873 = CARTESIAN_POINT ( 'NONE',  ( 1.925000000000000044, 1.149999999999999911, -1.300000000000000711 ) ) ;
#874 = DIRECTION ( 'NONE',  ( -5.421010862427530059E-16, -1.694065894508603883E-16, 1.000000000000000000 ) ) ;
#875 = DIRECTION ( 'NONE',  ( 1.000000000000000000, -0.000000000000000000, -0.000000000000000000 ) ) ;
#876 = PLANE ( 'NONE',  #5137 ) ;
#877 = LINE ( 'NONE', #107, #5297 ) ;
#878 = VERTEX_POINT ( 'NONE', #1877 ) ;
#879 = DIRECTION ( 'NONE',  ( 0.7071067811865474617, -0.000000000000000000, 0.7071067811865474617 ) ) ;
#880 = VECTOR ( 'NONE', #12645, 1000.000000000000000 ) ;
#881 = ORIENTED_EDGE ( 'NONE', *, *, #2156, .T. ) ;
#882 = VECTOR ( 'NONE', #3306, 1000.000000000000000 ) ;
#883 = CARTESIAN_POINT ( 'NONE',  ( -3.000000000000000000, 0.1500000000000054623, 0.07500000000000120459 ) ) ;
#884 = ORIENTED_EDGE ( 'NONE', *, *, #4356, .T. ) ;
#885 = ORIENTED_EDGE ( 'NONE', *, *, #1385, .T. ) ;
#886 = DIRECTION ( 'NONE',  ( 1.000000000000000000, 0.000000000000000000, 2.710505431213771932E-16 ) ) ;
#887 = VERTEX_POINT ( 'NONE', #8997 ) ;
#888 = ORIENTED_EDGE ( 'NONE', *, *, #12911, .F. ) ;
#889 = EDGE_CURVE ( 'NONE', #12627, #12843, #2562, .T. ) ;
#890 = ORIENTED_EDGE ( 'NONE', *, *, #5503, .T. ) ;
#891 = DIRECTION ( 'NONE',  ( -1.000000000000000000, 1.275531967630008943E-16, 0.000000000000000000 ) ) ;
#892 = CARTESIAN_POINT ( 'NONE',  ( 3.000000000000000444, 0.000000000000000000, 1.224999999999994982 ) ) ;
#893 = DIRECTION ( 'NONE',  ( -1.445602896647339508E-15, -1.000000000000000000, 0.000000000000000000 ) ) ;
#894 = CARTESIAN_POINT ( 'NONE',  ( -1.125000000000000222, 1.574999999999999734, -1.300000000000000044 ) ) ;
#895 = LINE ( 'NONE', #2622, #683 ) ;
#896 = PRESENTATION_LAYER_ASSIGNMENT (  '', '', ( #4581 ) ) ;
#897 = EDGE_CURVE ( 'NONE', #3707, #4327, #6881, .T. ) ;
#898 = PLANE ( 'NONE',  #12764 ) ;
#899 = DIRECTION ( 'NONE',  ( 0.000000000000000000, 0.000000000000000000, -1.000000000000000000 ) ) ;
#900 = EDGE_CURVE ( 'NONE', #4726, #5836, #2585, .T. ) ;
#901 = EDGE_CURVE ( 'NONE', #4059, #2125, #7068, .T. ) ;
#902 = DIRECTION ( 'NONE',  ( -1.000000000000000000, 0.000000000000000000, 0.000000000000000000 ) ) ;
#903 = LINE ( 'NONE', #3331, #599 ) ;
#904 = CARTESIAN_POINT ( 'NONE',  ( 1.075000000000000400, 0.2299999999999946254, -1.350000000000000533 ) ) ;
#905 = VERTEX_POINT ( 'NONE', #11013 ) ;
#906 = EDGE_CURVE ( 'NONE', #8683, #4068, #2627, .T. ) ;
#907 = CARTESIAN_POINT ( 'NONE',  ( -1.275000000000000133, 1.150000000000000577, 0.5000000000000000000 ) ) ;
#908 = FACE_OUTER_BOUND ( 'NONE', #53, .T. ) ;
#909 = VERTEX_POINT ( 'NONE', #5808 ) ;
#910 = FACE_OUTER_BOUND ( 'NONE', #13167, .T. ) ;
#911 = DIRECTION ( 'NONE',  ( -0.5773502691896249539, 0.5773502691896272854, -0.5773502691896249539 ) ) ;
#912 = ORIENTED_EDGE ( 'NONE', *, *, #9206, .F. ) ;
#913 = EDGE_CURVE ( 'NONE', #9393, #7904, #11506, .T. ) ;
#914 = VERTEX_POINT ( 'NONE', #4821 ) ;
#915 = DIRECTION ( 'NONE',  ( -0.000000000000000000, -0.000000000000000000, 1.000000000000000000 ) ) ;
#916 = ORIENTED_EDGE ( 'NONE', *, *, #2624, .T. ) ;
#917 = ORIENTED_EDGE ( 'NONE', *, *, #5100, .T. ) ;
#918 = VERTEX_POINT ( 'NONE', #2616 ) ;
#919 = CARTESIAN_POINT ( 'NONE',  ( -0.3250000000000000111, 1.574999999999999734, -0.5500000000000020428 ) ) ;
#920 = CARTESIAN_POINT ( 'NONE',  ( -1.125000000000000222, 0.7499999999999998890, -0.5500000000000020428 ) ) ;
#921 = VECTOR ( 'NONE', #8918, 1000.000000000000000 ) ;
#922 = AXIS2_PLACEMENT_3D ( 'NONE', #5951, #1682, #3625 ) ;
#923 = DIRECTION ( 'NONE',  ( -0.000000000000000000, -1.000000000000000000, -0.000000000000000000 ) ) ;
#924 = CARTESIAN_POINT ( 'NONE',  ( -0.4750000000000001443, 1.499999999999999334, -0.3499999999999994227 ) ) ;
#925 = ADVANCED_FACE ( 'NONE', ( #3128 ), #3839, .F. ) ;
#926 = VECTOR ( 'NONE', #3910, 1000.000000000000000 ) ;
#927 = VERTEX_POINT ( 'NONE', #10924 ) ;
#928 = EDGE_CURVE ( 'NONE', #7455, #5961, #7607, .T. ) ;
#929 = PLANE ( 'NONE',  #1878 ) ;
#930 = LINE ( 'NONE', #2694, #1038 ) ;
#931 = ORIENTED_EDGE ( 'NONE', *, *, #9342, .F. ) ;
#932 = ADVANCED_FACE ( 'NONE', ( #3194 ), #797, .F. ) ;
#933 = CARTESIAN_POINT ( 'NONE',  ( -1.041666666666666519, 0.6833333333333344584, -0.1666666666666662688 ) ) ;
#934 = VECTOR ( 'NONE', #11641, 1000.000000000000000 ) ;
#935 = ORIENTED_EDGE ( 'NONE', *, *, #4065, .F. ) ;
#936 = PLANE ( 'NONE',  #8438 ) ;
#937 = ORIENTED_EDGE ( 'NONE', *, *, #11608, .F. ) ;
#938 = EDGE_CURVE ( 'NONE', #1048, #3738, #7220, .T. ) ;
#939 = ORIENTED_EDGE ( 'NONE', *, *, #5888, .T. ) ;
#940 = ORIENTED_EDGE ( 'NONE', *, *, #13187, .F. ) ;
#941 = EDGE_CURVE ( 'NONE', #7958, #9054, #7497, .T. ) ;
#942 = CARTESIAN_POINT ( 'NONE',  ( -2.075000000000000178, 0.2000000000000000111, -0.9499999999999999556 ) ) ;
#943 = ORIENTED_EDGE ( 'NONE', *, *, #9301, .T. ) ;
#944 = EDGE_CURVE ( 'NONE', #9153, #6716, #11836, .T. ) ;
#945 = CARTESIAN_POINT ( 'NONE',  ( 2.875000000000002220, 1.750000000000000000, -1.050000000000000488 ) ) ;
#946 = DIRECTION ( 'NONE',  ( 0.000000000000000000, 3.336006684570794934E-16, -1.000000000000000000 ) ) ;
#947 = CIRCLE ( 'NONE', #3058, 0.2236160714285718720 ) ;
#948 = AXIS2_PLACEMENT_3D ( 'NONE', #9700, #11720, #11040 ) ;
#949 = DIRECTION ( 'NONE',  ( 1.000000000000000000, -0.000000000000000000, -0.000000000000000000 ) ) ;
#950 = DIRECTION ( 'NONE',  ( 1.000000000000000000, 1.275531967630008943E-16, -0.000000000000000000 ) ) ;
#951 = VECTOR ( 'NONE', #6044, 1000.000000000000000 ) ;
#952 = CARTESIAN_POINT ( 'NONE',  ( 3.200000000000000178, -1.254149897585988891E-16, 0.4750000000000064171 ) ) ;
#953 = ORIENTED_EDGE ( 'NONE', *, *, #771, .F. ) ;
#954 = VECTOR ( 'NONE', #10675, 1000.000000000000000 ) ;
#955 = ORIENTED_EDGE ( 'NONE', *, *, #10809, .T. ) ;
#956 = PLANE ( 'NONE',  #3366 ) ;
#957 = CARTESIAN_POINT ( 'NONE',  ( -0.4749999999999999223, 0.7499999999999998890, -0.5500000000000020428 ) ) ;
#958 = LINE ( 'NONE', #2538, #5105 ) ;
#959 = PRODUCT_RELATED_PRODUCT_CATEGORY ( 'part', '', ( #6516 ) ) ;
#960 = EDGE_CURVE ( 'NONE', #11378, #9750, #3108, .T. ) ;
#961 = ORIENTED_EDGE ( 'NONE', *, *, #12976, .T. ) ;
#962 = DIRECTION ( 'NONE',  ( 0.000000000000000000, 1.000000000000000000, -2.409338161078897701E-16 ) ) ;
#963 = ORIENTED_EDGE ( 'NONE', *, *, #8090, .T. ) ;
#964 = VERTEX_POINT ( 'NONE', #9060 ) ;
#965 = VERTEX_POINT ( 'NONE', #10978 ) ;
#966 = ORIENTED_EDGE ( 'NONE', *, *, #3979, .T. ) ;
#967 = EDGE_CURVE ( 'NONE', #9779, #4508, #3084, .T. ) ;
#968 = CARTESIAN_POINT ( 'NONE',  ( 3.200000000000000178, 0.6200000000000113198, 1.324999999999999956 ) ) ;
#969 = EDGE_CURVE ( 'NONE', #12854, #11453, #11879, .T. ) ;
#970 = CARTESIAN_POINT ( 'NONE',  ( 1.925000000000000044, 1.499999999999999334, -0.3499999999999994227 ) ) ;
#971 = VECTOR ( 'NONE', #7821, 1000.000000000000114 ) ;
#972 = DIRECTION ( 'NONE',  ( 0.000000000000000000, 0.7071067811865490160, -0.7071067811865460184 ) ) ;
#973 = PLANE ( 'NONE',  #4070 ) ;
#974 = CARTESIAN_POINT ( 'NONE',  ( -2.700000000000000178, 0.2299999999999945699, -1.050000000000000488 ) ) ;
#975 = LINE ( 'NONE', #4281, #1079 ) ;
#976 = MECHANICAL_DESIGN_GEOMETRIC_PRESENTATION_REPRESENTATION (  '', ( #12432 ), #5734 ) ;
#977 = VERTEX_POINT ( 'NONE', #9147 ) ;
#978 = LINE ( 'NONE', #4643, #5510 ) ;
#979 = ORIENTED_EDGE ( 'NONE', *, *, #7436, .T. ) ;
#980 = LINE ( 'NONE', #11951, #9472 ) ;
#981 = CARTESIAN_POINT ( 'NONE',  ( 0.3250000000000001776, 0.4499999999999999556, -0.9499999999999999556 ) ) ;
#982 = EDGE_LOOP ( 'NONE', ( #10203, #6174, #5433, #8569 ) ) ;
#983 = ORIENTED_EDGE ( 'NONE', *, *, #2307, .F. ) ;
#984 = DIRECTION ( 'NONE',  ( -1.445602896647338917E-15, 0.000000000000000000, 1.000000000000000000 ) ) ;
#985 = ORIENTED_EDGE ( 'NONE', *, *, #3055, .T. ) ;
#986 = ORIENTED_EDGE ( 'NONE', *, *, #6606, .F. ) ;
#987 = ORIENTED_EDGE ( 'NONE', *, *, #1679, .T. ) ;
#988 = DIRECTION ( 'NONE',  ( -0.000000000000000000, -1.000000000000000000, -1.694065894508603636E-16 ) ) ;
#989 = DIRECTION ( 'NONE',  ( 0.000000000000000000, -1.000000000000000000, 0.000000000000000000 ) ) ;
#990 = DIRECTION ( 'NONE',  ( 0.000000000000000000, 0.000000000000000000, 1.000000000000000000 ) ) ;
#991 = CARTESIAN_POINT ( 'NONE',  ( -2.950000000000000622, 1.675000000000001377, -1.050000000000000488 ) ) ;
#992 = SURFACE_SIDE_STYLE ('',( #3425 ) ) ;
#993 = EDGE_CURVE ( 'NONE', #12309, #4178, #11668, .T. ) ;
#994 = LINE ( 'NONE', #12363, #9844 ) ;
#995 = DIRECTION ( 'NONE',  ( 0.000000000000000000, 0.000000000000000000, -1.000000000000000000 ) ) ;
#996 = CARTESIAN_POINT ( 'NONE',  ( -0.4749999999999999223, 0.000000000000000000, -0.3499999999999994227 ) ) ;
#997 = CARTESIAN_POINT ( 'NONE',  ( -0.4749999999999999223, 0.7499999999999991118, -0.5500000000000018208 ) ) ;
#998 = VECTOR ( 'NONE', #5731, 1000.000000000000114 ) ;
#999 = VERTEX_POINT ( 'NONE', #2750 ) ;
#1000 = LINE ( 'NONE', #3115, #5448 ) ;
#1001 = PLANE ( 'NONE',  #7063 ) ;
#1002 = ORIENTED_EDGE ( 'NONE', *, *, #5503, .F. ) ;
#1003 = AXIS2_PLACEMENT_3D ( 'NONE', #357, #6367, #1355 ) ;
#1004 = VECTOR ( 'NONE', #5135, 1000.000000000000000 ) ;
#1005 = CARTESIAN_POINT ( 'NONE',  ( 3.000000000000000444, 1.150000000000011235, 1.275000000000000133 ) ) ;
#1006 = VERTEX_POINT ( 'NONE', #2670 ) ;
#1007 = DIRECTION ( 'NONE',  ( 1.000000000000000000, 0.000000000000000000, 0.000000000000000000 ) ) ;
#1008 = VERTEX_POINT ( 'NONE', #945 ) ;
#1009 = VERTEX_POINT ( 'NONE', #3808 ) ;
#1010 = ORIENTED_EDGE ( 'NONE', *, *, #8554, .T. ) ;
#1011 = DIRECTION ( 'NONE',  ( 0.000000000000000000, -1.000000000000000000, 0.000000000000000000 ) ) ;
#1012 = ADVANCED_FACE ( 'NONE', ( #7266 ), #4787, .F. ) ;
#1013 = VECTOR ( 'NONE', #5311, 1000.000000000000114 ) ;
#1014 = CARTESIAN_POINT ( 'NONE',  ( -1.925000000000000044, 0.000000000000000000, -1.300000000000000044 ) ) ;
#1015 = DIRECTION ( 'NONE',  ( 0.7071067811865475727, 0.000000000000000000, -0.7071067811865475727 ) ) ;
#1016 = LINE ( 'NONE', #7810, #5426 ) ;
#1017 = CARTESIAN_POINT ( 'NONE',  ( -1.958333333333333703, 1.158333333333333659, 0.5333333333333336590 ) ) ;
#1018 = ORIENTED_EDGE ( 'NONE', *, *, #10313, .F. ) ;
#1019 = DIRECTION ( 'NONE',  ( 0.000000000000000000, 0.000000000000000000, -1.000000000000000000 ) ) ;
#1020 = LINE ( 'NONE', #5461, #670 ) ;
#1021 = ORIENTED_EDGE ( 'NONE', *, *, #1833, .T. ) ;
#1022 = CARTESIAN_POINT ( 'NONE',  ( 1.125000000000000222, 0.000000000000000000, -1.300000000000000044 ) ) ;
#1023 = ORIENTED_EDGE ( 'NONE', *, *, #3426, .F. ) ;
#1024 = PLANE ( 'NONE',  #5549 ) ;
#1025 = ORIENTED_EDGE ( 'NONE', *, *, #7067, .F. ) ;
#1026 = ORIENTED_EDGE ( 'NONE', *, *, #9512, .T. ) ;
#1027 = DIRECTION ( 'NONE',  ( 0.000000000000000000, -1.000000000000000000, 0.000000000000000000 ) ) ;
#1028 = VERTEX_POINT ( 'NONE', #6681 ) ;
#1029 = DIRECTION ( 'NONE',  ( -1.000000000000000000, -0.000000000000000000, -1.445602896647338917E-15 ) ) ;
#1030 = LINE ( 'NONE', #372, #9759 ) ;
#1031 = DIRECTION ( 'NONE',  ( 0.000000000000000000, -1.000000000000000000, 0.000000000000000000 ) ) ;
#1032 = DIRECTION ( 'NONE',  ( -1.000000000000000000, 0.000000000000000000, 0.000000000000000000 ) ) ;
#1033 = ADVANCED_FACE ( 'NONE', ( #7514 ), #13096, .F. ) ;
#1034 = LINE ( 'NONE', #11081, #9873 ) ;
#1035 = DIRECTION ( 'NONE',  ( -0.000000000000000000, 0.000000000000000000, -1.000000000000000000 ) ) ;
#1036 = ORIENTED_EDGE ( 'NONE', *, *, #5043, .T. ) ;
#1037 = CARTESIAN_POINT ( 'NONE',  ( 3.500000000000000000, 0.1750000000000004607, 1.350000000000000533 ) ) ;
#1038 = VECTOR ( 'NONE', #5797, 1000.000000000000114 ) ;
#1039 = CARTESIAN_POINT ( 'NONE',  ( -0.4749999999999999223, 1.574999999999999956, -1.300000000000000044 ) ) ;
#1040 = ORIENTED_EDGE ( 'NONE', *, *, #1388, .F. ) ;
#1041 = DIRECTION ( 'NONE',  ( 7.228014483236698528E-16, -1.694065894508603636E-16, 1.000000000000000000 ) ) ;
#1042 = ADVANCED_FACE ( 'NONE', ( #7621 ), #12162, .F. ) ;
#1043 = LINE ( 'NONE', #6574, #1085 ) ;
#1044 = ORIENTED_EDGE ( 'NONE', *, *, #1510, .F. ) ;
#1045 = CARTESIAN_POINT ( 'NONE',  ( 0.3250000000000001776, 1.150000000000000577, 0.5000000000000000000 ) ) ;
#1046 = ORIENTED_EDGE ( 'NONE', *, *, #8276, .T. ) ;
#1047 = EDGE_CURVE ( 'NONE', #2294, #9596, #11855, .T. ) ;
#1048 = VERTEX_POINT ( 'NONE', #2583 ) ;
#1049 = ORIENTED_EDGE ( 'NONE', *, *, #12261, .T. ) ;
#1050 = DIRECTION ( 'NONE',  ( 0.000000000000000000, -1.000000000000000000, 2.409338161078897701E-16 ) ) ;
#1051 = AXIS2_PLACEMENT_3D ( 'NONE', #10339, #11332, #2170 ) ;
#1052 = LINE ( 'NONE', #11783, #5293 ) ;
#1053 = CARTESIAN_POINT ( 'NONE',  ( 1.275000000000000133, 0.7499999999999991118, -1.350000000000000533 ) ) ;
#1054 = CARTESIAN_POINT ( 'NONE',  ( -1.125000000000000222, 0.7499999999999991118, -0.3499999999999998113 ) ) ;
#1055 = DIRECTION ( 'NONE',  ( -1.000000000000000000, 0.000000000000000000, 0.000000000000000000 ) ) ;
#1056 = EDGE_CURVE ( 'NONE', #7360, #1572, #2939, .T. ) ;
#1057 = LINE ( 'NONE', #9484, #5465 ) ;
#1058 = VERTEX_POINT ( 'NONE', #12912 ) ;
#1059 = VECTOR ( 'NONE', #2519, 1000.000000000000000 ) ;
#1060 = ORIENTED_EDGE ( 'NONE', *, *, #105, .F. ) ;
#1061 = EDGE_CURVE ( 'NONE', #10705, #1620, #11982, .T. ) ;
#1062 = CARTESIAN_POINT ( 'NONE',  ( 1.925000000000000044, 0.7499999999999998890, -0.3999999999999999667 ) ) ;
#1063 = ORIENTED_EDGE ( 'NONE', *, *, #9935, .T. ) ;
#1064 = ORIENTED_EDGE ( 'NONE', *, *, #11180, .T. ) ;
#1065 = AXIS2_PLACEMENT_3D ( 'NONE', #11086, #9170, #1949 ) ;
#1066 = EDGE_LOOP ( 'NONE', ( #868, #7976, #10186, #3195, #1010 ) ) ;
#1067 = EDGE_CURVE ( 'NONE', #8878, #5329, #11942, .T. ) ;
#1068 = EDGE_CURVE ( 'NONE', #6845, #115, #3037, .T. ) ;
#1069 = VERTEX_POINT ( 'NONE', #8972 ) ;
#1070 = EDGE_CURVE ( 'NONE', #5326, #6056, #2919, .T. ) ;
#1071 = CARTESIAN_POINT ( 'NONE',  ( 1.125000000000000222, 1.125000000000000222, -0.5500000000000018208 ) ) ;
#1072 = DIRECTION ( 'NONE',  ( 1.000000000000000000, 0.000000000000000000, 0.000000000000000000 ) ) ;
#1073 = CARTESIAN_POINT ( 'NONE',  ( -0.5999999999999507949, 2.330000000000023608, -3.399999999999996803 ) ) ;
#1074 = DIRECTION ( 'NONE',  ( -0.5773502691896242878, 0.5773502691896251759, 0.5773502691896278405 ) ) ;
#1075 = FILL_AREA_STYLE_COLOUR ( '', #8043 ) ;
#1076 = VECTOR ( 'NONE', #629, 1000.000000000000000 ) ;
#1077 = EDGE_CURVE ( 'NONE', #516, #8295, #2893, .T. ) ;
#1078 = DIRECTION ( 'NONE',  ( -1.000000000000000000, 1.275531967630008943E-16, 0.000000000000000000 ) ) ;
#1079 = VECTOR ( 'NONE', #5307, 1000.000000000000000 ) ;
#1080 = DIRECTION ( 'NONE',  ( 1.000000000000000000, -0.000000000000000000, -0.000000000000000000 ) ) ;
#1081 = ORIENTED_EDGE ( 'NONE', *, *, #5043, .F. ) ;
#1082 = FACE_OUTER_BOUND ( 'NONE', #1911, .T. ) ;
#1083 = DIRECTION ( 'NONE',  ( 1.000000000000000000, -0.000000000000000000, -0.000000000000000000 ) ) ;
#1084 = VERTEX_POINT ( 'NONE', #4704 ) ;
#1085 = VECTOR ( 'NONE', #3594, 1000.000000000000000 ) ;
#1086 = CARTESIAN_POINT ( 'NONE',  ( -0.4749999999999999223, 1.125000000000000222, -0.5500000000000018208 ) ) ;
#1087 = VERTEX_POINT ( 'NONE', #7686 ) ;
#1088 = AXIS2_PLACEMENT_3D ( 'NONE', #2031, #7150, #1784 ) ;
#1089 = ORIENTED_EDGE ( 'NONE', *, *, #3419, .F. ) ;
#1090 = EDGE_LOOP ( 'NONE', ( #9610, #5335, #5328, #733 ) ) ;
#1091 = VERTEX_POINT ( 'NONE', #8797 ) ;
#1092 = CARTESIAN_POINT ( 'NONE',  ( -2.075000000000000178, 1.574999999999999734, -1.300000000000000711 ) ) ;
#1093 = EDGE_CURVE ( 'NONE', #2488, #7319, #7367, .T. ) ;
#1094 = ADVANCED_FACE ( 'NONE', ( #12049 ), #9229, .F. ) ;
#1095 = DIRECTION ( 'NONE',  ( 4.818676322157797375E-16, -1.000000000000000000, 0.000000000000000000 ) ) ;
#1096 = EDGE_CURVE ( 'NONE', #4049, #7987, #12067, .T. ) ;
#1097 = LINE ( 'NONE', #4992, #971 ) ;
#1098 = DIRECTION ( 'NONE',  ( 1.000000000000000000, -0.000000000000000000, -0.000000000000000000 ) ) ;
#1099 = DIRECTION ( 'NONE',  ( 0.000000000000000000, 0.7071067811865485719, -0.7071067811865465735 ) ) ;
#1100 = EDGE_CURVE ( 'NONE', #2944, #12391, #2821, .T. ) ;
#1101 = FACE_OUTER_BOUND ( 'NONE', #7144, .T. ) ;
#1102 = CARTESIAN_POINT ( 'NONE',  ( 1.275000000000000133, 0.000000000000000000, -1.300000000000000044 ) ) ;
#1103 = VERTEX_POINT ( 'NONE', #10253 ) ;
#1104 = EDGE_CURVE ( 'NONE', #1091, #584, #7453, .T. ) ;
#1105 = LINE ( 'NONE', #12094, #5362 ) ;
#1106 = EDGE_CURVE ( 'NONE', #12430, #9654, #12001, .T. ) ;
#1107 = ORIENTED_EDGE ( 'NONE', *, *, #5716, .F. ) ;
#1108 = VECTOR ( 'NONE', #9155, 1000.000000000000000 ) ;
#1109 = EDGE_LOOP ( 'NONE', ( #5449, #5160, #9706, #557 ) ) ;
#1110 = CARTESIAN_POINT ( 'NONE',  ( -0.4249999999999998224, 0.4499999999999999556, -0.3499999999999998113 ) ) ;
#1111 = ORIENTED_EDGE ( 'NONE', *, *, #10686, .F. ) ;
#1112 = VERTEX_POINT ( 'NONE', #12359 ) ;
#1113 = DIRECTION ( 'NONE',  ( 0.000000000000000000, 0.000000000000000000, -1.000000000000000000 ) ) ;
#1114 = AXIS2_PLACEMENT_3D ( 'NONE', #4802, #3526, #2510 ) ;
#1115 = VERTEX_POINT ( 'NONE', #7298 ) ;
#1116 = CARTESIAN_POINT ( 'NONE',  ( 3.500000000000000000, 0.2299999999999945699, -1.050000000000000488 ) ) ;
#1117 = CARTESIAN_POINT ( 'NONE',  ( 1.224999999999999867, 1.125000000000000222, 0.5500000000000004885 ) ) ;
#1118 = FACE_OUTER_BOUND ( 'NONE', #10617, .T. ) ;
#1119 = CARTESIAN_POINT ( 'NONE',  ( -1.074999999999999512, 1.474999999999999867, -1.350000000000000755 ) ) ;
#1120 = EDGE_CURVE ( 'NONE', #2759, #6892, #11818, .T. ) ;
#1121 = DIRECTION ( 'NONE',  ( 0.000000000000000000, 0.000000000000000000, -1.000000000000000000 ) ) ;
#1122 = LINE ( 'NONE', #10270, #1265 ) ;
#1123 = DIRECTION ( 'NONE',  ( -1.000000000000000000, -0.000000000000000000, 0.000000000000000000 ) ) ;
#1124 = ORIENTED_EDGE ( 'NONE', *, *, #12879, .T. ) ;
#1125 = LINE ( 'NONE', #10217, #10028 ) ;
#1126 = CARTESIAN_POINT ( 'NONE',  ( 0.4250000000000000444, 1.575000000000000178, 0.5500000000000003775 ) ) ;
#1127 = EDGE_LOOP ( 'NONE', ( #4834, #5238, #11745, #4360 ) ) ;
#1128 = EDGE_CURVE ( 'NONE', #4368, #6490, #3214, .T. ) ;
#1129 = LINE ( 'NONE', #1126, #9939 ) ;
#1130 = EDGE_CURVE ( 'NONE', #4427, #12984, #7389, .T. ) ;
#1131 = ORIENTED_EDGE ( 'NONE', *, *, #4439, .F. ) ;
#1132 = VERTEX_POINT ( 'NONE', #9404 ) ;
#1133 = ORIENTED_EDGE ( 'NONE', *, *, #1680, .F. ) ;
#1134 = ORIENTED_EDGE ( 'NONE', *, *, #12756, .F. ) ;
#1135 = DIRECTION ( 'NONE',  ( -0.000000000000000000, 1.000000000000000000, -0.000000000000000000 ) ) ;
#1136 = AXIS2_PLACEMENT_3D ( 'NONE', #8665, #2710, #9854 ) ;
#1137 = DIRECTION ( 'NONE',  ( -0.000000000000000000, -1.000000000000000000, -1.694065894508603636E-16 ) ) ;
#1138 = DIRECTION ( 'NONE',  ( -0.000000000000000000, -1.000000000000000000, -1.694065894508603636E-16 ) ) ;
#1139 = CARTESIAN_POINT ( 'NONE',  ( 3.200000000000000178, -2.551063935260013388E-17, 1.224999999999994982 ) ) ;
#1140 = CARTESIAN_POINT ( 'NONE',  ( 2.962500000000000355, 0.08750000000000569822, -0.5500000000000020428 ) ) ;
#1141 = ADVANCED_FACE ( 'NONE', ( #3005 ), #8168, .F. ) ;
#1142 = LINE ( 'NONE', #11172, #10104 ) ;
#1143 = EDGE_LOOP ( 'NONE', ( #6198, #2351, #10875, #2620, #3388, #8297, #10446, #8433, #1746, #3121, #4874, #7406, #9680, #1150, #9075 ) ) ;
#1144 = VECTOR ( 'NONE', #12480, 1000.000000000000114 ) ;
#1145 = VERTEX_POINT ( 'NONE', #11418 ) ;
#1146 = ADVANCED_FACE ( 'NONE', ( #11924 ), #9315, .F. ) ;
#1147 = FACE_OUTER_BOUND ( 'NONE', #225, .T. ) ;
#1148 = VERTEX_POINT ( 'NONE', #284 ) ;
#1149 = CARTESIAN_POINT ( 'NONE',  ( -1.925000000000000044, 1.150000000000000133, -1.453616071428571743 ) ) ;
#1150 = ORIENTED_EDGE ( 'NONE', *, *, #4725, .T. ) ;
#1151 = VERTEX_POINT ( 'NONE', #5389 ) ;
#1152 = VERTEX_POINT ( 'NONE', #6371 ) ;
#1153 = CARTESIAN_POINT ( 'NONE',  ( -1.925000000000000044, 0.7499999999999991118, -0.5500000000000021538 ) ) ;
#1154 = DIRECTION ( 'NONE',  ( 1.000000000000000000, 0.000000000000000000, 0.000000000000000000 ) ) ;
#1155 = CARTESIAN_POINT ( 'NONE',  ( 1.075000000000000400, 0.2299999999999946254, -1.350000000000000533 ) ) ;
#1156 = DIRECTION ( 'NONE',  ( 0.5773502691896273964, -0.5773502691896250649, 0.5773502691896250649 ) ) ;
#1157 = PLANE ( 'NONE',  #11871 ) ;
#1158 = DIRECTION ( 'NONE',  ( 0.000000000000000000, -1.000000000000000000, 2.409338161078897701E-16 ) ) ;
#1159 = CARTESIAN_POINT ( 'NONE',  ( 1.275000000000000133, 0.1000000000000000056, -0.9499999999999999556 ) ) ;
#1160 = VECTOR ( 'NONE', #3180, 1000.000000000000000 ) ;
#1161 = CARTESIAN_POINT ( 'NONE',  ( 2.075000000000000622, 0.4499999999999992339, -1.350000000000000533 ) ) ;
#1162 = EDGE_LOOP ( 'NONE', ( #3674, #7355, #3113, #7674 ) ) ;
#1163 = VECTOR ( 'NONE', #4306, 1000.000000000000000 ) ;
#1164 = CARTESIAN_POINT ( 'NONE',  ( -1.125000000000000222, 0.2000000000000000111, -0.9499999999999999556 ) ) ;
#1165 = EDGE_LOOP ( 'NONE', ( #10233, #12996, #961, #12802 ) ) ;
#1166 = LINE ( 'NONE', #7595, #5624 ) ;
#1167 = DIRECTION ( 'NONE',  ( 0.000000000000000000, -1.000000000000000000, 1.172110456741085828E-16 ) ) ;
#1168 = ORIENTED_EDGE ( 'NONE', *, *, #1196, .T. ) ;
#1169 = ORIENTED_EDGE ( 'NONE', *, *, #10955, .F. ) ;
#1170 = ORIENTED_EDGE ( 'NONE', *, *, #597, .F. ) ;
#1171 = ADVANCED_FACE ( 'NONE', ( #7560 ), #11540, .F. ) ;
#1172 = ORIENTED_EDGE ( 'NONE', *, *, #7923, .F. ) ;
#1173 = CARTESIAN_POINT ( 'NONE',  ( 2.075000000000000178, 1.499999999999999334, 1.275000000000000133 ) ) ;
#1174 = CARTESIAN_POINT ( 'NONE',  ( -1.175000000000000266, 1.575000000000000178, 0.5500000000000003775 ) ) ;
#1175 = LINE ( 'NONE', #12046, #1283 ) ;
#1176 = DIRECTION ( 'NONE',  ( 1.000000000000000000, 0.000000000000000000, 0.000000000000000000 ) ) ;
#1177 = CARTESIAN_POINT ( 'NONE',  ( -3.200000000000000178, 0.1250000000000051903, 0.3500000000000004774 ) ) ;
#1178 = LINE ( 'NONE', #541, #5445 ) ;
#1179 = CARTESIAN_POINT ( 'NONE',  ( 3.000000000000000000, 0.08750000000000526801, 0.07500000000000117684 ) ) ;
#1180 = ORIENTED_EDGE ( 'NONE', *, *, #1582, .F. ) ;
#1181 = CARTESIAN_POINT ( 'NONE',  ( -2.075000000000000178, 0.9750000000000004219, -1.229999999999999760 ) ) ;
#1182 = VECTOR ( 'NONE', #1564, 1000.000000000000000 ) ;
#1183 = EDGE_LOOP ( 'NONE', ( #832, #12207, #4784, #395, #4449, #4765 ) ) ;
#1184 = VERTEX_POINT ( 'NONE', #4499 ) ;
#1185 = VERTEX_POINT ( 'NONE', #8603 ) ;
#1186 = ORIENTED_EDGE ( 'NONE', *, *, #437, .T. ) ;
#1187 = DIRECTION ( 'NONE',  ( -0.5773502691896236216, 0.5773502691896236216, 0.5773502691896301720 ) ) ;
#1188 = ADVANCED_FACE ( 'NONE', ( #11899 ), #12593, .F. ) ;
#1189 = ORIENTED_EDGE ( 'NONE', *, *, #6124, .T. ) ;
#1190 = CARTESIAN_POINT ( 'NONE',  ( 3.500000000000003553, 1.474999999999999867, -1.349999999999989653 ) ) ;
#1191 = CARTESIAN_POINT ( 'NONE',  ( 3.000000000000000000, 3.600000000000000089, 0.5749999999999982903 ) ) ;
#1192 = VECTOR ( 'NONE', #8201, 1000.000000000000000 ) ;
#1193 = EDGE_CURVE ( 'NONE', #3240, #6570, #12023, .T. ) ;
#1194 = CARTESIAN_POINT ( 'NONE',  ( -0.4749999999999999223, 1.312500000000000222, -1.300000000000000044 ) ) ;
#1195 = CARTESIAN_POINT ( 'NONE',  ( -0.3249999999999997891, 1.124999999999999778, -0.3499999999999998113 ) ) ;
#1196 = EDGE_CURVE ( 'NONE', #8968, #10335, #3172, .T. ) ;
#1197 = LINE ( 'NONE', #1624, #5620 ) ;
#1198 = CARTESIAN_POINT ( 'NONE',  ( -1.975000000000000089, 0.7499999999999998890, -0.3499999999999998113 ) ) ;
#1199 = ORIENTED_EDGE ( 'NONE', *, *, #2760, .T. ) ;
#1200 = LINE ( 'NONE', #12107, #5702 ) ;
#1201 = CARTESIAN_POINT ( 'NONE',  ( -1.925000000000000933, 0.2299999999999947364, -1.300000000000000711 ) ) ;
#1202 = EDGE_LOOP ( 'NONE', ( #10869, #8946, #247, #2588 ) ) ;
#1203 = SURFACE_STYLE_USAGE ( .BOTH. , #11343 ) ;
#1204 = LINE ( 'NONE', #6493, #5807 ) ;
#1205 = ORIENTED_EDGE ( 'NONE', *, *, #8670, .F. ) ;
#1206 = CARTESIAN_POINT ( 'NONE',  ( 3.500000000000000000, 0.2299999999999946254, -1.300000000000000711 ) ) ;
#1207 = AXIS2_PLACEMENT_3D ( 'NONE', #5274, #6256, #2398 ) ;
#1208 = DIRECTION ( 'NONE',  ( 0.000000000000000000, 1.000000000000000000, 0.000000000000000000 ) ) ;
#1209 = ORIENTED_EDGE ( 'NONE', *, *, #10672, .F. ) ;
#1210 = ORIENTED_EDGE ( 'NONE', *, *, #3442, .T. ) ;
#1211 = ORIENTED_EDGE ( 'NONE', *, *, #4005, .T. ) ;
#1212 = ADVANCED_FACE ( 'NONE', ( #3236 ), #956, .F. ) ;
#1213 = EDGE_CURVE ( 'NONE', #5022, #5559, #7435, .T. ) ;
#1214 = DIRECTION ( 'NONE',  ( -1.000000000000000000, 0.000000000000000000, -2.710505431213771932E-16 ) ) ;
#1215 = ADVANCED_FACE ( 'NONE', ( #2799 ), #10768, .F. ) ;
#1216 = CARTESIAN_POINT ( 'NONE',  ( 2.075000000000000178, 0.4499999999999999556, -0.9499999999999999556 ) ) ;
#1217 = VECTOR ( 'NONE', #7742, 1000.000000000000000 ) ;
#1218 = EDGE_CURVE ( 'NONE', #10923, #12745, #3495, .T. ) ;
#1219 = DIRECTION ( 'NONE',  ( 9.035018104045878829E-16, 1.000000000000000000, 0.000000000000000000 ) ) ;
#1220 = CARTESIAN_POINT ( 'NONE',  ( -1.999999999999965361, 1.149999999999999911, -2.000000000000017319 ) ) ;
#1221 = FACE_OUTER_BOUND ( 'NONE', #7339, .T. ) ;
#1222 = EDGE_LOOP ( 'NONE', ( #4280, #8974, #11507, #5940, #4372, #11314, #10925, #2652, #11073, #8687, #10341, #2149, #4444, #4394, #2191, #6613, #6883, #2638, #8821 ) ) ;
#1223 = EDGE_CURVE ( 'NONE', #13115, #114, #3646, .T. ) ;
#1224 = EDGE_CURVE ( 'NONE', #10685, #1398, #7823, .T. ) ;
#1225 = LINE ( 'NONE', #9337, #1348 ) ;
#1226 = ORIENTED_EDGE ( 'NONE', *, *, #173, .F. ) ;
#1227 = LINE ( 'NONE', #4995, #10250 ) ;
#1228 = CARTESIAN_POINT ( 'NONE',  ( 1.925000000000000044, 1.574999999999999734, -1.300000000000000711 ) ) ;
#1229 = ORIENTED_EDGE ( 'NONE', *, *, #2783, .T. ) ;
#1230 = ORIENTED_EDGE ( 'NONE', *, *, #10659, .F. ) ;
#1231 = ORIENTED_EDGE ( 'NONE', *, *, #9745, .F. ) ;
#1232 = EDGE_CURVE ( 'NONE', #6845, #9958, #3286, .T. ) ;
#1233 = ORIENTED_EDGE ( 'NONE', *, *, #13067, .T. ) ;
#1234 = EDGE_CURVE ( 'NONE', #603, #5036, #3691, .T. ) ;
#1235 = DIRECTION ( 'NONE',  ( 0.000000000000000000, -0.7071067811865461294, -0.7071067811865490160 ) ) ;
#1236 = DIRECTION ( 'NONE',  ( -0.7071067811865475727, 0.000000000000000000, 0.7071067811865475727 ) ) ;
#1237 = DIRECTION ( 'NONE',  ( -1.000000000000000000, 1.445602896647339508E-15, 0.000000000000000000 ) ) ;
#1238 = DIRECTION ( 'NONE',  ( 0.000000000000000000, -0.7071067811865475727, 0.7071067811865475727 ) ) ;
#1239 = DIRECTION ( 'NONE',  ( 0.000000000000000000, 0.000000000000000000, 1.000000000000000000 ) ) ;
#1240 = AXIS2_PLACEMENT_3D ( 'NONE', #1305, #5414, #4304 ) ;
#1241 = DIRECTION ( 'NONE',  ( -1.000000000000000000, 0.000000000000000000, 0.000000000000000000 ) ) ;
#1242 = CARTESIAN_POINT ( 'NONE',  ( 1.975000000000000089, 0.4499999999999999556, -0.3499999999999998113 ) ) ;
#1243 = ADVANCED_FACE ( 'NONE', ( #3472 ), #2715, .F. ) ;
#1244 = FACE_OUTER_BOUND ( 'NONE', #12972, .T. ) ;
#1245 = ORIENTED_EDGE ( 'NONE', *, *, #8211, .F. ) ;
#1246 = FACE_OUTER_BOUND ( 'NONE', #2208, .T. ) ;
#1247 = DIRECTION ( 'NONE',  ( -1.275531967630008943E-16, -1.000000000000000000, 0.000000000000000000 ) ) ;
#1248 = ORIENTED_EDGE ( 'NONE', *, *, #6788, .F. ) ;
#1249 = LINE ( 'NONE', #12092, #10132 ) ;
#1250 =( LENGTH_UNIT ( ) NAMED_UNIT ( * ) SI_UNIT ( .MILLI., .METRE. ) );
#1251 = EDGE_CURVE ( 'NONE', #209, #11996, #8093, .T. ) ;
#1252 = ORIENTED_EDGE ( 'NONE', *, *, #10125, .F. ) ;
#1253 = DIRECTION ( 'NONE',  ( -0.000000000000000000, -0.000000000000000000, 1.000000000000000000 ) ) ;
#1254 = ORIENTED_EDGE ( 'NONE', *, *, #4290, .T. ) ;
#1255 = VERTEX_POINT ( 'NONE', #5082 ) ;
#1256 = ORIENTED_EDGE ( 'NONE', *, *, #7137, .F. ) ;
#1257 = CARTESIAN_POINT ( 'NONE',  ( 1.125000000000000222, 0.1000000000000000056, -0.9499999999999999556 ) ) ;
#1258 = EDGE_CURVE ( 'NONE', #1084, #500, #3372, .T. ) ;
#1259 = EDGE_CURVE ( 'NONE', #3847, #977, #7757, .T. ) ;
#1260 = DIRECTION ( 'NONE',  ( -1.000000000000000000, 0.000000000000000000, -0.000000000000000000 ) ) ;
#1261 = STYLED_ITEM ( 'NONE', ( #10170 ), #11698 ) ;
#1262 = VECTOR ( 'NONE', #1957, 1000.000000000000114 ) ;
#1263 = CARTESIAN_POINT ( 'NONE',  ( 3.500000000000000000, 1.750000000000000000, 1.350000000000000533 ) ) ;
#1264 = DIRECTION ( 'NONE',  ( 0.000000000000000000, 0.000000000000000000, -1.000000000000000000 ) ) ;
#1265 = VECTOR ( 'NONE', #3023, 1000.000000000000000 ) ;
#1266 = EDGE_CURVE ( 'NONE', #3847, #9634, #12388, .T. ) ;
#1267 = AXIS2_PLACEMENT_3D ( 'NONE', #6922, #4590, #3876 ) ;
#1268 = VERTEX_POINT ( 'NONE', #4832 ) ;
#1269 = DIRECTION ( 'NONE',  ( -0.000000000000000000, -0.7071067811865474617, -0.7071067811865474617 ) ) ;
#1270 = VECTOR ( 'NONE', #11706, 1000.000000000000000 ) ;
#1271 = VERTEX_POINT ( 'NONE', #7933 ) ;
#1272 = EDGE_LOOP ( 'NONE', ( #12520, #1339, #154, #6792 ) ) ;
#1273 = PLANE ( 'NONE',  #11458 ) ;
#1274 = VERTEX_POINT ( 'NONE', #11955 ) ;
#1275 = PRESENTATION_LAYER_ASSIGNMENT (  '', '', ( #1261 ) ) ;
#1276 = EDGE_LOOP ( 'NONE', ( #1049, #7609, #6718, #6828, #2389 ) ) ;
#1277 = CARTESIAN_POINT ( 'NONE',  ( 1.275000000000000133, 1.150000000000000133, -1.229999999999999760 ) ) ;
#1278 = DIRECTION ( 'NONE',  ( -1.000000000000000000, 0.000000000000000000, -0.000000000000000000 ) ) ;
#1279 = VERTEX_POINT ( 'NONE', #6079 ) ;
#1280 = CARTESIAN_POINT ( 'NONE',  ( -0.4749999999999993117, 1.749999999999998890, -1.275000000000003020 ) ) ;
#1281 = CARTESIAN_POINT ( 'NONE',  ( -1.275000000000000133, 0.7499999999999998890, -0.3499999999999998113 ) ) ;
#1282 = EDGE_CURVE ( 'NONE', #10805, #10512, #12270, .T. ) ;
#1283 = VECTOR ( 'NONE', #902, 1000.000000000000000 ) ;
#1284 = CARTESIAN_POINT ( 'NONE',  ( 2.500000000000000444, 0.6999999999999991784, 1.300000000000000711 ) ) ;
#1285 = EDGE_CURVE ( 'NONE', #7108, #1346, #12201, .T. ) ;
#1286 = EDGE_CURVE ( 'NONE', #806, #7128, #7993, .T. ) ;
#1287 = CARTESIAN_POINT ( 'NONE',  ( -0.4749999999999999223, 1.574999999999999734, -1.300000000000000711 ) ) ;
#1288 = VECTOR ( 'NONE', #7302, 1000.000000000000000 ) ;
#1289 = VERTEX_POINT ( 'NONE', #12218 ) ;
#1290 = LINE ( 'NONE', #2462, #5763 ) ;
#1291 = SURFACE_STYLE_USAGE ( .BOTH. , #6297 ) ;
#1292 = ORIENTED_EDGE ( 'NONE', *, *, #2907, .F. ) ;
#1293 = CARTESIAN_POINT ( 'NONE',  ( 0.4750000000000001443, 1.312500000000000222, -1.300000000000000044 ) ) ;
#1294 = AXIS2_PLACEMENT_3D ( 'NONE', #5589, #11627, #6651 ) ;
#1295 = FACE_OUTER_BOUND ( 'NONE', #2424, .T. ) ;
#1296 = ORIENTED_EDGE ( 'NONE', *, *, #5848, .F. ) ;
#1297 = DIRECTION ( 'NONE',  ( 0.000000000000000000, -0.7071067811865475727, -0.7071067811865475727 ) ) ;
#1298 = DIRECTION ( 'NONE',  ( 1.000000000000000000, 1.275531967630008943E-16, -0.000000000000000000 ) ) ;
#1299 = EDGE_LOOP ( 'NONE', ( #5472, #4025, #3781, #562 ) ) ;
#1300 = ORIENTED_EDGE ( 'NONE', *, *, #10650, .F. ) ;
#1301 = ADVANCED_FACE ( 'NONE', ( #3352 ), #2801, .F. ) ;
#1302 = DIRECTION ( 'NONE',  ( 1.000000000000000000, -0.000000000000000000, -0.000000000000000000 ) ) ;
#1303 = VERTEX_POINT ( 'NONE', #6812 ) ;
#1304 = CARTESIAN_POINT ( 'NONE',  ( -0.4749999999999999223, 1.150000000000000133, -1.229999999999999982 ) ) ;
#1305 = CARTESIAN_POINT ( 'NONE',  ( 1.925000000000000044, 1.574999999999999734, -1.350000000000000533 ) ) ;
#1306 = FACE_OUTER_BOUND ( 'NONE', #7788, .T. ) ;
#1307 = DIRECTION ( 'NONE',  ( -3.833233541708442001E-16, -0.7071067811865474617, -0.7071067811865474617 ) ) ;
#1308 = DIRECTION ( 'NONE',  ( 0.000000000000000000, 1.000000000000000000, 8.673617379884030542E-16 ) ) ;
#1309 = DIRECTION ( 'NONE',  ( -1.000000000000000000, 0.000000000000000000, -0.000000000000000000 ) ) ;
#1310 = CIRCLE ( 'NONE', #11421, 0.2236160714285718720 ) ;
#1311 = EDGE_LOOP ( 'NONE', ( #216, #13181, #8824, #9812 ) ) ;
#1312 = EDGE_CURVE ( 'NONE', #9179, #10312, #7896, .T. ) ;
#1313 = LINE ( 'NONE', #8191, #9957 ) ;
#1314 = ORIENTED_EDGE ( 'NONE', *, *, #8860, .F. ) ;
#1315 = SURFACE_STYLE_FILL_AREA ( #2177 ) ;
#1316 = VERTEX_POINT ( 'NONE', #2875 ) ;
#1317 = EDGE_LOOP ( 'NONE', ( #3304, #11012, #1765, #11089 ) ) ;
#1318 = ORIENTED_EDGE ( 'NONE', *, *, #7844, .T. ) ;
#1319 = ORIENTED_EDGE ( 'NONE', *, *, #12947, .T. ) ;
#1320 = ADVANCED_FACE ( 'NONE', ( #3446 ), #8929, .F. ) ;
#1321 = CARTESIAN_POINT ( 'NONE',  ( 0.000000000000000000, 1.149999999999999911, 0.000000000000000000 ) ) ;
#1322 = CARTESIAN_POINT ( 'NONE',  ( 0.3250000000000006217, 0.7499999999999991118, -1.350000000000000533 ) ) ;
#1323 = DIRECTION ( 'NONE',  ( 0.000000000000000000, 0.000000000000000000, 1.000000000000000000 ) ) ;
#1324 = ADVANCED_FACE ( 'NONE', ( #12226 ), #13223, .F. ) ;
#1325 = CARTESIAN_POINT ( 'NONE',  ( 3.200000000000000178, 0.6200000000000113198, 1.324999999999999956 ) ) ;
#1326 = CARTESIAN_POINT ( 'NONE',  ( -2.700000000000000622, 0.2299999999999946254, -1.300000000000000711 ) ) ;
#1327 = PLANE ( 'NONE',  #652 ) ;
#1328 = LINE ( 'NONE', #1194, #5576 ) ;
#1329 = DIRECTION ( 'NONE',  ( 1.000000000000000000, 0.000000000000000000, -7.228014483236699514E-16 ) ) ;
#1330 = ORIENTED_EDGE ( 'NONE', *, *, #12413, .F. ) ;
#1331 = VECTOR ( 'NONE', #10537, 1000.000000000000000 ) ;
#1332 = CARTESIAN_POINT ( 'NONE',  ( -1.274999999999999467, 0.4499999999999991784, -0.5500000000000018208 ) ) ;
#1333 = ORIENTED_EDGE ( 'NONE', *, *, #4269, .F. ) ;
#1334 = LINE ( 'NONE', #116, #1108 ) ;
#1335 = VERTEX_POINT ( 'NONE', #9942 ) ;
#1336 = DIRECTION ( 'NONE',  ( -4.818676322157797375E-16, 1.000000000000000000, 0.000000000000000000 ) ) ;
#1337 = ORIENTED_EDGE ( 'NONE', *, *, #11747, .T. ) ;
#1338 = ORIENTED_EDGE ( 'NONE', *, *, #8599, .T. ) ;
#1339 = ORIENTED_EDGE ( 'NONE', *, *, #6788, .T. ) ;
#1340 = DIRECTION ( 'NONE',  ( -0.000000000000000000, -1.000000000000000000, -0.000000000000000000 ) ) ;
#1341 = CARTESIAN_POINT ( 'NONE',  ( 3.500000000000000000, 0.2299999999999946254, -1.350000000000000533 ) ) ;
#1342 = DIRECTION ( 'NONE',  ( 1.000000000000000000, 0.000000000000000000, 0.000000000000000000 ) ) ;
#1343 = PLANE ( 'NONE',  #9426 ) ;
#1344 = LINE ( 'NONE', #6972, #10195 ) ;
#1345 = DIRECTION ( 'NONE',  ( 1.000000000000000000, 0.000000000000000000, 0.000000000000000000 ) ) ;
#1346 = VERTEX_POINT ( 'NONE', #2629 ) ;
#1347 = MANIFOLD_SOLID_BREP ( 'LPattern2[2]', #1650 ) ;
#1348 = VECTOR ( 'NONE', #221, 1000.000000000000000 ) ;
#1349 = ORIENTED_EDGE ( 'NONE', *, *, #5458, .F. ) ;
#1350 = FACE_OUTER_BOUND ( 'NONE', #2800, .T. ) ;
#1351 = ORIENTED_EDGE ( 'NONE', *, *, #11542, .F. ) ;
#1352 = VERTEX_POINT ( 'NONE', #6993 ) ;
#1353 = AXIS2_PLACEMENT_3D ( 'NONE', #8537, #5541, #6526 ) ;
#1354 = VERTEX_POINT ( 'NONE', #12039 ) ;
#1355 = DIRECTION ( 'NONE',  ( -0.000000000000000000, 0.000000000000000000, 1.000000000000000000 ) ) ;
#1356 = EDGE_CURVE ( 'NONE', #12679, #9819, #7951, .T. ) ;
#1357 = CARTESIAN_POINT ( 'NONE',  ( 0.3250000000000006217, 1.749999999999999112, -1.275000000000002798 ) ) ;
#1358 = DIRECTION ( 'NONE',  ( 0.000000000000000000, 0.000000000000000000, 1.000000000000000000 ) ) ;
#1359 = ORIENTED_EDGE ( 'NONE', *, *, #10332, .F. ) ;
#1360 = EDGE_CURVE ( 'NONE', #12949, #43, #3571, .T. ) ;
#1361 = CARTESIAN_POINT ( 'NONE',  ( -2.700000000000000178, 1.474999999999999867, -1.050000000000000488 ) ) ;
#1362 = AXIS2_PLACEMENT_3D ( 'NONE', #7234, #5324, #8294 ) ;
#1363 = LINE ( 'NONE', #6168, #5572 ) ;
#1364 = EDGE_CURVE ( 'NONE', #6366, #10891, #7924, .T. ) ;
#1365 = CARTESIAN_POINT ( 'NONE',  ( -3.199999999999999289, 1.150000000000011013, 0.3500000000000004774 ) ) ;
#1366 = LINE ( 'NONE', #2775, #5782 ) ;
#1367 = DIRECTION ( 'NONE',  ( 5.421010862427532031E-16, -1.694065894508603636E-16, 1.000000000000000000 ) ) ;
#1368 = CARTESIAN_POINT ( 'NONE',  ( -0.4749999999999999223, 0.5000000000000002220, -0.3499999999999998113 ) ) ;
#1369 = ORIENTED_EDGE ( 'NONE', *, *, #4970, .F. ) ;
#1370 = EDGE_CURVE ( 'NONE', #10232, #4403, #12483, .T. ) ;
#1371 = LINE ( 'NONE', #132, #10265 ) ;
#1372 = DIRECTION ( 'NONE',  ( -0.5773502691896249539, -0.5773502691896272854, 0.5773502691896249539 ) ) ;
#1373 = VERTEX_POINT ( 'NONE', #12499 ) ;
#1374 = CARTESIAN_POINT ( 'NONE',  ( -2.740000000000000213, 0.6999999999999991784, 0.1500000000000006051 ) ) ;
#1375 = ORIENTED_EDGE ( 'NONE', *, *, #105, .T. ) ;
#1376 = DIRECTION ( 'NONE',  ( 0.000000000000000000, 0.000000000000000000, -1.000000000000000000 ) ) ;
#1377 =( NAMED_UNIT ( * ) SI_UNIT ( $, .STERADIAN. ) SOLID_ANGLE_UNIT ( ) );
#1378 = EDGE_CURVE ( 'NONE', #5582, #831, #7708, .T. ) ;
#1379 = AXIS2_PLACEMENT_3D ( 'NONE', #6626, #9666, #11946 ) ;
#1380 = VERTEX_POINT ( 'NONE', #3132 ) ;
#1381 = ORIENTED_EDGE ( 'NONE', *, *, #3423, .T. ) ;
#1382 = CARTESIAN_POINT ( 'NONE',  ( 3.500000000000000000, 0.2299999999999944866, -0.5500000000000018208 ) ) ;
#1383 = ORIENTED_EDGE ( 'NONE', *, *, #11935, .F. ) ;
#1384 = DIRECTION ( 'NONE',  ( -1.000000000000000000, -0.000000000000000000, -1.445602896647338917E-15 ) ) ;
#1385 = EDGE_CURVE ( 'NONE', #9900, #6995, #8012, .T. ) ;
#1386 = SURFACE_STYLE_FILL_AREA ( #8842 ) ;
#1387 = DIRECTION ( 'NONE',  ( -0.000000000000000000, -0.000000000000000000, 1.000000000000000000 ) ) ;
#1388 = EDGE_CURVE ( 'NONE', #9551, #4358, #8141, .T. ) ;
#1389 = FACE_OUTER_BOUND ( 'NONE', #7588, .T. ) ;
#1390 = VERTEX_POINT ( 'NONE', #6411 ) ;
#1391 = EDGE_CURVE ( 'NONE', #456, #10790, #8070, .T. ) ;
#1392 = VERTEX_POINT ( 'NONE', #7508 ) ;
#1393 = FACE_OUTER_BOUND ( 'NONE', #8750, .T. ) ;
#1394 = DIRECTION ( 'NONE',  ( 0.7071067811865383579, 0.000000000000000000, 0.7071067811865566766 ) ) ;
#1395 = VERTEX_POINT ( 'NONE', #6499 ) ;
#1396 = VERTEX_POINT ( 'NONE', #9530 ) ;
#1397 = CARTESIAN_POINT ( 'NONE',  ( 1.125000000000000222, 0.7499999999999998890, -0.3999999999999999667 ) ) ;
#1398 = VERTEX_POINT ( 'NONE', #327 ) ;
#1399 = ADVANCED_FACE ( 'NONE', ( #12586 ), #5258, .F. ) ;
#1400 = AXIS2_PLACEMENT_3D ( 'NONE', #12653, #9665, #452 ) ;
#1401 = EDGE_LOOP ( 'NONE', ( #9685, #5499, #2920, #1487 ) ) ;
#1402 = DIRECTION ( 'NONE',  ( -8.673617379884034486E-16, 0.000000000000000000, 1.000000000000000000 ) ) ;
#1403 = DIRECTION ( 'NONE',  ( 1.000000000000000000, -0.000000000000000000, -0.000000000000000000 ) ) ;
#1404 = CARTESIAN_POINT ( 'NONE',  ( 0.4750000000000001443, 0.7499999999999991118, -1.350000000000000533 ) ) ;
#1405 = CARTESIAN_POINT ( 'NONE',  ( 1.125000000000000666, 0.7499999999999991118, -1.350000000000000533 ) ) ;
#1406 = VECTOR ( 'NONE', #1892, 1000.000000000000000 ) ;
#1407 = EDGE_CURVE ( 'NONE', #12895, #10131, #3735, .T. ) ;
#1408 = CARTESIAN_POINT ( 'NONE',  ( -0.3250000000000000111, 1.750000000000000888, -0.5500000000000018208 ) ) ;
#1409 = DIRECTION ( 'NONE',  ( -1.000000000000000000, -0.000000000000000000, -1.445602896647338917E-15 ) ) ;
#1410 = DIRECTION ( 'NONE',  ( -1.275531967630008697E-16, 1.000000000000000000, -1.332058005413337239E-16 ) ) ;
#1411 = LINE ( 'NONE', #3453, #1288 ) ;
#1412 = DIRECTION ( 'NONE',  ( 0.000000000000000000, -1.000000000000000000, 0.000000000000000000 ) ) ;
#1413 = ORIENTED_EDGE ( 'NONE', *, *, #10150, .T. ) ;
#1414 = EDGE_CURVE ( 'NONE', #6570, #7690, #7685, .T. ) ;
#1415 = LINE ( 'NONE', #1053, #10334 ) ;
#1416 = DIRECTION ( 'NONE',  ( 0.000000000000000000, 1.000000000000000000, 0.000000000000000000 ) ) ;
#1417 = EDGE_LOOP ( 'NONE', ( #10228, #10012, #3905, #1330, #9797, #4027, #10245, #5397, #5981, #10267, #10574, #1520, #6210, #6003, #10759, #5852, #1231, #6123, #1133 ) ) ;
#1418 = COLOUR_RGB ( '',0.7921568627450980005, 0.8196078431372548767, 0.9333333333333333481 ) ;
#1419 = EDGE_CURVE ( 'NONE', #5686, #1891, #3763, .T. ) ;
#1420 = CARTESIAN_POINT ( 'NONE',  ( 3.000000000000000444, 0.2750000000000112355, 1.350000000000000533 ) ) ;
#1421 = ORIENTED_EDGE ( 'NONE', *, *, #8094, .F. ) ;
#1422 = AXIS2_PLACEMENT_3D ( 'NONE', #11719, #2730, #6248 ) ;
#1423 = DIRECTION ( 'NONE',  ( 0.000000000000000000, 1.000000000000000000, 0.000000000000000000 ) ) ;
#1424 = EDGE_LOOP ( 'NONE', ( #31, #8703, #1025, #7840 ) ) ;
#1425 = VERTEX_POINT ( 'NONE', #8411 ) ;
#1426 = ORIENTED_EDGE ( 'NONE', *, *, #7380, .T. ) ;
#1427 = ADVANCED_FACE ( 'NONE', ( #4181 ), #1157, .F. ) ;
#1428 = CARTESIAN_POINT ( 'NONE',  ( -1.124999999999999112, -1.626303258728256257E-15, -0.3499999999999994227 ) ) ;
#1429 = EDGE_CURVE ( 'NONE', #111, #12070, #13069, .T. ) ;
#1430 = AXIS2_PLACEMENT_3D ( 'NONE', #1550, #6808, #5735 ) ;
#1431 = DIRECTION ( 'NONE',  ( -2.710505431213771932E-16, 0.000000000000000000, -1.000000000000000000 ) ) ;
#1432 = ADVANCED_FACE ( 'NONE', ( #13043 ), #6162, .F. ) ;
#1433 = VECTOR ( 'NONE', #229, 1000.000000000000000 ) ;
#1434 =( LENGTH_UNIT ( ) NAMED_UNIT ( * ) SI_UNIT ( .MILLI., .METRE. ) );
#1435 = DIRECTION ( 'NONE',  ( -1.000000000000000000, 0.000000000000000000, 0.000000000000000000 ) ) ;
#1436 = CARTESIAN_POINT ( 'NONE',  ( -3.000000000000000444, 0.3050000000000114286, 1.275000000000000133 ) ) ;
#1437 = LINE ( 'NONE', #11798, #1665 ) ;
#1438 = CARTESIAN_POINT ( 'NONE',  ( -2.075000000000000178, 0.7499999999999998890, -0.3999999999999999667 ) ) ;
#1439 = LINE ( 'NONE', #682, #10718 ) ;
#1440 = LINE ( 'NONE', #2370, #5553 ) ;
#1441 = ORIENTED_EDGE ( 'NONE', *, *, #12577, .F. ) ;
#1442 = VECTOR ( 'NONE', #7167, 1000.000000000000000 ) ;
#1443 = ORIENTED_EDGE ( 'NONE', *, *, #9975, .T. ) ;
#1444 = PLANE ( 'NONE',  #5571 ) ;
#1445 = EDGE_CURVE ( 'NONE', #11884, #11837, #8380, .T. ) ;
#1446 = VERTEX_POINT ( 'NONE', #9273 ) ;
#1447 = ORIENTED_EDGE ( 'NONE', *, *, #1720, .T. ) ;
#1448 = DIRECTION ( 'NONE',  ( 1.000000000000000000, 0.000000000000000000, 0.000000000000000000 ) ) ;
#1449 = DIRECTION ( 'NONE',  ( 1.000000000000000000, 1.275531967630008943E-16, -0.000000000000000000 ) ) ;
#1450 = CARTESIAN_POINT ( 'NONE',  ( 3.200000000000000178, 0.3500000000000113021, 1.305000000000000160 ) ) ;
#1451 = ORIENTED_EDGE ( 'NONE', *, *, #6623, .F. ) ;
#1452 = DIRECTION ( 'NONE',  ( -0.000000000000000000, 1.000000000000000000, 0.000000000000000000 ) ) ;
#1453 = LINE ( 'NONE', #6236, #1192 ) ;
#1454 = AXIS2_PLACEMENT_3D ( 'NONE', #10564, #10649, #2495 ) ;
#1455 = DIRECTION ( 'NONE',  ( 1.000000000000000000, 1.275531967630008943E-16, -0.000000000000000000 ) ) ;
#1456 = CARTESIAN_POINT ( 'NONE',  ( -3.000000000000000444, 0.6500000000000112355, 1.275000000000000133 ) ) ;
#1457 = LINE ( 'NONE', #7942, #6262 ) ;
#1458 = DIRECTION ( 'NONE',  ( 1.000000000000000000, 0.000000000000000000, 0.000000000000000000 ) ) ;
#1459 = LINE ( 'NONE', #8193, #1689 ) ;
#1460 = FACE_OUTER_BOUND ( 'NONE', #7934, .T. ) ;
#1461 = CARTESIAN_POINT ( 'NONE',  ( -1.900000000000000577, 0.2499999999999991396, 0.7500000000000005551 ) ) ;
#1462 = VERTEX_POINT ( 'NONE', #7425 ) ;
#1463 = DIRECTION ( 'NONE',  ( -0.000000000000000000, 1.000000000000000000, 0.000000000000000000 ) ) ;
#1464 = ORIENTED_EDGE ( 'NONE', *, *, #4242, .T. ) ;
#1465 = CARTESIAN_POINT ( 'NONE',  ( 1.875000000000000444, 0.2299999999999946254, -1.350000000000000533 ) ) ;
#1466 = PLANE ( 'NONE',  #7584 ) ;
#1467 = ORIENTED_EDGE ( 'NONE', *, *, #13117, .F. ) ;
#1468 = VERTEX_POINT ( 'NONE', #10553 ) ;
#1469 = CARTESIAN_POINT ( 'NONE',  ( -3.200000000000000178, 0.6200000000000113198, 1.305000000000000160 ) ) ;
#1470 = EDGE_LOOP ( 'NONE', ( #362, #4518, #4637, #9115 ) ) ;
#1471 = DIRECTION ( 'NONE',  ( 1.000000000000000000, 0.000000000000000000, -0.000000000000000000 ) ) ;
#1472 = CARTESIAN_POINT ( 'NONE',  ( 2.500000000000000888, 0.6999999999999991784, 0.1500000000000006051 ) ) ;
#1473 = EDGE_CURVE ( 'NONE', #2122, #6915, #12828, .T. ) ;
#1474 = CIRCLE ( 'NONE', #4301, 0.2236160714285718720 ) ;
#1475 = DIRECTION ( 'NONE',  ( -0.000000000000000000, 0.7071067811865474617, 0.7071067811865474617 ) ) ;
#1476 = DIRECTION ( 'NONE',  ( 0.000000000000000000, -1.000000000000000000, 0.000000000000000000 ) ) ;
#1477 = DIRECTION ( 'NONE',  ( -0.5773502691896249539, -0.5773502691896272854, 0.5773502691896249539 ) ) ;
#1478 = LINE ( 'NONE', #4840, #1565 ) ;
#1479 = LINE ( 'NONE', #7786, #10331 ) ;
#1480 = LINE ( 'NONE', #12289, #1163 ) ;
#1481 = ORIENTED_EDGE ( 'NONE', *, *, #2439, .T. ) ;
#1482 = CARTESIAN_POINT ( 'NONE',  ( -2.649999999999999023, 0.2299999999999946254, -1.350000000000000533 ) ) ;
#1483 = ORIENTED_EDGE ( 'NONE', *, *, #1508, .F. ) ;
#1484 = ORIENTED_EDGE ( 'NONE', *, *, #11542, .T. ) ;
#1485 = DIRECTION ( 'NONE',  ( 0.000000000000000000, -1.000000000000000000, 0.000000000000000000 ) ) ;
#1486 = EDGE_LOOP ( 'NONE', ( #11756, #12305, #9077, #3715, #258, #13137 ) ) ;
#1487 = ORIENTED_EDGE ( 'NONE', *, *, #499, .T. ) ;
#1488 = DIRECTION ( 'NONE',  ( -1.000000000000000000, -0.000000000000000000, -1.445602896647338917E-15 ) ) ;
#1489 = UNCERTAINTY_MEASURE_WITH_UNIT (LENGTH_MEASURE( 1.000000000000000082E-05 ), #9391, 'distance_accuracy_value', 'NONE');
#1490 = DIRECTION ( 'NONE',  ( -0.000000000000000000, -1.000000000000000000, -1.694065894508603636E-16 ) ) ;
#1491 = DIRECTION ( 'NONE',  ( 0.000000000000000000, 0.000000000000000000, -1.000000000000000000 ) ) ;
#1492 = CARTESIAN_POINT ( 'NONE',  ( -3.200000000000000178, 0.6950000000000109424, 1.275000000000000133 ) ) ;
#1493 = CARTESIAN_POINT ( 'NONE',  ( -0.3250000000000000111, 1.575000000000000178, 0.4999999999999998890 ) ) ;
#1494 = DIRECTION ( 'NONE',  ( 0.000000000000000000, 1.332058005413337239E-16, 1.000000000000000000 ) ) ;
#1495 = VECTOR ( 'NONE', #5583, 1000.000000000000000 ) ;
#1496 = CARTESIAN_POINT ( 'NONE',  ( -1.324999999999999734, 0.2299999999999946254, -1.350000000000000533 ) ) ;
#1497 = FACE_OUTER_BOUND ( 'NONE', #10661, .T. ) ;
#1498 = LINE ( 'NONE', #2104, #10050 ) ;
#1499 = DIRECTION ( 'NONE',  ( 0.000000000000000000, 1.000000000000000000, -0.000000000000000000 ) ) ;
#1500 = ORIENTED_EDGE ( 'NONE', *, *, #12211, .F. ) ;
#1501 = FACE_OUTER_BOUND ( 'NONE', #5342, .T. ) ;
#1502 = CARTESIAN_POINT ( 'NONE',  ( 3.000000000000000444, 0.3800000000000112732, 1.324999999999999956 ) ) ;
#1503 = ORIENTED_EDGE ( 'NONE', *, *, #9853, .T. ) ;
#1504 = ORIENTED_EDGE ( 'NONE', *, *, #10672, .T. ) ;
#1505 = ORIENTED_EDGE ( 'NONE', *, *, #8577, .F. ) ;
#1506 = ADVANCED_FACE ( 'NONE', ( #4074 ), #9622, .F. ) ;
#1507 = ORIENTED_EDGE ( 'NONE', *, *, #8780, .F. ) ;
#1508 = EDGE_CURVE ( 'NONE', #4085, #1940, #4197, .T. ) ;
#1509 = CARTESIAN_POINT ( 'NONE',  ( -1.224999999999999867, 0.5000000000000002220, -0.3499999999999998113 ) ) ;
#1510 = EDGE_CURVE ( 'NONE', #8226, #10335, #12929, .T. ) ;
#1511 = DIRECTION ( 'NONE',  ( 0.000000000000000000, 0.000000000000000000, -1.000000000000000000 ) ) ;
#1512 = AXIS2_PLACEMENT_3D ( 'NONE', #10295, #4156, #158 ) ;
#1513 = DIRECTION ( 'NONE',  ( 0.000000000000000000, 1.332058005413337239E-16, 1.000000000000000000 ) ) ;
#1514 = EDGE_CURVE ( 'NONE', #804, #12888, #4053, .T. ) ;
#1515 = LINE ( 'NONE', #6310, #1775 ) ;
#1516 = LINE ( 'NONE', #4064, #1758 ) ;
#1517 = EDGE_CURVE ( 'NONE', #10138, #12627, #3985, .T. ) ;
#1518 = EDGE_CURVE ( 'NONE', #13232, #33, #4219, .T. ) ;
#1519 = VECTOR ( 'NONE', #11801, 1000.000000000000000 ) ;
#1520 = ORIENTED_EDGE ( 'NONE', *, *, #11600, .T. ) ;
#1521 = FACE_OUTER_BOUND ( 'NONE', #13073, .T. ) ;
#1522 = AXIS2_PLACEMENT_3D ( 'NONE', #7058, #10365, #8104 ) ;
#1523 = ORIENTED_EDGE ( 'NONE', *, *, #12529, .T. ) ;
#1524 = ADVANCED_FACE ( 'NONE', ( #8185 ), #4033, .T. ) ;
#1525 = PLANE ( 'NONE',  #11612 ) ;
#1526 = VERTEX_POINT ( 'NONE', #10807 ) ;
#1527 = VERTEX_POINT ( 'NONE', #9969 ) ;
#1528 = EDGE_CURVE ( 'NONE', #12949, #2420, #8431, .T. ) ;
#1529 = CARTESIAN_POINT ( 'NONE',  ( -2.075000000000000178, 0.7499999999999998890, -0.3999999999999999667 ) ) ;
#1530 = CARTESIAN_POINT ( 'NONE',  ( -3.200000000000000178, 0.7250000000000111910, 1.305000000000000160 ) ) ;
#1531 = ORIENTED_EDGE ( 'NONE', *, *, #4408, .T. ) ;
#1532 = ADVANCED_FACE ( 'NONE', ( #12877 ), #11729, .F. ) ;
#1533 = DIRECTION ( 'NONE',  ( 0.000000000000000000, 0.000000000000000000, -1.000000000000000000 ) ) ;
#1534 = DIRECTION ( 'NONE',  ( -0.000000000000000000, 1.000000000000000000, -0.000000000000000000 ) ) ;
#1535 = ADVANCED_FACE ( 'NONE', ( #8257 ), #5680, .F. ) ;
#1536 = CIRCLE ( 'NONE', #1422, 0.03000000000000007869 ) ;
#1537 = DIRECTION ( 'NONE',  ( 7.228014483236698528E-16, -1.694065894508603636E-16, 1.000000000000000000 ) ) ;
#1538 = AXIS2_PLACEMENT_3D ( 'NONE', #13105, #1931, #9991 ) ;
#1539 = DIRECTION ( 'NONE',  ( -0.000000000000000000, 0.000000000000000000, -1.000000000000000000 ) ) ;
#1540 = DIRECTION ( 'NONE',  ( -0.000000000000000000, -0.000000000000000000, 1.000000000000000000 ) ) ;
#1541 = FACE_BOUND ( 'NONE', #9174, .T. ) ;
#1542 = CARTESIAN_POINT ( 'NONE',  ( -1.275000000000000133, 1.574999999999999734, -1.350000000000000533 ) ) ;
#1543 = LINE ( 'NONE', #1139, #5998 ) ;
#1544 = LINE ( 'NONE', #6727, #1182 ) ;
#1545 = CARTESIAN_POINT ( 'NONE',  ( 0.4750000000000001443, 1.750000000000000888, -0.5500000000000018208 ) ) ;
#1546 = EDGE_LOOP ( 'NONE', ( #433, #4895, #2781, #4211 ) ) ;
#1547 = LINE ( 'NONE', #3036, #1671 ) ;
#1548 = EDGE_CURVE ( 'NONE', #5920, #9543, #13028, .T. ) ;
#1549 = EDGE_LOOP ( 'NONE', ( #12636, #4479, #10734, #4226 ) ) ;
#1550 = CARTESIAN_POINT ( 'NONE',  ( 2.950000000000000622, 1.675000000000001377, -1.050000000000000488 ) ) ;
#1551 = CARTESIAN_POINT ( 'NONE',  ( 2.125000000000000444, 1.149999999999999911, -1.349999999999997424 ) ) ;
#1552 = ORIENTED_EDGE ( 'NONE', *, *, #11231, .T. ) ;
#1553 = VERTEX_POINT ( 'NONE', #13083 ) ;
#1554 = CARTESIAN_POINT ( 'NONE',  ( 3.500000000000000000, 0.3500000000000021982, 0.9499999999999959588 ) ) ;
#1555 = VERTEX_POINT ( 'NONE', #3499 ) ;
#1556 = EDGE_CURVE ( 'NONE', #1572, #1148, #12783, .T. ) ;
#1557 = CARTESIAN_POINT ( 'NONE',  ( 1.925000000000000044, 1.150000000000000133, -1.453616071428571743 ) ) ;
#1558 = DIRECTION ( 'NONE',  ( 0.000000000000000000, 0.7071067811865513475, -0.7071067811865436870 ) ) ;
#1559 = EDGE_CURVE ( 'NONE', #3581, #4436, #8456, .T. ) ;
#1560 = EDGE_CURVE ( 'NONE', #10016, #10041, #13091, .T. ) ;
#1561 = DIRECTION ( 'NONE',  ( 0.000000000000000000, -0.000000000000000000, 1.000000000000000000 ) ) ;
#1562 = CYLINDRICAL_SURFACE ( 'NONE', #10820, 0.02999999999999997113 ) ;
#1563 = PLANE ( 'NONE',  #10928 ) ;
#1564 = DIRECTION ( 'NONE',  ( -1.000000000000000000, -0.000000000000000000, 0.000000000000000000 ) ) ;
#1565 = VECTOR ( 'NONE', #9782, 1000.000000000000000 ) ;
#1566 = AXIS2_PLACEMENT_3D ( 'NONE', #7194, #3984, #1176 ) ;
#1567 = LINE ( 'NONE', #3974, #1793 ) ;
#1568 = VECTOR ( 'NONE', #2974, 999.9999999999998863 ) ;
#1569 = VERTEX_POINT ( 'NONE', #13165 ) ;
#1570 = LINE ( 'NONE', #10109, #6148 ) ;
#1571 = DIRECTION ( 'NONE',  ( 1.000000000000000000, -1.275531967630008943E-16, -0.000000000000000000 ) ) ;
#1572 = VERTEX_POINT ( 'NONE', #10965 ) ;
#1573 = ORIENTED_EDGE ( 'NONE', *, *, #10153, .T. ) ;
#1574 = CARTESIAN_POINT ( 'NONE',  ( 3.500000000000000000, 1.150000000000011013, 1.350000000000000533 ) ) ;
#1575 = EDGE_CURVE ( 'NONE', #10419, #10808, #12906, .T. ) ;
#1576 = VERTEX_POINT ( 'NONE', #10061 ) ;
#1577 = VERTEX_POINT ( 'NONE', #7675 ) ;
#1578 = DIRECTION ( 'NONE',  ( 1.000000000000000000, 1.445602896647340100E-15, 0.000000000000000000 ) ) ;
#1579 = CARTESIAN_POINT ( 'NONE',  ( 0.3250000000000001776, 1.575000000000000178, 0.4999999999999997780 ) ) ;
#1580 = DIRECTION ( 'NONE',  ( -0.7071067811865474617, -0.7071067811865474617, 0.000000000000000000 ) ) ;
#1581 = VECTOR ( 'NONE', #12223, 999.9999999999998863 ) ;
#1582 = EDGE_CURVE ( 'NONE', #9153, #4014, #8482, .T. ) ;
#1583 = CARTESIAN_POINT ( 'NONE',  ( 1.925000000000000044, 1.125000000000000222, -0.5500000000000018208 ) ) ;
#1584 = CARTESIAN_POINT ( 'NONE',  ( 0.4750000000000001443, 0.7499999999999991118, -0.5500000000000021538 ) ) ;
#1585 = DIRECTION ( 'NONE',  ( 0.000000000000000000, -1.000000000000000000, -0.000000000000000000 ) ) ;
#1586 = FACE_OUTER_BOUND ( 'NONE', #11043, .T. ) ;
#1587 = CARTESIAN_POINT ( 'NONE',  ( 1.875000000000000444, 0.2299999999999946254, -1.350000000000000533 ) ) ;
#1588 = EDGE_LOOP ( 'NONE', ( #9944, #10359, #12630, #5958 ) ) ;
#1589 = VECTOR ( 'NONE', #12507, 1000.000000000000000 ) ;
#1590 = CARTESIAN_POINT ( 'NONE',  ( -1.275000000000000577, 1.499999999999999334, 1.275000000000000133 ) ) ;
#1591 = ORIENTED_EDGE ( 'NONE', *, *, #6192, .T. ) ;
#1592 = AXIS2_PLACEMENT_3D ( 'NONE', #8477, #7141, #9491 ) ;
#1593 = VECTOR ( 'NONE', #5506, 1000.000000000000000 ) ;
#1594 = EDGE_LOOP ( 'NONE', ( #4409, #4747, #939, #9026 ) ) ;
#1595 = DIRECTION ( 'NONE',  ( 0.000000000000000000, -0.000000000000000000, -1.000000000000000000 ) ) ;
#1596 = CARTESIAN_POINT ( 'NONE',  ( 2.125000000000000444, 0.2299999999999920164, -1.350000000000000533 ) ) ;
#1597 = ORIENTED_EDGE ( 'NONE', *, *, #3484, .F. ) ;
#1598 = ORIENTED_EDGE ( 'NONE', *, *, #7948, .T. ) ;
#1599 = VERTEX_POINT ( 'NONE', #4945 ) ;
#1600 = DIRECTION ( 'NONE',  ( -1.000000000000000000, 0.000000000000000000, 0.000000000000000000 ) ) ;
#1601 = DIRECTION ( 'NONE',  ( 0.000000000000000000, 1.000000000000000000, 0.000000000000000000 ) ) ;
#1602 = CARTESIAN_POINT ( 'NONE',  ( 3.500000000000000000, 0.2299999999999944866, -0.5500000000000018208 ) ) ;
#1603 = LINE ( 'NONE', #1242, #1809 ) ;
#1604 = CARTESIAN_POINT ( 'NONE',  ( -1.874999999999999556, 1.149999999999999911, -1.349999999999997424 ) ) ;
#1605 = DIRECTION ( 'NONE',  ( 0.000000000000000000, -1.000000000000000000, 2.409338161078897701E-16 ) ) ;
#1606 = VECTOR ( 'NONE', #11443, 999.9999999999998863 ) ;
#1607 = VECTOR ( 'NONE', #2980, 1000.000000000000000 ) ;
#1608 = VECTOR ( 'NONE', #5028, 1000.000000000000000 ) ;
#1609 = ORIENTED_EDGE ( 'NONE', *, *, #5986, .F. ) ;
#1610 = COLOUR_RGB ( '',1.000000000000000000, 1.000000000000000000, 0.7529411764705882248 ) ;
#1611 = ORIENTED_EDGE ( 'NONE', *, *, #11885, .T. ) ;
#1612 = DIRECTION ( 'NONE',  ( -0.000000000000000000, 1.000000000000000000, 0.000000000000000000 ) ) ;
#1613 = AXIS2_PLACEMENT_3D ( 'NONE', #4188, #9474, #1027 ) ;
#1614 = ORIENTED_EDGE ( 'NONE', *, *, #8203, .F. ) ;
#1615 = ORIENTED_EDGE ( 'NONE', *, *, #4152, .T. ) ;
#1616 = DIRECTION ( 'NONE',  ( -1.000000000000000000, 0.000000000000000000, 0.000000000000000000 ) ) ;
#1617 = CARTESIAN_POINT ( 'NONE',  ( 0.4750000000000001443, 0.7499999999999991118, -1.350000000000000533 ) ) ;
#1618 = ADVANCED_FACE ( 'NONE', ( #8332 ), #2740, .F. ) ;
#1619 = CARTESIAN_POINT ( 'NONE',  ( 1.325000000000000622, 0.2799999999999950862, -1.350000000000000533 ) ) ;
#1620 = VERTEX_POINT ( 'NONE', #4857 ) ;
#1621 = CARTESIAN_POINT ( 'NONE',  ( 3.500000000000003553, 1.474999999999999867, -1.349999999999989653 ) ) ;
#1622 = LINE ( 'NONE', #4860, #1644 ) ;
#1623 = DIRECTION ( 'NONE',  ( -0.000000000000000000, -1.000000000000000000, 0.000000000000000000 ) ) ;
#1624 = CARTESIAN_POINT ( 'NONE',  ( -1.924999999999999822, 1.124999999999999778, -1.350000000000000533 ) ) ;
#1625 = VECTOR ( 'NONE', #8289, 1000.000000000000000 ) ;
#1626 = CARTESIAN_POINT ( 'NONE',  ( 1.924999999999999378, -2.782785576046127784E-15, -0.3499999999999994227 ) ) ;
#1627 = LINE ( 'NONE', #11386, #10604 ) ;
#1628 = LINE ( 'NONE', #2914, #6209 ) ;
#1629 = ORIENTED_EDGE ( 'NONE', *, *, #3826, .T. ) ;
#1630 = CARTESIAN_POINT ( 'NONE',  ( 0.5249999999999999112, 1.474999999999999867, -1.349999999999997424 ) ) ;
#1631 = SURFACE_STYLE_FILL_AREA ( #6893 ) ;
#1632 = ORIENTED_EDGE ( 'NONE', *, *, #3221, .T. ) ;
#1633 = CARTESIAN_POINT ( 'NONE',  ( 3.000000000000000000, 0.1500000000000054623, 0.2749999999999981348 ) ) ;
#1634 = EDGE_LOOP ( 'NONE', ( #5538, #1846, #12434, #12219 ) ) ;
#1635 = ORIENTED_EDGE ( 'NONE', *, *, #10150, .F. ) ;
#1636 = CARTESIAN_POINT ( 'NONE',  ( 0.4750000000000001443, 0.000000000000000000, -1.300000000000000044 ) ) ;
#1637 = CARTESIAN_POINT ( 'NONE',  ( 1.275000000000000133, 0.7499999999999998890, -0.5500000000000020428 ) ) ;
#1638 = VERTEX_POINT ( 'NONE', #5853 ) ;
#1639 = ADVANCED_FACE ( 'NONE', ( #3935 ), #8957, .F. ) ;
#1640 = CARTESIAN_POINT ( 'NONE',  ( -2.075000000000000178, 1.574999999999999734, -0.5500000000000017097 ) ) ;
#1641 = DIRECTION ( 'NONE',  ( -0.000000000000000000, -0.000000000000000000, 1.000000000000000000 ) ) ;
#1642 = ADVANCED_FACE ( 'NONE', ( #12979 ), #2484, .F. ) ;
#1643 = PLANE ( 'NONE',  #5224 ) ;
#1644 = VECTOR ( 'NONE', #7867, 1000.000000000000000 ) ;
#1645 = CARTESIAN_POINT ( 'NONE',  ( 2.075000000000000178, 1.574999999999999512, 1.349999999999999867 ) ) ;
#1646 = CARTESIAN_POINT ( 'NONE',  ( 1.125000000000000222, 1.574999999999999956, -1.300000000000000044 ) ) ;
#1647 = VECTOR ( 'NONE', #1137, 1000.000000000000000 ) ;
#1648 = VECTOR ( 'NONE', #8428, 1000.000000000000000 ) ;
#1649 = LINE ( 'NONE', #1896, #10547 ) ;
#1650 = CLOSED_SHELL ( 'NONE', ( #5275, #5249, #2232, #4326, #1012, #8395, #1858, #7441, #1639, #1324, #2962, #5810, #3124, #3883, #9644, #4544, #12376, #6309, #4903, #871, #11281, #1301, #2460, #496, #10099 ) ) ;
#1651 = VECTOR ( 'NONE', #1721, 1000.000000000000000 ) ;
#1652 = ORIENTED_EDGE ( 'NONE', *, *, #4783, .T. ) ;
#1653 = ORIENTED_EDGE ( 'NONE', *, *, #8090, .F. ) ;
#1654 = VERTEX_POINT ( 'NONE', #4184 ) ;
#1655 = ORIENTED_EDGE ( 'NONE', *, *, #7402, .T. ) ;
#1656 = EDGE_CURVE ( 'NONE', #2256, #6447, #4237, .T. ) ;
#1657 = DIRECTION ( 'NONE',  ( 0.000000000000000000, 1.000000000000000000, 0.000000000000000000 ) ) ;
#1658 = CARTESIAN_POINT ( 'NONE',  ( 2.075000000000000178, 0.7499999999999998890, -0.3499999999999998113 ) ) ;
#1659 = DIRECTION ( 'NONE',  ( 0.000000000000000000, 0.000000000000000000, -1.000000000000000000 ) ) ;
#1660 = LINE ( 'NONE', #7176, #1581 ) ;
#1661 = AXIS2_PLACEMENT_3D ( 'NONE', #11572, #12621, #5780 ) ;
#1662 = CARTESIAN_POINT ( 'NONE',  ( -1.275000000000000133, 0.7499999999999998890, -0.3999999999999999667 ) ) ;
#1663 = CARTESIAN_POINT ( 'NONE',  ( -0.4749999999999999223, 1.150000000000000577, 0.5000000000000000000 ) ) ;
#1664 = CARTESIAN_POINT ( 'NONE',  ( 3.000000000000000444, 0.7250000000000111910, 1.350000000000000533 ) ) ;
#1665 = VECTOR ( 'NONE', #2639, 1000.000000000000000 ) ;
#1666 = DIRECTION ( 'NONE',  ( 0.000000000000000000, 0.000000000000000000, 1.000000000000000000 ) ) ;
#1667 = VECTOR ( 'NONE', #133, 1000.000000000000000 ) ;
#1668 = AXIS2_PLACEMENT_3D ( 'NONE', #2647, #11888, #9956 ) ;
#1669 = CARTESIAN_POINT ( 'NONE',  ( 3.200000000000000178, 0.3500000000000113021, 1.275000000000000133 ) ) ;
#1670 = ORIENTED_EDGE ( 'NONE', *, *, #6437, .F. ) ;
#1671 = VECTOR ( 'NONE', #2293, 1000.000000000000000 ) ;
#1672 = ORIENTED_EDGE ( 'NONE', *, *, #5912, .F. ) ;
#1673 = DIRECTION ( 'NONE',  ( -1.000000000000000000, -0.000000000000000000, -1.445602896647338917E-15 ) ) ;
#1674 = EDGE_CURVE ( 'NONE', #5415, #4666, #8283, .T. ) ;
#1675 = EDGE_LOOP ( 'NONE', ( #11638, #9439, #5323, #719, #224, #11594, #2790, #7701, #11523, #5167, #985, #9815, #4452, #178, #12040, #12736, #4962, #11280, #263 ) ) ;
#1676 = EDGE_LOOP ( 'NONE', ( #1205, #935, #10032, #10134 ) ) ;
#1677 = ORIENTED_EDGE ( 'NONE', *, *, #2291, .T. ) ;
#1678 =( GEOMETRIC_REPRESENTATION_CONTEXT ( 3 ) GLOBAL_UNCERTAINTY_ASSIGNED_CONTEXT ( ( #4283 ) ) GLOBAL_UNIT_ASSIGNED_CONTEXT ( ( #12966, #6719, #724 ) ) REPRESENTATION_CONTEXT ( 'NONE', 'WORKASPACE' ) );
#1679 = EDGE_CURVE ( 'NONE', #8788, #7447, #8548, .T. ) ;
#1680 = EDGE_CURVE ( 'NONE', #5753, #209, #8353, .T. ) ;
#1681 = CARTESIAN_POINT ( 'NONE',  ( 1.941666666666666652, 0.6166666666666658081, -0.2666666666666664964 ) ) ;
#1682 = DIRECTION ( 'NONE',  ( 0.000000000000000000, 0.7071067811865420216, 0.7071067811865531239 ) ) ;
#1683 = EDGE_CURVE ( 'NONE', #7726, #11996, #3880, .T. ) ;
#1684 = VECTOR ( 'NONE', #12415, 1000.000000000000000 ) ;
#1685 = CARTESIAN_POINT ( 'NONE',  ( -1.275000000000000133, 1.125000000000000222, -0.5500000000000018208 ) ) ;
#1686 = CARTESIAN_POINT ( 'NONE',  ( -2.075000000000000178, 1.574999999999999956, -1.300000000000000044 ) ) ;
#1687 = EDGE_CURVE ( 'NONE', #11401, #11275, #8204, .T. ) ;
#1688 = LINE ( 'NONE', #970, #10581 ) ;
#1689 = VECTOR ( 'NONE', #9253, 1000.000000000000000 ) ;
#1690 = EDGE_CURVE ( 'NONE', #1184, #843, #3811, .T. ) ;
#1691 = VECTOR ( 'NONE', #732, 1000.000000000000000 ) ;
#1692 = VERTEX_POINT ( 'NONE', #92 ) ;
#1693 = VECTOR ( 'NONE', #5253, 1000.000000000000000 ) ;
#1694 = ORIENTED_EDGE ( 'NONE', *, *, #5432, .T. ) ;
#1695 = CARTESIAN_POINT ( 'NONE',  ( 3.500000000000000000, 0.6500000000000001332, 1.350000000000000533 ) ) ;
#1696 = ORIENTED_EDGE ( 'NONE', *, *, #8942, .T. ) ;
#1697 = ORIENTED_EDGE ( 'NONE', *, *, #1924, .T. ) ;
#1698 = DIRECTION ( 'NONE',  ( 0.000000000000000000, 1.000000000000000000, -2.409338161078897701E-16 ) ) ;
#1699 = EDGE_CURVE ( 'NONE', #3626, #8618, #12678, .T. ) ;
#1700 = AXIS2_PLACEMENT_3D ( 'NONE', #3553, #7636, #7383 ) ;
#1701 = VERTEX_POINT ( 'NONE', #9299 ) ;
#1702 = CARTESIAN_POINT ( 'NONE',  ( 2.740000000000000213, 0.6999999999999991784, 0.1500000000000006051 ) ) ;
#1703 = CARTESIAN_POINT ( 'NONE',  ( 3.000000000000000444, 1.150000000000011235, 0.3500000000000004219 ) ) ;
#1704 = LINE ( 'NONE', #1637, #6201 ) ;
#1705 = CARTESIAN_POINT ( 'NONE',  ( 3.500000000000003109, 1.474999999999999867, -0.9749999999999897637 ) ) ;
#1706 = EDGE_CURVE ( 'NONE', #6868, #12372, #12703, .T. ) ;
#1707 = DIRECTION ( 'NONE',  ( -0.000000000000000000, -0.000000000000000000, 1.000000000000000000 ) ) ;
#1708 = CARTESIAN_POINT ( 'NONE',  ( 3.500000000000003109, 1.474999999999999867, -0.9749999999999897637 ) ) ;
#1709 = FACE_OUTER_BOUND ( 'NONE', #12445, .T. ) ;
#1710 = DIRECTION ( 'NONE',  ( 0.000000000000000000, 1.000000000000000000, 0.000000000000000000 ) ) ;
#1711 = EDGE_LOOP ( 'NONE', ( #698, #10318, #12177, #2463, #1531 ) ) ;
#1712 = EDGE_CURVE ( 'NONE', #13129, #6134, #12755, .T. ) ;
#1713 = FACE_OUTER_BOUND ( 'NONE', #4864, .T. ) ;
#1714 = ORIENTED_EDGE ( 'NONE', *, *, #5864, .T. ) ;
#1715 = LINE ( 'NONE', #892, #5935 ) ;
#1716 = EDGE_CURVE ( 'NONE', #6112, #13154, #12375, .T. ) ;
#1717 = ORIENTED_EDGE ( 'NONE', *, *, #5848, .T. ) ;
#1718 = DIRECTION ( 'NONE',  ( -0.000000000000000000, -1.000000000000000000, -1.694065894508603636E-16 ) ) ;
#1719 = AXIS2_PLACEMENT_3D ( 'NONE', #805, #3750, #3557 ) ;
#1720 = EDGE_CURVE ( 'NONE', #8963, #721, #12471, .T. ) ;
#1721 = DIRECTION ( 'NONE',  ( 1.000000000000000000, 0.000000000000000000, -7.228014483236699514E-16 ) ) ;
#1722 = ORIENTED_EDGE ( 'NONE', *, *, #2820, .F. ) ;
#1723 = EDGE_LOOP ( 'NONE', ( #1946, #13140, #3998, #8896 ) ) ;
#1724 = ADVANCED_FACE ( 'NONE', ( #7961 ), #3988, .F. ) ;
#1725 = ORIENTED_EDGE ( 'NONE', *, *, #5296, .F. ) ;
#1726 = DIRECTION ( 'NONE',  ( -0.000000000000000000, 0.000000000000000000, -1.000000000000000000 ) ) ;
#1727 = AXIS2_PLACEMENT_3D ( 'NONE', #5675, #8953, #8861 ) ;
#1728 = DIRECTION ( 'NONE',  ( 0.000000000000000000, 1.000000000000000000, 0.000000000000000000 ) ) ;
#1729 = PLANE ( 'NONE',  #6618 ) ;
#1730 = LINE ( 'NONE', #7345, #6137 ) ;
#1731 = CARTESIAN_POINT ( 'NONE',  ( 3.000000000000000444, 1.749999999999999778, -0.5500000000000018208 ) ) ;
#1732 = CARTESIAN_POINT ( 'NONE',  ( 0.4750000000000001443, 1.474999999999999867, -0.9749999999999905409 ) ) ;
#1733 =( GEOMETRIC_REPRESENTATION_CONTEXT ( 3 ) GLOBAL_UNCERTAINTY_ASSIGNED_CONTEXT ( ( #534 ) ) GLOBAL_UNIT_ASSIGNED_CONTEXT ( ( #5090, #641, #5169 ) ) REPRESENTATION_CONTEXT ( 'NONE', 'WORKASPACE' ) );
#1734 = CARTESIAN_POINT ( 'NONE',  ( 1.275000000000000133, 1.574999999999999512, 1.350000000000000089 ) ) ;
#1735 = EDGE_CURVE ( 'NONE', #6868, #9900, #12348, .T. ) ;
#1736 = LINE ( 'NONE', #10788, #10602 ) ;
#1737 = FACE_OUTER_BOUND ( 'NONE', #9677, .T. ) ;
#1738 = FACE_OUTER_BOUND ( 'NONE', #3238, .T. ) ;
#1739 = ORIENTED_EDGE ( 'NONE', *, *, #6744, .F. ) ;
#1740 = LINE ( 'NONE', #10635, #1442 ) ;
#1741 = PLANE ( 'NONE',  #1668 ) ;
#1742 = VERTEX_POINT ( 'NONE', #12336 ) ;
#1743 = EDGE_CURVE ( 'NONE', #7581, #10016, #3300, .T. ) ;
#1744 = ORIENTED_EDGE ( 'NONE', *, *, #462, .T. ) ;
#1745 = ORIENTED_EDGE ( 'NONE', *, *, #1979, .T. ) ;
#1746 = ORIENTED_EDGE ( 'NONE', *, *, #12687, .F. ) ;
#1747 = PLANE ( 'NONE',  #6485 ) ;
#1748 = CARTESIAN_POINT ( 'NONE',  ( -3.200000000000000178, 0.3500000000000113021, 1.275000000000000133 ) ) ;
#1749 = PLANE ( 'NONE',  #10668 ) ;
#1750 = ADVANCED_FACE ( 'NONE', ( #7883 ), #3072, .F. ) ;
#1751 = LINE ( 'NONE', #9451, #10599 ) ;
#1752 = AXIS2_PLACEMENT_3D ( 'NONE', #2736, #6748, #11725 ) ;
#1753 = ADVANCED_FACE ( 'NONE', ( #7721 ), #9132, .T. ) ;
#1754 = CARTESIAN_POINT ( 'NONE',  ( 2.500000000000000888, 1.499999999999999334, 1.275000000000000133 ) ) ;
#1755 = CARTESIAN_POINT ( 'NONE',  ( 1.125000000000000222, 0.4499999999999991784, -0.5500000000000020428 ) ) ;
#1756 = LINE ( 'NONE', #6725, #6163 ) ;
#1757 = DIRECTION ( 'NONE',  ( 1.000000000000000000, 0.000000000000000000, -7.228014483236699514E-16 ) ) ;
#1758 = VECTOR ( 'NONE', #9456, 1000.000000000000000 ) ;
#1759 = LINE ( 'NONE', #9020, #6167 ) ;
#1760 = CARTESIAN_POINT ( 'NONE',  ( 3.500000000000000000, 1.750000000000000000, -1.275000000000001910 ) ) ;
#1761 = ORIENTED_EDGE ( 'NONE', *, *, #6206, .T. ) ;
#1762 = VERTEX_POINT ( 'NONE', #12247 ) ;
#1763 = CARTESIAN_POINT ( 'NONE',  ( 1.275000000000000133, 1.574999999999999734, -1.350000000000000533 ) ) ;
#1764 = DIRECTION ( 'NONE',  ( 0.000000000000000000, 0.000000000000000000, 1.000000000000000000 ) ) ;
#1765 = ORIENTED_EDGE ( 'NONE', *, *, #1473, .F. ) ;
#1766 = VERTEX_POINT ( 'NONE', #1102 ) ;
#1767 = VERTEX_POINT ( 'NONE', #11136 ) ;
#1768 = EDGE_CURVE ( 'NONE', #1922, #11778, #3362, .T. ) ;
#1769 = CARTESIAN_POINT ( 'NONE',  ( 2.074999999999999734, 1.750000000000000444, -1.275000000000001465 ) ) ;
#1770 = CARTESIAN_POINT ( 'NONE',  ( -3.200000000000000178, 0.3050000000000112066, 1.305000000000000160 ) ) ;
#1771 = LINE ( 'NONE', #12808, #10818 ) ;
#1772 = DIRECTION ( 'NONE',  ( 0.000000000000000000, -0.7071067811865459074, 0.7071067811865491270 ) ) ;
#1773 = DIRECTION ( 'NONE',  ( 0.000000000000000000, 0.000000000000000000, -1.000000000000000000 ) ) ;
#1774 = CARTESIAN_POINT ( 'NONE',  ( 1.075000000000000400, 1.474999999999999867, -1.349999999999997868 ) ) ;
#1775 = VECTOR ( 'NONE', #2192, 1000.000000000000000 ) ;
#1776 = FACE_OUTER_BOUND ( 'NONE', #1634, .T. ) ;
#1777 = LINE ( 'NONE', #10874, #1920 ) ;
#1778 = VERTEX_POINT ( 'NONE', #2235 ) ;
#1779 = LINE ( 'NONE', #6810, #5878 ) ;
#1780 = VERTEX_POINT ( 'NONE', #3246 ) ;
#1781 = CARTESIAN_POINT ( 'NONE',  ( 2.075000000000000178, 1.125000000000000222, 0.4999999999999996669 ) ) ;
#1782 = VERTEX_POINT ( 'NONE', #8446 ) ;
#1783 = VERTEX_POINT ( 'NONE', #11492 ) ;
#1784 = DIRECTION ( 'NONE',  ( 0.000000000000000000, 1.000000000000000000, 8.673617379884030542E-16 ) ) ;
#1785 = ORIENTED_EDGE ( 'NONE', *, *, #2288, .T. ) ;
#1786 = CARTESIAN_POINT ( 'NONE',  ( -3.200000000000000178, 1.150000000000011235, 1.275000000000000133 ) ) ;
#1787 = DIRECTION ( 'NONE',  ( -0.000000000000000000, 0.000000000000000000, 1.000000000000000000 ) ) ;
#1788 = VECTOR ( 'NONE', #10471, 1000.000000000000000 ) ;
#1789 = CARTESIAN_POINT ( 'NONE',  ( 2.575000000000001510, 1.750000000000000000, 1.350000000000000533 ) ) ;
#1790 = CARTESIAN_POINT ( 'NONE',  ( 2.075000000000000178, 0.2299999999999944866, -0.5500000000000011546 ) ) ;
#1791 = LINE ( 'NONE', #647, #6204 ) ;
#1792 = DIRECTION ( 'NONE',  ( -1.445602896647339508E-15, -1.000000000000000000, 0.000000000000000000 ) ) ;
#1793 = VECTOR ( 'NONE', #12137, 1000.000000000000000 ) ;
#1794 = FACE_OUTER_BOUND ( 'NONE', #10003, .T. ) ;
#1795 = ORIENTED_EDGE ( 'NONE', *, *, #11876, .T. ) ;
#1796 = VECTOR ( 'NONE', #8209, 1000.000000000000000 ) ;
#1797 = VERTEX_POINT ( 'NONE', #12531 ) ;
#1798 = CARTESIAN_POINT ( 'NONE',  ( 3.200000000000000178, 0.2750000000000111799, 1.305000000000000160 ) ) ;
#1799 = DIRECTION ( 'NONE',  ( 0.000000000000000000, 1.332058005413337239E-16, 1.000000000000000000 ) ) ;
#1800 = ORIENTED_EDGE ( 'NONE', *, *, #7075, .T. ) ;
#1801 = ORIENTED_EDGE ( 'NONE', *, *, #1391, .F. ) ;
#1802 = CARTESIAN_POINT ( 'NONE',  ( 1.125000000000000222, 0.7499999999999998890, -0.3999999999999999667 ) ) ;
#1803 = DIRECTION ( 'NONE',  ( 0.000000000000000000, -1.000000000000000000, 0.000000000000000000 ) ) ;
#1804 = ADVANCED_FACE ( 'NONE', ( #12324 ), #7020, .F. ) ;
#1805 = ORIENTED_EDGE ( 'NONE', *, *, #5669, .F. ) ;
#1806 = CARTESIAN_POINT ( 'NONE',  ( 2.925000000000000266, 0.05000000000000506817, 1.274999999999999245 ) ) ;
#1807 = CARTESIAN_POINT ( 'NONE',  ( -0.5249999999999996891, 1.474999999999999867, -1.350000000000000533 ) ) ;
#1808 = PLANE ( 'NONE',  #10800 ) ;
#1809 = VECTOR ( 'NONE', #2215, 1000.000000000000000 ) ;
#1810 = DIRECTION ( 'NONE',  ( 0.000000000000000000, 0.000000000000000000, 1.000000000000000000 ) ) ;
#1811 = DIRECTION ( 'NONE',  ( -1.000000000000000000, -0.000000000000000000, -0.000000000000000000 ) ) ;
#1812 = EDGE_CURVE ( 'NONE', #1797, #3924, #8105, .T. ) ;
#1813 = FACE_OUTER_BOUND ( 'NONE', #13070, .T. ) ;
#1814 = VECTOR ( 'NONE', #9120, 1000.000000000000000 ) ;
#1815 = EDGE_CURVE ( 'NONE', #12890, #8618, #12399, .T. ) ;
#1816 = FACE_OUTER_BOUND ( 'NONE', #619, .T. ) ;
#1817 = VERTEX_POINT ( 'NONE', #3341 ) ;
#1818 = LINE ( 'NONE', #11642, #10682 ) ;
#1819 =( GEOMETRIC_REPRESENTATION_CONTEXT ( 3 ) GLOBAL_UNCERTAINTY_ASSIGNED_CONTEXT ( ( #7991 ) ) GLOBAL_UNIT_ASSIGNED_CONTEXT ( ( #10628, #9516, #11631 ) ) REPRESENTATION_CONTEXT ( 'NONE', 'WORKASPACE' ) );
#1820 = CARTESIAN_POINT ( 'NONE',  ( -1.275000000000000133, 0.4499999999999999556, -0.3999999999999999667 ) ) ;
#1821 = ORIENTED_EDGE ( 'NONE', *, *, #3074, .T. ) ;
#1822 = ORIENTED_EDGE ( 'NONE', *, *, #10963, .F. ) ;
#1823 = CARTESIAN_POINT ( 'NONE',  ( 0.2750000000000005218, 0.2299999999999946254, -1.350000000000000533 ) ) ;
#1824 = ORIENTED_EDGE ( 'NONE', *, *, #3423, .F. ) ;
#1825 = AXIS2_PLACEMENT_3D ( 'NONE', #13155, #5013, #8041 ) ;
#1826 = EDGE_LOOP ( 'NONE', ( #3474, #3402, #3649, #5943 ) ) ;
#1827 = PLANE ( 'NONE',  #6805 ) ;
#1828 = AXIS2_PLACEMENT_3D ( 'NONE', #3713, #11247, #10081 ) ;
#1829 = DIRECTION ( 'NONE',  ( 0.000000000000000000, -0.000000000000000000, 1.000000000000000000 ) ) ;
#1830 = DIRECTION ( 'NONE',  ( -5.110978055611209656E-16, -0.7071067811865421326, 0.7071067811865530128 ) ) ;
#1831 = VECTOR ( 'NONE', #10892, 1000.000000000000000 ) ;
#1832 = DIRECTION ( 'NONE',  ( 1.000000000000000000, 1.275531967630008943E-16, -0.000000000000000000 ) ) ;
#1833 = EDGE_CURVE ( 'NONE', #3877, #5498, #3322, .T. ) ;
#1834 = DIRECTION ( 'NONE',  ( 0.000000000000000000, 0.7071067811865475727, -0.7071067811865475727 ) ) ;
#1835 = CARTESIAN_POINT ( 'NONE',  ( 3.500000000000003109, 1.474999999999999867, -0.9749999999999897637 ) ) ;
#1836 = LINE ( 'NONE', #11703, #6244 ) ;
#1837 = CARTESIAN_POINT ( 'NONE',  ( 3.200000000000000178, 0.2750000000000111799, 1.305000000000000160 ) ) ;
#1838 = FACE_OUTER_BOUND ( 'NONE', #12262, .T. ) ;
#1839 = FACE_OUTER_BOUND ( 'NONE', #7466, .T. ) ;
#1840 = PLANE ( 'NONE',  #6667 ) ;
#1841 = ORIENTED_EDGE ( 'NONE', *, *, #8644, .F. ) ;
#1842 = EDGE_CURVE ( 'NONE', #11490, #10234, #3413, .T. ) ;
#1843 = EDGE_CURVE ( 'NONE', #5922, #10225, #3385, .T. ) ;
#1844 = EDGE_LOOP ( 'NONE', ( #2576, #2406, #7169, #11467 ) ) ;
#1845 = DIRECTION ( 'NONE',  ( 0.000000000000000000, 0.000000000000000000, -1.000000000000000000 ) ) ;
#1846 = ORIENTED_EDGE ( 'NONE', *, *, #3742, .F. ) ;
#1847 = ORIENTED_EDGE ( 'NONE', *, *, #11715, .T. ) ;
#1848 = ORIENTED_EDGE ( 'NONE', *, *, #7299, .F. ) ;
#1849 = EDGE_CURVE ( 'NONE', #12620, #4071, #7746, .T. ) ;
#1850 = EDGE_CURVE ( 'NONE', #1783, #1390, #12517, .T. ) ;
#1851 = PLANE ( 'NONE',  #4605 ) ;
#1852 = DIRECTION ( 'NONE',  ( 0.000000000000000000, 0.7071067811865490160, -0.7071067811865460184 ) ) ;
#1853 = ADVANCED_FACE ( 'NONE', ( #12428 ), #4481, .F. ) ;
#1854 = VECTOR ( 'NONE', #10973, 1000.000000000000000 ) ;
#1855 = CARTESIAN_POINT ( 'NONE',  ( -0.3250000000000000111, 0.8125000000000003331, -1.300000000000000044 ) ) ;
#1856 = CARTESIAN_POINT ( 'NONE',  ( -1.125000000000000222, 1.574999999999999734, -1.350000000000000533 ) ) ;
#1857 = CARTESIAN_POINT ( 'NONE',  ( -1.125000000000000222, 1.124999999999999778, -0.5500000000000018208 ) ) ;
#1858 = ADVANCED_FACE ( 'NONE', ( #7908 ), #4295, .F. ) ;
#1859 = DIRECTION ( 'NONE',  ( 0.000000000000000000, 1.000000000000000000, -0.000000000000000000 ) ) ;
#1860 = VECTOR ( 'NONE', #4391, 1000.000000000000000 ) ;
#1861 = AXIS2_PLACEMENT_3D ( 'NONE', #11621, #12671, #3475 ) ;
#1862 = LINE ( 'NONE', #11207, #5873 ) ;
#1863 = LINE ( 'NONE', #3227, #6121 ) ;
#1864 = VERTEX_POINT ( 'NONE', #2544 ) ;
#1865 = LINE ( 'NONE', #2205, #5955 ) ;
#1866 = ORIENTED_EDGE ( 'NONE', *, *, #12389, .T. ) ;
#1867 = VERTEX_POINT ( 'NONE', #3568 ) ;
#1868 = EDGE_CURVE ( 'NONE', #10958, #33, #8053, .T. ) ;
#1869 = VERTEX_POINT ( 'NONE', #10698 ) ;
#1870 = CARTESIAN_POINT ( 'NONE',  ( -0.4749999999999999223, 0.1000000000000000056, -0.9499999999999999556 ) ) ;
#1871 = EDGE_LOOP ( 'NONE', ( #8642, #4830, #4574, #4377, #5124, #5181 ) ) ;
#1872 = DIRECTION ( 'NONE',  ( 1.000000000000000000, 0.000000000000000000, 0.000000000000000000 ) ) ;
#1873 = DIRECTION ( 'NONE',  ( -0.7071067811865566766, 0.000000000000000000, 0.7071067811865383579 ) ) ;
#1874 = EDGE_CURVE ( 'NONE', #5811, #5478, #8003, .T. ) ;
#1875 = VECTOR ( 'NONE', #7024, 1000.000000000000000 ) ;
#1876 = EDGE_CURVE ( 'NONE', #1654, #11625, #7768, .T. ) ;
#1877 = CARTESIAN_POINT ( 'NONE',  ( -2.075000000000000178, 0.4499999999999999556, -0.9499999999999999556 ) ) ;
#1878 = AXIS2_PLACEMENT_3D ( 'NONE', #9043, #10142, #11051 ) ;
#1879 = VECTOR ( 'NONE', #3414, 1000.000000000000000 ) ;
#1880 = LINE ( 'NONE', #1982, #1607 ) ;
#1881 = VECTOR ( 'NONE', #2305, 1000.000000000000000 ) ;
#1882 = VERTEX_POINT ( 'NONE', #12571 ) ;
#1883 = AXIS2_PLACEMENT_3D ( 'NONE', #7792, #7614, #9734 ) ;
#1884 = LINE ( 'NONE', #4411, #1796 ) ;
#1885 = ORIENTED_EDGE ( 'NONE', *, *, #13117, .T. ) ;
#1886 = DIRECTION ( 'NONE',  ( 0.000000000000000000, 0.000000000000000000, -1.000000000000000000 ) ) ;
#1887 = ORIENTED_EDGE ( 'NONE', *, *, #4404, .T. ) ;
#1888 = VERTEX_POINT ( 'NONE', #7314 ) ;
#1889 = CARTESIAN_POINT ( 'NONE',  ( 0.2750000000000005218, 1.675000000000001377, -1.350000000000000533 ) ) ;
#1890 = CARTESIAN_POINT ( 'NONE',  ( -2.740000000000000213, 0.6999999999999991784, 1.300000000000000711 ) ) ;
#1891 = VERTEX_POINT ( 'NONE', #466 ) ;
#1892 = DIRECTION ( 'NONE',  ( 0.000000000000000000, 0.000000000000000000, -1.000000000000000000 ) ) ;
#1893 = CARTESIAN_POINT ( 'NONE',  ( -0.3250000000000000111, 0.2000000000000000111, -0.9499999999999999556 ) ) ;
#1894 = LINE ( 'NONE', #6844, #6014 ) ;
#1895 = CARTESIAN_POINT ( 'NONE',  ( -1.275000000000000133, 0.000000000000000000, -1.300000000000000044 ) ) ;
#1896 = CARTESIAN_POINT ( 'NONE',  ( 1.241666666666666474, 0.4833333333333333925, -0.3666666666666666408 ) ) ;
#1897 = EDGE_CURVE ( 'NONE', #9707, #1028, #3681, .T. ) ;
#1898 = CARTESIAN_POINT ( 'NONE',  ( 1.125000000000000222, 0.000000000000000000, -1.300000000000000044 ) ) ;
#1899 = FACE_OUTER_BOUND ( 'NONE', #11254, .T. ) ;
#1900 = VECTOR ( 'NONE', #8074, 1000.000000000000000 ) ;
#1901 = DIRECTION ( 'NONE',  ( -0.000000000000000000, 0.000000000000000000, -1.000000000000000000 ) ) ;
#1902 = CIRCLE ( 'NONE', #8381, 0.2236160714285718720 ) ;
#1903 = EDGE_LOOP ( 'NONE', ( #5373, #9577, #5542, #2617, #2407 ) ) ;
#1904 = VECTOR ( 'NONE', #6576, 1000.000000000000000 ) ;
#1905 = DIRECTION ( 'NONE',  ( 0.000000000000000000, -0.000000000000000000, 1.000000000000000000 ) ) ;
#1906 = EDGE_LOOP ( 'NONE', ( #627, #8474, #3488, #6055 ) ) ;
#1907 = AXIS2_PLACEMENT_3D ( 'NONE', #9691, #5752, #4681 ) ;
#1908 = EDGE_LOOP ( 'NONE', ( #8573, #10689, #96, #5838 ) ) ;
#1909 = CARTESIAN_POINT ( 'NONE',  ( 2.075000000000000178, 1.750000000000000888, -0.5500000000000018208 ) ) ;
#1910 = ORIENTED_EDGE ( 'NONE', *, *, #12573, .F. ) ;
#1911 = EDGE_LOOP ( 'NONE', ( #4037, #865, #12116, #8146 ) ) ;
#1912 = CARTESIAN_POINT ( 'NONE',  ( -0.4749999999999999223, 0.4499999999999999556, -0.3999999999999999667 ) ) ;
#1913 = DIRECTION ( 'NONE',  ( -1.000000000000000000, 0.000000000000000000, 0.000000000000000000 ) ) ;
#1914 = CARTESIAN_POINT ( 'NONE',  ( 2.950000000000000622, 1.149999999999999911, -0.3000000000000006550 ) ) ;
#1915 = LINE ( 'NONE', #2744, #6327 ) ;
#1916 = CARTESIAN_POINT ( 'NONE',  ( 1.125000000000000222, 0.4499999999999999556, -0.9499999999999999556 ) ) ;
#1917 = CARTESIAN_POINT ( 'NONE',  ( -2.500000000000000888, 1.499999999999999334, -0.3499999999999994227 ) ) ;
#1918 = CARTESIAN_POINT ( 'NONE',  ( 1.925000000000000044, 1.575000000000000178, 0.4999999999999997780 ) ) ;
#1919 = FACE_OUTER_BOUND ( 'NONE', #2281, .T. ) ;
#1920 = VECTOR ( 'NONE', #11880, 1000.000000000000000 ) ;
#1921 = CARTESIAN_POINT ( 'NONE',  ( 3.000000000000000000, 0.3500000000000024203, 0.2749999999999982458 ) ) ;
#1922 = VERTEX_POINT ( 'NONE', #3469 ) ;
#1923 = VECTOR ( 'NONE', #2569, 1000.000000000000000 ) ;
#1924 = EDGE_CURVE ( 'NONE', #10790, #2887, #3483, .T. ) ;
#1925 = ORIENTED_EDGE ( 'NONE', *, *, #12878, .F. ) ;
#1926 = ORIENTED_EDGE ( 'NONE', *, *, #126, .F. ) ;
#1927 = ORIENTED_EDGE ( 'NONE', *, *, #5526, .F. ) ;
#1928 = ADVANCED_FACE ( 'NONE', ( #12543 ), #10777, .F. ) ;
#1929 = ORIENTED_EDGE ( 'NONE', *, *, #4748, .F. ) ;
#1930 = DIRECTION ( 'NONE',  ( 1.000000000000000000, -0.000000000000000000, -0.000000000000000000 ) ) ;
#1931 = DIRECTION ( 'NONE',  ( -0.000000000000000000, 1.000000000000000000, 0.000000000000000000 ) ) ;
#1932 = LINE ( 'NONE', #11988, #10493 ) ;
#1933 = DIRECTION ( 'NONE',  ( 0.000000000000000000, 0.000000000000000000, 1.000000000000000000 ) ) ;
#1934 = CARTESIAN_POINT ( 'NONE',  ( 1.925000000000000044, 0.5000000000000002220, -0.3499999999999998113 ) ) ;
#1935 = CARTESIAN_POINT ( 'NONE',  ( -1.125000000000000222, 1.750000000000000888, -0.5500000000000018208 ) ) ;
#1936 = CARTESIAN_POINT ( 'NONE',  ( 3.200000000000000178, 0.3050000000000112066, 1.305000000000000160 ) ) ;
#1937 = LINE ( 'NONE', #11654, #6481 ) ;
#1938 = LINE ( 'NONE', #7631, #2094 ) ;
#1939 = LINE ( 'NONE', #1332, #1881 ) ;
#1940 = VERTEX_POINT ( 'NONE', #11615 ) ;
#1941 = LINE ( 'NONE', #4180, #2268 ) ;
#1942 = ORIENTED_EDGE ( 'NONE', *, *, #329, .T. ) ;
#1943 = DIRECTION ( 'NONE',  ( 1.000000000000000000, -0.000000000000000000, -0.000000000000000000 ) ) ;
#1944 = ORIENTED_EDGE ( 'NONE', *, *, #2976, .T. ) ;
#1945 = VERTEX_POINT ( 'NONE', #11791 ) ;
#1946 = ORIENTED_EDGE ( 'NONE', *, *, #1842, .T. ) ;
#1947 = CARTESIAN_POINT ( 'NONE',  ( -3.200000000000000178, 0.1250000000000056344, 1.350000000000000533 ) ) ;
#1948 = CARTESIAN_POINT ( 'NONE',  ( -3.000000000000000444, 0.000000000000000000, 1.224999999999994982 ) ) ;
#1949 = DIRECTION ( 'NONE',  ( 1.000000000000000000, 0.000000000000000000, 0.000000000000000000 ) ) ;
#1950 = CARTESIAN_POINT ( 'NONE',  ( -1.275000000000000133, 1.149999999999999911, 0.000000000000000000 ) ) ;
#1951 = ADVANCED_FACE ( 'NONE', ( #12448 ), #8481, .F. ) ;
#1952 = LINE ( 'NONE', #4422, #1684 ) ;
#1953 = ADVANCED_FACE ( 'NONE', ( #12598 ), #6639, .F. ) ;
#1954 = CARTESIAN_POINT ( 'NONE',  ( 1.075000000000000400, 1.149999999999999911, -1.349999999999997868 ) ) ;
#1955 = EDGE_CURVE ( 'NONE', #964, #783, #3703, .T. ) ;
#1956 = LINE ( 'NONE', #10216, #6624 ) ;
#1957 = DIRECTION ( 'NONE',  ( -3.833233541708442001E-16, -0.7071067811865474617, -0.7071067811865474617 ) ) ;
#1958 = LINE ( 'NONE', #416, #6415 ) ;
#1959 = ORIENTED_EDGE ( 'NONE', *, *, #10913, .T. ) ;
#1960 = LINE ( 'NONE', #10723, #1904 ) ;
#1961 = ORIENTED_EDGE ( 'NONE', *, *, #12118, .F. ) ;
#1962 = DIRECTION ( 'NONE',  ( 0.000000000000000000, 1.000000000000000000, -6.377659838150027460E-17 ) ) ;
#1963 = DIRECTION ( 'NONE',  ( 0.000000000000000000, -0.000000000000000000, -1.000000000000000000 ) ) ;
#1964 = ORIENTED_EDGE ( 'NONE', *, *, #3907, .T. ) ;
#1965 = ORIENTED_EDGE ( 'NONE', *, *, #2280, .F. ) ;
#1966 = CARTESIAN_POINT ( 'NONE',  ( -0.4749999999999995337, 1.750000000000000888, -1.350000000000000533 ) ) ;
#1967 = CARTESIAN_POINT ( 'NONE',  ( -0.2416666666666662799, 0.6833333333333344584, -0.1666666666666662688 ) ) ;
#1968 = VERTEX_POINT ( 'NONE', #8752 ) ;
#1969 = AXIS2_PLACEMENT_3D ( 'NONE', #1022, #10497, #5546 ) ;
#1970 = EDGE_CURVE ( 'NONE', #6652, #2572, #12212, .T. ) ;
#1971 = CARTESIAN_POINT ( 'NONE',  ( -0.3250000000000000111, 1.125000000000000222, -0.5500000000000018208 ) ) ;
#1972 = DIRECTION ( 'NONE',  ( -0.000000000000000000, -0.000000000000000000, 1.000000000000000000 ) ) ;
#1973 = EDGE_CURVE ( 'NONE', #12304, #1058, #7815, .T. ) ;
#1974 = PLANE ( 'NONE',  #8452 ) ;
#1975 = CARTESIAN_POINT ( 'NONE',  ( 1.125000000000001110, 0.7499999999999991118, -0.5500000000000018208 ) ) ;
#1976 = LINE ( 'NONE', #4515, #1788 ) ;
#1977 = EDGE_CURVE ( 'NONE', #10808, #12214, #3435, .T. ) ;
#1978 = CARTESIAN_POINT ( 'NONE',  ( 3.500000000000000000, 0.2299999999999946254, -1.350000000000000533 ) ) ;
#1979 = EDGE_CURVE ( 'NONE', #10340, #3523, #7856, .T. ) ;
#1980 = VECTOR ( 'NONE', #6645, 1000.000000000000000 ) ;
#1981 = LINE ( 'NONE', #1703, #2221 ) ;
#1982 = CARTESIAN_POINT ( 'NONE',  ( -1.925000000000000044, 1.125000000000000222, 0.5000000000000000000 ) ) ;
#1983 = ORIENTED_EDGE ( 'NONE', *, *, #13007, .F. ) ;
#1984 = FACE_OUTER_BOUND ( 'NONE', #3527, .T. ) ;
#1985 = DIRECTION ( 'NONE',  ( 0.000000000000000000, -1.694065894508603883E-16, 1.000000000000000000 ) ) ;
#1986 = ORIENTED_EDGE ( 'NONE', *, *, #8585, .T. ) ;
#1987 = ORIENTED_EDGE ( 'NONE', *, *, #9975, .F. ) ;
#1988 = DIRECTION ( 'NONE',  ( 0.000000000000000000, 0.000000000000000000, 1.000000000000000000 ) ) ;
#1989 = VERTEX_POINT ( 'NONE', #6388 ) ;
#1990 = EDGE_CURVE ( 'NONE', #3738, #5006, #12570, .T. ) ;
#1991 = AXIS2_PLACEMENT_3D ( 'NONE', #596, #1852, #11750 ) ;
#1992 = ORIENTED_EDGE ( 'NONE', *, *, #12918, .T. ) ;
#1993 = CARTESIAN_POINT ( 'NONE',  ( 1.925000000000000711, 1.124999999999999778, -0.5500000000000018208 ) ) ;
#1994 = CARTESIAN_POINT ( 'NONE',  ( 3.000000000000000444, 0.3500000000000113021, 1.275000000000000133 ) ) ;
#1995 = LINE ( 'NONE', #3702, #6220 ) ;
#1996 = EDGE_CURVE ( 'NONE', #918, #7211, #8148, .T. ) ;
#1997 = CARTESIAN_POINT ( 'NONE',  ( 2.950000000000000622, 1.675000000000001377, -0.3000000000000006550 ) ) ;
#1998 = CARTESIAN_POINT ( 'NONE',  ( 3.500000000000000000, 1.149999999999999911, -1.050000000000000488 ) ) ;
#1999 = DIRECTION ( 'NONE',  ( -1.000000000000000000, -0.000000000000000000, -0.000000000000000000 ) ) ;
#2000 = VECTOR ( 'NONE', #1329, 1000.000000000000000 ) ;
#2001 = DIRECTION ( 'NONE',  ( -1.000000000000000000, 0.000000000000000000, 0.000000000000000000 ) ) ;
#2002 = VECTOR ( 'NONE', #4869, 1000.000000000000000 ) ;
#2003 = EDGE_CURVE ( 'NONE', #1882, #6108, #12624, .T. ) ;
#2004 = CARTESIAN_POINT ( 'NONE',  ( -3.200000000000000178, 0.3800000000000113287, 1.305000000000000160 ) ) ;
#2005 = VERTEX_POINT ( 'NONE', #12969 ) ;
#2006 = LINE ( 'NONE', #10058, #10760 ) ;
#2007 = EDGE_CURVE ( 'NONE', #3356, #12890, #8192, .T. ) ;
#2008 = ORIENTED_EDGE ( 'NONE', *, *, #4585, .F. ) ;
#2009 = PLANE ( 'NONE',  #2895 ) ;
#2010 = ORIENTED_EDGE ( 'NONE', *, *, #1970, .T. ) ;
#2011 = VERTEX_POINT ( 'NONE', #12776 ) ;
#2012 = VERTEX_POINT ( 'NONE', #9778 ) ;
#2013 = AXIS2_PLACEMENT_3D ( 'NONE', #6261, #1260, #10133 ) ;
#2014 = CARTESIAN_POINT ( 'NONE',  ( -3.225000000000000533, 1.149999999999999911, -0.4500000000000006217 ) ) ;
#2015 = DIRECTION ( 'NONE',  ( -5.421010862427530059E-16, -1.694065894508603883E-16, 1.000000000000000000 ) ) ;
#2016 = LINE ( 'NONE', #8872, #1831 ) ;
#2017 = DIRECTION ( 'NONE',  ( 0.000000000000000000, 1.000000000000000000, 0.000000000000000000 ) ) ;
#2018 = DIRECTION ( 'NONE',  ( -3.833233541708440522E-16, 0.7071067811865474617, 0.7071067811865474617 ) ) ;
#2019 = EDGE_CURVE ( 'NONE', #4085, #2759, #12644, .T. ) ;
#2020 = CARTESIAN_POINT ( 'NONE',  ( 1.925000000000000044, 0.000000000000000000, -0.9499999999999999556 ) ) ;
#2021 = LINE ( 'NONE', #1161, #6433 ) ;
#2022 = VECTOR ( 'NONE', #12355, 1000.000000000000000 ) ;
#2023 = ORIENTED_EDGE ( 'NONE', *, *, #6744, .T. ) ;
#2024 = VECTOR ( 'NONE', #10317, 1000.000000000000000 ) ;
#2025 = VERTEX_POINT ( 'NONE', #10610 ) ;
#2026 = EDGE_CURVE ( 'NONE', #6303, #6992, #12236, .T. ) ;
#2027 = PLANE ( 'NONE',  #6184 ) ;
#2028 = ORIENTED_EDGE ( 'NONE', *, *, #9981, .T. ) ;
#2029 = EDGE_CURVE ( 'NONE', #7107, #11401, #8917, .T. ) ;
#2030 = ORIENTED_EDGE ( 'NONE', *, *, #431, .F. ) ;
#2031 = CARTESIAN_POINT ( 'NONE',  ( -2.075000000000000178, 0.7499999999999998890, -0.5500000000000020428 ) ) ;
#2032 = EDGE_LOOP ( 'NONE', ( #11782, #82, #11810, #12730 ) ) ;
#2033 = DIRECTION ( 'NONE',  ( 0.000000000000000000, 0.7071067811865515695, -0.7071067811865434649 ) ) ;
#2034 = DIRECTION ( 'NONE',  ( -1.000000000000000000, 0.000000000000000000, 0.000000000000000000 ) ) ;
#2035 = DIRECTION ( 'NONE',  ( -0.000000000000000000, -1.000000000000000000, -0.000000000000000000 ) ) ;
#2036 = CARTESIAN_POINT ( 'NONE',  ( -2.075000000000000178, 1.499999999999999334, -0.3499999999999994227 ) ) ;
#2037 = VECTOR ( 'NONE', #10579, 1000.000000000000000 ) ;
#2038 = AXIS2_PLACEMENT_3D ( 'NONE', #5048, #210, #8275 ) ;
#2039 = DIRECTION ( 'NONE',  ( 1.000000000000000000, -0.000000000000000000, -0.000000000000000000 ) ) ;
#2040 = LINE ( 'NONE', #3226, #6455 ) ;
#2041 = DIRECTION ( 'NONE',  ( 1.000000000000000000, 0.000000000000000000, 1.445602896647338917E-15 ) ) ;
#2042 = VECTOR ( 'NONE', #195, 1000.000000000000000 ) ;
#2043 = VERTEX_POINT ( 'NONE', #11796 ) ;
#2044 = VECTOR ( 'NONE', #9209, 1000.000000000000000 ) ;
#2045 = ORIENTED_EDGE ( 'NONE', *, *, #10353, .F. ) ;
#2046 = CARTESIAN_POINT ( 'NONE',  ( 2.950000000000000622, 1.474999999999999867, -1.050000000000000488 ) ) ;
#2047 = CARTESIAN_POINT ( 'NONE',  ( -0.4749999999999999223, 1.750000000000000888, -0.5500000000000017097 ) ) ;
#2048 = EDGE_LOOP ( 'NONE', ( #5562, #1338, #9587, #5933, #10157, #5704 ) ) ;
#2049 = ORIENTED_EDGE ( 'NONE', *, *, #12525, .T. ) ;
#2050 = CARTESIAN_POINT ( 'NONE',  ( 0.4250000000000000444, 0.4499999999999999556, -0.3499999999999998113 ) ) ;
#2051 = CARTESIAN_POINT ( 'NONE',  ( -0.3250000000000001776, 1.499999999999999334, -0.3499999999999994227 ) ) ;
#2052 = DIRECTION ( 'NONE',  ( 1.000000000000000000, 0.000000000000000000, 0.000000000000000000 ) ) ;
#2053 = EDGE_CURVE ( 'NONE', #3962, #13032, #13078, .T. ) ;
#2054 = ORIENTED_EDGE ( 'NONE', *, *, #10819, .F. ) ;
#2055 = DIRECTION ( 'NONE',  ( -1.000000000000000000, 1.275531967630008943E-16, 0.000000000000000000 ) ) ;
#2056 = PLANE ( 'NONE',  #2756 ) ;
#2057 = ADVANCED_FACE ( 'NONE', ( #4250 ), #4317, .F. ) ;
#2058 = CARTESIAN_POINT ( 'NONE',  ( -3.500000000000000000, 1.750000000000000000, 0.5500000000000004885 ) ) ;
#2059 = LINE ( 'NONE', #8159, #11258 ) ;
#2060 = DIRECTION ( 'NONE',  ( 1.000000000000000000, 0.000000000000000000, -0.000000000000000000 ) ) ;
#2061 = ADVANCED_FACE ( 'NONE', ( #4189 ), #5486, .F. ) ;
#2062 = AXIS2_PLACEMENT_3D ( 'NONE', #11410, #2079, #12160 ) ;
#2063 = FACE_OUTER_BOUND ( 'NONE', #6088, .T. ) ;
#2064 = FACE_OUTER_BOUND ( 'NONE', #5899, .T. ) ;
#2065 = CARTESIAN_POINT ( 'NONE',  ( 3.500000000000000000, 1.474999999999999867, -1.050000000000000488 ) ) ;
#2066 = ORIENTED_EDGE ( 'NONE', *, *, #439, .F. ) ;
#2067 = FACE_OUTER_BOUND ( 'NONE', #7738, .T. ) ;
#2068 = DIRECTION ( 'NONE',  ( -0.000000000000000000, -0.000000000000000000, -1.000000000000000000 ) ) ;
#2069 = EDGE_LOOP ( 'NONE', ( #4522, #866, #129, #409 ) ) ;
#2070 = VERTEX_POINT ( 'NONE', #5655 ) ;
#2071 = DIRECTION ( 'NONE',  ( 0.000000000000000000, -1.000000000000000000, 0.000000000000000000 ) ) ;
#2072 = ORIENTED_EDGE ( 'NONE', *, *, #3826, .F. ) ;
#2073 = CARTESIAN_POINT ( 'NONE',  ( -0.3250000000000000111, 0.000000000000000000, -0.9499999999999999556 ) ) ;
#2074 = LINE ( 'NONE', #6697, #6495 ) ;
#2075 = DIRECTION ( 'NONE',  ( 0.7071067811865521247, 3.407318703740853605E-16, 0.7071067811865430208 ) ) ;
#2076 = CARTESIAN_POINT ( 'NONE',  ( 1.275000000000000133, 0.8125000000000003331, -1.300000000000000044 ) ) ;
#2077 = LINE ( 'NONE', #411, #10937 ) ;
#2078 = VECTOR ( 'NONE', #8166, 1000.000000000000000 ) ;
#2079 = DIRECTION ( 'NONE',  ( 3.614007241618339403E-16, -1.000000000000000000, 0.000000000000000000 ) ) ;
#2080 = EDGE_LOOP ( 'NONE', ( #7723, #4337, #8240, #8188 ) ) ;
#2081 = VECTOR ( 'NONE', #12332, 1000.000000000000000 ) ;
#2082 = VERTEX_POINT ( 'NONE', #8486 ) ;
#2083 = CARTESIAN_POINT ( 'NONE',  ( -2.075000000000000178, 1.125000000000000222, -0.5500000000000018208 ) ) ;
#2084 = DIRECTION ( 'NONE',  ( 0.000000000000000000, 0.000000000000000000, -1.000000000000000000 ) ) ;
#2085 = ORIENTED_EDGE ( 'NONE', *, *, #1378, .F. ) ;
#2086 = VERTEX_POINT ( 'NONE', #7573 ) ;
#2087 = CARTESIAN_POINT ( 'NONE',  ( 0.4750000000000001443, 1.574999999999999956, -1.300000000000000044 ) ) ;
#2088 = DIRECTION ( 'NONE',  ( 1.000000000000000000, 0.000000000000000000, 0.000000000000000000 ) ) ;
#2089 = VECTOR ( 'NONE', #9471, 1000.000000000000000 ) ;
#2090 = DIRECTION ( 'NONE',  ( 0.000000000000000000, 6.377659838150027460E-17, 1.000000000000000000 ) ) ;
#2091 = CARTESIAN_POINT ( 'NONE',  ( 2.149999999999981704, -1.595000000000014184, 0.5249999999999792610 ) ) ;
#2092 = DIRECTION ( 'NONE',  ( -0.5773502691896208461, 0.5773502691896281735, 0.5773502691896281735 ) ) ;
#2093 = LINE ( 'NONE', #8620, #1879 ) ;
#2094 = VECTOR ( 'NONE', #9576, 1000.000000000000114 ) ;
#2095 = ADVANCED_FACE ( 'NONE', ( #4362 ), #11874, .F. ) ;
#2096 = EDGE_LOOP ( 'NONE', ( #9329, #963, #2611, #12099, #9523, #6824, #11823, #3119 ) ) ;
#2097 = CYLINDRICAL_SURFACE ( 'NONE', #8958, 0.03000000000000002318 ) ;
#2098 = ORIENTED_EDGE ( 'NONE', *, *, #6279, .T. ) ;
#2099 = DIRECTION ( 'NONE',  ( 0.000000000000000000, -0.000000000000000000, 1.000000000000000000 ) ) ;
#2100 = ORIENTED_EDGE ( 'NONE', *, *, #4418, .T. ) ;
#2101 = ORIENTED_EDGE ( 'NONE', *, *, #3144, .T. ) ;
#2102 = PLANE ( 'NONE',  #1240 ) ;
#2103 = DIRECTION ( 'NONE',  ( -1.000000000000000000, 9.035018104045878829E-16, 0.000000000000000000 ) ) ;
#2104 = CARTESIAN_POINT ( 'NONE',  ( 3.200000000000000178, 1.075000000000010614, 1.350000000000000533 ) ) ;
#2105 = CARTESIAN_POINT ( 'NONE',  ( -1.275000000000000133, 1.150000000000000133, -1.229999999999999982 ) ) ;
#2106 = DIRECTION ( 'NONE',  ( -0.000000000000000000, -0.7071067811865459074, 0.7071067811865491270 ) ) ;
#2107 = AXIS2_PLACEMENT_3D ( 'NONE', #1368, #2258, #1458 ) ;
#2108 = VECTOR ( 'NONE', #7118, 1000.000000000000000 ) ;
#2109 = EDGE_CURVE ( 'NONE', #9634, #9539, #4566, .T. ) ;
#2110 = CARTESIAN_POINT ( 'NONE',  ( -1.275000000000000133, 0.7499999999999998890, -0.5500000000000020428 ) ) ;
#2111 = LINE ( 'NONE', #8966, #6561 ) ;
#2112 = DIRECTION ( 'NONE',  ( 1.000000000000000000, -0.000000000000000000, -0.000000000000000000 ) ) ;
#2113 = LINE ( 'NONE', #535, #10898 ) ;
#2114 = AXIS2_PLACEMENT_3D ( 'NONE', #7488, #1558, #11526 ) ;
#2115 = EDGE_CURVE ( 'NONE', #2012, #4063, #4501, .T. ) ;
#2116 = VERTEX_POINT ( 'NONE', #3473 ) ;
#2117 = LINE ( 'NONE', #10959, #6565 ) ;
#2118 = EDGE_CURVE ( 'NONE', #9963, #3581, #8659, .T. ) ;
#2119 = EDGE_CURVE ( 'NONE', #13196, #1271, #8811, .T. ) ;
#2120 = ORIENTED_EDGE ( 'NONE', *, *, #9541, .F. ) ;
#2121 = DIRECTION ( 'NONE',  ( 0.000000000000000000, -1.000000000000000000, 2.409338161078897701E-16 ) ) ;
#2122 = VERTEX_POINT ( 'NONE', #7651 ) ;
#2123 = EDGE_CURVE ( 'NONE', #12284, #8835, #13142, .T. ) ;
#2124 = VECTOR ( 'NONE', #7683, 1000.000000000000114 ) ;
#2125 = VERTEX_POINT ( 'NONE', #645 ) ;
#2126 = DIRECTION ( 'NONE',  ( 6.746022099410526764E-33, 5.288791085295114073E-17, 1.000000000000000000 ) ) ;
#2127 = CARTESIAN_POINT ( 'NONE',  ( 2.700000000000000178, 1.149999999999999911, -1.300000000000000711 ) ) ;
#2128 = ADVANCED_FACE ( 'NONE', ( #4142, #4382 ), #4487, .F. ) ;
#2129 = DIRECTION ( 'NONE',  ( -0.000000000000000000, -0.7071067811865459074, 0.7071067811865491270 ) ) ;
#2130 = EDGE_CURVE ( 'NONE', #4111, #9495, #8789, .T. ) ;
#2131 = CARTESIAN_POINT ( 'NONE',  ( -1.900000000000000577, 0.2499999999999991396, 0.7500000000000005551 ) ) ;
#2132 = CARTESIAN_POINT ( 'NONE',  ( -2.075000000000000178, 1.574999999999999734, -1.350000000000000533 ) ) ;
#2133 = CARTESIAN_POINT ( 'NONE',  ( 0.5499999999999816147, -1.595000000000014184, 0.5249999999999792610 ) ) ;
#2134 = DIRECTION ( 'NONE',  ( -0.000000000000000000, -0.000000000000000000, 1.000000000000000000 ) ) ;
#2135 = FACE_OUTER_BOUND ( 'NONE', #3155, .T. ) ;
#2136 = PLANE ( 'NONE',  #5832 ) ;
#2137 = DIRECTION ( 'NONE',  ( -0.000000000000000000, 0.000000000000000000, 1.000000000000000000 ) ) ;
#2138 = LINE ( 'NONE', #7604, #6583 ) ;
#2139 = AXIS2_PLACEMENT_3D ( 'NONE', #72, #6170, #8134 ) ;
#2140 = LINE ( 'NONE', #11504, #2042 ) ;
#2141 = ORIENTED_EDGE ( 'NONE', *, *, #9275, .T. ) ;
#2142 = LINE ( 'NONE', #7363, #6653 ) ;
#2143 = CARTESIAN_POINT ( 'NONE',  ( -1.125000000000000222, 0.7499999999999991118, -1.350000000000000533 ) ) ;
#2144 = ORIENTED_EDGE ( 'NONE', *, *, #12032, .F. ) ;
#2145 = ORIENTED_EDGE ( 'NONE', *, *, #6750, .F. ) ;
#2146 = DIRECTION ( 'NONE',  ( -1.000000000000000000, 0.000000000000000000, 0.000000000000000000 ) ) ;
#2147 = LINE ( 'NONE', #10735, #6594 ) ;
#2148 = EDGE_CURVE ( 'NONE', #13235, #6636, #4405, .T. ) ;
#2149 = ORIENTED_EDGE ( 'NONE', *, *, #1282, .F. ) ;
#2150 = CARTESIAN_POINT ( 'NONE',  ( 1.875000000000000444, 1.149999999999999911, -1.349999999999997868 ) ) ;
#2151 = MANIFOLD_SOLID_BREP ( 'LPattern2[4]', #8936 ) ;
#2152 = EDGE_CURVE ( 'NONE', #9852, #13246, #131, .T. ) ;
#2153 = ADVANCED_FACE ( 'NONE', ( #4454 ), #12222, .F. ) ;
#2154 = DIRECTION ( 'NONE',  ( -1.000000000000000000, 0.000000000000000000, -0.000000000000000000 ) ) ;
#2155 = CIRCLE ( 'NONE', #10190, 0.02999999999999997113 ) ;
#2156 = EDGE_CURVE ( 'NONE', #5022, #5900, #13056, .T. ) ;
#2157 = EDGE_CURVE ( 'NONE', #6636, #4256, #8564, .T. ) ;
#2158 = EDGE_CURVE ( 'NONE', #11984, #5062, #8964, .T. ) ;
#2159 = DIRECTION ( 'NONE',  ( 1.000000000000000000, -0.000000000000000000, -0.000000000000000000 ) ) ;
#2160 = LINE ( 'NONE', #6508, #11103 ) ;
#2161 = FACE_OUTER_BOUND ( 'NONE', #5493, .T. ) ;
#2162 = DIRECTION ( 'NONE',  ( -0.000000000000000000, 1.000000000000000000, -0.000000000000000000 ) ) ;
#2163 = ORIENTED_EDGE ( 'NONE', *, *, #12386, .F. ) ;
#2164 = AXIS2_PLACEMENT_3D ( 'NONE', #8570, #2441, #3562 ) ;
#2165 = EDGE_LOOP ( 'NONE', ( #4750, #7591, #2845, #9458, #3091, #3268, #6761, #7999, #5286, #11742, #11807, #12260 ) ) ;
#2166 = DIRECTION ( 'NONE',  ( 0.000000000000000000, -1.000000000000000000, 2.409338161078897701E-16 ) ) ;
#2167 = ORIENTED_EDGE ( 'NONE', *, *, #6285, .F. ) ;
#2168 = VECTOR ( 'NONE', #5835, 1000.000000000000000 ) ;
#2169 = ORIENTED_EDGE ( 'NONE', *, *, #9552, .F. ) ;
#2170 = DIRECTION ( 'NONE',  ( 1.000000000000000000, 0.000000000000000000, -0.000000000000000000 ) ) ;
#2171 = PRODUCT_DEFINITION ( 'UNKNOWN', '', #7900, #6832 ) ;
#2172 = EDGE_CURVE ( 'NONE', #11732, #12163, #13198, .T. ) ;
#2173 = DIRECTION ( 'NONE',  ( 1.000000000000000000, -0.000000000000000000, -0.000000000000000000 ) ) ;
#2174 = DIRECTION ( 'NONE',  ( -0.000000000000000000, -1.000000000000000000, -0.000000000000000000 ) ) ;
#2175 = CIRCLE ( 'NONE', #10208, 0.2236160714285718720 ) ;
#2176 = DIRECTION ( 'NONE',  ( 1.000000000000000000, -0.000000000000000000, -0.000000000000000000 ) ) ;
#2177 = FILL_AREA_STYLE ('',( #8179 ) ) ;
#2178 =( LENGTH_UNIT ( ) NAMED_UNIT ( * ) SI_UNIT ( .MILLI., .METRE. ) );
#2179 = EDGE_CURVE ( 'NONE', #4492, #9643, #156, .T. ) ;
#2180 = DIRECTION ( 'NONE',  ( 1.000000000000000000, 0.000000000000000000, 0.000000000000000000 ) ) ;
#2181 = LINE ( 'NONE', #3051, #11080 ) ;
#2182 = DIRECTION ( 'NONE',  ( 1.000000000000000000, 0.000000000000000000, 0.000000000000000000 ) ) ;
#2183 = LINE ( 'NONE', #8262, #6482 ) ;
#2184 = EDGE_LOOP ( 'NONE', ( #7469, #4021, #522, #5128 ) ) ;
#2185 = LINE ( 'NONE', #8244, #11085 ) ;
#2186 = VERTEX_POINT ( 'NONE', #2969 ) ;
#2187 = DIRECTION ( 'NONE',  ( -0.000000000000000000, -0.000000000000000000, 1.000000000000000000 ) ) ;
#2188 = AXIS2_PLACEMENT_3D ( 'NONE', #8151, #7019, #7282 ) ;
#2189 = EDGE_LOOP ( 'NONE', ( #4733, #6691, #8772, #12999 ) ) ;
#2190 = LINE ( 'NONE', #7781, #11161 ) ;
#2191 = ORIENTED_EDGE ( 'NONE', *, *, #11570, .T. ) ;
#2192 = DIRECTION ( 'NONE',  ( -1.000000000000000000, 0.000000000000000000, 0.000000000000000000 ) ) ;
#2193 = CARTESIAN_POINT ( 'NONE',  ( -1.275000000000000133, 1.312500000000000222, -1.300000000000000044 ) ) ;
#2194 = DIRECTION ( 'NONE',  ( -0.000000000000000000, 1.000000000000000000, 0.000000000000000000 ) ) ;
#2195 = DIRECTION ( 'NONE',  ( 4.818676322157797375E-16, -1.000000000000000000, 0.000000000000000000 ) ) ;
#2196 = LINE ( 'NONE', #12639, #2352 ) ;
#2197 = CARTESIAN_POINT ( 'NONE',  ( 2.075000000000000178, 0.7499999999999991118, -0.3499999999999998113 ) ) ;
#2198 = LINE ( 'NONE', #4701, #10980 ) ;
#2199 = LINE ( 'NONE', #11416, #6523 ) ;
#2200 = ADVANCED_FACE ( 'NONE', ( #13015 ), #2056, .F. ) ;
#2201 = ORIENTED_EDGE ( 'NONE', *, *, #4269, .T. ) ;
#2202 = LINE ( 'NONE', #1263, #2290 ) ;
#2203 = ORIENTED_EDGE ( 'NONE', *, *, #9500, .T. ) ;
#2204 = CARTESIAN_POINT ( 'NONE',  ( 1.125000000000000222, 1.125000000000000222, 0.5500000000000004885 ) ) ;
#2205 = CARTESIAN_POINT ( 'NONE',  ( -0.3250000000000000111, 0.2000000000000000111, -0.9499999999999999556 ) ) ;
#2206 = ORIENTED_EDGE ( 'NONE', *, *, #3612, .F. ) ;
#2207 = FACE_OUTER_BOUND ( 'NONE', #1183, .T. ) ;
#2208 = EDGE_LOOP ( 'NONE', ( #966, #11362, #3086, #6924 ) ) ;
#2209 = CARTESIAN_POINT ( 'NONE',  ( -3.000000000000000444, 0.7250000000000111910, 1.305000000000000160 ) ) ;
#2210 = CARTESIAN_POINT ( 'NONE',  ( -2.950000000000000622, 1.149999999999999911, -1.050000000000000488 ) ) ;
#2211 = DIRECTION ( 'NONE',  ( -0.5773502691896240657, -0.5773502691896253980, 0.5773502691896279515 ) ) ;
#2212 = AXIS2_PLACEMENT_3D ( 'NONE', #1404, #1578, #572 ) ;
#2213 = DIRECTION ( 'NONE',  ( 0.000000000000000000, 0.7071067811865490160, -0.7071067811865460184 ) ) ;
#2214 = DIRECTION ( 'NONE',  ( 0.000000000000000000, -1.000000000000000000, 0.000000000000000000 ) ) ;
#2215 = DIRECTION ( 'NONE',  ( -0.000000000000000000, -1.000000000000000000, 0.000000000000000000 ) ) ;
#2216 = CARTESIAN_POINT ( 'NONE',  ( -1.274999999999998801, 1.725000000000002753, -1.299999999999999156 ) ) ;
#2217 = VECTOR ( 'NONE', #14, 1000.000000000000000 ) ;
#2218 = CARTESIAN_POINT ( 'NONE',  ( 2.075000000000000178, 0.000000000000000000, -0.9499999999999999556 ) ) ;
#2219 = SURFACE_SIDE_STYLE ('',( #7693 ) ) ;
#2220 = LINE ( 'NONE', #6588, #6648 ) ;
#2221 = VECTOR ( 'NONE', #10761, 1000.000000000000000 ) ;
#2222 = DIRECTION ( 'NONE',  ( -1.000000000000000000, 0.000000000000000000, 0.000000000000000000 ) ) ;
#2223 = ORIENTED_EDGE ( 'NONE', *, *, #11404, .T. ) ;
#2224 = VECTOR ( 'NONE', #1490, 1000.000000000000000 ) ;
#2225 = ADVANCED_FACE ( 'NONE', ( #8597 ), #8933, .F. ) ;
#2226 = DIRECTION ( 'NONE',  ( -0.7071067811865431318, -0.7071067811865519026, 4.509686519657011616E-17 ) ) ;
#2227 = VERTEX_POINT ( 'NONE', #13143 ) ;
#2228 = ORIENTED_EDGE ( 'NONE', *, *, #9915, .F. ) ;
#2229 = CARTESIAN_POINT ( 'NONE',  ( -1.275000000000000133, 0.000000000000000000, -0.9499999999999999556 ) ) ;
#2230 = FACE_OUTER_BOUND ( 'NONE', #8982, .T. ) ;
#2231 = ORIENTED_EDGE ( 'NONE', *, *, #13092, .T. ) ;
#2232 = ADVANCED_FACE ( 'NONE', ( #4480 ), #7835, .F. ) ;
#2233 = DIRECTION ( 'NONE',  ( 1.000000000000000000, 0.000000000000000000, -0.000000000000000000 ) ) ;
#2234 = DIRECTION ( 'NONE',  ( 0.000000000000000000, 0.000000000000000000, -1.000000000000000000 ) ) ;
#2235 = CARTESIAN_POINT ( 'NONE',  ( -0.4749999999999999223, 1.574999999999999956, -1.300000000000000044 ) ) ;
#2236 = ORIENTED_EDGE ( 'NONE', *, *, #851, .F. ) ;
#2237 = FACE_OUTER_BOUND ( 'NONE', #1127, .T. ) ;
#2238 = DIRECTION ( 'NONE',  ( 0.000000000000000000, -2.710505431213783962E-15, 1.000000000000000000 ) ) ;
#2239 = CARTESIAN_POINT ( 'NONE',  ( -0.4749999999999995337, 0.7499999999999991118, -1.350000000000000533 ) ) ;
#2240 = VECTOR ( 'NONE', #12225, 1000.000000000000000 ) ;
#2241 = LINE ( 'NONE', #769, #11106 ) ;
#2242 = CARTESIAN_POINT ( 'NONE',  ( 3.166666666666665630, 0.9833333333333458270, 1.108333333333332060 ) ) ;
#2243 = CARTESIAN_POINT ( 'NONE',  ( -2.740000000000000213, 0.6999999999999991784, -0.3499999999999994227 ) ) ;
#2244 = ORIENTED_EDGE ( 'NONE', *, *, #3278, .F. ) ;
#2245 = VECTOR ( 'NONE', #8689, 1000.000000000000000 ) ;
#2246 = ORIENTED_EDGE ( 'NONE', *, *, #8247, .F. ) ;
#2247 = CARTESIAN_POINT ( 'NONE',  ( 3.500000000000000000, 0.2299999999999944866, -0.5500000000000018208 ) ) ;
#2248 = CARTESIAN_POINT ( 'NONE',  ( 3.500000000000003109, 1.474999999999999867, -0.9749999999999897637 ) ) ;
#2249 = VERTEX_POINT ( 'NONE', #9190 ) ;
#2250 = FACE_OUTER_BOUND ( 'NONE', #5305, .T. ) ;
#2251 = VERTEX_POINT ( 'NONE', #7939 ) ;
#2252 = DIRECTION ( 'NONE',  ( 0.000000000000000000, -0.7071067811865530128, -0.7071067811865421326 ) ) ;
#2253 = CARTESIAN_POINT ( 'NONE',  ( 1.125000000000000222, 0.4499999999999999556, -0.3999999999999999667 ) ) ;
#2254 = EDGE_CURVE ( 'NONE', #3665, #1048, #86, .T. ) ;
#2255 = ADVANCED_FACE ( 'NONE', ( #179 ), #5166, .F. ) ;
#2256 = VERTEX_POINT ( 'NONE', #11196 ) ;
#2257 = VECTOR ( 'NONE', #3343, 1000.000000000000000 ) ;
#2258 = DIRECTION ( 'NONE',  ( 0.000000000000000000, 0.7071067811865463515, -0.7071067811865487940 ) ) ;
#2259 = EDGE_CURVE ( 'NONE', #13242, #6229, #4593, .T. ) ;
#2260 =( LENGTH_UNIT ( ) NAMED_UNIT ( * ) SI_UNIT ( .MILLI., .METRE. ) );
#2261 = CARTESIAN_POINT ( 'NONE',  ( 2.041666666666666519, 0.4833333333333333925, -0.3666666666666666408 ) ) ;
#2262 = PRESENTATION_LAYER_ASSIGNMENT (  '', '', ( #5984 ) ) ;
#2263 = LINE ( 'NONE', #11377, #10880 ) ;
#2264 = CARTESIAN_POINT ( 'NONE',  ( 1.275000000000000133, 0.2000000000000000111, -0.9499999999999999556 ) ) ;
#2265 = VECTOR ( 'NONE', #8357, 1000.000000000000114 ) ;
#2266 = ORIENTED_EDGE ( 'NONE', *, *, #1548, .F. ) ;
#2267 = CARTESIAN_POINT ( 'NONE',  ( -1.275000000000000133, 1.150000000000000133, -0.3999999999999999667 ) ) ;
#2268 = VECTOR ( 'NONE', #8054, 1000.000000000000000 ) ;
#2269 = ORIENTED_EDGE ( 'NONE', *, *, #9513, .F. ) ;
#2270 = CARTESIAN_POINT ( 'NONE',  ( 1.925000000000000044, 1.474999999999999867, -0.9749999999999897637 ) ) ;
#2271 = SURFACE_STYLE_USAGE ( .BOTH. , #10866 ) ;
#2272 = ORIENTED_EDGE ( 'NONE', *, *, #6432, .T. ) ;
#2273 = LINE ( 'NONE', #10067, #6657 ) ;
#2274 = ORIENTED_EDGE ( 'NONE', *, *, #2795, .T. ) ;
#2275 = EDGE_CURVE ( 'NONE', #11778, #6085, #199, .T. ) ;
#2276 = DIRECTION ( 'NONE',  ( 0.000000000000000000, -0.000000000000000000, 1.000000000000000000 ) ) ;
#2277 = DIRECTION ( 'NONE',  ( 0.000000000000000000, 0.000000000000000000, -1.000000000000000000 ) ) ;
#2278 = AXIS2_PLACEMENT_3D ( 'NONE', #6742, #8684, #9878 ) ;
#2279 = DIRECTION ( 'NONE',  ( 0.000000000000000000, -1.000000000000000000, 0.000000000000000000 ) ) ;
#2280 = EDGE_CURVE ( 'NONE', #115, #4059, #13034, .T. ) ;
#2281 = EDGE_LOOP ( 'NONE', ( #9659, #11408, #11278, #7414 ) ) ;
#2282 = LINE ( 'NONE', #8450, #2089 ) ;
#2283 = EDGE_CURVE ( 'NONE', #1398, #9469, #539, .T. ) ;
#2284 = EDGE_CURVE ( 'NONE', #2373, #9393, #4890, .T. ) ;
#2285 = DIRECTION ( 'NONE',  ( 1.000000000000000000, 0.000000000000000000, 0.000000000000000000 ) ) ;
#2286 = CIRCLE ( 'NONE', #3090, 0.2236160714285718720 ) ;
#2287 = LINE ( 'NONE', #12164, #2002 ) ;
#2288 = EDGE_CURVE ( 'NONE', #12789, #6147, #260, .T. ) ;
#2289 = ORIENTED_EDGE ( 'NONE', *, *, #897, .F. ) ;
#2290 = VECTOR ( 'NONE', #9296, 1000.000000000000000 ) ;
#2291 = EDGE_CURVE ( 'NONE', #1882, #9852, #9241, .T. ) ;
#2292 = ORIENTED_EDGE ( 'NONE', *, *, #12339, .T. ) ;
#2293 = DIRECTION ( 'NONE',  ( -5.421010862427532031E-16, 1.694065894508603883E-16, -1.000000000000000000 ) ) ;
#2294 = VERTEX_POINT ( 'NONE', #11372 ) ;
#2295 = CIRCLE ( 'NONE', #1613, 0.02999999999999997113 ) ;
#2296 = ORIENTED_EDGE ( 'NONE', *, *, #1706, .F. ) ;
#2297 = CARTESIAN_POINT ( 'NONE',  ( -1.925000000000000044, 0.000000000000000000, -0.9499999999999999556 ) ) ;
#2298 = CARTESIAN_POINT ( 'NONE',  ( 3.500000000000000000, 0.2299999999999945421, -1.050000000000000488 ) ) ;
#2299 = CARTESIAN_POINT ( 'NONE',  ( 1.125000000000000222, 0.2000000000000000111, -0.9499999999999999556 ) ) ;
#2300 = EDGE_LOOP ( 'NONE', ( #4207, #13013, #3862, #8243 ) ) ;
#2301 = AXIS2_PLACEMENT_3D ( 'NONE', #4423, #6419, #4781 ) ;
#2302 = CARTESIAN_POINT ( 'NONE',  ( -3.000000000000000444, 0.3500000000000021982, 0.9499999999999959588 ) ) ;
#2303 = ORIENTED_EDGE ( 'NONE', *, *, #11748, .F. ) ;
#2304 = LINE ( 'NONE', #788, #6834 ) ;
#2305 = DIRECTION ( 'NONE',  ( -1.000000000000000000, -3.614007241618339403E-16, 7.228014483236698528E-16 ) ) ;
#2306 = CARTESIAN_POINT ( 'NONE',  ( 0.3750000000000003331, 0.6999999999999995115, -0.3499999999999998113 ) ) ;
#2307 = EDGE_CURVE ( 'NONE', #5676, #11984, #4978, .T. ) ;
#2308 = VECTOR ( 'NONE', #11227, 1000.000000000000000 ) ;
#2309 = LINE ( 'NONE', #11916, #10916 ) ;
#2310 = ADVANCED_FACE ( 'NONE', ( #4831 ), #2390, .F. ) ;
#2311 = VERTEX_POINT ( 'NONE', #12700 ) ;
#2312 = VECTOR ( 'NONE', #3494, 1000.000000000000000 ) ;
#2313 = ORIENTED_EDGE ( 'NONE', *, *, #969, .T. ) ;
#2314 = EDGE_CURVE ( 'NONE', #6108, #3726, #9118, .T. ) ;
#2315 = ORIENTED_EDGE ( 'NONE', *, *, #1690, .F. ) ;
#2316 = EDGE_CURVE ( 'NONE', #13098, #5440, #9092, .T. ) ;
#2317 = DIRECTION ( 'NONE',  ( 0.000000000000000000, 0.000000000000000000, 1.000000000000000000 ) ) ;
#2318 = VECTOR ( 'NONE', #3001, 1000.000000000000000 ) ;
#2319 = EDGE_LOOP ( 'NONE', ( #4826, #3841, #9515, #547 ) ) ;
#2320 = AXIS2_PLACEMENT_3D ( 'NONE', #7937, #10117, #5003 ) ;
#2321 = EDGE_CURVE ( 'NONE', #5344, #1145, #9199, .T. ) ;
#2322 = VERTEX_POINT ( 'NONE', #1326 ) ;
#2323 = CARTESIAN_POINT ( 'NONE',  ( -1.975000000000000089, 1.575000000000000178, 0.5500000000000003775 ) ) ;
#2324 = CARTESIAN_POINT ( 'NONE',  ( -0.4749999999999999223, 1.575000000000000178, 0.4999999999999997780 ) ) ;
#2325 = VERTEX_POINT ( 'NONE', #8319 ) ;
#2326 = FACE_OUTER_BOUND ( 'NONE', #5519, .T. ) ;
#2327 = EDGE_CURVE ( 'NONE', #4327, #5710, #5056, .T. ) ;
#2328 = AXIS2_PLACEMENT_3D ( 'NONE', #12146, #12245, #2233 ) ;
#2329 = CARTESIAN_POINT ( 'NONE',  ( -2.962500000000000355, 0.08750000000000569822, -1.350000000000000533 ) ) ;
#2330 = LINE ( 'NONE', #8066, #2648 ) ;
#2331 = VECTOR ( 'NONE', #8163, 1000.000000000000000 ) ;
#2332 = AXIS2_PLACEMENT_3D ( 'NONE', #355, #10241, #7289 ) ;
#2333 = CARTESIAN_POINT ( 'NONE',  ( 2.700000000000000178, 1.750000000000000000, -1.050000000000000488 ) ) ;
#2334 = DIRECTION ( 'NONE',  ( -1.000000000000000000, 0.000000000000000000, 7.228014483236698528E-16 ) ) ;
#2335 = VERTEX_POINT ( 'NONE', #12414 ) ;
#2336 = DIRECTION ( 'NONE',  ( 1.000000000000000000, 0.000000000000000000, -0.000000000000000000 ) ) ;
#2337 = VECTOR ( 'NONE', #7138, 1000.000000000000000 ) ;
#2338 = ADVANCED_FACE ( 'NONE', ( #9416 ), #6414, .F. ) ;
#2339 = VERTEX_POINT ( 'NONE', #332 ) ;
#2340 = DIRECTION ( 'NONE',  ( -1.000000000000000000, 0.000000000000000000, 0.000000000000000000 ) ) ;
#2341 = PLANE ( 'NONE',  #5369 ) ;
#2342 = ORIENTED_EDGE ( 'NONE', *, *, #10323, .F. ) ;
#2343 = LINE ( 'NONE', #8969, #6986 ) ;
#2344 = VERTEX_POINT ( 'NONE', #11734 ) ;
#2345 = ADVANCED_FACE ( 'NONE', ( #331 ), #5610, .F. ) ;
#2346 = EDGE_CURVE ( 'NONE', #5046, #7773, #366, .T. ) ;
#2347 = EDGE_CURVE ( 'NONE', #4193, #11378, #310, .T. ) ;
#2348 = PLANE ( 'NONE',  #11384 ) ;
#2349 = VERTEX_POINT ( 'NONE', #4420 ) ;
#2350 = CARTESIAN_POINT ( 'NONE',  ( 0.4750000000000001443, 0.4499999999999999556, -0.9499999999999999556 ) ) ;
#2351 = ORIENTED_EDGE ( 'NONE', *, *, #9214, .F. ) ;
#2352 = VECTOR ( 'NONE', #8541, 1000.000000000000000 ) ;
#2353 = CARTESIAN_POINT ( 'NONE',  ( -1.125000000000000222, 1.150000000000000133, -1.229999999999999760 ) ) ;
#2354 = CARTESIAN_POINT ( 'NONE',  ( -1.275000000000000133, 1.125000000000000222, 0.5500000000000004885 ) ) ;
#2355 = CARTESIAN_POINT ( 'NONE',  ( -0.4749999999999999223, 1.124999999999999778, -0.5500000000000018208 ) ) ;
#2356 = AXIS2_PLACEMENT_3D ( 'NONE', #11534, #9509, #2279 ) ;
#2357 = CARTESIAN_POINT ( 'NONE',  ( 2.500000000000000888, 1.499999999999999334, 1.275000000000000133 ) ) ;
#2358 = LINE ( 'NONE', #10844, #7180 ) ;
#2359 = CARTESIAN_POINT ( 'NONE',  ( 3.200000000000000178, 1.150000000000011235, 0.3500000000000004219 ) ) ;
#2360 = LINE ( 'NONE', #8004, #6820 ) ;
#2361 = EDGE_LOOP ( 'NONE', ( #7243, #2543, #4467, #12967 ) ) ;
#2362 = DIRECTION ( 'NONE',  ( 0.000000000000000000, 1.694065894508603883E-16, -1.000000000000000000 ) ) ;
#2363 = LINE ( 'NONE', #11670, #2733 ) ;
#2364 = VERTEX_POINT ( 'NONE', #6334 ) ;
#2365 = ORIENTED_EDGE ( 'NONE', *, *, #4098, .T. ) ;
#2366 = VECTOR ( 'NONE', #5294, 1000.000000000000000 ) ;
#2367 = ORIENTED_EDGE ( 'NONE', *, *, #12579, .F. ) ;
#2368 = DIRECTION ( 'NONE',  ( -1.000000000000000000, 0.000000000000000000, -0.000000000000000000 ) ) ;
#2369 = CARTESIAN_POINT ( 'NONE',  ( 3.000000000000000444, 1.075000000000010614, 1.350000000000000533 ) ) ;
#2370 = CARTESIAN_POINT ( 'NONE',  ( 1.075000000000000400, 1.474999999999999867, -1.350000000000000533 ) ) ;
#2371 = ORIENTED_EDGE ( 'NONE', *, *, #7706, .F. ) ;
#2372 = CARTESIAN_POINT ( 'NONE',  ( -0.3250000000000000111, 0.1000000000000000056, -0.9499999999999999556 ) ) ;
#2373 = VERTEX_POINT ( 'NONE', #1493 ) ;
#2374 = LINE ( 'NONE', #4717, #6793 ) ;
#2375 = CARTESIAN_POINT ( 'NONE',  ( 0.3250000000000001776, 1.125000000000000222, -0.5500000000000018208 ) ) ;
#2376 = LINE ( 'NONE', #6034, #11262 ) ;
#2377 = LINE ( 'NONE', #11777, #6961 ) ;
#2378 = ORIENTED_EDGE ( 'NONE', *, *, #3208, .F. ) ;
#2379 = LINE ( 'NONE', #6017, #7143 ) ;
#2380 = VERTEX_POINT ( 'NONE', #2489 ) ;
#2381 = CARTESIAN_POINT ( 'NONE',  ( -0.3249999999999997891, 0.2299999999999944866, -0.5499999999999998224 ) ) ;
#2382 = DIRECTION ( 'NONE',  ( -1.000000000000000000, 1.275531967630008943E-16, 0.000000000000000000 ) ) ;
#2383 = ORIENTED_EDGE ( 'NONE', *, *, #1193, .T. ) ;
#2384 = FACE_OUTER_BOUND ( 'NONE', #10105, .T. ) ;
#2385 = ORIENTED_EDGE ( 'NONE', *, *, #12360, .F. ) ;
#2386 = CARTESIAN_POINT ( 'NONE',  ( 0.3250000000000001776, 0.2000000000000000111, -0.9499999999999999556 ) ) ;
#2387 = DIRECTION ( 'NONE',  ( 1.000000000000000000, 0.000000000000000000, 0.000000000000000000 ) ) ;
#2388 = CARTESIAN_POINT ( 'NONE',  ( 3.200000000000000178, 0.2750000000000112355, 1.350000000000000533 ) ) ;
#2389 = ORIENTED_EDGE ( 'NONE', *, *, #3753, .T. ) ;
#2390 = PLANE ( 'NONE',  #8020 ) ;
#2391 = DIRECTION ( 'NONE',  ( 0.000000000000000000, 1.000000000000000000, -0.000000000000000000 ) ) ;
#2392 = CARTESIAN_POINT ( 'NONE',  ( -0.3750000000000001110, 1.524999999999999911, 0.5500000000000003775 ) ) ;
#2393 = VERTEX_POINT ( 'NONE', #10469 ) ;
#2394 = LINE ( 'NONE', #12538, #2037 ) ;
#2395 = CARTESIAN_POINT ( 'NONE',  ( 1.925000000000000044, 1.149999999999999911, -0.9749999999999920952 ) ) ;
#2396 = LINE ( 'NONE', #4367, #2561 ) ;
#2397 = FACE_OUTER_BOUND ( 'NONE', #2319, .T. ) ;
#2398 = DIRECTION ( 'NONE',  ( 0.000000000000000000, 1.000000000000000000, -2.409338161078897701E-16 ) ) ;
#2399 = ORIENTED_EDGE ( 'NONE', *, *, #10353, .T. ) ;
#2400 = FACE_OUTER_BOUND ( 'NONE', #9595, .T. ) ;
#2401 = DIRECTION ( 'NONE',  ( -0.7071067811865474617, -0.000000000000000000, -0.7071067811865474617 ) ) ;
#2402 = ORIENTED_EDGE ( 'NONE', *, *, #7530, .T. ) ;
#2403 = ORIENTED_EDGE ( 'NONE', *, *, #4725, .F. ) ;
#2404 = DIRECTION ( 'NONE',  ( -0.000000000000000000, -0.000000000000000000, 1.000000000000000000 ) ) ;
#2405 = VECTOR ( 'NONE', #7869, 1000.000000000000000 ) ;
#2406 = ORIENTED_EDGE ( 'NONE', *, *, #4300, .F. ) ;
#2407 = ORIENTED_EDGE ( 'NONE', *, *, #7872, .F. ) ;
#2408 = DIRECTION ( 'NONE',  ( 1.000000000000000000, -0.000000000000000000, -0.000000000000000000 ) ) ;
#2409 = CARTESIAN_POINT ( 'NONE',  ( 3.500000000000000000, 1.149999999999999911, -1.050000000000000488 ) ) ;
#2410 = DIRECTION ( 'NONE',  ( -3.045510385445787457E-16, 0.9363291775690438801, 0.3511234415883935367 ) ) ;
#2411 = ORIENTED_EDGE ( 'NONE', *, *, #3278, .T. ) ;
#2412 = VECTOR ( 'NONE', #5885, 1000.000000000000000 ) ;
#2413 = DIRECTION ( 'NONE',  ( 0.000000000000000000, -0.000000000000000000, 1.000000000000000000 ) ) ;
#2414 = FACE_OUTER_BOUND ( 'NONE', #10589, .T. ) ;
#2415 = VECTOR ( 'NONE', #7468, 1000.000000000000000 ) ;
#2416 = CARTESIAN_POINT ( 'NONE',  ( 3.200000000000000178, 1.150000000000011235, 1.275000000000000133 ) ) ;
#2417 = EDGE_CURVE ( 'NONE', #9724, #6530, #503, .T. ) ;
#2418 = DIRECTION ( 'NONE',  ( 0.000000000000000000, 0.000000000000000000, 1.000000000000000000 ) ) ;
#2419 = ADVANCED_FACE ( 'NONE', ( #4742 ), #5435, .F. ) ;
#2420 = VERTEX_POINT ( 'NONE', #9450 ) ;
#2421 = DIRECTION ( 'NONE',  ( 0.000000000000000000, -1.000000000000000000, 0.000000000000000000 ) ) ;
#2422 = VECTOR ( 'NONE', #12631, 1000.000000000000000 ) ;
#2423 = EDGE_CURVE ( 'NONE', #1008, #5730, #425, .T. ) ;
#2424 = EDGE_LOOP ( 'NONE', ( #12619, #12321, #12215, #12924 ) ) ;
#2425 = DIRECTION ( 'NONE',  ( 1.000000000000000000, 0.000000000000000000, 0.000000000000000000 ) ) ;
#2426 = UNCERTAINTY_MEASURE_WITH_UNIT (LENGTH_MEASURE( 1.000000000000000082E-05 ), #1434, 'distance_accuracy_value', 'NONE');
#2427 = DIRECTION ( 'NONE',  ( 0.000000000000000000, -0.000000000000000000, 1.000000000000000000 ) ) ;
#2428 = ORIENTED_EDGE ( 'NONE', *, *, #6500, .T. ) ;
#2429 = PRESENTATION_LAYER_ASSIGNMENT (  '', '', ( #6266 ) ) ;
#2430 = LINE ( 'NONE', #2242, #11300 ) ;
#2431 = ORIENTED_EDGE ( 'NONE', *, *, #9145, .F. ) ;
#2432 = AXIS2_PLACEMENT_3D ( 'NONE', #5606, #840, #7598 ) ;
#2433 = VERTEX_POINT ( 'NONE', #9714 ) ;
#2434 = DIRECTION ( 'NONE',  ( 0.000000000000000000, 0.000000000000000000, -1.000000000000000000 ) ) ;
#2435 = DIRECTION ( 'NONE',  ( 0.000000000000000000, -1.000000000000000000, 0.000000000000000000 ) ) ;
#2436 = VERTEX_POINT ( 'NONE', #5265 ) ;
#2437 = LINE ( 'NONE', #4359, #6663 ) ;
#2438 = CARTESIAN_POINT ( 'NONE',  ( -2.075000000000000622, 1.149999999999999911, -0.9749999999999977573 ) ) ;
#2439 = EDGE_CURVE ( 'NONE', #5706, #2735, #348, .T. ) ;
#2440 = CARTESIAN_POINT ( 'NONE',  ( -0.2749999999999994116, 0.2299999999999920164, -1.350000000000000533 ) ) ;
#2441 = DIRECTION ( 'NONE',  ( -1.000000000000000000, 1.445602896647339508E-15, 0.000000000000000000 ) ) ;
#2442 = PLANE ( 'NONE',  #5112 ) ;
#2443 = LINE ( 'NONE', #10066, #2515 ) ;
#2444 = FILL_AREA_STYLE_COLOUR ( '', #12729 ) ;
#2445 = EDGE_CURVE ( 'NONE', #11405, #4535, #578, .T. ) ;
#2446 = AXIS2_PLACEMENT_3D ( 'NONE', #2375, #4588, #12486 ) ;
#2447 = FACE_OUTER_BOUND ( 'NONE', #7995, .T. ) ;
#2448 = ORIENTED_EDGE ( 'NONE', *, *, #7130, .F. ) ;
#2449 = DIRECTION ( 'NONE',  ( 1.000000000000000000, 1.275531967630008943E-16, 0.000000000000000000 ) ) ;
#2450 = VECTOR ( 'NONE', #6603, 1000.000000000000000 ) ;
#2451 = ADVANCED_FACE ( 'NONE', ( #9218 ), #8869, .F. ) ;
#2452 = ORIENTED_EDGE ( 'NONE', *, *, #13216, .F. ) ;
#2453 = PLANE ( 'NONE',  #7736 ) ;
#2454 = DIRECTION ( 'NONE',  ( -5.110978055611209656E-16, 0.7071067811865421326, -0.7071067811865530128 ) ) ;
#2455 = ORIENTED_EDGE ( 'NONE', *, *, #8040, .F. ) ;
#2456 = EDGE_CURVE ( 'NONE', #3178, #8765, #4721, .T. ) ;
#2457 = LINE ( 'NONE', #8068, #11380 ) ;
#2458 = EDGE_CURVE ( 'NONE', #8618, #4508, #4960, .T. ) ;
#2459 = ORIENTED_EDGE ( 'NONE', *, *, #6819, .T. ) ;
#2460 = ADVANCED_FACE ( 'NONE', ( #4849 ), #13169, .F. ) ;
#2461 = CARTESIAN_POINT ( 'NONE',  ( 0.4750000000000001443, 1.750000000000000888, -0.5500000000000018208 ) ) ;
#2462 = CARTESIAN_POINT ( 'NONE',  ( 1.925000000000000044, 0.7499999999999998890, -0.3499999999999998113 ) ) ;
#2463 = ORIENTED_EDGE ( 'NONE', *, *, #462, .F. ) ;
#2464 = CARTESIAN_POINT ( 'NONE',  ( 1.275000000000000133, 0.9750000000000004219, -1.453616071428571521 ) ) ;
#2465 = EDGE_CURVE ( 'NONE', #9673, #6779, #9262, .T. ) ;
#2466 = ORIENTED_EDGE ( 'NONE', *, *, #5672, .F. ) ;
#2467 = LINE ( 'NONE', #11676, #6877 ) ;
#2468 = EDGE_CURVE ( 'NONE', #9192, #7665, #9435, .T. ) ;
#2469 = DIRECTION ( 'NONE',  ( -1.445602896647339508E-15, -1.000000000000000000, 0.000000000000000000 ) ) ;
#2470 = LINE ( 'NONE', #10585, #11620 ) ;
#2471 = FACE_OUTER_BOUND ( 'NONE', #3802, .T. ) ;
#2472 = CARTESIAN_POINT ( 'NONE',  ( 0.3250000000000001776, 0.000000000000000000, -0.9499999999999999556 ) ) ;
#2473 = DIRECTION ( 'NONE',  ( -1.000000000000000000, -0.000000000000000000, -1.445602896647338917E-15 ) ) ;
#2474 = ORIENTED_EDGE ( 'NONE', *, *, #3267, .T. ) ;
#2475 = AXIS2_PLACEMENT_3D ( 'NONE', #11962, #9109, #1561 ) ;
#2476 = VECTOR ( 'NONE', #11488, 1000.000000000000000 ) ;
#2477 = ORIENTED_EDGE ( 'NONE', *, *, #360, .T. ) ;
#2478 = CARTESIAN_POINT ( 'NONE',  ( -2.075000000000000178, 1.124999999999999778, -0.3499999999999998113 ) ) ;
#2479 = VERTEX_POINT ( 'NONE', #1917 ) ;
#2480 = LINE ( 'NONE', #13093, #2405 ) ;
#2481 = VERTEX_POINT ( 'NONE', #6842 ) ;
#2482 = DIRECTION ( 'NONE',  ( 0.000000000000000000, 0.000000000000000000, 1.000000000000000000 ) ) ;
#2483 = DIRECTION ( 'NONE',  ( 0.000000000000000000, 0.7071067811865463515, -0.7071067811865487940 ) ) ;
#2484 = PLANE ( 'NONE',  #12698 ) ;
#2485 = AXIS2_PLACEMENT_3D ( 'NONE', #7286, #7196, #8155 ) ;
#2486 = EDGE_CURVE ( 'NONE', #7927, #10790, #4998, .T. ) ;
#2487 = DIRECTION ( 'NONE',  ( 1.000000000000000000, -0.000000000000000000, -0.000000000000000000 ) ) ;
#2488 = VERTEX_POINT ( 'NONE', #13000 ) ;
#2489 = CARTESIAN_POINT ( 'NONE',  ( 0.3250000000000001776, 1.750000000000000888, -0.5500000000000017097 ) ) ;
#2490 = PLANE ( 'NONE',  #3616 ) ;
#2491 = ORIENTED_EDGE ( 'NONE', *, *, #10911, .F. ) ;
#2492 = EDGE_CURVE ( 'NONE', #5686, #1572, #477, .T. ) ;
#2493 = CARTESIAN_POINT ( 'NONE',  ( -2.500000000000000444, 0.2499999999999991396, -0.3499999999999994227 ) ) ;
#2494 = EDGE_CURVE ( 'NONE', #10808, #12868, #4618, .T. ) ;
#2495 = DIRECTION ( 'NONE',  ( -1.000000000000000000, 0.000000000000000000, 0.000000000000000000 ) ) ;
#2496 = AXIS2_PLACEMENT_3D ( 'NONE', #1835, #6033, #13089 ) ;
#2497 = LINE ( 'NONE', #6535, #11485 ) ;
#2498 = VECTOR ( 'NONE', #2700, 1000.000000000000000 ) ;
#2499 = DIRECTION ( 'NONE',  ( -0.000000000000000000, -0.000000000000000000, 1.000000000000000000 ) ) ;
#2500 = ORIENTED_EDGE ( 'NONE', *, *, #5039, .T. ) ;
#2501 = LINE ( 'NONE', #2323, #6983 ) ;
#2502 = ORIENTED_EDGE ( 'NONE', *, *, #8577, .T. ) ;
#2503 = EDGE_CURVE ( 'NONE', #6892, #8187, #622, .T. ) ;
#2504 = AXIS2_PLACEMENT_3D ( 'NONE', #9798, #837, #6664 ) ;
#2505 = EDGE_LOOP ( 'NONE', ( #11133, #9027, #7028, #509, #7248, #12404, #3820, #8145, #7612, #5184, #3994, #9593, #3197, #7877, #2931, #2879, #8671, #12184, #2825 ) ) ;
#2506 = CARTESIAN_POINT ( 'NONE',  ( -1.925000000000000044, 1.150000000000000133, -1.229999999999999760 ) ) ;
#2507 = VECTOR ( 'NONE', #8542, 1000.000000000000114 ) ;
#2508 = ORIENTED_EDGE ( 'NONE', *, *, #281, .F. ) ;
#2509 = ORIENTED_EDGE ( 'NONE', *, *, #3604, .T. ) ;
#2510 = DIRECTION ( 'NONE',  ( 1.000000000000000000, 0.000000000000000000, -0.000000000000000000 ) ) ;
#2511 = DIRECTION ( 'NONE',  ( 0.000000000000000000, -1.000000000000000000, 0.000000000000000000 ) ) ;
#2512 = ORIENTED_EDGE ( 'NONE', *, *, #3074, .F. ) ;
#2513 = LINE ( 'NONE', #9864, #6927 ) ;
#2514 = DIRECTION ( 'NONE',  ( -0.000000000000000000, 0.000000000000000000, 1.000000000000000000 ) ) ;
#2515 = VECTOR ( 'NONE', #2910, 1000.000000000000000 ) ;
#2516 = EDGE_CURVE ( 'NONE', #13098, #6938, #520, .T. ) ;
#2517 = LINE ( 'NONE', #11599, #7094 ) ;
#2518 = EDGE_CURVE ( 'NONE', #9269, #1058, #5017, .T. ) ;
#2519 = DIRECTION ( 'NONE',  ( -0.000000000000000000, -1.000000000000000000, -1.694065894508603636E-16 ) ) ;
#2520 = ORIENTED_EDGE ( 'NONE', *, *, #9187, .F. ) ;
#2521 = PLANE ( 'NONE',  #4431 ) ;
#2522 = LINE ( 'NONE', #3819, #6965 ) ;
#2523 = VERTEX_POINT ( 'NONE', #11143 ) ;
#2524 = CARTESIAN_POINT ( 'NONE',  ( -0.3250000000000000111, 0.9750000000000004219, -1.453616071428571521 ) ) ;
#2525 = DIRECTION ( 'NONE',  ( -1.000000000000000000, -0.000000000000000000, -0.000000000000000000 ) ) ;
#2526 = VERTEX_POINT ( 'NONE', #6755 ) ;
#2527 = LINE ( 'NONE', #440, #2507 ) ;
#2528 = EDGE_LOOP ( 'NONE', ( #5681, #5977, #3729, #7616 ) ) ;
#2529 = AXIS2_PLACEMENT_3D ( 'NONE', #12708, #7350, #514 ) ;
#2530 = CARTESIAN_POINT ( 'NONE',  ( -2.074999999999999734, 1.574999999999999734, -0.5500000000000017097 ) ) ;
#2531 = ORIENTED_EDGE ( 'NONE', *, *, #7410, .T. ) ;
#2532 = PLANE ( 'NONE',  #1400 ) ;
#2533 = CARTESIAN_POINT ( 'NONE',  ( -2.075000000000000178, 1.125000000000000222, 0.4999999999999998890 ) ) ;
#2534 = ORIENTED_EDGE ( 'NONE', *, *, #9354, .F. ) ;
#2535 = LINE ( 'NONE', #10701, #6953 ) ;
#2536 = DIRECTION ( 'NONE',  ( 1.000000000000000000, -0.000000000000000000, -0.000000000000000000 ) ) ;
#2537 = CARTESIAN_POINT ( 'NONE',  ( 1.275000000000000133, 1.499999999999999334, -0.3499999999999994227 ) ) ;
#2538 = CARTESIAN_POINT ( 'NONE',  ( 1.865000000000000435, 0.2149999999999987477, 0.7500000000000005551 ) ) ;
#2539 = VECTOR ( 'NONE', #7377, 1000.000000000000000 ) ;
#2540 = DIRECTION ( 'NONE',  ( 1.000000000000000000, -0.000000000000000000, -0.000000000000000000 ) ) ;
#2541 = LINE ( 'NONE', #9313, #11290 ) ;
#2542 = ADVANCED_FACE ( 'NONE', ( #650 ), #8962, .F. ) ;
#2543 = ORIENTED_EDGE ( 'NONE', *, *, #11909, .T. ) ;
#2544 = CARTESIAN_POINT ( 'NONE',  ( -3.000000000000000444, 0.6950000000000109424, 1.275000000000000133 ) ) ;
#2545 = FACE_OUTER_BOUND ( 'NONE', #85, .T. ) ;
#2546 = ORIENTED_EDGE ( 'NONE', *, *, #13248, .F. ) ;
#2547 = CARTESIAN_POINT ( 'NONE',  ( 1.925000000000000044, 0.7499999999999998890, -0.5500000000000020428 ) ) ;
#2548 = DIRECTION ( 'NONE',  ( -1.000000000000000000, 0.000000000000000000, 0.000000000000000000 ) ) ;
#2549 = ORIENTED_EDGE ( 'NONE', *, *, #472, .T. ) ;
#2550 = EDGE_CURVE ( 'NONE', #3660, #5836, #4689, .T. ) ;
#2551 = VECTOR ( 'NONE', #10894, 1000.000000000000000 ) ;
#2552 = VERTEX_POINT ( 'NONE', #5770 ) ;
#2553 = CARTESIAN_POINT ( 'NONE',  ( -2.700000000000000622, 1.750000000000000000, -1.275000000000001910 ) ) ;
#2554 = DIRECTION ( 'NONE',  ( -0.5773502691896242878, 0.5773502691896251759, 0.5773502691896278405 ) ) ;
#2555 = CARTESIAN_POINT ( 'NONE',  ( -2.058333333333333570, 0.6166666666666658081, -0.2666666666666664964 ) ) ;
#2556 = ORIENTED_EDGE ( 'NONE', *, *, #10646, .F. ) ;
#2557 = DIRECTION ( 'NONE',  ( 0.000000000000000000, 0.000000000000000000, -1.000000000000000000 ) ) ;
#2558 = ORIENTED_EDGE ( 'NONE', *, *, #7619, .T. ) ;
#2559 = FACE_OUTER_BOUND ( 'NONE', #10609, .T. ) ;
#2560 = DIRECTION ( 'NONE',  ( 0.000000000000000000, -1.000000000000000000, 0.000000000000000000 ) ) ;
#2561 = VECTOR ( 'NONE', #6111, 1000.000000000000000 ) ;
#2562 = LINE ( 'NONE', #5897, #11419 ) ;
#2563 = DIRECTION ( 'NONE',  ( 0.000000000000000000, 1.000000000000000000, -2.409338161078897701E-16 ) ) ;
#2564 = VERTEX_POINT ( 'NONE', #9972 ) ;
#2565 = LINE ( 'NONE', #12526, #7201 ) ;
#2566 = ADVANCED_FACE ( 'NONE', ( #4642 ), #12153, .F. ) ;
#2567 = ORIENTED_EDGE ( 'NONE', *, *, #2439, .F. ) ;
#2568 = CARTESIAN_POINT ( 'NONE',  ( -2.075000000000000178, 1.575000000000000178, 0.5500000000000003775 ) ) ;
#2569 = DIRECTION ( 'NONE',  ( -0.000000000000000000, -0.000000000000000000, 1.000000000000000000 ) ) ;
#2570 = VERTEX_POINT ( 'NONE', #1584 ) ;
#2571 = LINE ( 'NONE', #9649, #7011 ) ;
#2572 = VERTEX_POINT ( 'NONE', #4859 ) ;
#2573 = PLANE ( 'NONE',  #4311 ) ;
#2574 = ADVANCED_FACE ( 'NONE', ( #9050 ), #3889, .F. ) ;
#2575 = DIRECTION ( 'NONE',  ( 0.000000000000000000, 0.000000000000000000, -1.000000000000000000 ) ) ;
#2576 = ORIENTED_EDGE ( 'NONE', *, *, #3360, .T. ) ;
#2577 = DIRECTION ( 'NONE',  ( 1.000000000000000000, -0.000000000000000000, -0.000000000000000000 ) ) ;
#2578 = CARTESIAN_POINT ( 'NONE',  ( 0.4750000000000001443, 0.000000000000000000, -0.9499999999999999556 ) ) ;
#2579 = CARTESIAN_POINT ( 'NONE',  ( -1.324999999999999734, 1.149999999999999911, -1.349999999999997868 ) ) ;
#2580 = ORIENTED_EDGE ( 'NONE', *, *, #11633, .F. ) ;
#2581 = VECTOR ( 'NONE', #2187, 1000.000000000000000 ) ;
#2582 = DIRECTION ( 'NONE',  ( -1.000000000000000000, 1.275531967630008943E-16, 0.000000000000000000 ) ) ;
#2583 = CARTESIAN_POINT ( 'NONE',  ( 2.700000000000000178, 1.750000000000000000, -1.275000000000001910 ) ) ;
#2584 = VECTOR ( 'NONE', #11989, 1000.000000000000000 ) ;
#2585 = LINE ( 'NONE', #4731, #2604 ) ;
#2586 = ORIENTED_EDGE ( 'NONE', *, *, #1047, .F. ) ;
#2587 = LINE ( 'NONE', #8181, #2610 ) ;
#2588 = ORIENTED_EDGE ( 'NONE', *, *, #6633, .T. ) ;
#2589 = ORIENTED_EDGE ( 'NONE', *, *, #12976, .F. ) ;
#2590 = LINE ( 'NONE', #17, #6740 ) ;
#2591 = CARTESIAN_POINT ( 'NONE',  ( 1.274999999999999689, 1.750000000000000888, -1.275000000000001910 ) ) ;
#2592 = ORIENTED_EDGE ( 'NONE', *, *, #11851, .T. ) ;
#2593 = VERTEX_POINT ( 'NONE', #579 ) ;
#2594 = CARTESIAN_POINT ( 'NONE',  ( 2.125000000000000444, 0.2799999999999950862, -1.350000000000000533 ) ) ;
#2595 = AXIS2_PLACEMENT_3D ( 'NONE', #5026, #9805, #7679 ) ;
#2596 = DIRECTION ( 'NONE',  ( -0.000000000000000000, -1.000000000000000000, -1.694065894508603636E-16 ) ) ;
#2597 = ORIENTED_EDGE ( 'NONE', *, *, #605, .T. ) ;
#2598 = LINE ( 'NONE', #6721, #7016 ) ;
#2599 = EDGE_CURVE ( 'NONE', #12609, #5686, #4667, .T. ) ;
#2600 = EDGE_CURVE ( 'NONE', #7374, #3240, #287, .T. ) ;
#2601 = EDGE_CURVE ( 'NONE', #9596, #7927, #9542, .T. ) ;
#2602 = DIRECTION ( 'NONE',  ( 1.000000000000000000, 1.275531967630008943E-16, -0.000000000000000000 ) ) ;
#2603 = LINE ( 'NONE', #11682, #6880 ) ;
#2604 = VECTOR ( 'NONE', #10018, 1000.000000000000000 ) ;
#2605 = EDGE_CURVE ( 'NONE', #1968, #6869, #5337, .T. ) ;
#2606 = DIRECTION ( 'NONE',  ( -1.000000000000000000, 0.000000000000000000, 0.000000000000000000 ) ) ;
#2607 = DIRECTION ( 'NONE',  ( 1.000000000000000000, 0.000000000000000000, -7.228014483236699514E-16 ) ) ;
#2608 = ORIENTED_EDGE ( 'NONE', *, *, #2795, .F. ) ;
#2609 = CARTESIAN_POINT ( 'NONE',  ( -1.124999999999999778, 1.124999999999999778, -0.3499999999999998113 ) ) ;
#2610 = VECTOR ( 'NONE', #11926, 1000.000000000000000 ) ;
#2611 = ORIENTED_EDGE ( 'NONE', *, *, #2003, .T. ) ;
#2612 = CARTESIAN_POINT ( 'NONE',  ( -2.075000000000000178, 1.750000000000000444, -0.5500000000000017097 ) ) ;
#2613 = ORIENTED_EDGE ( 'NONE', *, *, #11566, .F. ) ;
#2614 = LINE ( 'NONE', #1921, #2637 ) ;
#2615 = ORIENTED_EDGE ( 'NONE', *, *, #12748, .T. ) ;
#2616 = CARTESIAN_POINT ( 'NONE',  ( 3.500000000000000000, 0.2299999999999944866, -0.5500000000000018208 ) ) ;
#2617 = ORIENTED_EDGE ( 'NONE', *, *, #2254, .F. ) ;
#2618 = AXIS2_PLACEMENT_3D ( 'NONE', #5379, #3642, #12739 ) ;
#2619 = CARTESIAN_POINT ( 'NONE',  ( 1.125000000000000222, 1.574999999999999734, -1.300000000000000711 ) ) ;
#2620 = ORIENTED_EDGE ( 'NONE', *, *, #9116, .F. ) ;
#2621 = FACE_OUTER_BOUND ( 'NONE', #9729, .T. ) ;
#2622 = CARTESIAN_POINT ( 'NONE',  ( -1.275000000000000133, 0.8125000000000003331, -1.300000000000000044 ) ) ;
#2623 = CARTESIAN_POINT ( 'NONE',  ( 2.759999999999997122, 0.1699999999999974587, -1.240000000000004654 ) ) ;
#2624 = EDGE_CURVE ( 'NONE', #1767, #4726, #9876, .T. ) ;
#2625 = VECTOR ( 'NONE', #7814, 1000.000000000000000 ) ;
#2626 = DIRECTION ( 'NONE',  ( 0.000000000000000000, -0.000000000000000000, 1.000000000000000000 ) ) ;
#2627 = LINE ( 'NONE', #1789, #11486 ) ;
#2628 = ORIENTED_EDGE ( 'NONE', *, *, #7214, .F. ) ;
#2629 = CARTESIAN_POINT ( 'NONE',  ( 0.3250000000000001776, 1.124999999999999778, -0.3499999999999998113 ) ) ;
#2630 = LINE ( 'NONE', #6863, #11533 ) ;
#2631 = ORIENTED_EDGE ( 'NONE', *, *, #9352, .T. ) ;
#2632 = EDGE_CURVE ( 'NONE', #6103, #187, #777, .T. ) ;
#2633 = DIRECTION ( 'NONE',  ( 0.000000000000000000, 1.000000000000000000, 8.673617379884030542E-16 ) ) ;
#2634 = DIRECTION ( 'NONE',  ( -1.000000000000000000, 0.000000000000000000, 0.000000000000000000 ) ) ;
#2635 = ORIENTED_EDGE ( 'NONE', *, *, #9046, .T. ) ;
#2636 = EDGE_CURVE ( 'NONE', #9856, #6992, #731, .T. ) ;
#2637 = VECTOR ( 'NONE', #11910, 1000.000000000000000 ) ;
#2638 = ORIENTED_EDGE ( 'NONE', *, *, #9504, .F. ) ;
#2639 = DIRECTION ( 'NONE',  ( 0.000000000000000000, 0.000000000000000000, -1.000000000000000000 ) ) ;
#2640 = CARTESIAN_POINT ( 'NONE',  ( -1.125000000000000222, 1.750000000000000888, -0.5500000000000018208 ) ) ;
#2641 = DIRECTION ( 'NONE',  ( -0.5773502691896240657, 0.5773502691896253980, -0.5773502691896279515 ) ) ;
#2642 = VERTEX_POINT ( 'NONE', #3254 ) ;
#2643 = CARTESIAN_POINT ( 'NONE',  ( 0.3250000000000001776, 1.124999999999999778, -0.5500000000000018208 ) ) ;
#2644 = ORIENTED_EDGE ( 'NONE', *, *, #5129, .F. ) ;
#2645 = LINE ( 'NONE', #10838, #2791 ) ;
#2646 = AXIS2_PLACEMENT_3D ( 'NONE', #7276, #12328, #5179 ) ;
#2647 = CARTESIAN_POINT ( 'NONE',  ( 0.000000000000000000, 1.149999999999999911, 0.000000000000000000 ) ) ;
#2648 = VECTOR ( 'NONE', #10974, 1000.000000000000000 ) ;
#2649 = FACE_OUTER_BOUND ( 'NONE', #5856, .T. ) ;
#2650 = AXIS2_PLACEMENT_3D ( 'NONE', #5545, #12441, #3163 ) ;
#2651 = EDGE_CURVE ( 'NONE', #12524, #3978, #689, .T. ) ;
#2652 = ORIENTED_EDGE ( 'NONE', *, *, #3274, .T. ) ;
#2653 = VECTOR ( 'NONE', #3016, 999.9999999999998863 ) ;
#2654 = ORIENTED_EDGE ( 'NONE', *, *, #8754, .F. ) ;
#2655 = EDGE_LOOP ( 'NONE', ( #4762, #9070, #94, #4488 ) ) ;
#2656 = VECTOR ( 'NONE', #4035, 1000.000000000000000 ) ;
#2657 = ORIENTED_EDGE ( 'NONE', *, *, #2923, .F. ) ;
#2658 = FILL_AREA_STYLE ('',( #9444 ) ) ;
#2659 = EDGE_CURVE ( 'NONE', #2364, #3263, #799, .T. ) ;
#2660 = DIRECTION ( 'NONE',  ( 0.000000000000000000, 0.000000000000000000, -1.000000000000000000 ) ) ;
#2661 = EDGE_CURVE ( 'NONE', #1132, #11326, #978, .T. ) ;
#2662 = DIRECTION ( 'NONE',  ( -0.000000000000000000, -1.000000000000000000, -1.694065894508603636E-16 ) ) ;
#2663 = ORIENTED_EDGE ( 'NONE', *, *, #499, .F. ) ;
#2664 = CARTESIAN_POINT ( 'NONE',  ( 1.925000000000000044, 0.000000000000000000, -1.300000000000000044 ) ) ;
#2665 = CARTESIAN_POINT ( 'NONE',  ( 2.700000000000000178, 0.2299999999999946254, -1.300000000000000711 ) ) ;
#2666 = ORIENTED_EDGE ( 'NONE', *, *, #9555, .F. ) ;
#2667 = VECTOR ( 'NONE', #11438, 1000.000000000000000 ) ;
#2668 = DIRECTION ( 'NONE',  ( 0.000000000000000000, -0.7071067811865475727, 0.7071067811865475727 ) ) ;
#2669 = AXIS2_PLACEMENT_3D ( 'NONE', #7420, #8501, #1402 ) ;
#2670 = CARTESIAN_POINT ( 'NONE',  ( 0.3250000000000001776, 1.499999999999999334, 1.275000000000000133 ) ) ;
#2671 = VECTOR ( 'NONE', #6875, 1000.000000000000000 ) ;
#2672 = LINE ( 'NONE', #8259, #2331 ) ;
#2673 = PLANE ( 'NONE',  #1661 ) ;
#2674 = ORIENTED_EDGE ( 'NONE', *, *, #9486, .T. ) ;
#2675 = VECTOR ( 'NONE', #2, 1000.000000000000114 ) ;
#2676 = ADVANCED_FACE ( 'NONE', ( #5319 ), #6616, .F. ) ;
#2677 = EDGE_LOOP ( 'NONE', ( #9328, #7131, #8986, #9838 ) ) ;
#2678 = ORIENTED_EDGE ( 'NONE', *, *, #7561, .F. ) ;
#2679 = LINE ( 'NONE', #6065, #7103 ) ;
#2680 = DIRECTION ( 'NONE',  ( 0.000000000000000000, -0.7071067811865457964, 0.7071067811865492381 ) ) ;
#2681 = ADVANCED_FACE ( 'NONE', ( #859 ), #10414, .F. ) ;
#2682 = PLANE ( 'NONE',  #1828 ) ;
#2683 = EDGE_LOOP ( 'NONE', ( #4293, #5608, #9925, #12551, #7917, #7799, #1337, #10271, #6273, #10640, #8110, #3103, #5771, #5558, #9473 ) ) ;
#2684 = EDGE_CURVE ( 'NONE', #5006, #2481, #5281, .T. ) ;
#2685 = DIRECTION ( 'NONE',  ( 0.000000000000000000, -0.7071067811865475727, 0.7071067811865475727 ) ) ;
#2686 = ADVANCED_FACE ( 'NONE', ( #710 ), #3538, .F. ) ;
#2687 = DIRECTION ( 'NONE',  ( 4.818676322157797375E-16, -1.000000000000000000, 0.000000000000000000 ) ) ;
#2688 = EDGE_LOOP ( 'NONE', ( #4161, #3204, #3249, #11969 ) ) ;
#2689 = VECTOR ( 'NONE', #12189, 1000.000000000000000 ) ;
#2690 = CARTESIAN_POINT ( 'NONE',  ( -3.200000000000000178, 0.6950000000000112754, 1.304999999999999938 ) ) ;
#2691 = FACE_OUTER_BOUND ( 'NONE', #136, .T. ) ;
#2692 = LINE ( 'NONE', #7061, #7003 ) ;
#2693 = AXIS2_PLACEMENT_3D ( 'NONE', #6240, #8312, #4048 ) ;
#2694 = CARTESIAN_POINT ( 'NONE',  ( 2.266666666666638186, -0.06666666666665824192, -3.091666666666660124 ) ) ;
#2695 = ORIENTED_EDGE ( 'NONE', *, *, #9358, .T. ) ;
#2696 = CARTESIAN_POINT ( 'NONE',  ( -2.075000000000000178, 0.000000000000000000, -0.9499999999999999556 ) ) ;
#2697 = LINE ( 'NONE', #5049, #11422 ) ;
#2698 = ORIENTED_EDGE ( 'NONE', *, *, #6149, .F. ) ;
#2699 = DIRECTION ( 'NONE',  ( 0.000000000000000000, 0.000000000000000000, 1.000000000000000000 ) ) ;
#2700 = DIRECTION ( 'NONE',  ( -0.000000000000000000, -0.000000000000000000, 1.000000000000000000 ) ) ;
#2701 = ORIENTED_EDGE ( 'NONE', *, *, #12043, .T. ) ;
#2702 = FACE_OUTER_BOUND ( 'NONE', #11952, .T. ) ;
#2703 = DIRECTION ( 'NONE',  ( -1.445602896647338917E-15, 0.000000000000000000, 1.000000000000000000 ) ) ;
#2704 = ORIENTED_EDGE ( 'NONE', *, *, #6448, .F. ) ;
#2705 = CARTESIAN_POINT ( 'NONE',  ( 1.275000000000000133, 1.150000000000000133, -1.453616071428571743 ) ) ;
#2706 = ORIENTED_EDGE ( 'NONE', *, *, #4116, .T. ) ;
#2707 = LINE ( 'NONE', #968, #2667 ) ;
#2708 = CARTESIAN_POINT ( 'NONE',  ( 1.125000000000000222, 0.2000000000000000111, -0.9499999999999999556 ) ) ;
#2709 = EDGE_CURVE ( 'NONE', #6490, #4774, #9697, .T. ) ;
#2710 = DIRECTION ( 'NONE',  ( 1.000000000000000000, -0.000000000000000000, -0.000000000000000000 ) ) ;
#2711 = VECTOR ( 'NONE', #7720, 1000.000000000000114 ) ;
#2712 = CARTESIAN_POINT ( 'NONE',  ( -1.074999999999998623, 0.2299999999999920164, -1.350000000000000533 ) ) ;
#2713 = LINE ( 'NONE', #1621, #11555 ) ;
#2714 = ORIENTED_EDGE ( 'NONE', *, *, #1680, .T. ) ;
#2715 = PLANE ( 'NONE',  #428 ) ;
#2716 = FACE_OUTER_BOUND ( 'NONE', #9923, .T. ) ;
#2717 = VERTEX_POINT ( 'NONE', #8352 ) ;
#2718 = DIRECTION ( 'NONE',  ( 1.000000000000000000, 0.000000000000000000, -0.000000000000000000 ) ) ;
#2719 = ORIENTED_EDGE ( 'NONE', *, *, #9693, .T. ) ;
#2720 = FACE_OUTER_BOUND ( 'NONE', #4651, .T. ) ;
#2721 = CARTESIAN_POINT ( 'NONE',  ( 3.500000000000000000, 0.2799999999999950862, -1.350000000000000533 ) ) ;
#2722 = CARTESIAN_POINT ( 'NONE',  ( 1.975000000000000089, 0.6999999999999995115, -0.3499999999999998113 ) ) ;
#2723 = CARTESIAN_POINT ( 'NONE',  ( 1.587499999999987699, 1.149999999999999911, -1.612499999999991385 ) ) ;
#2724 = ORIENTED_EDGE ( 'NONE', *, *, #9058, .T. ) ;
#2725 = ORIENTED_EDGE ( 'NONE', *, *, #1218, .T. ) ;
#2726 = FACE_OUTER_BOUND ( 'NONE', #10888, .T. ) ;
#2727 = DIRECTION ( 'NONE',  ( 0.000000000000000000, -0.000000000000000000, -1.000000000000000000 ) ) ;
#2728 = LINE ( 'NONE', #9840, #7156 ) ;
#2729 = LINE ( 'NONE', #11236, #7157 ) ;
#2730 = DIRECTION ( 'NONE',  ( 1.000000000000000000, 1.275531967630008943E-16, -0.000000000000000000 ) ) ;
#2731 = DIRECTION ( 'NONE',  ( 0.000000000000000000, 1.000000000000000000, 0.000000000000000000 ) ) ;
#2732 = VERTEX_POINT ( 'NONE', #9398 ) ;
#2733 = VECTOR ( 'NONE', #521, 1000.000000000000000 ) ;
#2734 = EDGE_CURVE ( 'NONE', #6897, #3185, #5468, .T. ) ;
#2735 = VERTEX_POINT ( 'NONE', #4455 ) ;
#2736 = CARTESIAN_POINT ( 'NONE',  ( -2.500000000000000888, 1.499999999999999334, 1.275000000000000133 ) ) ;
#2737 = ORIENTED_EDGE ( 'NONE', *, *, #12900, .F. ) ;
#2738 = CIRCLE ( 'NONE', #9922, 0.1000000000000000472 ) ;
#2739 = CARTESIAN_POINT ( 'NONE',  ( 1.275000000000000355, 1.149999999999999911, 0.000000000000000000 ) ) ;
#2740 = PLANE ( 'NONE',  #10302 ) ;
#2741 = CARTESIAN_POINT ( 'NONE',  ( 3.500000000000000000, 1.750000000000000000, -1.275000000000001910 ) ) ;
#2742 = VERTEX_POINT ( 'NONE', #10753 ) ;
#2743 = DIRECTION ( 'NONE',  ( -1.000000000000000000, 0.000000000000000000, 0.000000000000000000 ) ) ;
#2744 = CARTESIAN_POINT ( 'NONE',  ( -3.000000000000000444, 1.150000000000011235, 0.3500000000000004219 ) ) ;
#2745 = CARTESIAN_POINT ( 'NONE',  ( 0.4750000000000001443, 1.125000000000000222, -0.5500000000000018208 ) ) ;
#2746 = ORIENTED_EDGE ( 'NONE', *, *, #3101, .T. ) ;
#2747 = VECTOR ( 'NONE', #7994, 1000.000000000000000 ) ;
#2748 = EDGE_CURVE ( 'NONE', #1151, #13246, #1020, .T. ) ;
#2749 = CARTESIAN_POINT ( 'NONE',  ( 0.000000000000000000, 0.7499999999999991118, -0.3499999999999994227 ) ) ;
#2750 = CARTESIAN_POINT ( 'NONE',  ( -3.000000000000000444, 0.2750000000000111799, 1.305000000000000160 ) ) ;
#2751 = FACE_OUTER_BOUND ( 'NONE', #429, .T. ) ;
#2752 = EDGE_CURVE ( 'NONE', #11275, #2005, #5123, .T. ) ;
#2753 = LINE ( 'NONE', #2530, #6799 ) ;
#2754 = ORIENTED_EDGE ( 'NONE', *, *, #9552, .T. ) ;
#2755 = VECTOR ( 'NONE', #7219, 1000.000000000000000 ) ;
#2756 = AXIS2_PLACEMENT_3D ( 'NONE', #10212, #11294, #13057 ) ;
#2757 = ORIENTED_EDGE ( 'NONE', *, *, #273, .F. ) ;
#2758 = EDGE_CURVE ( 'NONE', #10512, #4943, #5300, .T. ) ;
#2759 = VERTEX_POINT ( 'NONE', #441 ) ;
#2760 = EDGE_CURVE ( 'NONE', #586, #3558, #9645, .T. ) ;
#2761 = FACE_OUTER_BOUND ( 'NONE', #1470, .T. ) ;
#2762 = CARTESIAN_POINT ( 'NONE',  ( -2.700000000000000178, 1.750000000000000000, -1.050000000000000488 ) ) ;
#2763 = EDGE_CURVE ( 'NONE', #9433, #6662, #5159, .T. ) ;
#2764 = DIRECTION ( 'NONE',  ( 0.000000000000000000, -1.172110456741085828E-16, -1.000000000000000000 ) ) ;
#2765 = EDGE_CURVE ( 'NONE', #6032, #12745, #842, .T. ) ;
#2766 = VERTEX_POINT ( 'NONE', #530 ) ;
#2767 = DIRECTION ( 'NONE',  ( 0.000000000000000000, 0.000000000000000000, 1.000000000000000000 ) ) ;
#2768 = EDGE_CURVE ( 'NONE', #6271, #6892, #9741, .T. ) ;
#2769 = ORIENTED_EDGE ( 'NONE', *, *, #5261, .T. ) ;
#2770 = LINE ( 'NONE', #7572, #2837 ) ;
#2771 = CARTESIAN_POINT ( 'NONE',  ( 3.000000000000000444, 0.2750000000000111799, 1.305000000000000160 ) ) ;
#2772 = VECTOR ( 'NONE', #3894, 1000.000000000000000 ) ;
#2773 = VECTOR ( 'NONE', #13035, 1000.000000000000000 ) ;
#2774 = VERTEX_POINT ( 'NONE', #1998 ) ;
#2775 = CARTESIAN_POINT ( 'NONE',  ( -2.500000000000000888, 0.6999999999999991784, 1.275000000000001910 ) ) ;
#2776 = AXIS2_PLACEMENT_3D ( 'NONE', #11705, #6392, #2276 ) ;
#2777 = LINE ( 'NONE', #7801, #2476 ) ;
#2778 = ORIENTED_EDGE ( 'NONE', *, *, #5882, .F. ) ;
#2779 = CARTESIAN_POINT ( 'NONE',  ( 3.200000000000000178, 0.2750000000000112355, 1.350000000000000533 ) ) ;
#2780 = CARTESIAN_POINT ( 'NONE',  ( -2.740000000000000213, 0.6999999999999991784, -0.3499999999999994227 ) ) ;
#2781 = ORIENTED_EDGE ( 'NONE', *, *, #2492, .F. ) ;
#2782 = LINE ( 'NONE', #480, #7165 ) ;
#2783 = EDGE_CURVE ( 'NONE', #1425, #8968, #5143, .T. ) ;
#2784 = ADVANCED_FACE ( 'NONE', ( #5429 ), #3641, .F. ) ;
#2785 = CARTESIAN_POINT ( 'NONE',  ( 3.500000000000000000, 1.750000000000000000, -1.275000000000001910 ) ) ;
#2786 = EDGE_CURVE ( 'NONE', #964, #9963, #5255, .T. ) ;
#2787 = ORIENTED_EDGE ( 'NONE', *, *, #2794, .T. ) ;
#2788 = ADVANCED_FACE ( 'NONE', ( #908 ), #700, .F. ) ;
#2789 = DIRECTION ( 'NONE',  ( 0.000000000000000000, 1.000000000000000000, 0.000000000000000000 ) ) ;
#2790 = ORIENTED_EDGE ( 'NONE', *, *, #10026, .T. ) ;
#2791 = VECTOR ( 'NONE', #699, 1000.000000000000000 ) ;
#2792 = CARTESIAN_POINT ( 'NONE',  ( 2.962500000000000355, 0.1250000000000059397, 1.312499999999999778 ) ) ;
#2793 = EDGE_CURVE ( 'NONE', #1335, #11674, #930, .T. ) ;
#2794 = EDGE_CURVE ( 'NONE', #2570, #1742, #9902, .T. ) ;
#2795 = EDGE_CURVE ( 'NONE', #4327, #13172, #1105, .T. ) ;
#2796 = DIRECTION ( 'NONE',  ( -0.5773502691896240657, -0.5773502691896253980, 0.5773502691896279515 ) ) ;
#2797 = EDGE_CURVE ( 'NONE', #5487, #12442, #9811, .T. ) ;
#2798 = LINE ( 'NONE', #8492, #7366 ) ;
#2799 = FACE_OUTER_BOUND ( 'NONE', #9265, .T. ) ;
#2800 = EDGE_LOOP ( 'NONE', ( #8881, #34, #13109, #2586 ) ) ;
#2801 = PLANE ( 'NONE',  #4247 ) ;
#2802 = LINE ( 'NONE', #8373, #11839 ) ;
#2803 = ORIENTED_EDGE ( 'NONE', *, *, #8385, .T. ) ;
#2804 = CARTESIAN_POINT ( 'NONE',  ( 0.3250000000000001776, 0.5000000000000002220, -0.3499999999999998113 ) ) ;
#2805 = AXIS2_PLACEMENT_3D ( 'NONE', #6409, #4509, #5511 ) ;
#2806 = DIRECTION ( 'NONE',  ( 0.000000000000000000, -1.000000000000000000, 0.000000000000000000 ) ) ;
#2807 = ORIENTED_EDGE ( 'NONE', *, *, #12033, .T. ) ;
#2808 = VECTOR ( 'NONE', #1477, 1000.000000000000114 ) ;
#2809 = DIRECTION ( 'NONE',  ( 0.000000000000000000, 0.000000000000000000, 1.000000000000000000 ) ) ;
#2810 = DIRECTION ( 'NONE',  ( 0.000000000000000000, 0.000000000000000000, 1.000000000000000000 ) ) ;
#2811 = CARTESIAN_POINT ( 'NONE',  ( 1.925000000000000044, 1.150000000000000577, 0.5000000000000000000 ) ) ;
#2812 = ORIENTED_EDGE ( 'NONE', *, *, #3737, .T. ) ;
#2813 = AXIS2_PLACEMENT_3D ( 'NONE', #5563, #716, #10516 ) ;
#2814 = EDGE_CURVE ( 'NONE', #8164, #8728, #1000, .T. ) ;
#2815 = ORIENTED_EDGE ( 'NONE', *, *, #278, .F. ) ;
#2816 = VECTOR ( 'NONE', #1943, 1000.000000000000000 ) ;
#2817 = ADVANCED_FACE ( 'NONE', ( #1082 ), #4123, .F. ) ;
#2818 = DIRECTION ( 'NONE',  ( 0.000000000000000000, 0.000000000000000000, -1.000000000000000000 ) ) ;
#2819 = LINE ( 'NONE', #476, #11897 ) ;
#2820 = EDGE_CURVE ( 'NONE', #2325, #5976, #5488, .T. ) ;
#2821 = LINE ( 'NONE', #1119, #7349 ) ;
#2822 = CARTESIAN_POINT ( 'NONE',  ( -2.075000000000000178, 0.9750000000000004219, -1.453616071428571521 ) ) ;
#2823 = ORIENTED_EDGE ( 'NONE', *, *, #11409, .F. ) ;
#2824 = SURFACE_STYLE_FILL_AREA ( #10347 ) ;
#2825 = ORIENTED_EDGE ( 'NONE', *, *, #587, .T. ) ;
#2826 = PLANE ( 'NONE',  #4634 ) ;
#2827 = ORIENTED_EDGE ( 'NONE', *, *, #6769, .F. ) ;
#2828 = LINE ( 'NONE', #6145, #7078 ) ;
#2829 = CARTESIAN_POINT ( 'NONE',  ( -3.200000000000000178, 0.2750000000000112355, 1.350000000000000533 ) ) ;
#2830 = CARTESIAN_POINT ( 'NONE',  ( 2.500000000000000888, 1.299999999999999378, 0.1500000000000006051 ) ) ;
#2831 = CARTESIAN_POINT ( 'NONE',  ( 0.3250000000000001776, 1.150000000000000133, -1.229999999999999760 ) ) ;
#2832 = AXIS2_PLACEMENT_3D ( 'NONE', #7893, #13114, #10907 ) ;
#2833 = CARTESIAN_POINT ( 'NONE',  ( -1.925000000000000044, 1.150000000000000133, -1.453616071428571743 ) ) ;
#2834 = ORIENTED_EDGE ( 'NONE', *, *, #6942, .F. ) ;
#2835 = CARTESIAN_POINT ( 'NONE',  ( 3.500000000000000000, 0.2799999999999950862, -1.350000000000000533 ) ) ;
#2836 = ORIENTED_EDGE ( 'NONE', *, *, #10794, .F. ) ;
#2837 = VECTOR ( 'NONE', #9777, 1000.000000000000000 ) ;
#2838 = DIRECTION ( 'NONE',  ( -1.000000000000000000, 0.000000000000000000, 0.000000000000000000 ) ) ;
#2839 = VECTOR ( 'NONE', #5969, 1000.000000000000000 ) ;
#2840 = VECTOR ( 'NONE', #4001, 1000.000000000000000 ) ;
#2841 = DIRECTION ( 'NONE',  ( 0.000000000000000000, -0.000000000000000000, -1.000000000000000000 ) ) ;
#2842 = ORIENTED_EDGE ( 'NONE', *, *, #6631, .T. ) ;
#2843 = ADVANCED_FACE ( 'NONE', ( #9919 ), #6142, .T. ) ;
#2844 = EDGE_LOOP ( 'NONE', ( #13166, #10745, #10572, #4275 ) ) ;
#2845 = ORIENTED_EDGE ( 'NONE', *, *, #10775, .F. ) ;
#2846 = CARTESIAN_POINT ( 'NONE',  ( -2.075000000000000178, 1.150000000000000133, -1.453616071428571743 ) ) ;
#2847 = LINE ( 'NONE', #9254, #11887 ) ;
#2848 = CARTESIAN_POINT ( 'NONE',  ( -2.575000000000001510, 1.750000000000000000, 1.350000000000000533 ) ) ;
#2849 = ORIENTED_EDGE ( 'NONE', *, *, #2158, .T. ) ;
#2850 = CARTESIAN_POINT ( 'NONE',  ( 0.3250000000000001776, 0.4499999999999991784, -1.350000000000000533 ) ) ;
#2851 = DIRECTION ( 'NONE',  ( 0.000000000000000000, 0.000000000000000000, -1.000000000000000000 ) ) ;
#2852 = EDGE_LOOP ( 'NONE', ( #11245, #10966, #7507, #6848 ) ) ;
#2853 = VECTOR ( 'NONE', #5484, 1000.000000000000000 ) ;
#2854 = PLANE ( 'NONE',  #7114 ) ;
#2855 = VECTOR ( 'NONE', #2554, 1000.000000000000114 ) ;
#2856 = VECTOR ( 'NONE', #1673, 1000.000000000000000 ) ;
#2857 = VERTEX_POINT ( 'NONE', #10096 ) ;
#2858 = VECTOR ( 'NONE', #6161, 1000.000000000000000 ) ;
#2859 = EDGE_LOOP ( 'NONE', ( #7292, #7978, #12522, #7879 ) ) ;
#2860 = DIRECTION ( 'NONE',  ( -1.000000000000000000, -0.000000000000000000, -1.445602896647338917E-15 ) ) ;
#2861 = PLANE ( 'NONE',  #4412 ) ;
#2862 = CARTESIAN_POINT ( 'NONE',  ( -0.4749999999999999223, 0.000000000000000000, -0.9499999999999999556 ) ) ;
#2863 = ORIENTED_EDGE ( 'NONE', *, *, #4922, .F. ) ;
#2864 = FACE_OUTER_BOUND ( 'NONE', #5612, .T. ) ;
#2865 = DIRECTION ( 'NONE',  ( 1.000000000000000000, 0.000000000000000000, -0.000000000000000000 ) ) ;
#2866 = ORIENTED_EDGE ( 'NONE', *, *, #6441, .T. ) ;
#2867 = DIRECTION ( 'NONE',  ( 0.000000000000000000, 1.000000000000000000, -0.000000000000000000 ) ) ;
#2868 = ORIENTED_EDGE ( 'NONE', *, *, #11019, .F. ) ;
#2869 = CARTESIAN_POINT ( 'NONE',  ( -3.200000000000000178, 0.3050000000000114286, 1.275000000000000133 ) ) ;
#2870 = VECTOR ( 'NONE', #12582, 1000.000000000000000 ) ;
#2871 = DIRECTION ( 'NONE',  ( -4.818676322157797375E-16, 1.000000000000000000, 0.000000000000000000 ) ) ;
#2872 = VECTOR ( 'NONE', #6797, 1000.000000000000000 ) ;
#2873 = PLANE ( 'NONE',  #11477 ) ;
#2874 = VERTEX_POINT ( 'NONE', #5236 ) ;
#2875 = CARTESIAN_POINT ( 'NONE',  ( 3.500000000000000000, 1.750000000000000000, 1.350000000000000533 ) ) ;
#2876 = VECTOR ( 'NONE', #11517, 1000.000000000000000 ) ;
#2877 = ORIENTED_EDGE ( 'NONE', *, *, #11180, .F. ) ;
#2878 = CARTESIAN_POINT ( 'NONE',  ( 1.125000000000000222, 1.574999999999999734, -0.5500000000000017097 ) ) ;
#2879 = ORIENTED_EDGE ( 'NONE', *, *, #12059, .T. ) ;
#2880 = VECTOR ( 'NONE', #5418, 1000.000000000000000 ) ;
#2881 = ADVANCED_FACE ( 'NONE', ( #9470 ), #2861, .F. ) ;
#2882 = PLANE ( 'NONE',  #299 ) ;
#2883 = DIRECTION ( 'NONE',  ( 0.000000000000000000, 0.000000000000000000, -1.000000000000000000 ) ) ;
#2884 = ORIENTED_EDGE ( 'NONE', *, *, #9745, .T. ) ;
#2885 = ADVANCED_FACE ( 'NONE', ( #5081 ), #6223, .F. ) ;
#2886 = CARTESIAN_POINT ( 'NONE',  ( -1.626303258728251474E-16, 0.4499999999999996225, -0.3499999999999994227 ) ) ;
#2887 = VERTEX_POINT ( 'NONE', #10273 ) ;
#2888 = VECTOR ( 'NONE', #4298, 1000.000000000000000 ) ;
#2889 = PLANE ( 'NONE',  #1825 ) ;
#2890 = EDGE_CURVE ( 'NONE', #9520, #2857, #5104, .T. ) ;
#2891 = EDGE_CURVE ( 'NONE', #3677, #3712, #10199, .T. ) ;
#2892 = LINE ( 'NONE', #8103, #7386 ) ;
#2893 = LINE ( 'NONE', #11149, #7288 ) ;
#2894 = DIRECTION ( 'NONE',  ( -0.000000000000000000, 1.000000000000000000, -0.000000000000000000 ) ) ;
#2895 = AXIS2_PLACEMENT_3D ( 'NONE', #10687, #11685, #8656 ) ;
#2896 = ORIENTED_EDGE ( 'NONE', *, *, #2254, .T. ) ;
#2897 = VECTOR ( 'NONE', #4560, 1000.000000000000000 ) ;
#2898 = ORIENTED_EDGE ( 'NONE', *, *, #7077, .F. ) ;
#2899 = DIRECTION ( 'NONE',  ( 0.000000000000000000, 0.000000000000000000, 1.000000000000000000 ) ) ;
#2900 = ORIENTED_EDGE ( 'NONE', *, *, #6894, .F. ) ;
#2901 = VECTOR ( 'NONE', #5633, 1000.000000000000000 ) ;
#2902 = CARTESIAN_POINT ( 'NONE',  ( -1.275000000000000133, 0.000000000000000000, -0.9499999999999999556 ) ) ;
#2903 = AXIS2_PLACEMENT_3D ( 'NONE', #10479, #8086, #687 ) ;
#2904 = DIRECTION ( 'NONE',  ( 1.000000000000000000, -0.000000000000000000, -0.000000000000000000 ) ) ;
#2905 = CARTESIAN_POINT ( 'NONE',  ( -3.200000000000000178, 0.3800000000000112732, 1.324999999999999956 ) ) ;
#2906 = ORIENTED_EDGE ( 'NONE', *, *, #12011, .T. ) ;
#2907 = EDGE_CURVE ( 'NONE', #6427, #13014, #10308, .T. ) ;
#2908 = DIRECTION ( 'NONE',  ( 0.000000000000000000, 0.000000000000000000, 1.000000000000000000 ) ) ;
#2909 = CARTESIAN_POINT ( 'NONE',  ( -1.324999999999999734, 0.2299999999999946254, -1.350000000000000533 ) ) ;
#2910 = DIRECTION ( 'NONE',  ( -1.445602896647339508E-15, -1.000000000000000000, 0.000000000000000000 ) ) ;
#2911 = VERTEX_POINT ( 'NONE', #6062 ) ;
#2912 = LINE ( 'NONE', #3470, #7343 ) ;
#2913 = AXIS2_PLACEMENT_3D ( 'NONE', #12081, #3903, #4959 ) ;
#2914 = CARTESIAN_POINT ( 'NONE',  ( 1.125000000000000222, 0.5000000000000002220, -0.3499999999999998113 ) ) ;
#2915 = EDGE_CURVE ( 'NONE', #4943, #516, #5534, .T. ) ;
#2916 = EDGE_CURVE ( 'NONE', #1891, #11340, #1313, .T. ) ;
#2917 = CARTESIAN_POINT ( 'NONE',  ( -2.950000000000000622, 1.675000000000001377, -1.050000000000000488 ) ) ;
#2918 = VECTOR ( 'NONE', #2860, 1000.000000000000000 ) ;
#2919 = LINE ( 'NONE', #6949, #3060 ) ;
#2920 = ORIENTED_EDGE ( 'NONE', *, *, #1849, .F. ) ;
#2921 = VECTOR ( 'NONE', #6548, 1000.000000000000000 ) ;
#2922 = ORIENTED_EDGE ( 'NONE', *, *, #408, .T. ) ;
#2923 = EDGE_CURVE ( 'NONE', #2572, #6587, #1415, .T. ) ;
#2924 = ORIENTED_EDGE ( 'NONE', *, *, #8239, .T. ) ;
#2925 = EDGE_CURVE ( 'NONE', #11761, #6938, #1200, .T. ) ;
#2926 = DIRECTION ( 'NONE',  ( 1.000000000000000000, 0.000000000000000000, -7.228014483236698528E-16 ) ) ;
#2927 = LINE ( 'NONE', #828, #11908 ) ;
#2928 = DIRECTION ( 'NONE',  ( -9.019373039313980092E-17, -0.7071067811865465735, -0.7071067811865485719 ) ) ;
#2929 = DIRECTION ( 'NONE',  ( 1.000000000000000000, 0.000000000000000000, 0.000000000000000000 ) ) ;
#2930 = PLANE ( 'NONE',  #8109 ) ;
#2931 = ORIENTED_EDGE ( 'NONE', *, *, #1656, .T. ) ;
#2932 = CARTESIAN_POINT ( 'NONE',  ( 2.950000000000000622, 1.474999999999999867, -1.050000000000000488 ) ) ;
#2933 = CARTESIAN_POINT ( 'NONE',  ( -0.4749999999999999223, 1.125000000000000222, -0.5500000000000018208 ) ) ;
#2934 = VERTEX_POINT ( 'NONE', #11266 ) ;
#2935 = FACE_OUTER_BOUND ( 'NONE', #1222, .T. ) ;
#2936 = AXIS2_PLACEMENT_3D ( 'NONE', #9687, #3374, #125 ) ;
#2937 = DIRECTION ( 'NONE',  ( 1.000000000000000000, 0.000000000000000000, 0.000000000000000000 ) ) ;
#2938 = VECTOR ( 'NONE', #3198, 1000.000000000000000 ) ;
#2939 = LINE ( 'NONE', #4956, #11775 ) ;
#2940 = EDGE_CURVE ( 'NONE', #3588, #1780, #1480, .T. ) ;
#2941 = ORIENTED_EDGE ( 'NONE', *, *, #468, .T. ) ;
#2942 = DIRECTION ( 'NONE',  ( 1.000000000000000000, -0.000000000000000000, -0.000000000000000000 ) ) ;
#2943 = FACE_OUTER_BOUND ( 'NONE', #9818, .T. ) ;
#2944 = VERTEX_POINT ( 'NONE', #12384 ) ;
#2945 = DIRECTION ( 'NONE',  ( 0.000000000000000000, 0.7071067811865479058, 0.7071067811865470176 ) ) ;
#2946 = CARTESIAN_POINT ( 'NONE',  ( 3.500000000000000000, 1.574999999999999734, 1.350000000000000533 ) ) ;
#2947 = CARTESIAN_POINT ( 'NONE',  ( 3.500000000000003109, 1.474999999999999867, -0.9749999999999897637 ) ) ;
#2948 = ORIENTED_EDGE ( 'NONE', *, *, #5855, .T. ) ;
#2949 = LINE ( 'NONE', #653, #11827 ) ;
#2950 = EDGE_CURVE ( 'NONE', #12025, #7648, #1371, .T. ) ;
#2951 = EDGE_CURVE ( 'NONE', #7374, #9671, #1498, .T. ) ;
#2952 = AXIS2_PLACEMENT_3D ( 'NONE', #1542, #4657, #4825 ) ;
#2953 = ORIENTED_EDGE ( 'NONE', *, *, #7409, .F. ) ;
#2954 = VERTEX_POINT ( 'NONE', #4217 ) ;
#2955 = LINE ( 'NONE', #4512, #11833 ) ;
#2956 = DIRECTION ( 'NONE',  ( -0.000000000000000000, -1.000000000000000000, -1.694065894508603636E-16 ) ) ;
#2957 = AXIS2_PLACEMENT_3D ( 'NONE', #12722, #2408, #6776 ) ;
#2958 = CARTESIAN_POINT ( 'NONE',  ( 1.125000000000000666, 1.750000000000000888, -1.350000000000000533 ) ) ;
#2959 = FACE_OUTER_BOUND ( 'NONE', #1711, .T. ) ;
#2960 = VECTOR ( 'NONE', #8912, 1000.000000000000000 ) ;
#2961 = CARTESIAN_POINT ( 'NONE',  ( 0.4250000000000000444, 1.175000000000000488, 0.5500000000000004885 ) ) ;
#2962 = ADVANCED_FACE ( 'NONE', ( #1246 ), #10156, .T. ) ;
#2963 = EDGE_LOOP ( 'NONE', ( #12661, #3980, #678, #4730 ) ) ;
#2964 = DIRECTION ( 'NONE',  ( 0.000000000000000000, -1.000000000000000000, 0.000000000000000000 ) ) ;
#2965 = FACE_OUTER_BOUND ( 'NONE', #13037, .T. ) ;
#2966 = AXIS2_PLACEMENT_3D ( 'NONE', #5226, #7230, #7147 ) ;
#2967 = ORIENTED_EDGE ( 'NONE', *, *, #1056, .F. ) ;
#2968 = CARTESIAN_POINT ( 'NONE',  ( -2.950000000000000622, 1.675000000000001377, -1.050000000000000488 ) ) ;
#2969 = CARTESIAN_POINT ( 'NONE',  ( 0.4750000000000001443, 0.4499999999999999556, -0.9499999999999999556 ) ) ;
#2970 = ORIENTED_EDGE ( 'NONE', *, *, #8567, .F. ) ;
#2971 = LINE ( 'NONE', #6449, #11675 ) ;
#2972 = CARTESIAN_POINT ( 'NONE',  ( -3.000000000000000000, 0.3500000000000024203, 0.2749999999999982458 ) ) ;
#2973 = DIRECTION ( 'NONE',  ( -0.000000000000000000, 1.000000000000000000, -0.000000000000000000 ) ) ;
#2974 = DIRECTION ( 'NONE',  ( -0.5773502691896257311, -0.5773502691896257311, -0.5773502691896257311 ) ) ;
#2975 = ORIENTED_EDGE ( 'NONE', *, *, #5557, .T. ) ;
#2976 = EDGE_CURVE ( 'NONE', #13050, #5676, #1225, .T. ) ;
#2977 = DIRECTION ( 'NONE',  ( -3.833233541708440522E-16, 0.7071067811865474617, 0.7071067811865474617 ) ) ;
#2978 = ORIENTED_EDGE ( 'NONE', *, *, #11155, .T. ) ;
#2979 = LINE ( 'NONE', #9623, #7407 ) ;
#2980 = DIRECTION ( 'NONE',  ( 0.000000000000000000, -1.000000000000000000, 2.409338161078897701E-16 ) ) ;
#2981 = VECTOR ( 'NONE', #309, 1000.000000000000000 ) ;
#2982 = VECTOR ( 'NONE', #3264, 1000.000000000000000 ) ;
#2983 = AXIS2_PLACEMENT_3D ( 'NONE', #5327, #5239, #6315 ) ;
#2984 = DIRECTION ( 'NONE',  ( -5.421010862427532031E-16, 1.694065894508603883E-16, -1.000000000000000000 ) ) ;
#2985 = ORIENTED_EDGE ( 'NONE', *, *, #8722, .F. ) ;
#2986 = VECTOR ( 'NONE', #12660, 1000.000000000000000 ) ;
#2987 = ORIENTED_EDGE ( 'NONE', *, *, #6932, .F. ) ;
#2988 = DIRECTION ( 'NONE',  ( 0.000000000000000000, -1.000000000000000000, 0.000000000000000000 ) ) ;
#2989 = ORIENTED_EDGE ( 'NONE', *, *, #1735, .T. ) ;
#2990 = LINE ( 'NONE', #10710, #7126 ) ;
#2991 = DIRECTION ( 'NONE',  ( 0.000000000000000000, 1.000000000000000000, 0.000000000000000000 ) ) ;
#2992 = ADVANCED_FACE ( 'NONE', ( #10130 ), #5970, .F. ) ;
#2993 = CARTESIAN_POINT ( 'NONE',  ( 1.224999999999999867, 0.4499999999999999556, -0.3499999999999998113 ) ) ;
#2994 = CARTESIAN_POINT ( 'NONE',  ( -2.075000000000000178, 0.1000000000000000056, -0.9499999999999999556 ) ) ;
#2995 = VERTEX_POINT ( 'NONE', #10445 ) ;
#2996 = ADVANCED_FACE ( 'NONE', ( #10283 ), #9506, .F. ) ;
#2997 = CARTESIAN_POINT ( 'NONE',  ( 1.125000000000000222, 1.149999999999999911, -0.9749999999999932054 ) ) ;
#2998 = CARTESIAN_POINT ( 'NONE',  ( 3.500000000000000000, 1.750000000000000000, -1.275000000000001910 ) ) ;
#2999 = ORIENTED_EDGE ( 'NONE', *, *, #5855, .F. ) ;
#3000 = LINE ( 'NONE', #2804, #12244 ) ;
#3001 = DIRECTION ( 'NONE',  ( -0.000000000000000000, -1.000000000000000000, -0.000000000000000000 ) ) ;
#3002 = EDGE_CURVE ( 'NONE', #10534, #909, #1290, .T. ) ;
#3003 = CARTESIAN_POINT ( 'NONE',  ( 3.500000000000003109, 1.149999999999999911, -0.9749999999999897637 ) ) ;
#3004 = VECTOR ( 'NONE', #6061, 1000.000000000000000 ) ;
#3005 = FACE_OUTER_BOUND ( 'NONE', #9042, .T. ) ;
#3006 = ORIENTED_EDGE ( 'NONE', *, *, #10775, .T. ) ;
#3007 = LINE ( 'NONE', #8475, #12097 ) ;
#3008 = ORIENTED_EDGE ( 'NONE', *, *, #8567, .T. ) ;
#3009 = ORIENTED_EDGE ( 'NONE', *, *, #8711, .F. ) ;
#3010 = DIRECTION ( 'NONE',  ( 4.818676322157797375E-16, -1.000000000000000000, 0.000000000000000000 ) ) ;
#3011 = LINE ( 'NONE', #6563, #7358 ) ;
#3012 = DIRECTION ( 'NONE',  ( -1.000000000000000000, 1.275531967630008943E-16, 0.000000000000000000 ) ) ;
#3013 = CARTESIAN_POINT ( 'NONE',  ( -0.3250000000000000111, 0.000000000000000000, -1.300000000000000044 ) ) ;
#3014 = DIRECTION ( 'NONE',  ( -0.000000000000000000, -1.000000000000000000, -1.694065894508603636E-16 ) ) ;
#3015 = ORIENTED_EDGE ( 'NONE', *, *, #12389, .F. ) ;
#3016 = DIRECTION ( 'NONE',  ( 0.7071067811865430208, 0.000000000000000000, -0.7071067811865521247 ) ) ;
#3017 = PLANE ( 'NONE',  #2832 ) ;
#3018 = ORIENTED_EDGE ( 'NONE', *, *, #1575, .F. ) ;
#3019 = VECTOR ( 'NONE', #2055, 1000.000000000000000 ) ;
#3020 = LINE ( 'NONE', #3675, #11854 ) ;
#3021 = VECTOR ( 'NONE', #11829, 1000.000000000000000 ) ;
#3022 = ORIENTED_EDGE ( 'NONE', *, *, #4946, .F. ) ;
#3023 = DIRECTION ( 'NONE',  ( 5.421010862427532031E-16, -1.694065894508603636E-16, 1.000000000000000000 ) ) ;
#3024 = ORIENTED_EDGE ( 'NONE', *, *, #6053, .F. ) ;
#3025 = CARTESIAN_POINT ( 'NONE',  ( -3.500000000000000000, 1.149999999999999911, -1.050000000000000488 ) ) ;
#3026 = CARTESIAN_POINT ( 'NONE',  ( 0.5250000000000006883, 0.2799999999999950862, -1.350000000000000533 ) ) ;
#3027 = ORIENTED_EDGE ( 'NONE', *, *, #3394, .F. ) ;
#3028 = FACE_OUTER_BOUND ( 'NONE', #10853, .T. ) ;
#3029 = CARTESIAN_POINT ( 'NONE',  ( -1.324999999999999734, 0.2799999999999950862, -1.350000000000000533 ) ) ;
#3030 = EDGE_LOOP ( 'NONE', ( #198, #8813, #7322, #9307 ) ) ;
#3031 = CARTESIAN_POINT ( 'NONE',  ( 2.024999999999999911, 0.7499999999999998890, -0.3499999999999998113 ) ) ;
#3032 = VERTEX_POINT ( 'NONE', #9784 ) ;
#3033 = VECTOR ( 'NONE', #12699, 1000.000000000000114 ) ;
#3034 = CARTESIAN_POINT ( 'NONE',  ( -1.125000000000000222, 0.7499999999999991118, -1.350000000000000533 ) ) ;
#3035 = LINE ( 'NONE', #5494, #2855 ) ;
#3036 = CARTESIAN_POINT ( 'NONE',  ( -1.925000000000000933, 0.2299999999999944866, -0.5499999999999989342 ) ) ;
#3037 = LINE ( 'NONE', #13009, #11752 ) ;
#3038 = CARTESIAN_POINT ( 'NONE',  ( 1.125000000000000222, 1.149999999999999911, 0.000000000000000000 ) ) ;
#3039 =( NAMED_UNIT ( * ) SI_UNIT ( $, .STERADIAN. ) SOLID_ANGLE_UNIT ( ) );
#3040 = ORIENTED_EDGE ( 'NONE', *, *, #4300, .T. ) ;
#3041 = DIRECTION ( 'NONE',  ( 0.000000000000000000, -1.000000000000000000, 5.288791085295112841E-17 ) ) ;
#3042 = LINE ( 'NONE', #3463, #2897 ) ;
#3043 = ORIENTED_EDGE ( 'NONE', *, *, #4622, .F. ) ;
#3044 = EDGE_CURVE ( 'NONE', #5301, #11299, #1440, .T. ) ;
#3045 = CARTESIAN_POINT ( 'NONE',  ( -1.125000000000000222, 1.125000000000000222, -0.5500000000000018208 ) ) ;
#3046 = CARTESIAN_POINT ( 'NONE',  ( -2.075000000000000178, 1.749999999999998446, -1.275000000000003242 ) ) ;
#3047 = ORIENTED_EDGE ( 'NONE', *, *, #4091, .F. ) ;
#3048 = LINE ( 'NONE', #12977, #7668 ) ;
#3049 = EDGE_CURVE ( 'NONE', #2857, #9765, #5786, .T. ) ;
#3050 = CARTESIAN_POINT ( 'NONE',  ( -3.200000000000000178, 0.3500000000000113021, 1.305000000000000160 ) ) ;
#3051 = CARTESIAN_POINT ( 'NONE',  ( 3.500000000000000000, 0.05000000000000495715, -0.5500000000000018208 ) ) ;
#3052 = AXIS2_PLACEMENT_3D ( 'NONE', #9689, #6393, #11446 ) ;
#3053 = CARTESIAN_POINT ( 'NONE',  ( 0.3250000000000001776, 1.474999999999999867, -0.9749999999999897637 ) ) ;
#3054 = EDGE_LOOP ( 'NONE', ( #1885, #1614, #8037, #12500 ) ) ;
#3055 = EDGE_CURVE ( 'NONE', #6399, #8197, #5893, .T. ) ;
#3056 = ORIENTED_EDGE ( 'NONE', *, *, #12380, .F. ) ;
#3057 = FACE_OUTER_BOUND ( 'NONE', #7279, .T. ) ;
#3058 = AXIS2_PLACEMENT_3D ( 'NONE', #8274, #2176, #5398 ) ;
#3059 = LINE ( 'NONE', #11623, #7496 ) ;
#3060 = VECTOR ( 'NONE', #10155, 1000.000000000000000 ) ;
#3061 = DIRECTION ( 'NONE',  ( -1.000000000000000000, -3.614007241618339403E-16, 7.228014483236698528E-16 ) ) ;
#3062 = ADVANCED_FACE ( 'NONE', ( #5744 ), #478, .F. ) ;
#3063 = ORIENTED_EDGE ( 'NONE', *, *, #11549, .F. ) ;
#3064 = EDGE_CURVE ( 'NONE', #6873, #6012, #5639, .T. ) ;
#3065 = AXIS2_PLACEMENT_3D ( 'NONE', #10370, #2039, #11361 ) ;
#3066 = LINE ( 'NONE', #7082, #7589 ) ;
#3067 = VERTEX_POINT ( 'NONE', #8592 ) ;
#3068 = PLANE ( 'NONE',  #1566 ) ;
#3069 = ORIENTED_EDGE ( 'NONE', *, *, #9826, .T. ) ;
#3070 = LINE ( 'NONE', #11087, #7295 ) ;
#3071 = CARTESIAN_POINT ( 'NONE',  ( -2.024999999999999911, 0.5000000000000002220, -0.3499999999999998113 ) ) ;
#3072 = PLANE ( 'NONE',  #3719 ) ;
#3073 = EDGE_CURVE ( 'NONE', #9765, #5399, #10227, .T. ) ;
#3074 = EDGE_CURVE ( 'NONE', #270, #6249, #5804, .T. ) ;
#3075 = ORIENTED_EDGE ( 'NONE', *, *, #9078, .T. ) ;
#3076 = CARTESIAN_POINT ( 'NONE',  ( -0.4749999999999995337, 0.7499999999999991118, -0.3499999999999998113 ) ) ;
#3077 = VERTEX_POINT ( 'NONE', #6647 ) ;
#3078 = LINE ( 'NONE', #7509, #12167 ) ;
#3079 = EDGE_CURVE ( 'NONE', #12013, #1148, #10107, .T. ) ;
#3080 = DIRECTION ( 'NONE',  ( -0.7071067811865430208, 0.000000000000000000, 0.7071067811865521247 ) ) ;
#3081 = EDGE_CURVE ( 'NONE', #5754, #12461, #10248, .T. ) ;
#3082 = CARTESIAN_POINT ( 'NONE',  ( -3.000000000000000000, 0.3500000000000024203, 0.2749999999999982458 ) ) ;
#3083 = LINE ( 'NONE', #7057, #7434 ) ;
#3084 = LINE ( 'NONE', #767, #7308 ) ;
#3085 = DIRECTION ( 'NONE',  ( -1.000000000000000000, 0.000000000000000000, -0.000000000000000000 ) ) ;
#3086 = ORIENTED_EDGE ( 'NONE', *, *, #8543, .F. ) ;
#3087 = CARTESIAN_POINT ( 'NONE',  ( -0.4749999999999999223, 1.750000000000000888, -0.5500000000000017097 ) ) ;
#3088 = LINE ( 'NONE', #2261, #7415 ) ;
#3089 = ORIENTED_EDGE ( 'NONE', *, *, #8028, .F. ) ;
#3090 = AXIS2_PLACEMENT_3D ( 'NONE', #11114, #1080, #3141 ) ;
#3091 = ORIENTED_EDGE ( 'NONE', *, *, #6914, .T. ) ;
#3092 = CARTESIAN_POINT ( 'NONE',  ( -1.275000000000000133, 1.574999999999999734, 1.349999999999999645 ) ) ;
#3093 = FACE_OUTER_BOUND ( 'NONE', #4094, .T. ) ;
#3094 = DIRECTION ( 'NONE',  ( 0.000000000000000000, 1.000000000000000000, 0.000000000000000000 ) ) ;
#3095 = ADVANCED_FACE ( 'NONE', ( #5850 ), #4491, .T. ) ;
#3096 = CARTESIAN_POINT ( 'NONE',  ( -0.6499999999999279687, -0.3250000000000177747, -3.350000000000019629 ) ) ;
#3097 = DIRECTION ( 'NONE',  ( 1.000000000000000000, -0.000000000000000000, -0.000000000000000000 ) ) ;
#3098 = ORIENTED_EDGE ( 'NONE', *, *, #4969, .F. ) ;
#3099 = CARTESIAN_POINT ( 'NONE',  ( -3.500000000000000000, 0.2299999999999944866, -0.5500000000000018208 ) ) ;
#3100 = ADVANCED_FACE ( 'NONE', ( #1460 ), #5495, .F. ) ;
#3101 = EDGE_CURVE ( 'NONE', #10904, #6384, #9979, .T. ) ;
#3102 = CARTESIAN_POINT ( 'NONE',  ( 3.225000000000000533, 1.750000000000000000, -0.3000000000000006550 ) ) ;
#3103 = ORIENTED_EDGE ( 'NONE', *, *, #5243, .T. ) ;
#3104 = VECTOR ( 'NONE', #1384, 1000.000000000000000 ) ;
#3105 = EDGE_CURVE ( 'NONE', #1185, #6564, #10087, .T. ) ;
#3106 = DIRECTION ( 'NONE',  ( 2.710505431213771932E-16, 0.000000000000000000, -1.000000000000000000 ) ) ;
#3107 = VECTOR ( 'NONE', #11174, 1000.000000000000000 ) ;
#3108 = LINE ( 'NONE', #13173, #2840 ) ;
#3109 = EDGE_CURVE ( 'NONE', #4728, #1390, #10354, .T. ) ;
#3110 = AXIS2_PLACEMENT_3D ( 'NONE', #3050, #13233, #6998 ) ;
#3111 = ORIENTED_EDGE ( 'NONE', *, *, #145, .F. ) ;
#3112 = PLANE ( 'NONE',  #615 ) ;
#3113 = ORIENTED_EDGE ( 'NONE', *, *, #2417, .F. ) ;
#3114 = DIRECTION ( 'NONE',  ( 0.000000000000000000, -1.000000000000000000, 0.000000000000000000 ) ) ;
#3115 = CARTESIAN_POINT ( 'NONE',  ( 0.3250000000000001776, 0.2299999999999944866, -0.5500000000000035971 ) ) ;
#3116 = CARTESIAN_POINT ( 'NONE',  ( 3.500000000000000000, 1.225000000000011413, 1.350000000000000533 ) ) ;
#3117 = ORIENTED_EDGE ( 'NONE', *, *, #11872, .F. ) ;
#3118 = AXIS2_PLACEMENT_3D ( 'NONE', #7253, #1235, #7421 ) ;
#3119 = ORIENTED_EDGE ( 'NONE', *, *, #338, .T. ) ;
#3120 = CARTESIAN_POINT ( 'NONE',  ( 3.200000000000000178, 0.6200000000000113198, 1.305000000000000160 ) ) ;
#3121 = ORIENTED_EDGE ( 'NONE', *, *, #6946, .T. ) ;
#3122 = CIRCLE ( 'NONE', #8627, 0.2236160714285718720 ) ;
#3123 = DIRECTION ( 'NONE',  ( -0.000000000000000000, -0.000000000000000000, 1.000000000000000000 ) ) ;
#3124 = ADVANCED_FACE ( 'NONE', ( #5931 ), #7492, .F. ) ;
#3125 = CARTESIAN_POINT ( 'NONE',  ( -1.125000000000000222, 1.574999999999999956, -1.300000000000000044 ) ) ;
#3126 = VECTOR ( 'NONE', #11445, 1000.000000000000000 ) ;
#3127 = CARTESIAN_POINT ( 'NONE',  ( 3.200000000000000178, 1.150000000000011013, 1.250000000000001110 ) ) ;
#3128 = FACE_OUTER_BOUND ( 'NONE', #5585, .T. ) ;
#3129 = DIRECTION ( 'NONE',  ( 0.7071067811865398012, -0.7071067811865552333, -3.066586833366772435E-16 ) ) ;
#3130 = DIRECTION ( 'NONE',  ( 8.673617379884035472E-16, 0.000000000000000000, -1.000000000000000000 ) ) ;
#3131 = ORIENTED_EDGE ( 'NONE', *, *, #5963, .T. ) ;
#3132 = CARTESIAN_POINT ( 'NONE',  ( -2.124999999999999556, 1.149999999999999911, -1.349999999999997868 ) ) ;
#3133 = EDGE_CURVE ( 'NONE', #1742, #8484, #1544, .T. ) ;
#3134 = EDGE_CURVE ( 'NONE', #5498, #2874, #5952, .T. ) ;
#3135 = ORIENTED_EDGE ( 'NONE', *, *, #10019, .T. ) ;
#3136 = CARTESIAN_POINT ( 'NONE',  ( 2.950000000000000622, 1.675000000000001377, -1.050000000000000488 ) ) ;
#3137 = ORIENTED_EDGE ( 'NONE', *, *, #6050, .T. ) ;
#3138 = EDGE_CURVE ( 'NONE', #8683, #5214, #10398, .T. ) ;
#3139 = VECTOR ( 'NONE', #8138, 1000.000000000000000 ) ;
#3140 = CARTESIAN_POINT ( 'NONE',  ( 3.000000000000000000, 0.1500000000000054623, 0.2749999999999981348 ) ) ;
#3141 = DIRECTION ( 'NONE',  ( 0.000000000000000000, 0.000000000000000000, -1.000000000000000000 ) ) ;
#3142 = DIRECTION ( 'NONE',  ( 0.000000000000000000, 1.000000000000000000, 0.000000000000000000 ) ) ;
#3143 = ORIENTED_EDGE ( 'NONE', *, *, #11415, .F. ) ;
#3144 = EDGE_CURVE ( 'NONE', #11532, #13098, #1125, .T. ) ;
#3145 = AXIS2_PLACEMENT_3D ( 'NONE', #10149, #8255, #99 ) ;
#3146 =( NAMED_UNIT ( * ) SI_UNIT ( $, .STERADIAN. ) SOLID_ANGLE_UNIT ( ) );
#3147 = ORIENTED_EDGE ( 'NONE', *, *, #9414, .T. ) ;
#3148 = VECTOR ( 'NONE', #7171, 1000.000000000000000 ) ;
#3149 = PLANE ( 'NONE',  #8391 ) ;
#3150 = ADVANCED_FACE ( 'NONE', ( #10004 ), #6001, .F. ) ;
#3151 = CARTESIAN_POINT ( 'NONE',  ( -2.124999999999999556, 0.2299999999999946254, -1.350000000000000533 ) ) ;
#3152 = FACE_OUTER_BOUND ( 'NONE', #11358, .T. ) ;
#3153 = VECTOR ( 'NONE', #7798, 1000.000000000000000 ) ;
#3154 = DIRECTION ( 'NONE',  ( 0.000000000000000000, 1.000000000000000000, -2.409338161078897701E-16 ) ) ;
#3155 = EDGE_LOOP ( 'NONE', ( #11431, #1172, #3429, #8117 ) ) ;
#3156 = VECTOR ( 'NONE', #861, 1000.000000000000000 ) ;
#3157 = ORIENTED_EDGE ( 'NONE', *, *, #10001, .T. ) ;
#3158 = CARTESIAN_POINT ( 'NONE',  ( -2.700000000000000178, 0.05000000000000490163, -1.300000000000000711 ) ) ;
#3159 = ORIENTED_EDGE ( 'NONE', *, *, #5566, .T. ) ;
#3160 = VECTOR ( 'NONE', #3971, 1000.000000000000000 ) ;
#3161 = CARTESIAN_POINT ( 'NONE',  ( 0.3250000000000001776, 1.474999999999999867, -0.9749999999999905409 ) ) ;
#3162 = DIRECTION ( 'NONE',  ( -0.5773502691896242878, 0.5773502691896251759, 0.5773502691896278405 ) ) ;
#3163 = DIRECTION ( 'NONE',  ( 1.000000000000000000, 0.000000000000000000, 1.445602896647338917E-15 ) ) ;
#3164 = ORIENTED_EDGE ( 'NONE', *, *, #12533, .T. ) ;
#3165 = DIRECTION ( 'NONE',  ( -0.000000000000000000, 1.000000000000000000, 0.000000000000000000 ) ) ;
#3166 = ORIENTED_EDGE ( 'NONE', *, *, #6970, .T. ) ;
#3167 = LINE ( 'NONE', #3316, #3033 ) ;
#3168 = CARTESIAN_POINT ( 'NONE',  ( -2.949999999999999289, 1.474999999999999867, -0.9749999999999990896 ) ) ;
#3169 = DIRECTION ( 'NONE',  ( 0.000000000000000000, 1.000000000000000000, 0.000000000000000000 ) ) ;
#3170 = ADVANCED_FACE ( 'NONE', ( #1839 ), #5172, .F. ) ;
#3171 = LINE ( 'NONE', #7233, #2839 ) ;
#3172 = LINE ( 'NONE', #1856, #7642 ) ;
#3173 = DIRECTION ( 'NONE',  ( -0.5773502691896257311, -0.5773502691896257311, -0.5773502691896257311 ) ) ;
#3174 = ADVANCED_FACE ( 'NONE', ( #1816 ), #6089, .T. ) ;
#3175 = ORIENTED_EDGE ( 'NONE', *, *, #7137, .T. ) ;
#3176 = DIRECTION ( 'NONE',  ( -0.000000000000000000, -1.000000000000000000, -1.694065894508603636E-16 ) ) ;
#3177 = LINE ( 'NONE', #1374, #7500 ) ;
#3178 = VERTEX_POINT ( 'NONE', #12050 ) ;
#3179 = ORIENTED_EDGE ( 'NONE', *, *, #7698, .F. ) ;
#3180 = DIRECTION ( 'NONE',  ( 1.000000000000000000, 1.275531967630008943E-16, -0.000000000000000000 ) ) ;
#3181 = LINE ( 'NONE', #8626, #12158 ) ;
#3182 = PLANE ( 'NONE',  #9374 ) ;
#3183 = CARTESIAN_POINT ( 'NONE',  ( 3.500000000000000000, 1.150000000000011013, 1.274999999999999245 ) ) ;
#3184 = DIRECTION ( 'NONE',  ( 1.000000000000000000, 0.000000000000000000, 0.000000000000000000 ) ) ;
#3185 = VERTEX_POINT ( 'NONE', #10949 ) ;
#3186 = CARTESIAN_POINT ( 'NONE',  ( 2.125000000000001332, 0.2299999999999920164, -1.350000000000000533 ) ) ;
#3187 = DIRECTION ( 'NONE',  ( 0.000000000000000000, 0.000000000000000000, -1.000000000000000000 ) ) ;
#3188 = VERTEX_POINT ( 'NONE', #7839 ) ;
#3189 = LINE ( 'NONE', #4835, #3104 ) ;
#3190 = DIRECTION ( 'NONE',  ( 0.000000000000000000, 0.000000000000000000, 1.000000000000000000 ) ) ;
#3191 = CARTESIAN_POINT ( 'NONE',  ( 0.3250000000000001776, 0.9750000000000004219, -1.453616071428571521 ) ) ;
#3192 = CARTESIAN_POINT ( 'NONE',  ( 0.3250000000000001776, 1.574999999999999734, -1.300000000000000711 ) ) ;
#3193 = VECTOR ( 'NONE', #1307, 1000.000000000000114 ) ;
#3194 = FACE_OUTER_BOUND ( 'NONE', #9768, .T. ) ;
#3195 = ORIENTED_EDGE ( 'NONE', *, *, #1548, .T. ) ;
#3196 = LINE ( 'NONE', #8122, #7625 ) ;
#3197 = ORIENTED_EDGE ( 'NONE', *, *, #8094, .T. ) ;
#3198 = DIRECTION ( 'NONE',  ( 5.421010862427532031E-16, -1.694065894508603636E-16, 1.000000000000000000 ) ) ;
#3199 = CARTESIAN_POINT ( 'NONE',  ( -3.500000000000000000, 1.149999999999999911, -0.4500000000000006217 ) ) ;
#3200 = ORIENTED_EDGE ( 'NONE', *, *, #5866, .F. ) ;
#3201 = FACE_OUTER_BOUND ( 'NONE', #10252, .T. ) ;
#3202 = AXIS2_PLACEMENT_3D ( 'NONE', #9602, #12871, #311 ) ;
#3203 = ADVANCED_FACE ( 'NONE', ( #1713 ), #7179, .F. ) ;
#3204 = ORIENTED_EDGE ( 'NONE', *, *, #2976, .F. ) ;
#3205 = ORIENTED_EDGE ( 'NONE', *, *, #6577, .T. ) ;
#3206 = VECTOR ( 'NONE', #8755, 1000.000000000000000 ) ;
#3207 = AXIS2_PLACEMENT_3D ( 'NONE', #5997, #9016, #9947 ) ;
#3208 = EDGE_CURVE ( 'NONE', #4368, #4919, #6550, .T. ) ;
#3209 = EDGE_CURVE ( 'NONE', #8835, #8771, #10480, .T. ) ;
#3210 = EDGE_CURVE ( 'NONE', #30, #13050, #1649, .T. ) ;
#3211 = DIRECTION ( 'NONE',  ( 0.000000000000000000, 1.000000000000000000, -0.000000000000000000 ) ) ;
#3212 = LINE ( 'NONE', #9927, #11877 ) ;
#3213 = CARTESIAN_POINT ( 'NONE',  ( -1.125000000000000888, 1.725000000000001865, -1.300000000000000044 ) ) ;
#3214 = LINE ( 'NONE', #5302, #11730 ) ;
#3215 = EDGE_CURVE ( 'NONE', #2335, #9986, #6083, .T. ) ;
#3216 = CARTESIAN_POINT ( 'NONE',  ( 1.125000000000000222, 1.124999999999999778, -0.5500000000000018208 ) ) ;
#3217 = DIRECTION ( 'NONE',  ( 0.000000000000000000, 1.000000000000000000, -0.000000000000000000 ) ) ;
#3218 = ORIENTED_EDGE ( 'NONE', *, *, #12945, .T. ) ;
#3219 = CARTESIAN_POINT ( 'NONE',  ( -3.200000000000000178, 0.6950000000000109424, 1.275000000000000133 ) ) ;
#3220 = ORIENTED_EDGE ( 'NONE', *, *, #10908, .T. ) ;
#3221 = EDGE_CURVE ( 'NONE', #1555, #10284, #1759, .T. ) ;
#3222 = DIRECTION ( 'NONE',  ( 1.000000000000000000, 0.000000000000000000, -0.000000000000000000 ) ) ;
#3223 = DIRECTION ( 'NONE',  ( 0.000000000000000000, -1.172110456741085828E-16, -1.000000000000000000 ) ) ;
#3224 = ORIENTED_EDGE ( 'NONE', *, *, #10913, .F. ) ;
#3225 = FACE_OUTER_BOUND ( 'NONE', #9573, .T. ) ;
#3226 = CARTESIAN_POINT ( 'NONE',  ( 3.500000000000003109, 1.149999999999999911, -0.9749999999999897637 ) ) ;
#3227 = CARTESIAN_POINT ( 'NONE',  ( -0.3250000000000000111, 0.7499999999999998890, -0.5500000000000020428 ) ) ;
#3228 = ORIENTED_EDGE ( 'NONE', *, *, #13208, .F. ) ;
#3229 = CARTESIAN_POINT ( 'NONE',  ( 1.325000000000000622, 0.2299999999999920164, -1.350000000000000533 ) ) ;
#3230 = VERTEX_POINT ( 'NONE', #75 ) ;
#3231 = FACE_OUTER_BOUND ( 'NONE', #8045, .T. ) ;
#3232 = AXIS2_PLACEMENT_3D ( 'NONE', #6800, #626, #5645 ) ;
#3233 = PLANE ( 'NONE',  #119 ) ;
#3234 = DIRECTION ( 'NONE',  ( -3.407318703740830925E-16, 0.7071067811865474617, 0.7071067811865474617 ) ) ;
#3235 = VECTOR ( 'NONE', #8546, 1000.000000000000000 ) ;
#3236 = FACE_OUTER_BOUND ( 'NONE', #11481, .T. ) ;
#3237 = EDGE_CURVE ( 'NONE', #5254, #8, #1902, .T. ) ;
#3238 = EDGE_LOOP ( 'NONE', ( #9475, #6850, #8641, #9652, #10989, #6654, #1925, #9351, #6918, #2589, #2452, #6806, #2246, #9180, #2144, #4673, #2455, #6676, #6630 ) ) ;
#3239 = FACE_OUTER_BOUND ( 'NONE', #10292, .T. ) ;
#3240 = VERTEX_POINT ( 'NONE', #10121 ) ;
#3241 = CARTESIAN_POINT ( 'NONE',  ( -2.500000000000000444, 0.2149999999999987477, 1.310000000000002052 ) ) ;
#3242 = ORIENTED_EDGE ( 'NONE', *, *, #4334, .T. ) ;
#3243 = LINE ( 'NONE', #12052, #3410 ) ;
#3244 = CARTESIAN_POINT ( 'NONE',  ( -2.500000000000000888, 0.6999999999999991784, 0.1500000000000006051 ) ) ;
#3245 = EDGE_CURVE ( 'NONE', #2479, #13196, #10680, .T. ) ;
#3246 = CARTESIAN_POINT ( 'NONE',  ( 3.000000000000000444, 0.3500000000000113021, 1.275000000000000133 ) ) ;
#3247 = EDGE_CURVE ( 'NONE', #6147, #914, #10758, .T. ) ;
#3248 = PLANE ( 'NONE',  #2650 ) ;
#3249 = ORIENTED_EDGE ( 'NONE', *, *, #3210, .F. ) ;
#3250 = CARTESIAN_POINT ( 'NONE',  ( -3.000000000000000000, 0.1500000000000054623, 0.07500000000000120459 ) ) ;
#3251 = ORIENTED_EDGE ( 'NONE', *, *, #2940, .F. ) ;
#3252 = VECTOR ( 'NONE', #6243, 1000.000000000000000 ) ;
#3253 = PLANE ( 'NONE',  #12983 ) ;
#3254 = CARTESIAN_POINT ( 'NONE',  ( 2.649999999999999467, 1.149999999999999911, -1.349999999999990985 ) ) ;
#3255 = ADVANCED_FACE ( 'NONE', ( #6189 ), #1001, .F. ) ;
#3256 = DIRECTION ( 'NONE',  ( 0.000000000000000000, 0.000000000000000000, -1.000000000000000000 ) ) ;
#3257 = EDGE_CURVE ( 'NONE', #12111, #1701, #10527, .T. ) ;
#3258 = AXIS2_PLACEMENT_3D ( 'NONE', #11974, #5597, #8773 ) ;
#3259 = CARTESIAN_POINT ( 'NONE',  ( -0.4749999999999999223, 0.8125000000000003331, -1.300000000000000044 ) ) ;
#3260 = FACE_OUTER_BOUND ( 'NONE', #6607, .T. ) ;
#3261 = VECTOR ( 'NONE', #3312, 1000.000000000000000 ) ;
#3262 = DIRECTION ( 'NONE',  ( 0.7071067811865475727, 0.000000000000000000, -0.7071067811865475727 ) ) ;
#3263 = VERTEX_POINT ( 'NONE', #6173 ) ;
#3264 = DIRECTION ( 'NONE',  ( -0.000000000000000000, -1.000000000000000000, 0.000000000000000000 ) ) ;
#3265 = FACE_OUTER_BOUND ( 'NONE', #11342, .T. ) ;
#3266 = ORIENTED_EDGE ( 'NONE', *, *, #2458, .F. ) ;
#3267 = EDGE_CURVE ( 'NONE', #9852, #584, #10700, .T. ) ;
#3268 = ORIENTED_EDGE ( 'NONE', *, *, #6135, .T. ) ;
#3269 = DIRECTION ( 'NONE',  ( 1.000000000000000000, 3.614007241618339403E-16, 0.000000000000000000 ) ) ;
#3270 = LINE ( 'NONE', #1005, #12056 ) ;
#3271 = DIRECTION ( 'NONE',  ( 1.000000000000000000, -0.000000000000000000, -0.000000000000000000 ) ) ;
#3272 = VECTOR ( 'NONE', #12681, 1000.000000000000000 ) ;
#3273 = CARTESIAN_POINT ( 'NONE',  ( 1.925000000000000044, 1.499999999999999334, -0.3499999999999994227 ) ) ;
#3274 = EDGE_CURVE ( 'NONE', #285, #10254, #1777, .T. ) ;
#3275 = PLANE ( 'NONE',  #8633 ) ;
#3276 = VERTEX_POINT ( 'NONE', #1732 ) ;
#3277 = DIRECTION ( 'NONE',  ( -0.5773502691896251759, 0.5773502691896270633, 0.5773502691896251759 ) ) ;
#3278 = EDGE_CURVE ( 'NONE', #2380, #4774, #6569, .T. ) ;
#3279 = DIRECTION ( 'NONE',  ( 0.000000000000000000, 0.000000000000000000, -1.000000000000000000 ) ) ;
#3280 = ORIENTED_EDGE ( 'NONE', *, *, #7274, .F. ) ;
#3281 = VECTOR ( 'NONE', #9531, 1000.000000000000000 ) ;
#3282 = CARTESIAN_POINT ( 'NONE',  ( -0.3250000000000000111, 0.7499999999999991118, -0.5500000000000021538 ) ) ;
#3283 = CARTESIAN_POINT ( 'NONE',  ( 1.900000000000000577, 0.2499999999999991396, 0.7500000000000005551 ) ) ;
#3284 = ADVANCED_FACE ( 'NONE', ( #1738 ), #10472, .T. ) ;
#3285 = CYLINDRICAL_SURFACE ( 'NONE', #2618, 0.03000000000000007869 ) ;
#3286 = LINE ( 'NONE', #1037, #7871 ) ;
#3287 = AXIS2_PLACEMENT_3D ( 'NONE', #10260, #11163, #9488 ) ;
#3288 =( LENGTH_UNIT ( ) NAMED_UNIT ( * ) SI_UNIT ( .MILLI., .METRE. ) );
#3289 = ADVANCED_FACE ( 'NONE', ( #10416 ), #2136, .F. ) ;
#3290 = ORIENTED_EDGE ( 'NONE', *, *, #7844, .F. ) ;
#3291 = DIRECTION ( 'NONE',  ( 0.7071067811865483499, -0.7071067811865467956, 0.000000000000000000 ) ) ;
#3292 = FACE_OUTER_BOUND ( 'NONE', #10942, .T. ) ;
#3293 = ORIENTED_EDGE ( 'NONE', *, *, #5037, .F. ) ;
#3294 = DIRECTION ( 'NONE',  ( 1.000000000000000000, 1.275531967630008943E-16, -0.000000000000000000 ) ) ;
#3295 = DIRECTION ( 'NONE',  ( -0.000000000000000000, 0.7071067811865479058, 0.7071067811865471286 ) ) ;
#3296 = ORIENTED_EDGE ( 'NONE', *, *, #7229, .T. ) ;
#3297 = VECTOR ( 'NONE', #11038, 1000.000000000000000 ) ;
#3298 = CARTESIAN_POINT ( 'NONE',  ( -0.4749999999999999223, 1.750000000000000888, -0.5500000000000017097 ) ) ;
#3299 = VECTOR ( 'NONE', #5670, 1000.000000000000000 ) ;
#3300 = LINE ( 'NONE', #184, #3457 ) ;
#3301 = ORIENTED_EDGE ( 'NONE', *, *, #5245, .F. ) ;
#3302 = PLANE ( 'NONE',  #2446 ) ;
#3303 = EDGE_CURVE ( 'NONE', #6359, #8728, #10504, .T. ) ;
#3304 = ORIENTED_EDGE ( 'NONE', *, *, #5523, .T. ) ;
#3305 = LINE ( 'NONE', #155, #7382 ) ;
#3306 = DIRECTION ( 'NONE',  ( -0.000000000000000000, 1.000000000000000000, -0.000000000000000000 ) ) ;
#3307 = LINE ( 'NONE', #7751, #3351 ) ;
#3308 = CARTESIAN_POINT ( 'NONE',  ( 3.000000000000000444, 0.6200000000000112088, 1.305000000000000160 ) ) ;
#3309 = DIRECTION ( 'NONE',  ( 1.000000000000000000, 1.275531967630008943E-16, -0.000000000000000000 ) ) ;
#3310 = DIRECTION ( 'NONE',  ( 1.000000000000000000, 0.000000000000000000, -0.000000000000000000 ) ) ;
#3311 = VERTEX_POINT ( 'NONE', #4611 ) ;
#3312 = DIRECTION ( 'NONE',  ( 1.000000000000000000, -0.000000000000000000, -0.000000000000000000 ) ) ;
#3313 = AXIS2_PLACEMENT_3D ( 'NONE', #8194, #11355, #1309 ) ;
#3314 = LINE ( 'NONE', #2830, #8356 ) ;
#3315 = VERTEX_POINT ( 'NONE', #339 ) ;
#3316 = CARTESIAN_POINT ( 'NONE',  ( 3.212500000000001243, 1.412500000000000533, -0.3000000000000006550 ) ) ;
#3317 = DIRECTION ( 'NONE',  ( 1.000000000000000000, 0.000000000000000000, 0.000000000000000000 ) ) ;
#3318 = EDGE_LOOP ( 'NONE', ( #9569, #8415, #6404, #3147 ) ) ;
#3319 = LINE ( 'NONE', #10474, #12641 ) ;
#3320 = VECTOR ( 'NONE', #5246, 1000.000000000000000 ) ;
#3321 = DIRECTION ( 'NONE',  ( -0.5773502691896236216, -0.5773502691896236216, -0.5773502691896301720 ) ) ;
#3322 = LINE ( 'NONE', #1438, #7791 ) ;
#3323 = PLANE ( 'NONE',  #2301 ) ;
#3324 = ORIENTED_EDGE ( 'NONE', *, *, #7085, .F. ) ;
#3325 = CARTESIAN_POINT ( 'NONE',  ( -3.500000000000000000, 0.08750000000000526801, 0.07500000000000117684 ) ) ;
#3326 = VERTEX_POINT ( 'NONE', #12705 ) ;
#3327 = LINE ( 'NONE', #1325, #7753 ) ;
#3328 = CARTESIAN_POINT ( 'NONE',  ( -2.075000000000000178, 0.7499999999999991118, -0.5500000000000018208 ) ) ;
#3329 = LINE ( 'NONE', #5463, #8092 ) ;
#3330 = VECTOR ( 'NONE', #2964, 1000.000000000000000 ) ;
#3331 = CARTESIAN_POINT ( 'NONE',  ( -1.275000000000000133, 1.574999999999999734, -1.300000000000000711 ) ) ;
#3332 = VERTEX_POINT ( 'NONE', #4517 ) ;
#3333 = VECTOR ( 'NONE', #10727, 1000.000000000000000 ) ;
#3334 = ORIENTED_EDGE ( 'NONE', *, *, #10307, .T. ) ;
#3335 = CARTESIAN_POINT ( 'NONE',  ( -3.000000000000000000, 1.150000000000011013, 0.3500000000000004219 ) ) ;
#3336 = ORIENTED_EDGE ( 'NONE', *, *, #2925, .T. ) ;
#3337 = VECTOR ( 'NONE', #10222, 1000.000000000000114 ) ;
#3338 = LINE ( 'NONE', #2110, #12597 ) ;
#3339 = CARTESIAN_POINT ( 'NONE',  ( 1.125000000000000222, 0.5000000000000002220, -0.3499999999999998113 ) ) ;
#3340 = VECTOR ( 'NONE', #10238, 1000.000000000000000 ) ;
#3341 = CARTESIAN_POINT ( 'NONE',  ( 1.175000000000000266, 0.5000000000000002220, -0.3499999999999998113 ) ) ;
#3342 = ORIENTED_EDGE ( 'NONE', *, *, #5978, .T. ) ;
#3343 = DIRECTION ( 'NONE',  ( -0.000000000000000000, -0.000000000000000000, 1.000000000000000000 ) ) ;
#3344 = ORIENTED_EDGE ( 'NONE', *, *, #5672, .T. ) ;
#3345 = FACE_OUTER_BOUND ( 'NONE', #10917, .T. ) ;
#3346 = CARTESIAN_POINT ( 'NONE',  ( -0.1333333333333620030, -0.06666666666665824192, -3.091666666666660124 ) ) ;
#3347 = DIRECTION ( 'NONE',  ( -3.833233541708440522E-16, 0.7071067811865474617, 0.7071067811865474617 ) ) ;
#3348 = PLANE ( 'NONE',  #5527 ) ;
#3349 = ADVANCED_FACE ( 'NONE', ( #6317 ), #249, .F. ) ;
#3350 = DIRECTION ( 'NONE',  ( 0.000000000000000000, 1.000000000000000000, 0.000000000000000000 ) ) ;
#3351 = VECTOR ( 'NONE', #9869, 1000.000000000000000 ) ;
#3352 = FACE_OUTER_BOUND ( 'NONE', #5231, .T. ) ;
#3353 = CLOSED_SHELL ( 'NONE', ( #8488, #8940, #2788, #925, #1146, #8039, #9892, #7647, #8822, #11882, #13130, #3513, #1618, #4011, #11911, #6724, #13099, #6228, #825, #10926, #7252, #7979, #6305, #12165, #282 ) ) ;
#3354 = FACE_OUTER_BOUND ( 'NONE', #12403, .T. ) ;
#3355 = ORIENTED_EDGE ( 'NONE', *, *, #6753, .T. ) ;
#3356 = VERTEX_POINT ( 'NONE', #2218 ) ;
#3357 = DIRECTION ( 'NONE',  ( 0.000000000000000000, 1.000000000000000000, 0.000000000000000000 ) ) ;
#3358 = VECTOR ( 'NONE', #7515, 1000.000000000000000 ) ;
#3359 = CARTESIAN_POINT ( 'NONE',  ( -1.125000000000000444, 1.574999999999999512, 1.349999999999999867 ) ) ;
#3360 = EDGE_CURVE ( 'NONE', #4575, #2043, #1863, .T. ) ;
#3361 = FACE_OUTER_BOUND ( 'NONE', #291, .T. ) ;
#3362 = LINE ( 'NONE', #4261, #3634 ) ;
#3363 = EDGE_LOOP ( 'NONE', ( #7049, #5085, #6610, #11536, #8624, #4506 ) ) ;
#3364 = ORIENTED_EDGE ( 'NONE', *, *, #6753, .F. ) ;
#3365 = DIRECTION ( 'NONE',  ( 7.228014483236698528E-16, -1.694065894508603636E-16, 1.000000000000000000 ) ) ;
#3366 = AXIS2_PLACEMENT_3D ( 'NONE', #1934, #9996, #10993 ) ;
#3367 = ORIENTED_EDGE ( 'NONE', *, *, #11261, .F. ) ;
#3368 = LINE ( 'NONE', #10642, #11814 ) ;
#3369 = ADVANCED_FACE ( 'NONE', ( #6146 ), #6343, .F. ) ;
#3370 = AXIS2_PLACEMENT_3D ( 'NONE', #7040, #12174, #6774 ) ;
#3371 = VECTOR ( 'NONE', #730, 1000.000000000000000 ) ;
#3372 = LINE ( 'NONE', #8018, #7660 ) ;
#3373 = ORIENTED_EDGE ( 'NONE', *, *, #12093, .T. ) ;
#3374 = DIRECTION ( 'NONE',  ( 0.000000000000000000, 0.000000000000000000, 1.000000000000000000 ) ) ;
#3375 = EDGE_CURVE ( 'NONE', #3758, #6399, #10586, .T. ) ;
#3376 = VECTOR ( 'NONE', #634, 1000.000000000000000 ) ;
#3377 = ORIENTED_EDGE ( 'NONE', *, *, #3784, .F. ) ;
#3378 = CARTESIAN_POINT ( 'NONE',  ( 0.3750000000000003331, 1.524999999999999911, 0.5500000000000003775 ) ) ;
#3379 = CARTESIAN_POINT ( 'NONE',  ( 1.125000000000000222, 1.575000000000000178, 0.4999999999999997780 ) ) ;
#3380 = ORIENTED_EDGE ( 'NONE', *, *, #1067, .T. ) ;
#3381 = AXIS2_PLACEMENT_3D ( 'NONE', #4616, #3516, #11743 ) ;
#3382 = LINE ( 'NONE', #166, #7630 ) ;
#3383 = LINE ( 'NONE', #11277, #12280 ) ;
#3384 = EDGE_CURVE ( 'NONE', #10343, #8484, #10633, .T. ) ;
#3385 = LINE ( 'NONE', #5456, #12281 ) ;
#3386 = EDGE_CURVE ( 'NONE', #1945, #6382, #10607, .T. ) ;
#3387 = EDGE_CURVE ( 'NONE', #8372, #1425, #6267, .T. ) ;
#3388 = ORIENTED_EDGE ( 'NONE', *, *, #824, .F. ) ;
#3389 = ORIENTED_EDGE ( 'NONE', *, *, #10517, .F. ) ;
#3390 = CARTESIAN_POINT ( 'NONE',  ( 3.500000000000000000, 1.750000000000000000, -1.050000000000000488 ) ) ;
#3391 = VERTEX_POINT ( 'NONE', #6592 ) ;
#3392 = VECTOR ( 'NONE', #11370, 1000.000000000000000 ) ;
#3393 = CARTESIAN_POINT ( 'NONE',  ( 1.275000000000000355, 1.149999999999999911, -1.300000000000000044 ) ) ;
#3394 = EDGE_CURVE ( 'NONE', #11669, #10340, #1939, .T. ) ;
#3395 = ADVANCED_FACE ( 'NONE', ( #1794 ), #4426, .F. ) ;
#3396 = CARTESIAN_POINT ( 'NONE',  ( -0.4750000000000005884, 1.499999999999999334, 1.275000000000000133 ) ) ;
#3397 = UNCERTAINTY_MEASURE_WITH_UNIT (LENGTH_MEASURE( 1.000000000000000082E-05 ), #10201, 'distance_accuracy_value', 'NONE');
#3398 = CIRCLE ( 'NONE', #5683, 0.03000000000000007869 ) ;
#3399 = CARTESIAN_POINT ( 'NONE',  ( 0.2750000000000005218, 0.2299999999999946254, -1.350000000000000533 ) ) ;
#3400 = CARTESIAN_POINT ( 'NONE',  ( 1.275000000000000133, 0.4499999999999999556, -0.3999999999999999667 ) ) ;
#3401 = ADVANCED_FACE ( 'NONE', ( #6292 ), #8623, .F. ) ;
#3402 = ORIENTED_EDGE ( 'NONE', *, *, #7164, .T. ) ;
#3403 = DIRECTION ( 'NONE',  ( -4.818676322157797375E-16, 1.000000000000000000, 0.000000000000000000 ) ) ;
#3404 = VECTOR ( 'NONE', #573, 1000.000000000000000 ) ;
#3405 = ORIENTED_EDGE ( 'NONE', *, *, #12211, .T. ) ;
#3406 = CARTESIAN_POINT ( 'NONE',  ( -2.075000000000000178, 0.000000000000000000, -1.300000000000000044 ) ) ;
#3407 = AXIS2_PLACEMENT_3D ( 'NONE', #13178, #773, #6955 ) ;
#3408 = DIRECTION ( 'NONE',  ( 0.000000000000000000, 0.000000000000000000, 1.000000000000000000 ) ) ;
#3409 = ORIENTED_EDGE ( 'NONE', *, *, #13214, .T. ) ;
#3410 = VECTOR ( 'NONE', #7005, 1000.000000000000000 ) ;
#3411 = LINE ( 'NONE', #3554, #7744 ) ;
#3412 = CARTESIAN_POINT ( 'NONE',  ( -0.4749999999999999223, 0.000000000000000000, -1.300000000000000044 ) ) ;
#3413 = LINE ( 'NONE', #2324, #3658 ) ;
#3414 = DIRECTION ( 'NONE',  ( 0.000000000000000000, 0.000000000000000000, -1.000000000000000000 ) ) ;
#3415 = EDGE_CURVE ( 'NONE', #5478, #4249, #10739, .T. ) ;
#3416 = ORIENTED_EDGE ( 'NONE', *, *, #10162, .T. ) ;
#3417 = ORIENTED_EDGE ( 'NONE', *, *, #4585, .T. ) ;
#3418 = CARTESIAN_POINT ( 'NONE',  ( -0.4749999999999999223, 1.150000000000000133, -1.229999999999999760 ) ) ;
#3419 = EDGE_CURVE ( 'NONE', #481, #1527, #10436, .T. ) ;
#3420 = VERTEX_POINT ( 'NONE', #164 ) ;
#3421 = VECTOR ( 'NONE', #6668, 1000.000000000000000 ) ;
#3422 = CARTESIAN_POINT ( 'NONE',  ( 1.212500000000000577, 1.149999999999999911, 0.3874999999999995670 ) ) ;
#3423 = EDGE_CURVE ( 'NONE', #2011, #1087, #10781, .T. ) ;
#3424 = FACE_OUTER_BOUND ( 'NONE', #9424, .T. ) ;
#3425 = SURFACE_STYLE_FILL_AREA ( #3666 ) ;
#3426 = EDGE_CURVE ( 'NONE', #1255, #10666, #10968, .T. ) ;
#3427 = DIRECTION ( 'NONE',  ( 1.000000000000000000, 0.000000000000000000, -0.000000000000000000 ) ) ;
#3428 = EDGE_CURVE ( 'NONE', #1817, #13050, #1628, .T. ) ;
#3429 = ORIENTED_EDGE ( 'NONE', *, *, #8130, .F. ) ;
#3430 = VECTOR ( 'NONE', #11190, 1000.000000000000114 ) ;
#3431 = ORIENTED_EDGE ( 'NONE', *, *, #2158, .F. ) ;
#3432 = ORIENTED_EDGE ( 'NONE', *, *, #1559, .F. ) ;
#3433 = FACE_OUTER_BOUND ( 'NONE', #5394, .T. ) ;
#3434 = DIRECTION ( 'NONE',  ( 1.000000000000000000, -0.000000000000000000, -0.000000000000000000 ) ) ;
#3435 = CIRCLE ( 'NONE', #5662, 0.2236160714285718720 ) ;
#3436 = AXIS2_PLACEMENT_3D ( 'NONE', #12217, #6896, #9764 ) ;
#3437 = ORIENTED_EDGE ( 'NONE', *, *, #6572, .F. ) ;
#3438 = EDGE_LOOP ( 'NONE', ( #7759, #11122, #6770, #8593 ) ) ;
#3439 = DIRECTION ( 'NONE',  ( -0.000000000000000000, -1.000000000000000000, -1.694065894508603636E-16 ) ) ;
#3440 = ORIENTED_EDGE ( 'NONE', *, *, #8060, .T. ) ;
#3441 = LINE ( 'NONE', #5682, #3421 ) ;
#3442 = EDGE_CURVE ( 'NONE', #8226, #11479, #10655, .T. ) ;
#3443 = CARTESIAN_POINT ( 'NONE',  ( 1.125000000000000222, 1.312500000000000222, -1.300000000000000044 ) ) ;
#3444 = CARTESIAN_POINT ( 'NONE',  ( -0.3250000000000000111, 1.750000000000000888, -0.5500000000000018208 ) ) ;
#3445 = CIRCLE ( 'NONE', #8049, 0.1000000000000000472 ) ;
#3446 = FACE_OUTER_BOUND ( 'NONE', #1165, .T. ) ;
#3447 = ORIENTED_EDGE ( 'NONE', *, *, #745, .F. ) ;
#3448 = EDGE_CURVE ( 'NONE', #4774, #12600, #2147, .T. ) ;
#3449 = FACE_OUTER_BOUND ( 'NONE', #6546, .T. ) ;
#3450 = EDGE_CURVE ( 'NONE', #8798, #12013, #5975, .T. ) ;
#3451 = ORIENTED_EDGE ( 'NONE', *, *, #569, .F. ) ;
#3452 = ORIENTED_EDGE ( 'NONE', *, *, #1104, .T. ) ;
#3453 = CARTESIAN_POINT ( 'NONE',  ( 0.3250000000000001776, 0.2000000000000000111, -0.9499999999999999556 ) ) ;
#3454 = LINE ( 'NONE', #9197, #3337 ) ;
#3455 = DIRECTION ( 'NONE',  ( 0.000000000000000000, -0.000000000000000000, -1.000000000000000000 ) ) ;
#3456 = FACE_OUTER_BOUND ( 'NONE', #4770, .T. ) ;
#3457 = VECTOR ( 'NONE', #6269, 1000.000000000000000 ) ;
#3458 = CARTESIAN_POINT ( 'NONE',  ( -2.074999999999999734, 0.7499999999999991118, -1.350000000000000533 ) ) ;
#3459 = CARTESIAN_POINT ( 'NONE',  ( 2.124999999999999556, 1.474999999999999867, -1.349999999999997424 ) ) ;
#3460 = ORIENTED_EDGE ( 'NONE', *, *, #5381, .F. ) ;
#3461 = DIRECTION ( 'NONE',  ( -4.818676322157797375E-16, 1.000000000000000000, 0.000000000000000000 ) ) ;
#3462 = ORIENTED_EDGE ( 'NONE', *, *, #1223, .T. ) ;
#3463 = CARTESIAN_POINT ( 'NONE',  ( 3.500000000000003109, 1.149999999999999911, -0.9749999999999897637 ) ) ;
#3464 = AXIS2_PLACEMENT_3D ( 'NONE', #8983, #11166, #2851 ) ;
#3465 = CARTESIAN_POINT ( 'NONE',  ( -1.266666666666666829, 1.133333333333333526, 0.5083333333333335258 ) ) ;
#3466 = ORIENTED_EDGE ( 'NONE', *, *, #8205, .F. ) ;
#3467 = FACE_OUTER_BOUND ( 'NONE', #1317, .T. ) ;
#3468 =( NAMED_UNIT ( * ) PLANE_ANGLE_UNIT ( ) SI_UNIT ( $, .RADIAN. ) );
#3469 = CARTESIAN_POINT ( 'NONE',  ( 3.199999999999999734, 0.3500000000000021982, 0.9499999999999959588 ) ) ;
#3470 = CARTESIAN_POINT ( 'NONE',  ( 3.500000000000000000, 1.149999999999999911, -0.4500000000000006217 ) ) ;
#3471 = VECTOR ( 'NONE', #2810, 1000.000000000000000 ) ;
#3472 = FACE_OUTER_BOUND ( 'NONE', #3438, .T. ) ;
#3473 = CARTESIAN_POINT ( 'NONE',  ( -3.225000000000000533, 1.750000000000000000, -0.3000000000000006550 ) ) ;
#3474 = ORIENTED_EDGE ( 'NONE', *, *, #11234, .T. ) ;
#3475 = DIRECTION ( 'NONE',  ( 1.000000000000000000, 0.000000000000000000, -0.000000000000000000 ) ) ;
#3476 = LINE ( 'NONE', #5678, #12509 ) ;
#3477 = EDGE_LOOP ( 'NONE', ( #4321, #2206, #5917, #4771 ) ) ;
#3478 = DIRECTION ( 'NONE',  ( 7.228014483236698528E-16, -1.694065894508603636E-16, 1.000000000000000000 ) ) ;
#3479 = ORIENTED_EDGE ( 'NONE', *, *, #408, .F. ) ;
#3480 = LINE ( 'NONE', #6514, #3358 ) ;
#3481 = DIRECTION ( 'NONE',  ( 0.000000000000000000, -1.000000000000000000, 0.000000000000000000 ) ) ;
#3482 = LINE ( 'NONE', #7920, #12301 ) ;
#3483 = LINE ( 'NONE', #2267, #12491 ) ;
#3484 = EDGE_CURVE ( 'NONE', #5685, #5730, #6046, .T. ) ;
#3485 = ORIENTED_EDGE ( 'NONE', *, *, #3484, .T. ) ;
#3486 = VERTEX_POINT ( 'NONE', #3999 ) ;
#3487 = CARTESIAN_POINT ( 'NONE',  ( 2.500000000000000888, 1.299999999999999378, 1.275000000000000133 ) ) ;
#3488 = ORIENTED_EDGE ( 'NONE', *, *, #9085, .T. ) ;
#3489 = CYLINDRICAL_SURFACE ( 'NONE', #6331, 0.09999999999999993616 ) ;
#3490 = DIRECTION ( 'NONE',  ( 1.000000000000000000, -0.000000000000000000, -0.000000000000000000 ) ) ;
#3491 = ADVANCED_FACE ( 'NONE', ( #2207 ), #1840, .F. ) ;
#3492 = PLANE ( 'NONE',  #2669 ) ;
#3493 = VECTOR ( 'NONE', #7850, 1000.000000000000000 ) ;
#3494 = DIRECTION ( 'NONE',  ( -1.000000000000000000, 0.000000000000000000, 0.000000000000000000 ) ) ;
#3495 = LINE ( 'NONE', #3458, #12418 ) ;
#3496 = CARTESIAN_POINT ( 'NONE',  ( 1.224999999999999867, 1.175000000000000488, 0.5500000000000004885 ) ) ;
#3497 = DIRECTION ( 'NONE',  ( 0.000000000000000000, 1.000000000000000000, -0.000000000000000000 ) ) ;
#3498 = ORIENTED_EDGE ( 'NONE', *, *, #10349, .F. ) ;
#3499 = CARTESIAN_POINT ( 'NONE',  ( 3.200000000000000178, 0.7250000000000111910, 1.305000000000000160 ) ) ;
#3500 = LINE ( 'NONE', #11979, #7711 ) ;
#3501 = ORIENTED_EDGE ( 'NONE', *, *, #7229, .F. ) ;
#3502 = CARTESIAN_POINT ( 'NONE',  ( 1.875000000000000444, 0.2799999999999950862, -1.350000000000000533 ) ) ;
#3503 = ORIENTED_EDGE ( 'NONE', *, *, #2793, .F. ) ;
#3504 = LINE ( 'NONE', #4758, #12254 ) ;
#3505 = LINE ( 'NONE', #11183, #3657 ) ;
#3506 = CARTESIAN_POINT ( 'NONE',  ( -3.200000000000000178, 0.6950000000000112754, 1.304999999999999938 ) ) ;
#3507 = VECTOR ( 'NONE', #3162, 1000.000000000000114 ) ;
#3508 = DIRECTION ( 'NONE',  ( -0.7071067811865475727, 0.000000000000000000, 0.7071067811865475727 ) ) ;
#3509 = EDGE_LOOP ( 'NONE', ( #4414, #4289, #12142, #11632 ) ) ;
#3510 = DIRECTION ( 'NONE',  ( 1.000000000000000000, 0.000000000000000000, -0.000000000000000000 ) ) ;
#3511 = EDGE_LOOP ( 'NONE', ( #11459, #7794, #4500, #6073, #25, #7015, #12772, #12816, #8526, #6876 ) ) ;
#3512 = PLANE ( 'NONE',  #2529 ) ;
#3513 = ADVANCED_FACE ( 'NONE', ( #2384 ), #5865, .F. ) ;
#3514 = EDGE_LOOP ( 'NONE', ( #4136, #7957, #12982, #5038 ) ) ;
#3515 = LINE ( 'NONE', #10239, #7841 ) ;
#3516 = DIRECTION ( 'NONE',  ( 0.000000000000000000, -1.000000000000000000, 0.000000000000000000 ) ) ;
#3517 = ADVANCED_FACE ( 'NONE', ( #2230 ), #9055, .F. ) ;
#3518 = LINE ( 'NONE', #613, #12387 ) ;
#3519 = VECTOR ( 'NONE', #403, 1000.000000000000000 ) ;
#3520 = DIRECTION ( 'NONE',  ( 0.000000000000000000, 0.000000000000000000, 1.000000000000000000 ) ) ;
#3521 = DIRECTION ( 'NONE',  ( 0.000000000000000000, -1.000000000000000000, 0.000000000000000000 ) ) ;
#3522 = ADVANCED_FACE ( 'NONE', ( #11223 ), #10817, .F. ) ;
#3523 = VERTEX_POINT ( 'NONE', #6943 ) ;
#3524 = LINE ( 'NONE', #7506, #8046 ) ;
#3525 = ORIENTED_EDGE ( 'NONE', *, *, #1556, .F. ) ;
#3526 = DIRECTION ( 'NONE',  ( 0.000000000000000000, 0.000000000000000000, 1.000000000000000000 ) ) ;
#3527 = EDGE_LOOP ( 'NONE', ( #10616, #5729, #9648, #5611 ) ) ;
#3528 = LINE ( 'NONE', #9286, #7981 ) ;
#3529 = FACE_OUTER_BOUND ( 'NONE', #4195, .T. ) ;
#3530 = DIRECTION ( 'NONE',  ( 0.000000000000000000, 0.000000000000000000, -1.000000000000000000 ) ) ;
#3531 = VECTOR ( 'NONE', #10491, 1000.000000000000000 ) ;
#3532 = EDGE_LOOP ( 'NONE', ( #7246, #10612, #4118, #2834 ) ) ;
#3533 = EDGE_LOOP ( 'NONE', ( #2365, #11586, #1961, #10903 ) ) ;
#3534 = CARTESIAN_POINT ( 'NONE',  ( 3.200000000000000178, 0.7250000000000111910, 1.350000000000000533 ) ) ;
#3535 = EDGE_LOOP ( 'NONE', ( #10746, #10882, #10852, #1927 ) ) ;
#3536 = VECTOR ( 'NONE', #8785, 1000.000000000000000 ) ;
#3537 = CARTESIAN_POINT ( 'NONE',  ( 3.500000000000000000, 0.05000000000000495715, -0.5500000000000018208 ) ) ;
#3538 = PLANE ( 'NONE',  #6739 ) ;
#3539 = DIRECTION ( 'NONE',  ( 0.000000000000000000, 0.000000000000000000, -1.000000000000000000 ) ) ;
#3540 = EDGE_CURVE ( 'NONE', #10225, #9858, #2190, .T. ) ;
#3541 = DIRECTION ( 'NONE',  ( -1.000000000000000000, 0.000000000000000000, 0.000000000000000000 ) ) ;
#3542 = VECTOR ( 'NONE', #10743, 1000.000000000000000 ) ;
#3543 = VECTOR ( 'NONE', #1803, 1000.000000000000000 ) ;
#3544 = PLANE ( 'NONE',  #5820 ) ;
#3545 = EDGE_CURVE ( 'NONE', #354, #10656, #11341, .T. ) ;
#3546 = EDGE_LOOP ( 'NONE', ( #4754, #9213, #234, #9158 ) ) ;
#3547 = FACE_OUTER_BOUND ( 'NONE', #8337, .T. ) ;
#3548 = DIRECTION ( 'NONE',  ( -1.000000000000000000, -0.000000000000000000, -1.445602896647338917E-15 ) ) ;
#3549 = ORIENTED_EDGE ( 'NONE', *, *, #5548, .F. ) ;
#3550 = AXIS2_PLACEMENT_3D ( 'NONE', #1763, #8880, #9901 ) ;
#3551 = DIRECTION ( 'NONE',  ( 1.000000000000000000, 0.000000000000000000, -0.000000000000000000 ) ) ;
#3552 = ORIENTED_EDGE ( 'NONE', *, *, #7915, .F. ) ;
#3553 = CARTESIAN_POINT ( 'NONE',  ( -0.4749999999999999223, 1.150000000000000133, -1.453616071428571743 ) ) ;
#3554 = CARTESIAN_POINT ( 'NONE',  ( 2.950000000000000622, 1.675000000000001377, -1.050000000000000488 ) ) ;
#3555 = LINE ( 'NONE', #11860, #8171 ) ;
#3556 = VECTOR ( 'NONE', #352, 1000.000000000000000 ) ;
#3557 = DIRECTION ( 'NONE',  ( 0.000000000000000000, -0.000000000000000000, 1.000000000000000000 ) ) ;
#3558 = VERTEX_POINT ( 'NONE', #11828 ) ;
#3559 = AXIS2_PLACEMENT_3D ( 'NONE', #9204, #3685, #13157 ) ;
#3560 = DIRECTION ( 'NONE',  ( 0.000000000000000000, 1.000000000000000000, 0.000000000000000000 ) ) ;
#3561 = ORIENTED_EDGE ( 'NONE', *, *, #12422, .F. ) ;
#3562 = DIRECTION ( 'NONE',  ( -1.445602896647339508E-15, -1.000000000000000000, 0.000000000000000000 ) ) ;
#3563 = CARTESIAN_POINT ( 'NONE',  ( 2.740000000000000213, 1.299999999999999378, 0.1500000000000006051 ) ) ;
#3564 = ORIENTED_EDGE ( 'NONE', *, *, #9389, .T. ) ;
#3565 = LINE ( 'NONE', #3697, #7988 ) ;
#3566 = FILL_AREA_STYLE ('',( #2444 ) ) ;
#3567 = EDGE_CURVE ( 'NONE', #8029, #6303, #11454, .T. ) ;
#3568 = CARTESIAN_POINT ( 'NONE',  ( -2.949999999999999734, 1.750000000000000000, 1.350000000000000533 ) ) ;
#3569 = DIRECTION ( 'NONE',  ( 0.000000000000000000, 8.673617379884030542E-16, -1.000000000000000000 ) ) ;
#3570 = VECTOR ( 'NONE', #10873, 1000.000000000000000 ) ;
#3571 = LINE ( 'NONE', #9103, #12293 ) ;
#3572 = CARTESIAN_POINT ( 'NONE',  ( -1.275000000000000133, 0.9750000000000004219, -1.453616071428571521 ) ) ;
#3573 = EDGE_CURVE ( 'NONE', #11271, #5466, #2614, .T. ) ;
#3574 = EDGE_CURVE ( 'NONE', #10380, #1271, #7051, .T. ) ;
#3575 = ORIENTED_EDGE ( 'NONE', *, *, #6733, .F. ) ;
#3576 = DIRECTION ( 'NONE',  ( 0.000000000000000000, -1.000000000000000000, 0.000000000000000000 ) ) ;
#3577 = LINE ( 'NONE', #1890, #7996 ) ;
#3578 = ORIENTED_EDGE ( 'NONE', *, *, #7239, .T. ) ;
#3579 = CARTESIAN_POINT ( 'NONE',  ( -0.4749999999999999223, 0.9750000000000004219, -1.229999999999999760 ) ) ;
#3580 = DIRECTION ( 'NONE',  ( 0.000000000000000000, -0.000000000000000000, -1.000000000000000000 ) ) ;
#3581 = VERTEX_POINT ( 'NONE', #9897 ) ;
#3582 = CARTESIAN_POINT ( 'NONE',  ( -0.3250000000000000111, 0.000000000000000000, -1.300000000000000044 ) ) ;
#3583 = VECTOR ( 'NONE', #6322, 1000.000000000000000 ) ;
#3584 = EDGE_CURVE ( 'NONE', #6587, #586, #11116, .T. ) ;
#3585 = VECTOR ( 'NONE', #6554, 1000.000000000000000 ) ;
#3586 = EDGE_CURVE ( 'NONE', #9030, #3845, #2273, .T. ) ;
#3587 = ORIENTED_EDGE ( 'NONE', *, *, #1674, .T. ) ;
#3588 = VERTEX_POINT ( 'NONE', #1669 ) ;
#3589 = CARTESIAN_POINT ( 'NONE',  ( 0.3416666666666667851, 0.6166666666666658081, -0.2666666666666664964 ) ) ;
#3590 = EDGE_LOOP ( 'NONE', ( #8855, #3205, #5643, #9701 ) ) ;
#3591 = VECTOR ( 'NONE', #1269, 1000.000000000000114 ) ;
#3592 = CARTESIAN_POINT ( 'NONE',  ( 2.075000000000000178, 1.149999999999999911, -0.9749999999999918732 ) ) ;
#3593 = AXIS2_PLACEMENT_3D ( 'NONE', #4965, #8081, #1031 ) ;
#3594 = DIRECTION ( 'NONE',  ( -1.000000000000000000, 1.275531967630008943E-16, 0.000000000000000000 ) ) ;
#3595 = VECTOR ( 'NONE', #442, 1000.000000000000000 ) ;
#3596 = DIRECTION ( 'NONE',  ( 5.421010862427530059E-16, 1.694065894508603143E-16, -1.000000000000000000 ) ) ;
#3597 = VECTOR ( 'NONE', #11554, 1000.000000000000000 ) ;
#3598 = DIRECTION ( 'NONE',  ( 0.000000000000000000, 0.000000000000000000, -1.000000000000000000 ) ) ;
#3599 = DIRECTION ( 'NONE',  ( -0.000000000000000000, 0.7071067811865485719, -0.7071067811865465735 ) ) ;
#3600 = ORIENTED_EDGE ( 'NONE', *, *, #8549, .F. ) ;
#3601 = DIRECTION ( 'NONE',  ( 0.000000000000000000, -1.000000000000000000, 0.000000000000000000 ) ) ;
#3602 = VECTOR ( 'NONE', #3130, 1000.000000000000000 ) ;
#3603 = ORIENTED_EDGE ( 'NONE', *, *, #9500, .F. ) ;
#3604 = EDGE_CURVE ( 'NONE', #10315, #9162, #2480, .T. ) ;
#3605 = CARTESIAN_POINT ( 'NONE',  ( -3.200000000000000178, 0.1250000000000051903, 0.3500000000000004774 ) ) ;
#3606 = CARTESIAN_POINT ( 'NONE',  ( 1.125000000000000222, 0.7499999999999998890, -0.5500000000000020428 ) ) ;
#3607 = ORIENTED_EDGE ( 'NONE', *, *, #2599, .T. ) ;
#3608 = VECTOR ( 'NONE', #5080, 1000.000000000000000 ) ;
#3609 = LINE ( 'NONE', #9696, #12470 ) ;
#3610 = VECTOR ( 'NONE', #640, 1000.000000000000000 ) ;
#3611 = ORIENTED_EDGE ( 'NONE', *, *, #10756, .F. ) ;
#3612 = EDGE_CURVE ( 'NONE', #10548, #2256, #2343, .T. ) ;
#3613 = DIRECTION ( 'NONE',  ( 0.7071067811865430208, 0.000000000000000000, -0.7071067811865521247 ) ) ;
#3614 = ORIENTED_EDGE ( 'NONE', *, *, #4905, .F. ) ;
#3615 = EDGE_CURVE ( 'NONE', #6652, #4741, #6695, .T. ) ;
#3616 = AXIS2_PLACEMENT_3D ( 'NONE', #410, #1410, #1494 ) ;
#3617 = ORIENTED_EDGE ( 'NONE', *, *, #12710, .F. ) ;
#3618 = FACE_OUTER_BOUND ( 'NONE', #9527, .T. ) ;
#3619 = ADVANCED_FACE ( 'NONE', ( #6827 ), #5690, .F. ) ;
#3620 = LINE ( 'NONE', #4966, #8042 ) ;
#3621 = EDGE_CURVE ( 'NONE', #7316, #5787, #6968, .T. ) ;
#3622 = VECTOR ( 'NONE', #3403, 1000.000000000000000 ) ;
#3623 = AXIS2_PLACEMENT_3D ( 'NONE', #9126, #12143, #8713 ) ;
#3624 = PLANE ( 'NONE',  #1883 ) ;
#3625 = DIRECTION ( 'NONE',  ( -1.000000000000000000, -0.000000000000000000, 0.000000000000000000 ) ) ;
#3626 = VERTEX_POINT ( 'NONE', #6113 ) ;
#3627 = VECTOR ( 'NONE', #12122, 1000.000000000000000 ) ;
#3628 = EDGE_LOOP ( 'NONE', ( #365, #8715, #4800, #9285 ) ) ;
#3629 = ORIENTED_EDGE ( 'NONE', *, *, #8897, .T. ) ;
#3630 = AXIS2_PLACEMENT_3D ( 'NONE', #6275, #9395, #10411 ) ;
#3631 = VECTOR ( 'NONE', #4413, 1000.000000000000000 ) ;
#3632 = LINE ( 'NONE', #12590, #8078 ) ;
#3633 = DIRECTION ( 'NONE',  ( 0.000000000000000000, 0.7071067811865463515, -0.7071067811865487940 ) ) ;
#3634 = VECTOR ( 'NONE', #7284, 1000.000000000000000 ) ;
#3635 = VERTEX_POINT ( 'NONE', #11146 ) ;
#3636 = VECTOR ( 'NONE', #11550, 1000.000000000000000 ) ;
#3637 = ORIENTED_EDGE ( 'NONE', *, *, #12007, .F. ) ;
#3638 = CARTESIAN_POINT ( 'NONE',  ( 0.000000000000000000, 1.149999999999999911, 0.000000000000000000 ) ) ;
#3639 = EDGE_CURVE ( 'NONE', #10312, #209, #6807, .T. ) ;
#3640 = EDGE_LOOP ( 'NONE', ( #2953, #7568, #3266, #7830, #7717, #7699, #12080, #12053, #12870, #11904, #7191, #2987, #8169, #3917, #12913 ) ) ;
#3641 = PLANE ( 'NONE',  #9995 ) ;
#3642 = DIRECTION ( 'NONE',  ( 1.000000000000000000, 1.275531967630008943E-16, -0.000000000000000000 ) ) ;
#3643 = ADVANCED_FACE ( 'NONE', ( #11090 ), #9143, .F. ) ;
#3644 = CARTESIAN_POINT ( 'NONE',  ( 0.3250000000000001776, 0.7499999999999998890, -0.5500000000000020428 ) ) ;
#3645 = VECTOR ( 'NONE', #4712, 1000.000000000000000 ) ;
#3646 = LINE ( 'NONE', #7555, #12314 ) ;
#3647 = DIRECTION ( 'NONE',  ( 4.818676322157797375E-16, -1.000000000000000000, 0.000000000000000000 ) ) ;
#3648 = ADVANCED_FACE ( 'NONE', ( #11274 ), #11325, .F. ) ;
#3649 = ORIENTED_EDGE ( 'NONE', *, *, #11208, .F. ) ;
#3650 = AXIS2_PLACEMENT_3D ( 'NONE', #414, #5616, #9452 ) ;
#3651 = LINE ( 'NONE', #2051, #12318 ) ;
#3652 = CARTESIAN_POINT ( 'NONE',  ( 0.3250000000000001776, 0.7499999999999998890, -0.5500000000000020428 ) ) ;
#3653 = ORIENTED_EDGE ( 'NONE', *, *, #2890, .F. ) ;
#3654 = ORIENTED_EDGE ( 'NONE', *, *, #1979, .F. ) ;
#3655 = DIRECTION ( 'NONE',  ( -0.000000000000000000, -1.000000000000000000, -1.694065894508603636E-16 ) ) ;
#3656 = LINE ( 'NONE', #3038, #4166 ) ;
#3657 = VECTOR ( 'NONE', #12206, 1000.000000000000000 ) ;
#3658 = VECTOR ( 'NONE', #6439, 1000.000000000000000 ) ;
#3659 = CARTESIAN_POINT ( 'NONE',  ( -1.275000000000000133, 1.125000000000000222, 0.4999999999999996669 ) ) ;
#3660 = VERTEX_POINT ( 'NONE', #5199 ) ;
#3661 = VECTOR ( 'NONE', #2482, 1000.000000000000000 ) ;
#3662 = ORIENTED_EDGE ( 'NONE', *, *, #3209, .T. ) ;
#3663 = EDGE_CURVE ( 'NONE', #6716, #2070, #11034, .T. ) ;
#3664 = CARTESIAN_POINT ( 'NONE',  ( -1.275000000000000133, 1.574999999999999956, -1.300000000000000044 ) ) ;
#3665 = VERTEX_POINT ( 'NONE', #2333 ) ;
#3666 = FILL_AREA_STYLE ('',( #1075 ) ) ;
#3667 = DIRECTION ( 'NONE',  ( 0.000000000000000000, 0.000000000000000000, 1.000000000000000000 ) ) ;
#3668 = DIRECTION ( 'NONE',  ( 0.000000000000000000, -1.000000000000000000, 1.172110456741085828E-16 ) ) ;
#3669 = LINE ( 'NONE', #9019, #7822 ) ;
#3670 = CARTESIAN_POINT ( 'NONE',  ( -3.000000000000000444, 1.150000000000011013, 1.350000000000000533 ) ) ;
#3671 = EDGE_CURVE ( 'NONE', #10548, #1555, #2295, .T. ) ;
#3672 = ORIENTED_EDGE ( 'NONE', *, *, #1743, .F. ) ;
#3673 = VECTOR ( 'NONE', #5907, 1000.000000000000000 ) ;
#3674 = ORIENTED_EDGE ( 'NONE', *, *, #8616, .T. ) ;
#3675 = CARTESIAN_POINT ( 'NONE',  ( -0.4666666666666666741, 1.133333333333333526, 0.5083333333333335258 ) ) ;
#3676 = DIRECTION ( 'NONE',  ( 1.000000000000000000, 0.000000000000000000, -0.000000000000000000 ) ) ;
#3677 = VERTEX_POINT ( 'NONE', #11230 ) ;
#3678 = LINE ( 'NONE', #2440, #12664 ) ;
#3679 = CARTESIAN_POINT ( 'NONE',  ( -1.924999999999999600, 0.4499999999999992339, -1.350000000000000533 ) ) ;
#3680 = VECTOR ( 'NONE', #2469, 1000.000000000000000 ) ;
#3681 = LINE ( 'NONE', #5482, #7834 ) ;
#3682 = ORIENTED_EDGE ( 'NONE', *, *, #11895, .T. ) ;
#3683 = VECTOR ( 'NONE', #7505, 1000.000000000000000 ) ;
#3684 = ORIENTED_EDGE ( 'NONE', *, *, #12945, .F. ) ;
#3685 = DIRECTION ( 'NONE',  ( 1.000000000000000000, -0.000000000000000000, -0.000000000000000000 ) ) ;
#3686 = ORIENTED_EDGE ( 'NONE', *, *, #6182, .T. ) ;
#3687 = LINE ( 'NONE', #13087, #7969 ) ;
#3688 = DIRECTION ( 'NONE',  ( 0.000000000000000000, 1.000000000000000000, 0.000000000000000000 ) ) ;
#3689 = LINE ( 'NONE', #12973, #3471 ) ;
#3690 = DIRECTION ( 'NONE',  ( 0.000000000000000000, 1.000000000000000000, -2.409338161078897701E-16 ) ) ;
#3691 = LINE ( 'NONE', #11990, #7733 ) ;
#3692 = DIRECTION ( 'NONE',  ( -0.5773502691896251759, 0.5773502691896270633, 0.5773502691896251759 ) ) ;
#3693 = ORIENTED_EDGE ( 'NONE', *, *, #2003, .F. ) ;
#3694 = DIRECTION ( 'NONE',  ( 1.000000000000000000, 1.275531967630008943E-16, -0.000000000000000000 ) ) ;
#3695 = LINE ( 'NONE', #13221, #7739 ) ;
#3696 = ORIENTED_EDGE ( 'NONE', *, *, #7433, .F. ) ;
#3697 = CARTESIAN_POINT ( 'NONE',  ( 0.5583333333333339032, 0.6833333333333344584, -0.1666666666666662688 ) ) ;
#3698 = DIRECTION ( 'NONE',  ( 1.000000000000000000, 1.275531967630008943E-16, -0.000000000000000000 ) ) ;
#3699 = ORIENTED_EDGE ( 'NONE', *, *, #1850, .T. ) ;
#3700 = LINE ( 'NONE', #8662, #12489 ) ;
#3701 = LINE ( 'NONE', #4400, #3272 ) ;
#3702 = CARTESIAN_POINT ( 'NONE',  ( -0.4749999999999999223, 1.124999999999999778, -1.350000000000000533 ) ) ;
#3703 = LINE ( 'NONE', #10525, #8129 ) ;
#3704 = DIRECTION ( 'NONE',  ( 1.000000000000000000, -0.000000000000000000, -0.000000000000000000 ) ) ;
#3705 = ORIENTED_EDGE ( 'NONE', *, *, #1868, .F. ) ;
#3706 = LINE ( 'NONE', #494, #8177 ) ;
#3707 = VERTEX_POINT ( 'NONE', #7122 ) ;
#3708 = VECTOR ( 'NONE', #6272, 1000.000000000000000 ) ;
#3709 = FACE_OUTER_BOUND ( 'NONE', #11077, .T. ) ;
#3710 = VECTOR ( 'NONE', #5000, 1000.000000000000000 ) ;
#3711 = PLANE ( 'NONE',  #922 ) ;
#3712 = VERTEX_POINT ( 'NONE', #6199 ) ;
#3713 = CARTESIAN_POINT ( 'NONE',  ( 3.500000000000000000, 0.2299999999999946254, -1.350000000000000533 ) ) ;
#3714 = VECTOR ( 'NONE', #3855, 1000.000000000000000 ) ;
#3715 = ORIENTED_EDGE ( 'NONE', *, *, #12756, .T. ) ;
#3716 = DIRECTION ( 'NONE',  ( 0.000000000000000000, 0.000000000000000000, -1.000000000000000000 ) ) ;
#3717 = PLANE ( 'NONE',  #1114 ) ;
#3718 = ORIENTED_EDGE ( 'NONE', *, *, #6316, .T. ) ;
#3719 = AXIS2_PLACEMENT_3D ( 'NONE', #6104, #2154, #8153 ) ;
#3720 = VECTOR ( 'NONE', #4341, 1000.000000000000000 ) ;
#3721 = VECTOR ( 'NONE', #3944, 1000.000000000000000 ) ;
#3722 = CARTESIAN_POINT ( 'NONE',  ( 0.3250000000000001776, 1.150000000000000133, -0.3999999999999999667 ) ) ;
#3723 = EDGE_CURVE ( 'NONE', #3263, #8765, #6714, .T. ) ;
#3724 = VECTOR ( 'NONE', #378, 1000.000000000000000 ) ;
#3725 = EDGE_CURVE ( 'NONE', #1132, #5811, #6634, .T. ) ;
#3726 = VERTEX_POINT ( 'NONE', #3168 ) ;
#3727 = AXIS2_PLACEMENT_3D ( 'NONE', #8002, #1476, #3580 ) ;
#3728 = DIRECTION ( 'NONE',  ( -1.000000000000000000, 0.000000000000000000, 0.000000000000000000 ) ) ;
#3729 = ORIENTED_EDGE ( 'NONE', *, *, #5074, .T. ) ;
#3730 = EDGE_CURVE ( 'NONE', #3847, #5476, #2430, .T. ) ;
#3731 = ADVANCED_FACE ( 'NONE', ( #2250 ), #10412, .F. ) ;
#3732 = CARTESIAN_POINT ( 'NONE',  ( -3.000000000000000000, 0.3500000000000024203, 0.2749999999999982458 ) ) ;
#3733 = CARTESIAN_POINT ( 'NONE',  ( 0.4750000000000012546, 6.866613759074882780E-16, -0.3499999999999994227 ) ) ;
#3734 = FACE_OUTER_BOUND ( 'NONE', #3851, .T. ) ;
#3735 = LINE ( 'NONE', #2299, #3261 ) ;
#3736 = DIRECTION ( 'NONE',  ( 0.000000000000000000, -1.000000000000000000, 0.000000000000000000 ) ) ;
#3737 = EDGE_CURVE ( 'NONE', #5813, #5283, #2590, .T. ) ;
#3738 = VERTEX_POINT ( 'NONE', #7371 ) ;
#3739 = LINE ( 'NONE', #1967, #3673 ) ;
#3740 = DIRECTION ( 'NONE',  ( 1.000000000000000000, 0.000000000000000000, 1.445602896647338917E-15 ) ) ;
#3741 = ORIENTED_EDGE ( 'NONE', *, *, #10944, .F. ) ;
#3742 = EDGE_CURVE ( 'NONE', #8737, #4178, #11181, .T. ) ;
#3743 = AXIS2_PLACEMENT_3D ( 'NONE', #29, #9485, #8082 ) ;
#3744 = ORIENTED_EDGE ( 'NONE', *, *, #13204, .T. ) ;
#3745 = DIRECTION ( 'NONE',  ( 1.000000000000000000, 0.000000000000000000, -7.228014483236698528E-16 ) ) ;
#3746 = LINE ( 'NONE', #8568, #8170 ) ;
#3747 = CARTESIAN_POINT ( 'NONE',  ( 0.3250000000000001776, 1.150000000000000133, -1.229999999999999982 ) ) ;
#3748 = FACE_OUTER_BOUND ( 'NONE', #8539, .T. ) ;
#3749 = VECTOR ( 'NONE', #2362, 1000.000000000000000 ) ;
#3750 = DIRECTION ( 'NONE',  ( -0.000000000000000000, 1.000000000000000000, 0.000000000000000000 ) ) ;
#3751 = ORIENTED_EDGE ( 'NONE', *, *, #10794, .T. ) ;
#3752 = FACE_OUTER_BOUND ( 'NONE', #5289, .T. ) ;
#3753 = EDGE_CURVE ( 'NONE', #527, #2116, #2457, .T. ) ;
#3754 = DIRECTION ( 'NONE',  ( -1.000000000000000000, -0.000000000000000000, -1.445602896647338917E-15 ) ) ;
#3755 = ORIENTED_EDGE ( 'NONE', *, *, #8040, .T. ) ;
#3756 = FACE_OUTER_BOUND ( 'NONE', #13054, .T. ) ;
#3757 = SURFACE_STYLE_USAGE ( .BOTH. , #11021 ) ;
#3758 = VERTEX_POINT ( 'NONE', #2004 ) ;
#3759 = CARTESIAN_POINT ( 'NONE',  ( 3.000000000000000444, 0.05000000000000501266, 1.274999999999999245 ) ) ;
#3760 = EDGE_CURVE ( 'NONE', #4653, #13235, #11072, .T. ) ;
#3761 = PLANE ( 'NONE',  #12068 ) ;
#3762 = VECTOR ( 'NONE', #4876, 1000.000000000000000 ) ;
#3763 = LINE ( 'NONE', #153, #3959 ) ;
#3764 = CARTESIAN_POINT ( 'NONE',  ( -1.900000000000000577, 0.2499999999999991396, 0.7500000000000005551 ) ) ;
#3765 = EDGE_CURVE ( 'NONE', #10872, #6856, #6764, .T. ) ;
#3766 = ADVANCED_FACE ( 'NONE', ( #11427 ), #3253, .T. ) ;
#3767 = ORIENTED_EDGE ( 'NONE', *, *, #2758, .T. ) ;
#3768 = CARTESIAN_POINT ( 'NONE',  ( 0.000000000000000000, 1.149999999999999911, 0.000000000000000000 ) ) ;
#3769 = LINE ( 'NONE', #6553, #12909 ) ;
#3770 = VERTEX_POINT ( 'NONE', #9224 ) ;
#3771 = PLANE ( 'NONE',  #6140 ) ;
#3772 = ADVANCED_FACE ( 'NONE', ( #6890 ), #876, .F. ) ;
#3773 = VERTEX_POINT ( 'NONE', #3443 ) ;
#3774 = VECTOR ( 'NONE', #12510, 1000.000000000000000 ) ;
#3775 = DIRECTION ( 'NONE',  ( 0.000000000000000000, -1.000000000000000000, 2.409338161078897701E-16 ) ) ;
#3776 = FACE_OUTER_BOUND ( 'NONE', #5148, .T. ) ;
#3777 = VECTOR ( 'NONE', #301, 1000.000000000000000 ) ;
#3778 = AXIS2_PLACEMENT_3D ( 'NONE', #2705, #625, #8829 ) ;
#3779 = ORIENTED_EDGE ( 'NONE', *, *, #4881, .T. ) ;
#3780 = CARTESIAN_POINT ( 'NONE',  ( -2.075000000000000178, 0.8125000000000003331, -1.300000000000000044 ) ) ;
#3781 = ORIENTED_EDGE ( 'NONE', *, *, #5241, .T. ) ;
#3782 = LINE ( 'NONE', #10971, #8063 ) ;
#3783 = PLANE ( 'NONE',  #11919 ) ;
#3784 = EDGE_CURVE ( 'NONE', #9049, #4150, #2527, .T. ) ;
#3785 = LINE ( 'NONE', #2533, #12655 ) ;
#3786 = DIRECTION ( 'NONE',  ( 0.000000000000000000, 0.000000000000000000, -1.000000000000000000 ) ) ;
#3787 = VECTOR ( 'NONE', #5934, 1000.000000000000000 ) ;
#3788 = EDGE_CURVE ( 'NONE', #13172, #11420, #6612, .T. ) ;
#3789 = CARTESIAN_POINT ( 'NONE',  ( 3.500000000000000000, 0.3500000000000021982, 0.9499999999999959588 ) ) ;
#3790 = ORIENTED_EDGE ( 'NONE', *, *, #9912, .F. ) ;
#3791 = CARTESIAN_POINT ( 'NONE',  ( -2.075000000000000178, 0.4499999999999999556, -0.9499999999999999556 ) ) ;
#3792 = CYLINDRICAL_SURFACE ( 'NONE', #6954, 0.2236160714285718720 ) ;
#3793 = EDGE_CURVE ( 'NONE', #7927, #715, #6679, .T. ) ;
#3794 = VERTEX_POINT ( 'NONE', #13202 ) ;
#3795 = AXIS2_PLACEMENT_3D ( 'NONE', #4084, #7971, #5115 ) ;
#3796 = DIRECTION ( 'NONE',  ( 1.000000000000000000, -0.000000000000000000, -0.000000000000000000 ) ) ;
#3797 = DIRECTION ( 'NONE',  ( 0.000000000000000000, 1.000000000000000000, -2.409338161078897701E-16 ) ) ;
#3798 = ORIENTED_EDGE ( 'NONE', *, *, #740, .F. ) ;
#3799 = VECTOR ( 'NONE', #5617, 1000.000000000000000 ) ;
#3800 = CYLINDRICAL_SURFACE ( 'NONE', #4820, 0.2236160714285718720 ) ;
#3801 = DIRECTION ( 'NONE',  ( -0.000000000000000000, -0.000000000000000000, -1.000000000000000000 ) ) ;
#3802 = EDGE_LOOP ( 'NONE', ( #12965, #8582, #12326, #10078 ) ) ;
#3803 = CARTESIAN_POINT ( 'NONE',  ( -1.275000000000000133, 1.474999999999999867, -0.9749999999999967581 ) ) ;
#3804 = ORIENTED_EDGE ( 'NONE', *, *, #9198, .T. ) ;
#3805 = DIRECTION ( 'NONE',  ( 0.000000000000000000, -1.000000000000000000, 0.000000000000000000 ) ) ;
#3806 = LINE ( 'NONE', #4942, #12839 ) ;
#3807 = AXIS2_PLACEMENT_3D ( 'NONE', #13081, #1015, #12147 ) ;
#3808 = CARTESIAN_POINT ( 'NONE',  ( 3.000000000000000444, 0.3800000000000113287, 1.305000000000000160 ) ) ;
#3809 = VERTEX_POINT ( 'NONE', #974 ) ;
#3810 = VECTOR ( 'NONE', #1032, 1000.000000000000000 ) ;
#3811 = LINE ( 'NONE', #1179, #8232 ) ;
#3812 = CARTESIAN_POINT ( 'NONE',  ( 0.3250000000000001776, 0.2299999999999946254, -1.300000000000000711 ) ) ;
#3813 = DIRECTION ( 'NONE',  ( 0.000000000000000000, -1.000000000000000000, 0.000000000000000000 ) ) ;
#3814 = ORIENTED_EDGE ( 'NONE', *, *, #8250, .F. ) ;
#3815 = CARTESIAN_POINT ( 'NONE',  ( -0.4749999999999999223, 0.5000000000000002220, -0.3499999999999998113 ) ) ;
#3816 = VECTOR ( 'NONE', #4856, 1000.000000000000000 ) ;
#3817 = ORIENTED_EDGE ( 'NONE', *, *, #8239, .F. ) ;
#3818 = EDGE_CURVE ( 'NONE', #10556, #2717, #6920, .T. ) ;
#3819 = CARTESIAN_POINT ( 'NONE',  ( -0.4749999999999999223, 0.7499999999999998890, -0.3999999999999999667 ) ) ;
#3820 = ORIENTED_EDGE ( 'NONE', *, *, #993, .T. ) ;
#3821 = EDGE_CURVE ( 'NONE', #575, #11401, #2571, .T. ) ;
#3822 = VECTOR ( 'NONE', #7931, 1000.000000000000000 ) ;
#3823 = LINE ( 'NONE', #9914, #13103 ) ;
#3824 = DIRECTION ( 'NONE',  ( 0.000000000000000000, 1.000000000000000000, 0.000000000000000000 ) ) ;
#3825 = ORIENTED_EDGE ( 'NONE', *, *, #8196, .T. ) ;
#3826 = EDGE_CURVE ( 'NONE', #6662, #5813, #11474, .T. ) ;
#3827 = ORIENTED_EDGE ( 'NONE', *, *, #3247, .T. ) ;
#3828 = CIRCLE ( 'NONE', #12803, 0.2236160714285718720 ) ;
#3829 = ORIENTED_EDGE ( 'NONE', *, *, #1955, .T. ) ;
#3830 = SURFACE_STYLE_FILL_AREA ( #633 ) ;
#3831 = MECHANICAL_DESIGN_GEOMETRIC_PRESENTATION_REPRESENTATION (  '', ( #10554 ), #10084 ) ;
#3832 = CARTESIAN_POINT ( 'NONE',  ( 1.925000000000000044, 0.2000000000000000111, -0.9499999999999999556 ) ) ;
#3833 = ADVANCED_FACE ( 'NONE', ( #3093 ), #11678, .F. ) ;
#3834 = DIRECTION ( 'NONE',  ( 1.000000000000000000, 0.000000000000000000, 0.000000000000000000 ) ) ;
#3835 = LINE ( 'NONE', #8174, #8604 ) ;
#3836 = VECTOR ( 'NONE', #8345, 1000.000000000000000 ) ;
#3837 = EDGE_LOOP ( 'NONE', ( #9257, #9646, #9877, #8988 ) ) ;
#3838 = PRESENTATION_STYLE_ASSIGNMENT (( #377 ) ) ;
#3839 = PLANE ( 'NONE',  #6426 ) ;
#3840 = EDGE_LOOP ( 'NONE', ( #7887, #10097, #3416, #10489 ) ) ;
#3841 = ORIENTED_EDGE ( 'NONE', *, *, #11393, .F. ) ;
#3842 = LINE ( 'NONE', #6990, #8413 ) ;
#3843 = DIRECTION ( 'NONE',  ( 0.000000000000000000, 0.000000000000000000, 1.000000000000000000 ) ) ;
#3844 = VECTOR ( 'NONE', #11399, 1000.000000000000000 ) ;
#3845 = VERTEX_POINT ( 'NONE', #8730 ) ;
#3846 = PLANE ( 'NONE',  #2952 ) ;
#3847 = VERTEX_POINT ( 'NONE', #8645 ) ;
#3848 = VECTOR ( 'NONE', #5602, 1000.000000000000000 ) ;
#3849 = EDGE_CURVE ( 'NONE', #3240, #9225, #11950, .T. ) ;
#3850 = CARTESIAN_POINT ( 'NONE',  ( 0.000000000000000000, 1.124999999999999778, -0.3499999999999994227 ) ) ;
#3851 = EDGE_LOOP ( 'NONE', ( #189, #2101, #8707, #10255 ) ) ;
#3852 = PRESENTATION_STYLE_ASSIGNMENT (( #4443 ) ) ;
#3853 = DIRECTION ( 'NONE',  ( 0.000000000000000000, 0.000000000000000000, 1.000000000000000000 ) ) ;
#3854 = CARTESIAN_POINT ( 'NONE',  ( -1.626303258728249502E-16, 0.4499999999999990674, -0.3499999999999994227 ) ) ;
#3855 = DIRECTION ( 'NONE',  ( -0.7071067811865519026, 0.7071067811865431318, -1.837086636568315338E-16 ) ) ;
#3856 = ADVANCED_FACE ( 'NONE', ( #11630 ), #7458, .F. ) ;
#3857 = DIRECTION ( 'NONE',  ( -1.275531967630008943E-16, 1.000000000000000000, 2.710505431213783173E-15 ) ) ;
#3858 = CARTESIAN_POINT ( 'NONE',  ( 1.274999999999999245, 0.2299999999999947364, -1.300000000000000711 ) ) ;
#3859 = FACE_OUTER_BOUND ( 'NONE', #11068, .T. ) ;
#3860 = VECTOR ( 'NONE', #9041, 1000.000000000000000 ) ;
#3861 = CARTESIAN_POINT ( 'NONE',  ( 2.700000000000000178, 1.750000000000000000, -1.350000000000000533 ) ) ;
#3862 = ORIENTED_EDGE ( 'NONE', *, *, #6970, .F. ) ;
#3863 = CARTESIAN_POINT ( 'NONE',  ( 1.925000000000000044, 1.125000000000000222, 0.4999999999999996669 ) ) ;
#3864 = LINE ( 'NONE', #298, #8583 ) ;
#3865 = VERTEX_POINT ( 'NONE', #4986 ) ;
#3866 = DIRECTION ( 'NONE',  ( -0.000000000000000000, -1.000000000000000000, -1.694065894508603636E-16 ) ) ;
#3867 = DIRECTION ( 'NONE',  ( -0.5773502691896251759, 0.5773502691896270633, 0.5773502691896251759 ) ) ;
#3868 = ORIENTED_EDGE ( 'NONE', *, *, #12118, .T. ) ;
#3869 = LINE ( 'NONE', #5990, #8291 ) ;
#3870 = LINE ( 'NONE', #6357, #49 ) ;
#3871 = ORIENTED_EDGE ( 'NONE', *, *, #12026, .F. ) ;
#3872 = ORIENTED_EDGE ( 'NONE', *, *, #11261, .T. ) ;
#3873 = DIRECTION ( 'NONE',  ( -1.000000000000000000, -0.000000000000000000, -1.445602896647338917E-15 ) ) ;
#3874 = ORIENTED_EDGE ( 'NONE', *, *, #2891, .F. ) ;
#3875 = VECTOR ( 'NONE', #9970, 1000.000000000000000 ) ;
#3876 = DIRECTION ( 'NONE',  ( 0.000000000000000000, 0.000000000000000000, 1.000000000000000000 ) ) ;
#3877 = VERTEX_POINT ( 'NONE', #1529 ) ;
#3878 = VECTOR ( 'NONE', #5475, 1000.000000000000000 ) ;
#3879 = DIRECTION ( 'NONE',  ( 0.000000000000000000, 0.000000000000000000, 1.000000000000000000 ) ) ;
#3880 = LINE ( 'NONE', #8249, #8605 ) ;
#3881 = CARTESIAN_POINT ( 'NONE',  ( 3.500000000000000000, 1.150000000000011013, 1.250000000000001110 ) ) ;
#3882 = DIRECTION ( 'NONE',  ( 0.000000000000000000, -1.000000000000000000, 0.000000000000000000 ) ) ;
#3883 = ADVANCED_FACE ( 'NONE', ( #7250 ), #6615, .F. ) ;
#3884 = ORIENTED_EDGE ( 'NONE', *, *, #11640, .T. ) ;
#3885 = DIRECTION ( 'NONE',  ( 0.000000000000000000, 0.000000000000000000, 1.000000000000000000 ) ) ;
#3886 = EDGE_LOOP ( 'NONE', ( #160, #7192, #9121, #11696, #7059, #847, #9379, #4981 ) ) ;
#3887 = CARTESIAN_POINT ( 'NONE',  ( -0.3250000000000000111, 1.750000000000000888, -0.5500000000000018208 ) ) ;
#3888 = ADVANCED_FACE ( 'NONE', ( #2864 ), #9747, .F. ) ;
#3889 = PLANE ( 'NONE',  #5035 ) ;
#3890 = ORIENTED_EDGE ( 'NONE', *, *, #3972, .T. ) ;
#3891 = LINE ( 'NONE', #5906, #12540 ) ;
#3892 = PLANE ( 'NONE',  #4947 ) ;
#3893 = ORIENTED_EDGE ( 'NONE', *, *, #7688, .T. ) ;
#3894 = DIRECTION ( 'NONE',  ( 0.000000000000000000, -1.000000000000000000, 0.000000000000000000 ) ) ;
#3895 = ORIENTED_EDGE ( 'NONE', *, *, #1518, .T. ) ;
#3896 = EDGE_CURVE ( 'NONE', #43, #5754, #7399, .T. ) ;
#3897 = DIRECTION ( 'NONE',  ( -1.000000000000000000, 0.000000000000000000, -0.000000000000000000 ) ) ;
#3898 = VECTOR ( 'NONE', #6019, 1000.000000000000114 ) ;
#3899 = CARTESIAN_POINT ( 'NONE',  ( -0.4749999999999999223, 1.574999999999999956, -1.300000000000000044 ) ) ;
#3900 = ORIENTED_EDGE ( 'NONE', *, *, #12525, .F. ) ;
#3901 = VECTOR ( 'NONE', #2662, 1000.000000000000000 ) ;
#3902 = EDGE_CURVE ( 'NONE', #1289, #7854, #11565, .T. ) ;
#3903 = DIRECTION ( 'NONE',  ( -1.000000000000000000, 1.275531967630008943E-16, 0.000000000000000000 ) ) ;
#3904 = ORIENTED_EDGE ( 'NONE', *, *, #1106, .T. ) ;
#3905 = ORIENTED_EDGE ( 'NONE', *, *, #12169, .F. ) ;
#3906 = AXIS2_PLACEMENT_3D ( 'NONE', #12440, #10141, #265 ) ;
#3907 = EDGE_CURVE ( 'NONE', #1148, #12720, #11714, .T. ) ;
#3908 = LINE ( 'NONE', #12921, #3762 ) ;
#3909 = EDGE_CURVE ( 'NONE', #11991, #6813, #7146, .T. ) ;
#3910 = DIRECTION ( 'NONE',  ( -1.000000000000000000, 0.000000000000000000, 0.000000000000000000 ) ) ;
#3911 = DIRECTION ( 'NONE',  ( 5.421010862427530059E-16, 1.694065894508603143E-16, -1.000000000000000000 ) ) ;
#3912 = EDGE_CURVE ( 'NONE', #8487, #6873, #11588, .T. ) ;
#3913 = ORIENTED_EDGE ( 'NONE', *, *, #10839, .T. ) ;
#3914 = CARTESIAN_POINT ( 'NONE',  ( 3.200000000000000178, 0.6200000000000113198, 1.324999999999999956 ) ) ;
#3915 = LINE ( 'NONE', #3789, #12637 ) ;
#3916 = EDGE_CURVE ( 'NONE', #4105, #10380, #3070, .T. ) ;
#3917 = ORIENTED_EDGE ( 'NONE', *, *, #9731, .F. ) ;
#3918 = CARTESIAN_POINT ( 'NONE',  ( -0.4750000000000001443, 1.499999999999999334, -0.3499999999999994227 ) ) ;
#3919 = CARTESIAN_POINT ( 'NONE',  ( 2.950000000000000622, 1.149999999999999911, -1.050000000000000488 ) ) ;
#3920 = ORIENTED_EDGE ( 'NONE', *, *, #3760, .T. ) ;
#3921 = VECTOR ( 'NONE', #4323, 1000.000000000000000 ) ;
#3922 = CARTESIAN_POINT ( 'NONE',  ( -3.000000000000000000, 0.1250000000000063005, 0.07500000000000119071 ) ) ;
#3923 = EDGE_CURVE ( 'NONE', #2420, #3677, #2971, .T. ) ;
#3924 = VERTEX_POINT ( 'NONE', #4396 ) ;
#3925 = ORIENTED_EDGE ( 'NONE', *, *, #1093, .F. ) ;
#3926 = VECTOR ( 'NONE', #9037, 1000.000000000000000 ) ;
#3927 = ADVANCED_FACE ( 'NONE', ( #7503 ), #4220, .F. ) ;
#3928 = EDGE_LOOP ( 'NONE', ( #2644, #457, #9423, #12769 ) ) ;
#3929 = ORIENTED_EDGE ( 'NONE', *, *, #10467, .F. ) ;
#3930 = DIRECTION ( 'NONE',  ( 0.5773502691896175154, 0.5773502691896343908, -0.5773502691896253980 ) ) ;
#3931 = AXIS2_PLACEMENT_3D ( 'NONE', #7472, #12752, #8562 ) ;
#3932 = PLANE ( 'NONE',  #11256 ) ;
#3933 = DIRECTION ( 'NONE',  ( -0.000000000000000000, -0.000000000000000000, 1.000000000000000000 ) ) ;
#3934 = VECTOR ( 'NONE', #3012, 1000.000000000000000 ) ;
#3935 = FACE_OUTER_BOUND ( 'NONE', #9442, .T. ) ;
#3936 = CARTESIAN_POINT ( 'NONE',  ( -3.000000000000000444, 0.3500000000000113021, 1.275000000000000133 ) ) ;
#3937 = CARTESIAN_POINT ( 'NONE',  ( -2.075000000000000178, 0.4499999999999999556, -0.3999999999999999667 ) ) ;
#3938 = ORIENTED_EDGE ( 'NONE', *, *, #4132, .F. ) ;
#3939 = VECTOR ( 'NONE', #5671, 1000.000000000000000 ) ;
#3940 = ORIENTED_EDGE ( 'NONE', *, *, #12819, .T. ) ;
#3941 = EDGE_CURVE ( 'NONE', #6856, #12987, #2828, .T. ) ;
#3942 = EDGE_LOOP ( 'NONE', ( #11870, #89, #8441, #5211 ) ) ;
#3943 = LINE ( 'NONE', #9184, #12857 ) ;
#3944 = DIRECTION ( 'NONE',  ( 1.000000000000000000, -0.000000000000000000, -0.000000000000000000 ) ) ;
#3945 = ORIENTED_EDGE ( 'NONE', *, *, #9780, .F. ) ;
#3946 = CARTESIAN_POINT ( 'NONE',  ( 1.975000000000000089, 1.175000000000000488, 0.5500000000000004885 ) ) ;
#3947 = ORIENTED_EDGE ( 'NONE', *, *, #9116, .T. ) ;
#3948 = EDGE_CURVE ( 'NONE', #10383, #485, #11843, .T. ) ;
#3949 = EDGE_CURVE ( 'NONE', #9269, #10685, #7228, .T. ) ;
#3950 = CARTESIAN_POINT ( 'NONE',  ( 3.500000000000000000, 0.05000000000000506817, 1.274999999999999245 ) ) ;
#3951 = EDGE_LOOP ( 'NONE', ( #436, #786, #9300, #8838 ) ) ;
#3952 = DIRECTION ( 'NONE',  ( -1.275531967630008943E-16, -1.000000000000000000, 0.000000000000000000 ) ) ;
#3953 = ORIENTED_EDGE ( 'NONE', *, *, #3415, .T. ) ;
#3954 = CARTESIAN_POINT ( 'NONE',  ( -3.000000000000000000, 1.150000000000011013, 0.3500000000000004219 ) ) ;
#3955 = CARTESIAN_POINT ( 'NONE',  ( 1.925000000000000044, 0.6999999999999995115, -0.3499999999999998113 ) ) ;
#3956 = VECTOR ( 'NONE', #4684, 1000.000000000000114 ) ;
#3957 = PLANE ( 'NONE',  #9722 ) ;
#3958 = VECTOR ( 'NONE', #9150, 1000.000000000000000 ) ;
#3959 = VECTOR ( 'NONE', #5431, 1000.000000000000000 ) ;
#3960 = AXIS2_PLACEMENT_3D ( 'NONE', #6434, #11754, #9640 ) ;
#3961 = DIRECTION ( 'NONE',  ( 1.000000000000000000, -0.000000000000000000, -0.000000000000000000 ) ) ;
#3962 = VERTEX_POINT ( 'NONE', #8296 ) ;
#3963 = PLANE ( 'NONE',  #2475 ) ;
#3964 = VECTOR ( 'NONE', #8668, 1000.000000000000000 ) ;
#3965 = ORIENTED_EDGE ( 'NONE', *, *, #7882, .T. ) ;
#3966 = CARTESIAN_POINT ( 'NONE',  ( -1.275000000000000133, 0.2000000000000000111, -0.9499999999999999556 ) ) ;
#3967 = CARTESIAN_POINT ( 'NONE',  ( -1.275000000000000133, 1.150000000000000133, -1.453616071428571743 ) ) ;
#3968 = EDGE_LOOP ( 'NONE', ( #337, #3324, #4186, #8439 ) ) ;
#3969 = MECHANICAL_DESIGN_GEOMETRIC_PRESENTATION_REPRESENTATION (  '', ( #11762 ), #8089 ) ;
#3970 = FACE_OUTER_BOUND ( 'NONE', #6763, .T. ) ;
#3971 = DIRECTION ( 'NONE',  ( -0.000000000000000000, -1.000000000000000000, -0.000000000000000000 ) ) ;
#3972 = EDGE_CURVE ( 'NONE', #4675, #11535, #11691, .T. ) ;
#3973 = ORIENTED_EDGE ( 'NONE', *, *, #12512, .F. ) ;
#3974 = CARTESIAN_POINT ( 'NONE',  ( 0.3250000000000001776, 1.575000000000000178, 0.4999999999999997780 ) ) ;
#3975 = VERTEX_POINT ( 'NONE', #1140 ) ;
#3976 = LINE ( 'NONE', #3881, #8394 ) ;
#3977 = CARTESIAN_POINT ( 'NONE',  ( 1.275000000000000133, 1.750000000000000888, -0.5500000000000018208 ) ) ;
#3978 = VERTEX_POINT ( 'NONE', #7155 ) ;
#3979 = EDGE_CURVE ( 'NONE', #5036, #8783, #2738, .T. ) ;
#3980 = ORIENTED_EDGE ( 'NONE', *, *, #1699, .F. ) ;
#3981 = ADVANCED_FACE ( 'NONE', ( #2720 ), #10187, .F. ) ;
#3982 = FACE_OUTER_BOUND ( 'NONE', #7223, .T. ) ;
#3983 = VECTOR ( 'NONE', #11510, 1000.000000000000000 ) ;
#3984 = DIRECTION ( 'NONE',  ( 0.000000000000000000, 0.7071067811865463515, -0.7071067811865487940 ) ) ;
#3985 = LINE ( 'NONE', #11898, #4008 ) ;
#3986 = PLANE ( 'NONE',  #3807 ) ;
#3987 = VERTEX_POINT ( 'NONE', #10447 ) ;
#3988 = PLANE ( 'NONE',  #3906 ) ;
#3989 = AXIS2_PLACEMENT_3D ( 'NONE', #7529, #523, #1513 ) ;
#3990 = LINE ( 'NONE', #2359, #8434 ) ;
#3991 = ORIENTED_EDGE ( 'NONE', *, *, #11451, .T. ) ;
#3992 = CARTESIAN_POINT ( 'NONE',  ( -1.275000000000000133, 1.474999999999999867, -0.9749999999999897637 ) ) ;
#3993 = DIRECTION ( 'NONE',  ( 0.000000000000000000, 0.000000000000000000, -1.000000000000000000 ) ) ;
#3994 = ORIENTED_EDGE ( 'NONE', *, *, #316, .T. ) ;
#3995 = LINE ( 'NONE', #6160, #4019 ) ;
#3996 = ORIENTED_EDGE ( 'NONE', *, *, #10162, .F. ) ;
#3997 = DIRECTION ( 'NONE',  ( -1.000000000000000000, 0.000000000000000000, 0.000000000000000000 ) ) ;
#3998 = ORIENTED_EDGE ( 'NONE', *, *, #9656, .F. ) ;
#3999 = CARTESIAN_POINT ( 'NONE',  ( 1.075000000000000400, 0.2799999999999950862, -1.350000000000000533 ) ) ;
#4000 = LINE ( 'NONE', #10139, #12743 ) ;
#4001 = DIRECTION ( 'NONE',  ( 1.000000000000000000, 0.000000000000000000, 0.000000000000000000 ) ) ;
#4002 = ORIENTED_EDGE ( 'NONE', *, *, #10209, .F. ) ;
#4003 = DIRECTION ( 'NONE',  ( 0.7071067811865497932, 1.703659351870409300E-16, 0.7071067811865452413 ) ) ;
#4004 = VERTEX_POINT ( 'NONE', #4127 ) ;
#4005 = EDGE_CURVE ( 'NONE', #10402, #887, #2847, .T. ) ;
#4006 = LINE ( 'NONE', #3422, #12873 ) ;
#4007 = LINE ( 'NONE', #11424, #12978 ) ;
#4008 = VECTOR ( 'NONE', #1580, 1000.000000000000114 ) ;
#4009 = CARTESIAN_POINT ( 'NONE',  ( 3.000000000000000000, 0.1500000000000054623, 0.2749999999999981348 ) ) ;
#4010 = CARTESIAN_POINT ( 'NONE',  ( -1.275000000000000133, 1.150000000000000133, -1.453616071428571743 ) ) ;
#4011 = ADVANCED_FACE ( 'NONE', ( #2761 ), #12291, .F. ) ;
#4012 = VERTEX_POINT ( 'NONE', #2036 ) ;
#4013 = CARTESIAN_POINT ( 'NONE',  ( 2.500000000000000888, 1.299999999999999378, -0.3499999999999994227 ) ) ;
#4014 = VERTEX_POINT ( 'NONE', #3029 ) ;
#4015 = CARTESIAN_POINT ( 'NONE',  ( -0.5249999999999996891, 0.2299999999999946254, -1.350000000000000533 ) ) ;
#4016 = CARTESIAN_POINT ( 'NONE',  ( -1.626303258728248516E-16, 0.4499999999999987899, -0.3499999999999994227 ) ) ;
#4017 = AXIS2_PLACEMENT_3D ( 'NONE', #7095, #5011, #7183 ) ;
#4018 = ORIENTED_EDGE ( 'NONE', *, *, #1128, .F. ) ;
#4019 = VECTOR ( 'NONE', #3309, 1000.000000000000000 ) ;
#4020 = CARTESIAN_POINT ( 'NONE',  ( -2.075000000000000178, 0.000000000000000000, -0.3499999999999994227 ) ) ;
#4021 = ORIENTED_EDGE ( 'NONE', *, *, #11071, .F. ) ;
#4022 = ORIENTED_EDGE ( 'NONE', *, *, #3448, .T. ) ;
#4023 = LINE ( 'NONE', #3400, #12475 ) ;
#4024 = CARTESIAN_POINT ( 'NONE',  ( 1.125000000000000222, 0.000000000000000000, -1.300000000000000044 ) ) ;
#4025 = ORIENTED_EDGE ( 'NONE', *, *, #5543, .F. ) ;
#4026 = ORIENTED_EDGE ( 'NONE', *, *, #7524, .F. ) ;
#4027 = ORIENTED_EDGE ( 'NONE', *, *, #4253, .T. ) ;
#4028 = CARTESIAN_POINT ( 'NONE',  ( 3.200000000000000178, 0.2750000000000112355, 1.305000000000000382 ) ) ;
#4029 = LINE ( 'NONE', #11717, #8400 ) ;
#4030 = DIRECTION ( 'NONE',  ( -1.000000000000000000, 0.000000000000000000, 0.000000000000000000 ) ) ;
#4031 = DIRECTION ( 'NONE',  ( 0.000000000000000000, -0.000000000000000000, -1.000000000000000000 ) ) ;
#4032 = VECTOR ( 'NONE', #11604, 1000.000000000000000 ) ;
#4033 = CYLINDRICAL_SURFACE ( 'NONE', #5516, 0.09999999999999993616 ) ;
#4034 = DIRECTION ( 'NONE',  ( -1.445602896647338917E-15, 0.000000000000000000, 1.000000000000000000 ) ) ;
#4035 = DIRECTION ( 'NONE',  ( -0.000000000000000000, 1.332058005413337239E-16, 1.000000000000000000 ) ) ;
#4036 = ORIENTED_EDGE ( 'NONE', *, *, #11234, .F. ) ;
#4037 = ORIENTED_EDGE ( 'NONE', *, *, #12202, .T. ) ;
#4038 = ORIENTED_EDGE ( 'NONE', *, *, #3386, .T. ) ;
#4039 = FACE_OUTER_BOUND ( 'NONE', #13203, .T. ) ;
#4040 = DIRECTION ( 'NONE',  ( 0.000000000000000000, -0.000000000000000000, -1.000000000000000000 ) ) ;
#4041 = ORIENTED_EDGE ( 'NONE', *, *, #305, .F. ) ;
#4042 = CARTESIAN_POINT ( 'NONE',  ( 2.500000000000000888, 1.499999999999999334, 1.275000000000000133 ) ) ;
#4043 = ORIENTED_EDGE ( 'NONE', *, *, #9187, .T. ) ;
#4044 = LINE ( 'NONE', #9800, #3683 ) ;
#4045 = ADVANCED_FACE ( 'NONE', ( #2702 ), #4493, .F. ) ;
#4046 = PLANE ( 'NONE',  #10694 ) ;
#4047 = ORIENTED_EDGE ( 'NONE', *, *, #2019, .F. ) ;
#4048 = DIRECTION ( 'NONE',  ( -1.000000000000000000, -0.000000000000000000, 0.000000000000000000 ) ) ;
#4049 = VERTEX_POINT ( 'NONE', #3298 ) ;
#4050 = CARTESIAN_POINT ( 'NONE',  ( 3.500000000000000000, 0.2299999999999944866, -0.5500000000000018208 ) ) ;
#4051 = CARTESIAN_POINT ( 'NONE',  ( -3.500000000000000000, 0.2299999999999944866, -0.5500000000000018208 ) ) ;
#4052 = LINE ( 'NONE', #9408, #8184 ) ;
#4053 = LINE ( 'NONE', #11817, #8524 ) ;
#4054 = CARTESIAN_POINT ( 'NONE',  ( -1.275000000000000133, 1.150000000000000133, -1.229999999999999760 ) ) ;
#4055 = CARTESIAN_POINT ( 'NONE',  ( 3.500000000000000000, 1.574999999999999734, 1.350000000000000533 ) ) ;
#4056 = ORIENTED_EDGE ( 'NONE', *, *, #1370, .F. ) ;
#4057 = CARTESIAN_POINT ( 'NONE',  ( -0.4749999999999989231, 0.7499999999999991118, -0.5500000000000018208 ) ) ;
#4058 = LINE ( 'NONE', #9674, #8261 ) ;
#4059 = VERTEX_POINT ( 'NONE', #10276 ) ;
#4060 = ORIENTED_EDGE ( 'NONE', *, *, #1514, .F. ) ;
#4061 = VECTOR ( 'NONE', #10597, 1000.000000000000000 ) ;
#4062 = PLANE ( 'NONE',  #11165 ) ;
#4063 = VERTEX_POINT ( 'NONE', #12385 ) ;
#4064 = CARTESIAN_POINT ( 'NONE',  ( 1.275000000000000133, 1.575000000000000178, 0.5500000000000003775 ) ) ;
#4065 = EDGE_CURVE ( 'NONE', #5787, #4551, #7189, .T. ) ;
#4066 = ORIENTED_EDGE ( 'NONE', *, *, #6308, .T. ) ;
#4067 = LINE ( 'NONE', #8692, #3661 ) ;
#4068 = VERTEX_POINT ( 'NONE', #7324 ) ;
#4069 = CARTESIAN_POINT ( 'NONE',  ( 0.3250000000000007883, 0.4499999999999991784, -0.5500000000000018208 ) ) ;
#4070 = AXIS2_PLACEMENT_3D ( 'NONE', #2947, #4034, #5066 ) ;
#4071 = VERTEX_POINT ( 'NONE', #8392 ) ;
#4072 = LINE ( 'NONE', #2619, #8499 ) ;
#4073 = CARTESIAN_POINT ( 'NONE',  ( -1.275000000000000133, 1.175000000000000488, 0.5500000000000004885 ) ) ;
#4074 = FACE_OUTER_BOUND ( 'NONE', #78, .T. ) ;
#4075 = DIRECTION ( 'NONE',  ( 0.000000000000000000, -1.000000000000000000, 5.288791085295114073E-17 ) ) ;
#4076 = AXIS2_PLACEMENT_3D ( 'NONE', #6095, #10953, #11972 ) ;
#4077 = ORIENTED_EDGE ( 'NONE', *, *, #2891, .T. ) ;
#4078 = CARTESIAN_POINT ( 'NONE',  ( -0.4749999999999999223, 0.4499999999999999556, -0.9499999999999999556 ) ) ;
#4079 = LINE ( 'NONE', #12886, #12981 ) ;
#4080 = VERTEX_POINT ( 'NONE', #9431 ) ;
#4081 = EDGE_CURVE ( 'NONE', #5953, #8029, #11514, .T. ) ;
#4082 = VERTEX_POINT ( 'NONE', #12481 ) ;
#4083 = VECTOR ( 'NONE', #11366, 1000.000000000000000 ) ;
#4084 = CARTESIAN_POINT ( 'NONE',  ( -3.000000000000000444, 0.1250000000000054123, 1.274999999999999245 ) ) ;
#4085 = VERTEX_POINT ( 'NONE', #6396 ) ;
#4086 = AXIS2_PLACEMENT_3D ( 'NONE', #6242, #5340, #5161 ) ;
#4087 = EDGE_LOOP ( 'NONE', ( #11198, #830, #1944, #6125 ) ) ;
#4088 = DIRECTION ( 'NONE',  ( -0.5773502691896240657, 0.5773502691896253980, -0.5773502691896279515 ) ) ;
#4089 = EDGE_CURVE ( 'NONE', #4256, #10513, #2679, .T. ) ;
#4090 = LINE ( 'NONE', #6778, #4407 ) ;
#4091 = EDGE_CURVE ( 'NONE', #11759, #12144, #11537, .T. ) ;
#4092 = EDGE_CURVE ( 'NONE', #12025, #3558, #11760, .T. ) ;
#4093 = DIRECTION ( 'NONE',  ( 0.7071067811865475727, 0.000000000000000000, -0.7071067811865475727 ) ) ;
#4094 = EDGE_LOOP ( 'NONE', ( #226, #4018, #4376, #12251 ) ) ;
#4095 = ORIENTED_EDGE ( 'NONE', *, *, #4810, .T. ) ;
#4096 = ADVANCED_FACE ( 'NONE', ( #3028 ), #8764, .F. ) ;
#4097 = ORIENTED_EDGE ( 'NONE', *, *, #434, .T. ) ;
#4098 = EDGE_CURVE ( 'NONE', #6869, #12258, #7334, .T. ) ;
#4099 = VECTOR ( 'NONE', #12171, 1000.000000000000000 ) ;
#4100 = VECTOR ( 'NONE', #12801, 1000.000000000000000 ) ;
#4101 = DIRECTION ( 'NONE',  ( -0.5773502691896257311, -0.5773502691896257311, -0.5773502691896257311 ) ) ;
#4102 = ORIENTED_EDGE ( 'NONE', *, *, #6851, .T. ) ;
#4103 = DIRECTION ( 'NONE',  ( -0.000000000000000000, -1.000000000000000000, -0.000000000000000000 ) ) ;
#4104 = VECTOR ( 'NONE', #664, 1000.000000000000000 ) ;
#4105 = VERTEX_POINT ( 'NONE', #12781 ) ;
#4106 = DIRECTION ( 'NONE',  ( -1.000000000000000000, 0.000000000000000000, 0.000000000000000000 ) ) ;
#4107 = CARTESIAN_POINT ( 'NONE',  ( -1.924999999999999600, 0.4499999999999992339, -0.3499999999999998113 ) ) ;
#4108 = VERTEX_POINT ( 'NONE', #3582 ) ;
#4109 = COLOUR_RGB ( '',1.000000000000000000, 1.000000000000000000, 0.7529411764705882248 ) ;
#4110 = CARTESIAN_POINT ( 'NONE',  ( -0.4749999999999996447, 1.725000000000000977, -1.300000000000000711 ) ) ;
#4111 = VERTEX_POINT ( 'NONE', #11968 ) ;
#4112 = AXIS2_PLACEMENT_3D ( 'NONE', #3644, #4894, #5719 ) ;
#4113 = ORIENTED_EDGE ( 'NONE', *, *, #834, .T. ) ;
#4114 = LINE ( 'NONE', #12693, #3848 ) ;
#4115 = LINE ( 'NONE', #8534, #13177 ) ;
#4116 = EDGE_CURVE ( 'NONE', #12559, #11991, #2782, .T. ) ;
#4117 = CARTESIAN_POINT ( 'NONE',  ( 0.3250000000000001776, 1.574999999999999734, -1.350000000000000533 ) ) ;
#4118 = ORIENTED_EDGE ( 'NONE', *, *, #8432, .F. ) ;
#4119 = EDGE_CURVE ( 'NONE', #1817, #5960, #2990, .T. ) ;
#4120 = ORIENTED_EDGE ( 'NONE', *, *, #11393, .T. ) ;
#4121 = CARTESIAN_POINT ( 'NONE',  ( 0.3250000000000001776, 0.7499999999999998890, -0.3999999999999999667 ) ) ;
#4122 = DIRECTION ( 'NONE',  ( -9.019373039313985022E-17, 0.7071067811865471286, -0.7071067811865480168 ) ) ;
#4123 = PLANE ( 'NONE',  #7216 ) ;
#4124 = VECTOR ( 'NONE', #5216, 1000.000000000000000 ) ;
#4125 = VECTOR ( 'NONE', #11221, 1000.000000000000000 ) ;
#4126 = CARTESIAN_POINT ( 'NONE',  ( 1.275000000000000133, 0.4499999999999999556, -0.3999999999999999667 ) ) ;
#4127 = CARTESIAN_POINT ( 'NONE',  ( -3.200000000000000178, 1.150000000000011235, 1.275000000000000133 ) ) ;
#4128 = EDGE_CURVE ( 'NONE', #5046, #2294, #7205, .T. ) ;
#4129 = ADVANCED_FACE ( 'NONE', ( #11785 ), #4582, .F. ) ;
#4130 = ORIENTED_EDGE ( 'NONE', *, *, #6600, .F. ) ;
#4131 = LINE ( 'NONE', #4478, #8210 ) ;
#4132 = EDGE_CURVE ( 'NONE', #9599, #999, #2927, .T. ) ;
#4133 = ORIENTED_EDGE ( 'NONE', *, *, #4119, .F. ) ;
#4134 = EDGE_CURVE ( 'NONE', #927, #12284, #3011, .T. ) ;
#4135 = ADVANCED_FACE ( 'NONE', ( #11808 ), #11805, .F. ) ;
#4136 = ORIENTED_EDGE ( 'NONE', *, *, #6528, .T. ) ;
#4137 = PRESENTATION_STYLE_ASSIGNMENT (( #401 ) ) ;
#4138 = CARTESIAN_POINT ( 'NONE',  ( 3.200000000000000178, 0.6950000000000109424, 1.275000000000000133 ) ) ;
#4139 = ORIENTED_EDGE ( 'NONE', *, *, #1973, .T. ) ;
#4140 = CARTESIAN_POINT ( 'NONE',  ( 1.125000000000000222, 0.2000000000000000111, -0.9499999999999999556 ) ) ;
#4141 = ORIENTED_EDGE ( 'NONE', *, *, #11430, .F. ) ;
#4142 = FACE_OUTER_BOUND ( 'NONE', #3511, .T. ) ;
#4143 = AXIS2_PLACEMENT_3D ( 'NONE', #6471, #8574, #2182 ) ;
#4144 = VECTOR ( 'NONE', #12182, 1000.000000000000000 ) ;
#4145 = CARTESIAN_POINT ( 'NONE',  ( -2.075000000000000178, 1.150000000000000133, -1.229999999999999760 ) ) ;
#4146 = ORIENTED_EDGE ( 'NONE', *, *, #5727, .F. ) ;
#4147 = CARTESIAN_POINT ( 'NONE',  ( 1.125000000000000222, 1.474999999999999867, -0.9749999999999932054 ) ) ;
#4148 = ORIENTED_EDGE ( 'NONE', *, *, #12911, .T. ) ;
#4149 = DIRECTION ( 'NONE',  ( 0.000000000000000000, 0.000000000000000000, -1.000000000000000000 ) ) ;
#4150 = VERTEX_POINT ( 'NONE', #7495 ) ;
#4151 = AXIS2_PLACEMENT_3D ( 'NONE', #11649, #8696, #9712 ) ;
#4152 = EDGE_CURVE ( 'NONE', #7648, #3332, #2949, .T. ) ;
#4153 = DIRECTION ( 'NONE',  ( 1.000000000000000000, 0.000000000000000000, 0.000000000000000000 ) ) ;
#4154 = VECTOR ( 'NONE', #6376, 1000.000000000000000 ) ;
#4155 = VECTOR ( 'NONE', #2211, 1000.000000000000000 ) ;
#4156 = DIRECTION ( 'NONE',  ( 0.000000000000000000, -2.409338161078897701E-16, -1.000000000000000000 ) ) ;
#4157 = CARTESIAN_POINT ( 'NONE',  ( -3.500000000000000000, 0.3500000000000024203, 0.2749999999999982458 ) ) ;
#4158 = VERTEX_POINT ( 'NONE', #1646 ) ;
#4159 = CARTESIAN_POINT ( 'NONE',  ( -1.125000000000000222, 1.574999999999999734, -0.5500000000000020428 ) ) ;
#4160 = FACE_OUTER_BOUND ( 'NONE', #12841, .T. ) ;
#4161 = ORIENTED_EDGE ( 'NONE', *, *, #10658, .T. ) ;
#4162 = CARTESIAN_POINT ( 'NONE',  ( -3.000000000000000000, 0.1500000000000054623, 0.07500000000000120459 ) ) ;
#4163 = EDGE_CURVE ( 'NONE', #7121, #4082, #7444, .T. ) ;
#4164 = EDGE_LOOP ( 'NONE', ( #12082, #8493, #11722, #9796 ) ) ;
#4165 = EDGE_CURVE ( 'NONE', #4012, #2479, #3048, .T. ) ;
#4166 = VECTOR ( 'NONE', #63, 1000.000000000000000 ) ;
#4167 = PLANE ( 'NONE',  #667 ) ;
#4168 = ORIENTED_EDGE ( 'NONE', *, *, #2275, .F. ) ;
#4169 = DIRECTION ( 'NONE',  ( 1.000000000000000000, -0.000000000000000000, -0.000000000000000000 ) ) ;
#4170 = ORIENTED_EDGE ( 'NONE', *, *, #6282, .T. ) ;
#4171 = VECTOR ( 'NONE', #9598, 1000.000000000000000 ) ;
#4172 = VECTOR ( 'NONE', #4445, 1000.000000000000000 ) ;
#4173 = PLANE ( 'NONE',  #11390 ) ;
#4174 = ORIENTED_EDGE ( 'NONE', *, *, #6463, .F. ) ;
#4175 = AXIS2_PLACEMENT_3D ( 'NONE', #1177, #5288, #4075 ) ;
#4176 = PLANE ( 'NONE',  #2646 ) ;
#4177 = VERTEX_POINT ( 'NONE', #735 ) ;
#4178 = VERTEX_POINT ( 'NONE', #5497 ) ;
#4179 = LINE ( 'NONE', #10828, #12753 ) ;
#4180 = CARTESIAN_POINT ( 'NONE',  ( 0.3250000000000001776, 1.124999999999999778, -1.350000000000000533 ) ) ;
#4181 = FACE_OUTER_BOUND ( 'NONE', #8634, .T. ) ;
#4182 = CARTESIAN_POINT ( 'NONE',  ( 1.125000000000000222, 1.125000000000000222, 0.4999999999999998890 ) ) ;
#4183 = ORIENTED_EDGE ( 'NONE', *, *, #5047, .F. ) ;
#4184 = CARTESIAN_POINT ( 'NONE',  ( -0.2749999999999994116, 1.149999999999999911, -1.349999999999997424 ) ) ;
#4185 = ORIENTED_EDGE ( 'NONE', *, *, #3387, .F. ) ;
#4186 = ORIENTED_EDGE ( 'NONE', *, *, #7882, .F. ) ;
#4187 = EDGE_LOOP ( 'NONE', ( #9984, #5659, #5859, #11975 ) ) ;
#4188 = CARTESIAN_POINT ( 'NONE',  ( 3.200000000000000178, 0.6950000000000112754, 1.304999999999999938 ) ) ;
#4189 = FACE_OUTER_BOUND ( 'NONE', #1826, .T. ) ;
#4190 = VECTOR ( 'NONE', #5628, 1000.000000000000000 ) ;
#4191 = EDGE_CURVE ( 'NONE', #2479, #6150, #12373, .T. ) ;
#4192 = DIRECTION ( 'NONE',  ( -1.000000000000000000, -0.000000000000000000, -0.000000000000000000 ) ) ;
#4193 = VERTEX_POINT ( 'NONE', #1734 ) ;
#4194 = CARTESIAN_POINT ( 'NONE',  ( 3.000000000000000444, 0.2750000000000112355, 1.305000000000000382 ) ) ;
#4195 = EDGE_LOOP ( 'NONE', ( #73, #10871, #9005, #2701 ) ) ;
#4196 = EDGE_LOOP ( 'NONE', ( #12813, #8865, #1761, #5455 ) ) ;
#4197 = LINE ( 'NONE', #10290, #4155 ) ;
#4198 = CARTESIAN_POINT ( 'NONE',  ( 2.500000000000000444, 0.6999999999999991784, 1.300000000000000711 ) ) ;
#4199 = CARTESIAN_POINT ( 'NONE',  ( -2.108333333333332948, 1.391666666666666829, 0.6833333333333341253 ) ) ;
#4200 = EDGE_LOOP ( 'NONE', ( #5876, #10356, #986, #1036 ) ) ;
#4201 = DIRECTION ( 'NONE',  ( 0.000000000000000000, 1.000000000000000000, 0.000000000000000000 ) ) ;
#4202 = ORIENTED_EDGE ( 'NONE', *, *, #3972, .F. ) ;
#4203 =( NAMED_UNIT ( * ) PLANE_ANGLE_UNIT ( ) SI_UNIT ( $, .RADIAN. ) );
#4204 = CARTESIAN_POINT ( 'NONE',  ( 1.925000000000000044, 1.150000000000000133, -1.453616071428571743 ) ) ;
#4205 = ORIENTED_EDGE ( 'NONE', *, *, #10135, .T. ) ;
#4206 = CARTESIAN_POINT ( 'NONE',  ( -1.874999999999999556, 0.2299999999999920164, -1.350000000000000533 ) ) ;
#4207 = ORIENTED_EDGE ( 'NONE', *, *, #9214, .T. ) ;
#4208 = VECTOR ( 'NONE', #1972, 1000.000000000000000 ) ;
#4209 = VECTOR ( 'NONE', #4352, 1000.000000000000000 ) ;
#4210 = PLANE ( 'NONE',  #10970 ) ;
#4211 = ORIENTED_EDGE ( 'NONE', *, *, #1419, .T. ) ;
#4212 = ORIENTED_EDGE ( 'NONE', *, *, #1213, .F. ) ;
#4213 = ADVANCED_FACE ( 'NONE', ( #12117 ), #10793, .F. ) ;
#4214 = VERTEX_POINT ( 'NONE', #2643 ) ;
#4215 = CARTESIAN_POINT ( 'NONE',  ( 2.075000000000000178, 0.7499999999999998890, -0.5500000000000020428 ) ) ;
#4216 = DIRECTION ( 'NONE',  ( 0.000000000000000000, -0.000000000000000000, 1.000000000000000000 ) ) ;
#4217 = CARTESIAN_POINT ( 'NONE',  ( 0.4749999999999993117, 0.2299999999999947364, -1.300000000000000711 ) ) ;
#4218 = LINE ( 'NONE', #4199, #8453 ) ;
#4219 = LINE ( 'NONE', #9710, #3860 ) ;
#4220 = PLANE ( 'NONE',  #2983 ) ;
#4221 = ORIENTED_EDGE ( 'NONE', *, *, #7575, .T. ) ;
#4222 = ORIENTED_EDGE ( 'NONE', *, *, #5711, .T. ) ;
#4223 = ORIENTED_EDGE ( 'NONE', *, *, #8385, .F. ) ;
#4224 = DIRECTION ( 'NONE',  ( -0.000000000000000000, -0.000000000000000000, 1.000000000000000000 ) ) ;
#4225 = CARTESIAN_POINT ( 'NONE',  ( 3.225000000000000533, 1.149999999999999911, -0.4500000000000006217 ) ) ;
#4226 = ORIENTED_EDGE ( 'NONE', *, *, #5818, .T. ) ;
#4227 = VECTOR ( 'NONE', #9865, 1000.000000000000000 ) ;
#4228 = DIRECTION ( 'NONE',  ( 0.000000000000000000, -1.000000000000000000, 0.000000000000000000 ) ) ;
#4229 = ORIENTED_EDGE ( 'NONE', *, *, #764, .T. ) ;
#4230 = CARTESIAN_POINT ( 'NONE',  ( -2.574999999999999734, 0.6500000000000001332, 1.350000000000000533 ) ) ;
#4231 = CARTESIAN_POINT ( 'NONE',  ( -2.949999999999999289, 1.149999999999999911, -0.9749999999999990896 ) ) ;
#4232 = VERTEX_POINT ( 'NONE', #9604 ) ;
#4233 = DIRECTION ( 'NONE',  ( 1.000000000000000000, 0.000000000000000000, 0.000000000000000000 ) ) ;
#4234 = CARTESIAN_POINT ( 'NONE',  ( -1.124999999999999556, -5.421010862427519212E-16, -0.3499999999999994227 ) ) ;
#4235 = EDGE_CURVE ( 'NONE', #9776, #6813, #12397, .T. ) ;
#4236 = DIRECTION ( 'NONE',  ( 0.000000000000000000, 0.000000000000000000, 1.000000000000000000 ) ) ;
#4237 = CIRCLE ( 'NONE', #7222, 0.02999999999999997113 ) ;
#4238 = EDGE_CURVE ( 'NONE', #9866, #10510, #3504, .T. ) ;
#4239 = CARTESIAN_POINT ( 'NONE',  ( -2.075000000000000178, 1.574999999999999734, 1.349999999999999645 ) ) ;
#4240 = ADVANCED_FACE ( 'NONE', ( #11992 ), #10876, .F. ) ;
#4241 = CARTESIAN_POINT ( 'NONE',  ( -1.925000000000000044, 1.125000000000000222, 0.4999999999999996669 ) ) ;
#4242 = EDGE_CURVE ( 'NONE', #4427, #12741, #12185, .T. ) ;
#4243 = ORIENTED_EDGE ( 'NONE', *, *, #2907, .T. ) ;
#4244 = ADVANCED_FACE ( 'NONE', ( #3201 ), #12134, .F. ) ;
#4245 = ORIENTED_EDGE ( 'NONE', *, *, #2916, .F. ) ;
#4246 = CARTESIAN_POINT ( 'NONE',  ( -0.4750000000000003664, 1.474999999999999867, -1.300000000000000711 ) ) ;
#4247 = AXIS2_PLACEMENT_3D ( 'NONE', #5819, #13139, #13052 ) ;
#4248 = PLANE ( 'NONE',  #1207 ) ;
#4249 = VERTEX_POINT ( 'NONE', #6091 ) ;
#4250 = FACE_OUTER_BOUND ( 'NONE', #6525, .T. ) ;
#4251 = VECTOR ( 'NONE', #3434, 1000.000000000000000 ) ;
#4252 = CARTESIAN_POINT ( 'NONE',  ( -3.200000000000000178, 0.6950000000000109424, 1.275000000000000133 ) ) ;
#4253 = EDGE_CURVE ( 'NONE', #9049, #1112, #12426, .T. ) ;
#4254 = EDGE_LOOP ( 'NONE', ( #3452, #7074, #12537, #2948 ) ) ;
#4255 = EDGE_LOOP ( 'NONE', ( #9524, #4569, #2836, #9817, #393, #5186, #7037, #7149 ) ) ;
#4256 = VERTEX_POINT ( 'NONE', #4246 ) ;
#4257 = EDGE_CURVE ( 'NONE', #2593, #1654, #12234, .T. ) ;
#4258 = CARTESIAN_POINT ( 'NONE',  ( -0.4749999999999999223, 0.4499999999999991784, -0.5500000000000020428 ) ) ;
#4259 = ORIENTED_EDGE ( 'NONE', *, *, #12879, .F. ) ;
#4260 = PLANE ( 'NONE',  #4175 ) ;
#4261 = CARTESIAN_POINT ( 'NONE',  ( 3.199999999999999734, 0.3500000000000021982, 0.9499999999999961808 ) ) ;
#4262 = LINE ( 'NONE', #10449, #13133 ) ;
#4263 = EDGE_CURVE ( 'NONE', #9671, #9225, #3270, .T. ) ;
#4264 = ORIENTED_EDGE ( 'NONE', *, *, #10297, .T. ) ;
#4265 = EDGE_CURVE ( 'NONE', #12524, #7455, #3382, .T. ) ;
#4266 = PLANE ( 'NONE',  #4638 ) ;
#4267 = ORIENTED_EDGE ( 'NONE', *, *, #9405, .T. ) ;
#4268 = ORIENTED_EDGE ( 'NONE', *, *, #5827, .T. ) ;
#4269 = EDGE_CURVE ( 'NONE', #3707, #5539, #3528, .T. ) ;
#4270 = CARTESIAN_POINT ( 'NONE',  ( 3.500000000000000000, 1.675000000000001377, -1.350000000000000533 ) ) ;
#4271 = PRESENTATION_STYLE_ASSIGNMENT (( #2271 ) ) ;
#4272 = DIRECTION ( 'NONE',  ( 0.000000000000000000, 0.7071067811865485719, -0.7071067811865465735 ) ) ;
#4273 = VECTOR ( 'NONE', #9738, 1000.000000000000000 ) ;
#4274 = EDGE_CURVE ( 'NONE', #6971, #1468, #7855, .T. ) ;
#4275 = ORIENTED_EDGE ( 'NONE', *, *, #6432, .F. ) ;
#4276 = ORIENTED_EDGE ( 'NONE', *, *, #969, .F. ) ;
#4277 = ORIENTED_EDGE ( 'NONE', *, *, #4970, .T. ) ;
#4278 = CARTESIAN_POINT ( 'NONE',  ( 3.500000000000000000, 1.675000000000001377, -1.350000000000000533 ) ) ;
#4279 = AXIS2_PLACEMENT_3D ( 'NONE', #4554, #6541, #6458 ) ;
#4280 = ORIENTED_EDGE ( 'NONE', *, *, #5201, .T. ) ;
#4281 = CARTESIAN_POINT ( 'NONE',  ( -2.700000000000000622, 0.2299999999999944866, -0.5500000000000018208 ) ) ;
#4282 = DIRECTION ( 'NONE',  ( 0.000000000000000000, 0.000000000000000000, -1.000000000000000000 ) ) ;
#4283 = UNCERTAINTY_MEASURE_WITH_UNIT (LENGTH_MEASURE( 1.000000000000000082E-05 ), #12966, 'distance_accuracy_value', 'NONE');
#4284 = LINE ( 'NONE', #8044, #4310 ) ;
#4285 = DIRECTION ( 'NONE',  ( -0.000000000000000000, -0.7071067811865434649, -0.7071067811865515695 ) ) ;
#4286 = ORIENTED_EDGE ( 'NONE', *, *, #5372, .T. ) ;
#4287 = CARTESIAN_POINT ( 'NONE',  ( -2.700000000000000178, 1.149999999999999911, -1.300000000000000711 ) ) ;
#4288 = DIRECTION ( 'NONE',  ( 1.000000000000000000, -0.000000000000000000, -0.000000000000000000 ) ) ;
#4289 = ORIENTED_EDGE ( 'NONE', *, *, #10595, .F. ) ;
#4290 = EDGE_CURVE ( 'NONE', #6779, #5446, #3454, .T. ) ;
#4291 = DIRECTION ( 'NONE',  ( -0.5773502691896242878, -0.5773502691896251759, -0.5773502691896278405 ) ) ;
#4292 = DIRECTION ( 'NONE',  ( -0.000000000000000000, -1.000000000000000000, -1.694065894508603636E-16 ) ) ;
#4293 = ORIENTED_EDGE ( 'NONE', *, *, #12512, .T. ) ;
#4294 = ADVANCED_FACE ( 'NONE', ( #7959 ), #4062, .F. ) ;
#4295 = PLANE ( 'NONE',  #11541 ) ;
#4296 = VECTOR ( 'NONE', #2511, 1000.000000000000000 ) ;
#4297 = EDGE_CURVE ( 'NONE', #12013, #7360, #3243, .T. ) ;
#4298 = DIRECTION ( 'NONE',  ( 0.000000000000000000, 0.000000000000000000, 1.000000000000000000 ) ) ;
#4299 = ORIENTED_EDGE ( 'NONE', *, *, #37, .T. ) ;
#4300 = EDGE_CURVE ( 'NONE', #6012, #2043, #7546, .T. ) ;
#4301 = AXIS2_PLACEMENT_3D ( 'NONE', #1149, #2112, #12115 ) ;
#4302 = EDGE_LOOP ( 'NONE', ( #8520, #3220, #1503, #9678 ) ) ;
#4303 = ORIENTED_EDGE ( 'NONE', *, *, #2026, .F. ) ;
#4304 = DIRECTION ( 'NONE',  ( 0.000000000000000000, -0.000000000000000000, 1.000000000000000000 ) ) ;
#4305 = DIRECTION ( 'NONE',  ( -0.000000000000000000, -0.000000000000000000, 1.000000000000000000 ) ) ;
#4306 = DIRECTION ( 'NONE',  ( -1.000000000000000000, 1.275531967630008943E-16, 0.000000000000000000 ) ) ;
#4307 = ORIENTED_EDGE ( 'NONE', *, *, #7140, .F. ) ;
#4308 = DIRECTION ( 'NONE',  ( 1.000000000000000000, 0.000000000000000000, 0.000000000000000000 ) ) ;
#4309 = MANIFOLD_SOLID_BREP ( 'Housing', #8916 ) ;
#4310 = VECTOR ( 'NONE', #5842, 1000.000000000000000 ) ;
#4311 = AXIS2_PLACEMENT_3D ( 'NONE', #12603, #2483, #12694 ) ;
#4312 = ORIENTED_EDGE ( 'NONE', *, *, #1876, .F. ) ;
#4313 = ORIENTED_EDGE ( 'NONE', *, *, #10154, .F. ) ;
#4314 = CARTESIAN_POINT ( 'NONE',  ( -1.275000000000000133, 1.125000000000000222, -0.5500000000000018208 ) ) ;
#4315 = AXIS2_PLACEMENT_3D ( 'NONE', #7487, #11873, #10528 ) ;
#4316 = ORIENTED_EDGE ( 'NONE', *, *, #2130, .F. ) ;
#4317 = CYLINDRICAL_SURFACE ( 'NONE', #7369, 0.2236160714285718720 ) ;
#4318 = LINE ( 'NONE', #1686, #8768 ) ;
#4319 = ADVANCED_FACE ( 'NONE', ( #3225 ), #4167, .F. ) ;
#4320 = DIRECTION ( 'NONE',  ( 1.000000000000000000, 0.000000000000000000, 0.000000000000000000 ) ) ;
#4321 = ORIENTED_EDGE ( 'NONE', *, *, #1656, .F. ) ;
#4322 = CARTESIAN_POINT ( 'NONE',  ( 0.4250000000000000444, 1.125000000000000222, 0.5500000000000004885 ) ) ;
#4323 = DIRECTION ( 'NONE',  ( 0.000000000000000000, 1.000000000000000000, 8.673617379884030542E-16 ) ) ;
#4324 = ORIENTED_EDGE ( 'NONE', *, *, #5202, .F. ) ;
#4325 = CARTESIAN_POINT ( 'NONE',  ( 2.700000000000000178, 0.05000000000000490163, -1.300000000000000711 ) ) ;
#4326 = ADVANCED_FACE ( 'NONE', ( #7520 ), #6254, .F. ) ;
#4327 = VERTEX_POINT ( 'NONE', #250 ) ;
#4328 = CARTESIAN_POINT ( 'NONE',  ( 3.200000000000000178, 0.1250000000000051903, 0.3500000000000004774 ) ) ;
#4329 = EDGE_CURVE ( 'NONE', #11669, #2349, #12138, .T. ) ;
#4330 = EDGE_CURVE ( 'NONE', #7501, #2349, #7649, .T. ) ;
#4331 = DIRECTION ( 'NONE',  ( -1.000000000000000000, 0.000000000000000000, 7.228014483236699514E-16 ) ) ;
#4332 = CARTESIAN_POINT ( 'NONE',  ( 3.500000000000000000, 0.2299999999999946254, -1.300000000000000711 ) ) ;
#4333 = ORIENTED_EDGE ( 'NONE', *, *, #1687, .F. ) ;
#4334 = EDGE_CURVE ( 'NONE', #13186, #12430, #12009, .T. ) ;
#4335 = CARTESIAN_POINT ( 'NONE',  ( 1.891666666666666829, 1.391666666666666829, 0.6833333333333341253 ) ) ;
#4336 = LINE ( 'NONE', #9550, #18 ) ;
#4337 = ORIENTED_EDGE ( 'NONE', *, *, #6901, .F. ) ;
#4338 = DIRECTION ( 'NONE',  ( 0.000000000000000000, 1.000000000000000000, 8.673617379884030542E-16 ) ) ;
#4339 = AXIS2_PLACEMENT_3D ( 'NONE', #8350, #5118, #4453 ) ;
#4340 = ORIENTED_EDGE ( 'NONE', *, *, #9388, .F. ) ;
#4341 = DIRECTION ( 'NONE',  ( 0.000000000000000000, -2.710505431213783962E-15, 1.000000000000000000 ) ) ;
#4342 = CARTESIAN_POINT ( 'NONE',  ( 0.3250000000000001776, 0.6999999999999995115, -0.3499999999999998113 ) ) ;
#4343 = ORIENTED_EDGE ( 'NONE', *, *, #3257, .T. ) ;
#4344 = VECTOR ( 'NONE', #6904, 1000.000000000000114 ) ;
#4345 = FACE_OUTER_BOUND ( 'NONE', #609, .T. ) ;
#4346 = DIRECTION ( 'NONE',  ( 1.000000000000000000, 0.000000000000000000, -7.228014483236699514E-16 ) ) ;
#4347 = EDGE_LOOP ( 'NONE', ( #841, #9461, #4683, #807 ) ) ;
#4348 = DIRECTION ( 'NONE',  ( 0.000000000000000000, 8.673617379884030542E-16, -1.000000000000000000 ) ) ;
#4349 = ORIENTED_EDGE ( 'NONE', *, *, #9554, .T. ) ;
#4350 = ORIENTED_EDGE ( 'NONE', *, *, #9486, .F. ) ;
#4351 = ORIENTED_EDGE ( 'NONE', *, *, #8067, .F. ) ;
#4352 = DIRECTION ( 'NONE',  ( 0.000000000000000000, 1.000000000000000000, 0.000000000000000000 ) ) ;
#4353 = ADVANCED_FACE ( 'NONE', ( #7718 ), #4519, .F. ) ;
#4354 = CARTESIAN_POINT ( 'NONE',  ( 3.500000000000000000, 1.150000000000011013, 1.274999999999999245 ) ) ;
#4355 = VECTOR ( 'NONE', #6259, 1000.000000000000000 ) ;
#4356 = EDGE_CURVE ( 'NONE', #10163, #10904, #3480, .T. ) ;
#4357 = ORIENTED_EDGE ( 'NONE', *, *, #1061, .T. ) ;
#4358 = VERTEX_POINT ( 'NONE', #2395 ) ;
#4359 = CARTESIAN_POINT ( 'NONE',  ( 2.075000000000000178, 1.750000000000000888, -0.5500000000000018208 ) ) ;
#4360 = ORIENTED_EDGE ( 'NONE', *, *, #4625, .F. ) ;
#4361 = CARTESIAN_POINT ( 'NONE',  ( -2.925000000000000266, 1.750000000000000000, 1.350000000000000533 ) ) ;
#4362 = FACE_OUTER_BOUND ( 'NONE', #3535, .T. ) ;
#4363 = CARTESIAN_POINT ( 'NONE',  ( 1.925000000000000044, 0.8125000000000003331, -1.300000000000000044 ) ) ;
#4364 = CARTESIAN_POINT ( 'NONE',  ( 1.925000000000000044, 1.574999999999999734, -1.350000000000000533 ) ) ;
#4365 = LINE ( 'NONE', #9211, #8267 ) ;
#4366 = ORIENTED_EDGE ( 'NONE', *, *, #5039, .F. ) ;
#4367 = CARTESIAN_POINT ( 'NONE',  ( 3.000000000000000444, 0.1250000000000052180, 0.3500000000000004774 ) ) ;
#4368 = VERTEX_POINT ( 'NONE', #12618 ) ;
#4369 = ORIENTED_EDGE ( 'NONE', *, *, #11748, .T. ) ;
#4370 = EDGE_LOOP ( 'NONE', ( #12946, #8253, #10440, #1744 ) ) ;
#4371 = DIRECTION ( 'NONE',  ( 0.000000000000000000, -0.7071067811865490160, -0.7071067811865460184 ) ) ;
#4372 = ORIENTED_EDGE ( 'NONE', *, *, #928, .T. ) ;
#4373 = CARTESIAN_POINT ( 'NONE',  ( -1.626303258728247283E-16, 0.4499999999999984568, -0.3499999999999994227 ) ) ;
#4374 = PRESENTATION_STYLE_ASSIGNMENT (( #8770 ) ) ;
#4375 = DIRECTION ( 'NONE',  ( 1.000000000000000000, 0.000000000000000000, -0.000000000000000000 ) ) ;
#4376 = ORIENTED_EDGE ( 'NONE', *, *, #9363, .F. ) ;
#4377 = ORIENTED_EDGE ( 'NONE', *, *, #796, .T. ) ;
#4378 = DIRECTION ( 'NONE',  ( 0.000000000000000000, 0.9363291775690438801, 0.3511234415883935367 ) ) ;
#4379 = FACE_OUTER_BOUND ( 'NONE', #140, .T. ) ;
#4380 = DIRECTION ( 'NONE',  ( 0.000000000000000000, 0.000000000000000000, 1.000000000000000000 ) ) ;
#4381 = ORIENTED_EDGE ( 'NONE', *, *, #12241, .F. ) ;
#4382 = FACE_BOUND ( 'NONE', #12956, .T. ) ;
#4383 = CARTESIAN_POINT ( 'NONE',  ( 1.125000000000000222, 1.574999999999999956, -1.300000000000000044 ) ) ;
#4384 = VECTOR ( 'NONE', #12723, 1000.000000000000000 ) ;
#4385 = ORIENTED_EDGE ( 'NONE', *, *, #1510, .T. ) ;
#4386 = DIRECTION ( 'NONE',  ( -1.000000000000000000, 0.000000000000000000, 0.000000000000000000 ) ) ;
#4387 = ORIENTED_EDGE ( 'NONE', *, *, #5381, .T. ) ;
#4388 = DIRECTION ( 'NONE',  ( 0.000000000000000000, 0.000000000000000000, 1.000000000000000000 ) ) ;
#4389 = ORIENTED_EDGE ( 'NONE', *, *, #8599, .F. ) ;
#4390 = EDGE_LOOP ( 'NONE', ( #7290, #7687, #5457, #2531 ) ) ;
#4391 = DIRECTION ( 'NONE',  ( 0.000000000000000000, 0.000000000000000000, 1.000000000000000000 ) ) ;
#4392 = DIRECTION ( 'NONE',  ( 0.000000000000000000, -1.000000000000000000, -0.000000000000000000 ) ) ;
#4393 = CARTESIAN_POINT ( 'NONE',  ( 0.4750000000000001443, 1.150000000000000133, -1.453616071428571743 ) ) ;
#4394 = ORIENTED_EDGE ( 'NONE', *, *, #9711, .F. ) ;
#4395 = EDGE_CURVE ( 'NONE', #9162, #11490, #7905, .T. ) ;
#4396 = CARTESIAN_POINT ( 'NONE',  ( -3.200000000000000178, 1.150000000000011013, 1.250000000000001110 ) ) ;
#4397 = CIRCLE ( 'NONE', #4076, 0.2236160714285718720 ) ;
#4398 = ORIENTED_EDGE ( 'NONE', *, *, #9114, .T. ) ;
#4399 = ORIENTED_EDGE ( 'NONE', *, *, #1096, .T. ) ;
#4400 = CARTESIAN_POINT ( 'NONE',  ( 3.500000000000000000, 1.750000000000000000, -1.275000000000001910 ) ) ;
#4401 = LINE ( 'NONE', #464, #3964 ) ;
#4402 = AXIS2_PLACEMENT_3D ( 'NONE', #1469, #4567, #2449 ) ;
#4403 = VERTEX_POINT ( 'NONE', #3325 ) ;
#4404 = EDGE_CURVE ( 'NONE', #319, #485, #7594, .T. ) ;
#4405 = LINE ( 'NONE', #5579, #26 ) ;
#4406 = ADVANCED_FACE ( 'NONE', ( #12100 ), #7437, .F. ) ;
#4407 = VECTOR ( 'NONE', #7704, 1000.000000000000000 ) ;
#4408 = EDGE_CURVE ( 'NONE', #12316, #1152, #3181, .T. ) ;
#4409 = ORIENTED_EDGE ( 'NONE', *, *, #2465, .T. ) ;
#4410 = ORIENTED_EDGE ( 'NONE', *, *, #7760, .T. ) ;
#4411 = CARTESIAN_POINT ( 'NONE',  ( 2.950000000000000622, 1.149999999999999911, -0.3000000000000006550 ) ) ;
#4412 = AXIS2_PLACEMENT_3D ( 'NONE', #9168, #11352, #4031 ) ;
#4413 = DIRECTION ( 'NONE',  ( -1.000000000000000000, 0.000000000000000000, 0.000000000000000000 ) ) ;
#4414 = ORIENTED_EDGE ( 'NONE', *, *, #4624, .T. ) ;
#4415 = CARTESIAN_POINT ( 'NONE',  ( 3.500000000000000000, 0.2299999999999946254, -1.300000000000000711 ) ) ;
#4416 = EDGE_LOOP ( 'NONE', ( #9056, #11930, #11564, #7162 ) ) ;
#4417 = CARTESIAN_POINT ( 'NONE',  ( 2.500000000000000888, 1.299999999999999378, 1.275000000000001910 ) ) ;
#4418 = EDGE_CURVE ( 'NONE', #1185, #8878, #3319, .T. ) ;
#4419 = CARTESIAN_POINT ( 'NONE',  ( -1.925000000000000044, 1.575000000000000178, 0.4999999999999998890 ) ) ;
#4420 = CARTESIAN_POINT ( 'NONE',  ( -1.124999999999999778, 0.4499999999999992339, -0.3499999999999998113 ) ) ;
#4421 = ORIENTED_EDGE ( 'NONE', *, *, #12564, .F. ) ;
#4422 = CARTESIAN_POINT ( 'NONE',  ( -1.175000000000000266, 0.7499999999999998890, -0.3499999999999998113 ) ) ;
#4423 = CARTESIAN_POINT ( 'NONE',  ( -3.000000000000000444, 1.749999999999999778, -0.5500000000000018208 ) ) ;
#4424 = ORIENTED_EDGE ( 'NONE', *, *, #8886, .T. ) ;
#4425 = EDGE_CURVE ( 'NONE', #485, #12152, #12622, .T. ) ;
#4426 = PLANE ( 'NONE',  #4511 ) ;
#4427 = VERTEX_POINT ( 'NONE', #2306 ) ;
#4428 = DIRECTION ( 'NONE',  ( 0.000000000000000000, 1.000000000000000000, 0.000000000000000000 ) ) ;
#4429 = FACE_OUTER_BOUND ( 'NONE', #8107, .T. ) ;
#4430 = EDGE_CURVE ( 'NONE', #2025, #9707, #8077, .T. ) ;
#4431 = AXIS2_PLACEMENT_3D ( 'NONE', #4364, #7373, #5635 ) ;
#4432 = ORIENTED_EDGE ( 'NONE', *, *, #4788, .F. ) ;
#4433 = LINE ( 'NONE', #6188, #8640 ) ;
#4434 = ADVANCED_FACE ( 'NONE', ( #8510 ), #3512, .T. ) ;
#4435 = DIRECTION ( 'NONE',  ( 0.000000000000000000, -1.000000000000000000, 0.000000000000000000 ) ) ;
#4436 = VERTEX_POINT ( 'NONE', #8424 ) ;
#4437 = ORIENTED_EDGE ( 'NONE', *, *, #5668, .T. ) ;
#4438 = DIRECTION ( 'NONE',  ( 1.000000000000000000, 0.000000000000000000, -0.000000000000000000 ) ) ;
#4439 = EDGE_CURVE ( 'NONE', #1009, #4080, #8189, .T. ) ;
#4440 = ORIENTED_EDGE ( 'NONE', *, *, #4253, .F. ) ;
#4441 = ADVANCED_FACE ( 'NONE', ( #12568 ), #7332, .F. ) ;
#4442 = ORIENTED_EDGE ( 'NONE', *, *, #471, .T. ) ;
#4443 = SURFACE_STYLE_USAGE ( .BOTH. , #10715 ) ;
#4444 = ORIENTED_EDGE ( 'NONE', *, *, #13097, .F. ) ;
#4445 = DIRECTION ( 'NONE',  ( -0.000000000000000000, -0.000000000000000000, 1.000000000000000000 ) ) ;
#4446 = EDGE_CURVE ( 'NONE', #2995, #564, #3700, .T. ) ;
#4447 = CARTESIAN_POINT ( 'NONE',  ( -3.200000000000000178, 1.150000000000009015, 1.250000000000000444 ) ) ;
#4448 = LINE ( 'NONE', #7010, #13156 ) ;
#4449 = ORIENTED_EDGE ( 'NONE', *, *, #11570, .F. ) ;
#4450 = DIRECTION ( 'NONE',  ( -0.000000000000000000, -1.000000000000000000, 0.000000000000000000 ) ) ;
#4451 = VECTOR ( 'NONE', #3427, 1000.000000000000000 ) ;
#4452 = ORIENTED_EDGE ( 'NONE', *, *, #7426, .T. ) ;
#4453 = DIRECTION ( 'NONE',  ( 1.000000000000000000, 0.000000000000000000, 0.000000000000000000 ) ) ;
#4454 = FACE_OUTER_BOUND ( 'NONE', #7032, .T. ) ;
#4455 = CARTESIAN_POINT ( 'NONE',  ( -1.274999999999999689, 0.7499999999999991118, -0.3499999999999998113 ) ) ;
#4456 = CARTESIAN_POINT ( 'NONE',  ( 0.4750000000000001443, 0.1000000000000000056, -0.9499999999999999556 ) ) ;
#4457 = AXIS2_PLACEMENT_3D ( 'NONE', #2524, #4727, #1533 ) ;
#4458 = LINE ( 'NONE', #2020, #4144 ) ;
#4459 = ORIENTED_EDGE ( 'NONE', *, *, #13060, .F. ) ;
#4460 = DIRECTION ( 'NONE',  ( 0.000000000000000000, 0.7071067811865475727, -0.7071067811865475727 ) ) ;
#4461 = ORIENTED_EDGE ( 'NONE', *, *, #5195, .T. ) ;
#4462 = CARTESIAN_POINT ( 'NONE',  ( 3.500000000000003109, 1.474999999999999867, -0.9749999999999897637 ) ) ;
#4463 = EDGE_LOOP ( 'NONE', ( #1598, #213, #2030, #2023 ) ) ;
#4464 = ORIENTED_EDGE ( 'NONE', *, *, #439, .T. ) ;
#4465 = CARTESIAN_POINT ( 'NONE',  ( -3.000000000000000444, 0.3050000000000112066, 1.305000000000000160 ) ) ;
#4466 = EDGE_CURVE ( 'NONE', #3326, #5446, #3842, .T. ) ;
#4467 = ORIENTED_EDGE ( 'NONE', *, *, #11402, .T. ) ;
#4468 = PLANE ( 'NONE',  #11571 ) ;
#4469 = VECTOR ( 'NONE', #2285, 1000.000000000000000 ) ;
#4470 = PLANE ( 'NONE',  #12188 ) ;
#4471 = EDGE_CURVE ( 'NONE', #5847, #13168, #8126, .T. ) ;
#4472 = CARTESIAN_POINT ( 'NONE',  ( -0.2749999999999994116, 0.2799999999999950862, -1.350000000000000533 ) ) ;
#4473 = DIRECTION ( 'NONE',  ( -0.000000000000000000, -1.000000000000000000, -0.000000000000000000 ) ) ;
#4474 = ORIENTED_EDGE ( 'NONE', *, *, #12347, .T. ) ;
#4475 = EDGE_CURVE ( 'NONE', #10069, #10534, #3891, .T. ) ;
#4476 = CARTESIAN_POINT ( 'NONE',  ( 3.500000000000000000, 1.150000000000011013, 1.250000000000001110 ) ) ;
#4477 = VECTOR ( 'NONE', #6519, 1000.000000000000000 ) ;
#4478 = CARTESIAN_POINT ( 'NONE',  ( 1.241666666666666474, 1.158333333333333659, 0.5333333333333336590 ) ) ;
#4479 = ORIENTED_EDGE ( 'NONE', *, *, #3247, .F. ) ;
#4480 = FACE_OUTER_BOUND ( 'NONE', #9756, .T. ) ;
#4481 = PLANE ( 'NONE',  #9985 ) ;
#4482 = FACE_OUTER_BOUND ( 'NONE', #351, .T. ) ;
#4483 = ORIENTED_EDGE ( 'NONE', *, *, #8404, .F. ) ;
#4484 = DIRECTION ( 'NONE',  ( -0.000000000000000000, -1.000000000000000000, -1.694065894508603636E-16 ) ) ;
#4485 = ORIENTED_EDGE ( 'NONE', *, *, #8926, .T. ) ;
#4486 = AXIS2_PLACEMENT_3D ( 'NONE', #9938, #12962, #11100 ) ;
#4487 = PLANE ( 'NONE',  #6731 ) ;
#4488 = ORIENTED_EDGE ( 'NONE', *, *, #12294, .F. ) ;
#4489 = VERTEX_POINT ( 'NONE', #4472 ) ;
#4490 = CARTESIAN_POINT ( 'NONE',  ( 3.500000000000000000, 1.574999999999999734, 1.350000000000000533 ) ) ;
#4491 = PLANE ( 'NONE',  #9340 ) ;
#4492 = VERTEX_POINT ( 'NONE', #5479 ) ;
#4493 = PLANE ( 'NONE',  #2356 ) ;
#4494 = LINE ( 'NONE', #4496, #4556 ) ;
#4495 = ORIENTED_EDGE ( 'NONE', *, *, #6736, .F. ) ;
#4496 = CARTESIAN_POINT ( 'NONE',  ( 3.200000000000000178, 0.6200000000000112088, 1.305000000000000160 ) ) ;
#4497 = VECTOR ( 'NONE', #9382, 1000.000000000000000 ) ;
#4498 = EDGE_CURVE ( 'NONE', #1701, #1279, #8101, .T. ) ;
#4499 = CARTESIAN_POINT ( 'NONE',  ( 2.962500000000000799, 0.08750000000000569822, 0.07500000000000117684 ) ) ;
#4500 = ORIENTED_EDGE ( 'NONE', *, *, #10140, .T. ) ;
#4501 = LINE ( 'NONE', #8584, #8832 ) ;
#4502 = LINE ( 'NONE', #13135, #222 ) ;
#4503 = EDGE_CURVE ( 'NONE', #1380, #9008, #8147, .T. ) ;
#4504 = CARTESIAN_POINT ( 'NONE',  ( 3.500000000000003553, 1.149999999999999911, -1.349999999999989653 ) ) ;
#4505 = ORIENTED_EDGE ( 'NONE', *, *, #7731, .F. ) ;
#4506 = ORIENTED_EDGE ( 'NONE', *, *, #2752, .T. ) ;
#4507 = DIRECTION ( 'NONE',  ( 0.000000000000000000, 0.000000000000000000, -1.000000000000000000 ) ) ;
#4508 = VERTEX_POINT ( 'NONE', #13051 ) ;
#4509 = DIRECTION ( 'NONE',  ( 1.000000000000000000, -0.000000000000000000, 0.000000000000000000 ) ) ;
#4510 = VERTEX_POINT ( 'NONE', #12659 ) ;
#4511 = AXIS2_PLACEMENT_3D ( 'NONE', #5524, #6422, #1416 ) ;
#4512 = CARTESIAN_POINT ( 'NONE',  ( -1.275000000000000133, 0.000000000000000000, -1.300000000000000044 ) ) ;
#4513 = CARTESIAN_POINT ( 'NONE',  ( 3.500000000000000000, 1.574999999999999734, 1.350000000000000533 ) ) ;
#4514 = ORIENTED_EDGE ( 'NONE', *, *, #8397, .T. ) ;
#4515 = CARTESIAN_POINT ( 'NONE',  ( 3.500000000000000000, 1.150000000000011013, 1.250000000000001110 ) ) ;
#4516 = DIRECTION ( 'NONE',  ( 0.000000000000000000, -1.000000000000000000, 0.000000000000000000 ) ) ;
#4517 = CARTESIAN_POINT ( 'NONE',  ( 0.4750000000000001443, 0.2299999999999945421, -0.5500000000000019318 ) ) ;
#4518 = ORIENTED_EDGE ( 'NONE', *, *, #10521, .T. ) ;
#4519 = PLANE ( 'NONE',  #5441 ) ;
#4520 = LINE ( 'NONE', #10798, #9021 ) ;
#4521 = CARTESIAN_POINT ( 'NONE',  ( 1.925000000000000044, 0.2299999999999945421, -0.5500000000000018208 ) ) ;
#4522 = ORIENTED_EDGE ( 'NONE', *, *, #6473, .T. ) ;
#4523 = ADVANCED_FACE ( 'NONE', ( #12595 ), #9010, .F. ) ;
#4524 = VECTOR ( 'NONE', #891, 1000.000000000000000 ) ;
#4525 = DIRECTION ( 'NONE',  ( -1.000000000000000000, 0.000000000000000000, 0.000000000000000000 ) ) ;
#4526 = VERTEX_POINT ( 'NONE', #9941 ) ;
#4527 = ORIENTED_EDGE ( 'NONE', *, *, #8130, .T. ) ;
#4528 = EDGE_CURVE ( 'NONE', #4815, #1028, #8051, .T. ) ;
#4529 = CARTESIAN_POINT ( 'NONE',  ( 1.925000000000000044, 0.7499999999999998890, -0.5500000000000020428 ) ) ;
#4530 = ORIENTED_EDGE ( 'NONE', *, *, #9605, .F. ) ;
#4531 = ORIENTED_EDGE ( 'NONE', *, *, #6819, .F. ) ;
#4532 = DIRECTION ( 'NONE',  ( -1.000000000000000000, 0.000000000000000000, 7.228014483236699514E-16 ) ) ;
#4533 = EDGE_LOOP ( 'NONE', ( #12588, #4714, #2371, #3131 ) ) ;
#4534 = LINE ( 'NONE', #6568, #3956 ) ;
#4535 = VERTEX_POINT ( 'NONE', #1889 ) ;
#4536 = CARTESIAN_POINT ( 'NONE',  ( -3.225000000000000533, 1.149999999999999911, -0.4500000000000006217 ) ) ;
#4537 = VECTOR ( 'NONE', #3061, 1000.000000000000000 ) ;
#4538 = ORIENTED_EDGE ( 'NONE', *, *, #4577, .T. ) ;
#4539 = DIRECTION ( 'NONE',  ( -1.000000000000000000, 1.275531967630008943E-16, 0.000000000000000000 ) ) ;
#4540 = VECTOR ( 'NONE', #2634, 1000.000000000000000 ) ;
#4541 = DIRECTION ( 'NONE',  ( 5.421010862427532031E-16, -1.694065894508603636E-16, 1.000000000000000000 ) ) ;
#4542 = DIRECTION ( 'NONE',  ( 0.000000000000000000, 0.000000000000000000, 1.000000000000000000 ) ) ;
#4543 = LINE ( 'NONE', #3465, #8985 ) ;
#4544 = ADVANCED_FACE ( 'NONE', ( #12833 ), #548, .F. ) ;
#4545 = ORIENTED_EDGE ( 'NONE', *, *, #5189, .F. ) ;
#4546 = PLANE ( 'NONE',  #4112 ) ;
#4547 = ORIENTED_EDGE ( 'NONE', *, *, #423, .F. ) ;
#4548 = CARTESIAN_POINT ( 'NONE',  ( -0.3750000000000001110, 1.125000000000000222, 0.5500000000000004885 ) ) ;
#4549 = EDGE_LOOP ( 'NONE', ( #8831, #10213, #10620, #8637 ) ) ;
#4550 = ADVANCED_FACE ( 'NONE', ( #8217 ), #7476, .F. ) ;
#4551 = VERTEX_POINT ( 'NONE', #11516 ) ;
#4552 = PLANE ( 'NONE',  #9033 ) ;
#4553 = ORIENTED_EDGE ( 'NONE', *, *, #7297, .F. ) ;
#4554 = CARTESIAN_POINT ( 'NONE',  ( -1.275000000000000133, 0.4499999999999999556, -0.3499999999999998113 ) ) ;
#4555 = CARTESIAN_POINT ( 'NONE',  ( 0.3250000000000001776, 0.7499999999999991118, -0.5500000000000018208 ) ) ;
#4557 = DIRECTION ( 'NONE',  ( -0.000000000000000000, -0.000000000000000000, 1.000000000000000000 ) ) ;
#4556 = VECTOR ( 'NONE', #11538, 1000.000000000000000 ) ;
#4558 = CARTESIAN_POINT ( 'NONE',  ( 1.125000000000000222, 0.4499999999999999556, -0.9499999999999999556 ) ) ;
#4559 = CARTESIAN_POINT ( 'NONE',  ( 1.125000000000000666, 1.749999999999999334, -1.275000000000002576 ) ) ;
#4560 = DIRECTION ( 'NONE',  ( -1.000000000000000000, -0.000000000000000000, -1.445602896647338917E-15 ) ) ;
#4561 = ORIENTED_EDGE ( 'NONE', *, *, #3586, .F. ) ;
#4562 = CARTESIAN_POINT ( 'NONE',  ( -2.500000000000000444, 0.2499999999999991396, 1.275000000000001910 ) ) ;
#4563 = LINE ( 'NONE', #8336, #4497 ) ;
#4564 = DIRECTION ( 'NONE',  ( -0.7071067811865474617, -6.388722569514064579E-16, 0.7071067811865474617 ) ) ;
#4565 = ORIENTED_EDGE ( 'NONE', *, *, #8784, .F. ) ;
#4566 = LINE ( 'NONE', #12576, #4227 ) ;
#4567 = DIRECTION ( 'NONE',  ( 1.275531967630008943E-16, -1.000000000000000000, 0.000000000000000000 ) ) ;
#4568 = LINE ( 'NONE', #7990, #479 ) ;
#4569 = ORIENTED_EDGE ( 'NONE', *, *, #2280, .T. ) ;
#4570 = AXIS2_PLACEMENT_3D ( 'NONE', #8142, #7952, #744 ) ;
#4571 = CARTESIAN_POINT ( 'NONE',  ( -2.074999999999999734, 0.7499999999999991118, -0.3499999999999998113 ) ) ;
#4572 = ORIENTED_EDGE ( 'NONE', *, *, #2179, .T. ) ;
#4573 = CARTESIAN_POINT ( 'NONE',  ( -3.500000000000000000, 1.714999999999999858, 1.350000000000000533 ) ) ;
#4574 = ORIENTED_EDGE ( 'NONE', *, *, #1378, .T. ) ;
#4575 = VERTEX_POINT ( 'NONE', #374 ) ;
#4576 = CARTESIAN_POINT ( 'NONE',  ( -1.125000000000000222, 1.125000000000000222, -0.5500000000000018208 ) ) ;
#4577 = EDGE_CURVE ( 'NONE', #12745, #11991, #3746, .T. ) ;
#4578 = CARTESIAN_POINT ( 'NONE',  ( 2.500000000000000888, 1.499999999999999334, -0.3499999999999994227 ) ) ;
#4579 = CARTESIAN_POINT ( 'NONE',  ( -3.200000000000000178, 0.1250000000000056344, 1.350000000000000533 ) ) ;
#4580 = VERTEX_POINT ( 'NONE', #11954 ) ;
#4581 = STYLED_ITEM ( 'NONE', ( #4271 ), #2151 ) ;
#4582 = PLANE ( 'NONE',  #1294 ) ;
#4583 = EDGE_CURVE ( 'NONE', #9858, #11405, #3678, .T. ) ;
#4584 = EDGE_CURVE ( 'NONE', #10470, #10920, #8491, .T. ) ;
#4585 = EDGE_CURVE ( 'NONE', #4158, #3773, #8339, .T. ) ;
#4586 = ORIENTED_EDGE ( 'NONE', *, *, #6287, .T. ) ;
#4587 = EDGE_CURVE ( 'NONE', #3188, #3332, #12936, .T. ) ;
#4588 = DIRECTION ( 'NONE',  ( 0.000000000000000000, 1.000000000000000000, -0.000000000000000000 ) ) ;
#4589 = LINE ( 'NONE', #10954, #9173 ) ;
#4590 = DIRECTION ( 'NONE',  ( -1.000000000000000000, 0.000000000000000000, 0.000000000000000000 ) ) ;
#4591 = VERTEX_POINT ( 'NONE', #2537 ) ;
#4592 = EDGE_CURVE ( 'NONE', #5062, #1782, #12768, .T. ) ;
#4593 = LINE ( 'NONE', #6165, #9001 ) ;
#4594 = FACE_OUTER_BOUND ( 'NONE', #1588, .T. ) ;
#4595 = CARTESIAN_POINT ( 'NONE',  ( 0.3250000000000001776, 0.4499999999999991784, -0.3499999999999994227 ) ) ;
#4596 = EDGE_LOOP ( 'NONE', ( #11063, #6658, #10969, #6969, #9104, #2399 ) ) ;
#4597 = ORIENTED_EDGE ( 'NONE', *, *, #7915, .T. ) ;
#4598 = CARTESIAN_POINT ( 'NONE',  ( -2.740000000000000213, 0.6500000000000001332, 1.350000000000000533 ) ) ;
#4599 = PLANE ( 'NONE',  #2212 ) ;
#4600 = EDGE_LOOP ( 'NONE', ( #6418, #1801, #8948, #6397 ) ) ;
#4601 = PLANE ( 'NONE',  #12587 ) ;
#4602 = ORIENTED_EDGE ( 'NONE', *, *, #5666, .F. ) ;
#4603 = CARTESIAN_POINT ( 'NONE',  ( 3.500000000000000000, 0.2299999999999944866, -0.5500000000000018208 ) ) ;
#4604 = DIRECTION ( 'NONE',  ( 0.000000000000000000, 0.000000000000000000, -1.000000000000000000 ) ) ;
#4605 = AXIS2_PLACEMENT_3D ( 'NONE', #10165, #11998, #2926 ) ;
#4606 = DIRECTION ( 'NONE',  ( -0.000000000000000000, 1.000000000000000000, 0.000000000000000000 ) ) ;
#4607 = ORIENTED_EDGE ( 'NONE', *, *, #281, .T. ) ;
#4608 = DIRECTION ( 'NONE',  ( -1.000000000000000000, 0.000000000000000000, 0.000000000000000000 ) ) ;
#4609 = DIRECTION ( 'NONE',  ( -0.7071067811865475727, 0.000000000000000000, 0.7071067811865475727 ) ) ;
#4610 = CIRCLE ( 'NONE', #6887, 0.03000000000000007869 ) ;
#4611 = CARTESIAN_POINT ( 'NONE',  ( 3.000000000000000444, -9.990435040599876449E-17, 0.4750000000000064171 ) ) ;
#4612 = ORIENTED_EDGE ( 'NONE', *, *, #5691, .T. ) ;
#4613 = DIRECTION ( 'NONE',  ( 0.000000000000000000, -6.377659838150027460E-17, -1.000000000000000000 ) ) ;
#4614 = EDGE_CURVE ( 'NONE', #1084, #2593, #8241, .T. ) ;
#4615 = VECTOR ( 'NONE', #12433, 1000.000000000000000 ) ;
#4616 = CARTESIAN_POINT ( 'NONE',  ( -1.275000000000000133, 1.124999999999999778, -1.350000000000000533 ) ) ;
#4617 = ORIENTED_EDGE ( 'NONE', *, *, #9, .T. ) ;
#4618 = LINE ( 'NONE', #9047, #9304 ) ;
#4619 = ADVANCED_FACE ( 'NONE', ( #12713 ), #2873, .F. ) ;
#4620 = VECTOR ( 'NONE', #10431, 1000.000000000000000 ) ;
#4621 = ORIENTED_EDGE ( 'NONE', *, *, #5074, .F. ) ;
#4622 = EDGE_CURVE ( 'NONE', #10254, #4671, #3869, .T. ) ;
#4623 = ORIENTED_EDGE ( 'NONE', *, *, #824, .T. ) ;
#4624 = EDGE_CURVE ( 'NONE', #3770, #4693, #8316, .T. ) ;
#4625 = EDGE_CURVE ( 'NONE', #8749, #2322, #12791, .T. ) ;
#4626 = CARTESIAN_POINT ( 'NONE',  ( -0.4749999999999999223, 1.149999999999999911, -1.300000000000000711 ) ) ;
#4627 = CARTESIAN_POINT ( 'NONE',  ( 3.000000000000000000, 0.1500000000000054623, 0.07500000000000120459 ) ) ;
#4628 = ORIENTED_EDGE ( 'NONE', *, *, #6468, .T. ) ;
#4629 = ORIENTED_EDGE ( 'NONE', *, *, #12947, .F. ) ;
#4630 = CARTESIAN_POINT ( 'NONE',  ( -1.125000000000000222, 0.000000000000000000, -1.300000000000000044 ) ) ;
#4631 = VERTEX_POINT ( 'NONE', #4231 ) ;
#4632 = DIRECTION ( 'NONE',  ( -1.000000000000000000, 0.000000000000000000, -0.000000000000000000 ) ) ;
#4633 = VECTOR ( 'NONE', #5276, 1000.000000000000000 ) ;
#4634 = AXIS2_PLACEMENT_3D ( 'NONE', #4940, #5928, #8149 ) ;
#4635 = ORIENTED_EDGE ( 'NONE', *, *, #11960, .F. ) ;
#4636 = VECTOR ( 'NONE', #4766, 1000.000000000000000 ) ;
#4637 = ORIENTED_EDGE ( 'NONE', *, *, #11303, .T. ) ;
#4638 = AXIS2_PLACEMENT_3D ( 'NONE', #8346, #2075, #268 ) ;
#4639 = EDGE_CURVE ( 'NONE', #6339, #8175, #3943, .T. ) ;
#4640 = ORIENTED_EDGE ( 'NONE', *, *, #11095, .T. ) ;
#4641 = CARTESIAN_POINT ( 'NONE',  ( -1.275000000000000133, 0.5000000000000002220, -0.3499999999999998113 ) ) ;
#4642 = FACE_OUTER_BOUND ( 'NONE', #3030, .T. ) ;
#4643 = CARTESIAN_POINT ( 'NONE',  ( 1.925000000000000044, 1.312500000000000222, -1.300000000000000044 ) ) ;
#4644 = ADVANCED_FACE ( 'NONE', ( #4039 ), #12406, .T. ) ;
#4645 = PLANE ( 'NONE',  #10314 ) ;
#4646 = LINE ( 'NONE', #12565, #4814 ) ;
#4647 = ORIENTED_EDGE ( 'NONE', *, *, #12596, .T. ) ;
#4648 = CARTESIAN_POINT ( 'NONE',  ( -0.3250000000000000111, 1.574999999999999956, -1.300000000000000044 ) ) ;
#4649 = ORIENTED_EDGE ( 'NONE', *, *, #9521, .F. ) ;
#4650 = CARTESIAN_POINT ( 'NONE',  ( 0.3250000000000001776, 1.149999999999999911, -0.9749999999999943157 ) ) ;
#4651 = EDGE_LOOP ( 'NONE', ( #4222, #9124, #931, #13086 ) ) ;
#4652 = CARTESIAN_POINT ( 'NONE',  ( 2.075000000000000178, 1.750000000000000888, -0.5500000000000018208 ) ) ;
#4653 = VERTEX_POINT ( 'NONE', #7422 ) ;
#4654 = DIRECTION ( 'NONE',  ( 0.000000000000000000, -0.000000000000000000, 1.000000000000000000 ) ) ;
#4655 = DIRECTION ( 'NONE',  ( -1.000000000000000000, -0.000000000000000000, -1.445602896647338917E-15 ) ) ;
#4656 = LINE ( 'NONE', #8805, #4715 ) ;
#4657 = DIRECTION ( 'NONE',  ( -0.000000000000000000, 1.000000000000000000, 0.000000000000000000 ) ) ;
#4658 = DIRECTION ( 'NONE',  ( 1.000000000000000000, 0.000000000000000000, 0.000000000000000000 ) ) ;
#4659 = CARTESIAN_POINT ( 'NONE',  ( -1.074999999999999512, 0.2799999999999950862, -1.350000000000000533 ) ) ;
#4660 = AXIS2_PLACEMENT_3D ( 'NONE', #11020, #8924, #1886 ) ;
#4661 = EDGE_LOOP ( 'NONE', ( #2223, #1714, #10947, #165 ) ) ;
#4662 = CARTESIAN_POINT ( 'NONE',  ( 2.700000000000000178, 0.05000000000000490163, -1.050000000000000488 ) ) ;
#4663 = VECTOR ( 'NONE', #1988, 1000.000000000000000 ) ;
#4664 = CARTESIAN_POINT ( 'NONE',  ( -1.275000000000000133, 0.4499999999999991784, -0.3499999999999994227 ) ) ;
#4665 = ORIENTED_EDGE ( 'NONE', *, *, #9062, .T. ) ;
#4666 = VERTEX_POINT ( 'NONE', #6077 ) ;
#4667 = LINE ( 'NONE', #3606, #9072 ) ;
#4668 = CARTESIAN_POINT ( 'NONE',  ( -0.01250000000001228427, 1.149999999999999911, -1.612499999999991385 ) ) ;
#4669 = FACE_OUTER_BOUND ( 'NONE', #2528, .T. ) ;
#4670 = ADVANCED_FACE ( 'NONE', ( #3970 ), #7168, .T. ) ;
#4671 = VERTEX_POINT ( 'NONE', #10204 ) ;
#4672 = DIRECTION ( 'NONE',  ( 0.000000000000000000, 0.000000000000000000, -1.000000000000000000 ) ) ;
#4673 = ORIENTED_EDGE ( 'NONE', *, *, #9389, .F. ) ;
#4674 = DIRECTION ( 'NONE',  ( 1.000000000000000000, -0.000000000000000000, -0.000000000000000000 ) ) ;
#4675 = VERTEX_POINT ( 'NONE', #2297 ) ;
#4676 = ADVANCED_FACE ( 'NONE', ( #12915 ), #12497, .F. ) ;
#4677 = CARTESIAN_POINT ( 'NONE',  ( -1.275000000000000133, 1.574999999999999956, -1.300000000000000044 ) ) ;
#4678 = PLANE ( 'NONE',  #10643 ) ;
#4679 = CARTESIAN_POINT ( 'NONE',  ( -0.4749999999999999223, 0.7499999999999998890, -0.5500000000000020428 ) ) ;
#4680 = ORIENTED_EDGE ( 'NONE', *, *, #12748, .F. ) ;
#4681 = DIRECTION ( 'NONE',  ( -0.000000000000000000, 0.000000000000000000, -1.000000000000000000 ) ) ;
#4682 = LINE ( 'NONE', #5133, #9169 ) ;
#4683 = ORIENTED_EDGE ( 'NONE', *, *, #3725, .F. ) ;
#4684 = DIRECTION ( 'NONE',  ( -0.5773502691896249539, -0.5773502691896272854, 0.5773502691896249539 ) ) ;
#4685 = LINE ( 'NONE', #10401, #4705 ) ;
#4686 = AXIS2_PLACEMENT_3D ( 'NONE', #2386, #3598, #4694 ) ;
#4687 = ORIENTED_EDGE ( 'NONE', *, *, #11437, .F. ) ;
#4688 = CARTESIAN_POINT ( 'NONE',  ( 3.500000000000003553, 1.149999999999999911, -1.349999999999989653 ) ) ;
#4689 = LINE ( 'NONE', #7779, #220 ) ;
#4690 = VECTOR ( 'NONE', #3279, 1000.000000000000000 ) ;
#4691 = DIRECTION ( 'NONE',  ( -0.000000000000000000, -0.7071067811865474617, -0.7071067811865474617 ) ) ;
#4692 = ORIENTED_EDGE ( 'NONE', *, *, #10144, .T. ) ;
#4693 = VERTEX_POINT ( 'NONE', #8213 ) ;
#4694 = DIRECTION ( 'NONE',  ( -1.000000000000000000, 0.000000000000000000, -0.000000000000000000 ) ) ;
#4695 = ORIENTED_EDGE ( 'NONE', *, *, #9114, .F. ) ;
#4696 = CARTESIAN_POINT ( 'NONE',  ( -1.324999999999999734, 1.474999999999999867, -1.350000000000000533 ) ) ;
#4697 = DIRECTION ( 'NONE',  ( 1.000000000000000000, -0.000000000000000000, -0.000000000000000000 ) ) ;
#4698 = CARTESIAN_POINT ( 'NONE',  ( -1.925000000000000044, 0.4499999999999999556, -0.9499999999999999556 ) ) ;
#4699 = DIRECTION ( 'NONE',  ( 0.000000000000000000, 1.000000000000000000, 8.673617379884030542E-16 ) ) ;
#4700 = ORIENTED_EDGE ( 'NONE', *, *, #1068, .F. ) ;
#4701 = CARTESIAN_POINT ( 'NONE',  ( 2.024999999999999911, 1.575000000000000178, 0.5500000000000003775 ) ) ;
#4702 = VECTOR ( 'NONE', #254, 1000.000000000000000 ) ;
#4703 = ORIENTED_EDGE ( 'NONE', *, *, #3215, .T. ) ;
#4704 = CARTESIAN_POINT ( 'NONE',  ( 0.3250000000000001776, 1.149999999999999911, -1.300000000000000266 ) ) ;
#4705 = VECTOR ( 'NONE', #174, 1000.000000000000000 ) ;
#4706 = ORIENTED_EDGE ( 'NONE', *, *, #3540, .T. ) ;
#4707 = VECTOR ( 'NONE', #8513, 1000.000000000000000 ) ;
#4708 = FACE_OUTER_BOUND ( 'NONE', #11050, .T. ) ;
#4709 = ORIENTED_EDGE ( 'NONE', *, *, #4065, .T. ) ;
#4710 = VERTEX_POINT ( 'NONE', #12307 ) ;
#4711 = CARTESIAN_POINT ( 'NONE',  ( 2.075000000000001066, 9.998753368477434163E-16, -0.3499999999999994227 ) ) ;
#4712 = DIRECTION ( 'NONE',  ( -0.000000000000000000, 1.000000000000000000, 0.000000000000000000 ) ) ;
#4713 = ORIENTED_EDGE ( 'NONE', *, *, #4759, .F. ) ;
#4714 = ORIENTED_EDGE ( 'NONE', *, *, #8366, .F. ) ;
#4715 = VECTOR ( 'NONE', #4346, 1000.000000000000000 ) ;
#4716 = ORIENTED_EDGE ( 'NONE', *, *, #2053, .T. ) ;
#4717 = CARTESIAN_POINT ( 'NONE',  ( 2.949999999999981526, -1.595000000000014184, 0.5249999999999792610 ) ) ;
#4718 = VECTOR ( 'NONE', #2984, 1000.000000000000000 ) ;
#4719 = VERTEX_POINT ( 'NONE', #11286 ) ;
#4720 = CARTESIAN_POINT ( 'NONE',  ( -1.275000000000000133, 0.000000000000000000, -1.300000000000000044 ) ) ;
#4721 = LINE ( 'NONE', #2664, #4792 ) ;
#4722 = DIRECTION ( 'NONE',  ( -0.000000000000000000, -0.000000000000000000, 1.000000000000000000 ) ) ;
#4723 = CARTESIAN_POINT ( 'NONE',  ( 1.275000000000000355, 1.124999999999999778, -0.3499999999999998113 ) ) ;
#4724 = LINE ( 'NONE', #4738, #4793 ) ;
#4725 = EDGE_CURVE ( 'NONE', #1462, #1069, #8362, .T. ) ;
#4726 = VERTEX_POINT ( 'NONE', #2209 ) ;
#4727 = DIRECTION ( 'NONE',  ( 1.000000000000000000, -0.000000000000000000, -0.000000000000000000 ) ) ;
#4728 = VERTEX_POINT ( 'NONE', #10112 ) ;
#4729 = DIRECTION ( 'NONE',  ( 1.000000000000000000, 0.000000000000000000, -0.000000000000000000 ) ) ;
#4730 = ORIENTED_EDGE ( 'NONE', *, *, #8747, .T. ) ;
#4731 = CARTESIAN_POINT ( 'NONE',  ( -3.000000000000000444, 0.7250000000000111910, 1.350000000000000533 ) ) ;
#4732 = AXIS2_PLACEMENT_3D ( 'NONE', #6347, #8230, #9289 ) ;
#4733 = ORIENTED_EDGE ( 'NONE', *, *, #4944, .T. ) ;
#4734 = VECTOR ( 'NONE', #2068, 1000.000000000000000 ) ;
#4735 = PLANE ( 'NONE',  #6041 ) ;
#4736 = AXIS2_PLACEMENT_3D ( 'NONE', #11069, #10168, #5877 ) ;
#4737 = ORIENTED_EDGE ( 'NONE', *, *, #5696, .T. ) ;
#4738 = CARTESIAN_POINT ( 'NONE',  ( -3.500000000000000000, 1.750000000000000000, -1.350000000000000533 ) ) ;
#4739 = VECTOR ( 'NONE', #2894, 1000.000000000000000 ) ;
#4740 = EDGE_CURVE ( 'NONE', #13020, #6339, #3995, .T. ) ;
#4741 = VERTEX_POINT ( 'NONE', #3216 ) ;
#4742 = FACE_OUTER_BOUND ( 'NONE', #13180, .T. ) ;
#4743 = ADVANCED_FACE ( 'NONE', ( #8440 ), #7337, .F. ) ;
#4744 = DIRECTION ( 'NONE',  ( 0.5773502691896227335, -0.5773502691896318373, 0.5773502691896227335 ) ) ;
#4745 = VECTOR ( 'NONE', #6300, 1000.000000000000000 ) ;
#4746 = AXIS2_PLACEMENT_3D ( 'NONE', #4548, #10683, #2166 ) ;
#4747 = ORIENTED_EDGE ( 'NONE', *, *, #6750, .T. ) ;
#4748 = EDGE_CURVE ( 'NONE', #5318, #10232, #8466, .T. ) ;
#4749 = CARTESIAN_POINT ( 'NONE',  ( 1.925000000000000044, 0.4499999999999999556, -0.9499999999999999556 ) ) ;
#4750 = ORIENTED_EDGE ( 'NONE', *, *, #7561, .T. ) ;
#4751 = CARTESIAN_POINT ( 'NONE',  ( 2.500000000000000888, 1.499999999999999334, -0.3499999999999994227 ) ) ;
#4752 = EDGE_CURVE ( 'NONE', #4049, #8180, #12446, .T. ) ;
#4753 = EDGE_CURVE ( 'NONE', #11293, #4591, #12469, .T. ) ;
#4754 = ORIENTED_EDGE ( 'NONE', *, *, #5364, .F. ) ;
#4755 = DIRECTION ( 'NONE',  ( -3.833233541708442001E-16, -0.7071067811865474617, -0.7071067811865474617 ) ) ;
#4756 = CARTESIAN_POINT ( 'NONE',  ( 2.075000000000000178, 1.125000000000000222, -0.5500000000000018208 ) ) ;
#4757 = DIRECTION ( 'NONE',  ( 0.000000000000000000, 1.000000000000000000, -0.000000000000000000 ) ) ;
#4758 = CARTESIAN_POINT ( 'NONE',  ( 3.200000000000000178, -2.551063935260013388E-17, 1.224999999999994982 ) ) ;
#4759 = EDGE_CURVE ( 'NONE', #4510, #11973, #3656, .T. ) ;
#4760 = LINE ( 'NONE', #3151, #359 ) ;
#4761 = EDGE_CURVE ( 'NONE', #13032, #8496, #8590, .T. ) ;
#4762 = ORIENTED_EDGE ( 'NONE', *, *, #12183, .F. ) ;
#4763 = PLANE ( 'NONE',  #13044 ) ;
#4764 = LINE ( 'NONE', #8436, #326 ) ;
#4765 = ORIENTED_EDGE ( 'NONE', *, *, #3448, .F. ) ;
#4766 = DIRECTION ( 'NONE',  ( -1.000000000000000000, 0.000000000000000000, 0.000000000000000000 ) ) ;
#4767 = VECTOR ( 'NONE', #6245, 1000.000000000000000 ) ;
#4768 = AXIS2_PLACEMENT_3D ( 'NONE', #5636, #10679, #2425 ) ;
#4769 = ADVANCED_FACE ( 'NONE', ( #8557 ), #10287, .F. ) ;
#4770 = EDGE_LOOP ( 'NONE', ( #8682, #2866, #9303, #12232 ) ) ;
#4771 = ORIENTED_EDGE ( 'NONE', *, *, #12788, .T. ) ;
#4772 = CARTESIAN_POINT ( 'NONE',  ( -0.4749999999999999223, 1.575000000000000178, 0.5500000000000003775 ) ) ;
#4773 = DIRECTION ( 'NONE',  ( -0.000000000000000000, -0.000000000000000000, 1.000000000000000000 ) ) ;
#4774 = VERTEX_POINT ( 'NONE', #8409 ) ;
#4775 = ADVANCED_FACE ( 'NONE', ( #8530 ), #6749, .T. ) ;
#4776 = CARTESIAN_POINT ( 'NONE',  ( -1.275000000000000133, 0.1000000000000000056, -0.9499999999999999556 ) ) ;
#4777 = EDGE_CURVE ( 'NONE', #13046, #1255, #8248, .T. ) ;
#4778 = PLANE ( 'NONE',  #5260 ) ;
#4779 = ADVANCED_FACE ( 'NONE', ( #8515 ), #4599, .F. ) ;
#4780 = DIRECTION ( 'NONE',  ( 0.000000000000000000, 0.000000000000000000, 1.000000000000000000 ) ) ;
#4781 = DIRECTION ( 'NONE',  ( 0.000000000000000000, 0.000000000000000000, 1.000000000000000000 ) ) ;
#4782 = LINE ( 'NONE', #7797, #5027 ) ;
#4783 = EDGE_CURVE ( 'NONE', #10236, #10377, #12669, .T. ) ;
#4784 = ORIENTED_EDGE ( 'NONE', *, *, #2445, .F. ) ;
#4785 = EDGE_CURVE ( 'NONE', #804, #4403, #12919, .T. ) ;
#4786 = AXIS2_PLACEMENT_3D ( 'NONE', #4042, #5073, #12395 ) ;
#4787 = PLANE ( 'NONE',  #7692 ) ;
#4788 = EDGE_CURVE ( 'NONE', #187, #2420, #4114, .T. ) ;
#4789 = LINE ( 'NONE', #9463, #4739 ) ;
#4790 = ORIENTED_EDGE ( 'NONE', *, *, #7275, .F. ) ;
#4791 = PLANE ( 'NONE',  #3381 ) ;
#4792 = VECTOR ( 'NONE', #9894, 1000.000000000000000 ) ;
#4793 = VECTOR ( 'NONE', #10774, 1000.000000000000000 ) ;
#4794 = EDGE_LOOP ( 'NONE', ( #2724, #833, #5312, #11925 ) ) ;
#4795 = ORIENTED_EDGE ( 'NONE', *, *, #2951, .T. ) ;
#4796 = EDGE_CURVE ( 'NONE', #4085, #7665, #8298, .T. ) ;
#4797 = AXIS2_PLACEMENT_3D ( 'NONE', #6751, #7964, #1829 ) ;
#4798 = CARTESIAN_POINT ( 'NONE',  ( -2.740000000000000213, 1.299999999999999378, 0.1500000000000006051 ) ) ;
#4799 = PLANE ( 'NONE',  #10475 ) ;
#4800 = ORIENTED_EDGE ( 'NONE', *, *, #1874, .F. ) ;
#4801 = CARTESIAN_POINT ( 'NONE',  ( -1.925000000000000044, 1.575000000000000178, 0.5500000000000003775 ) ) ;
#4802 = CARTESIAN_POINT ( 'NONE',  ( 3.500000000000000000, 0.2299999999999946254, -1.350000000000000533 ) ) ;
#4803 = AXIS2_PLACEMENT_3D ( 'NONE', #8511, #2213, #502 ) ;
#4804 = EDGE_CURVE ( 'NONE', #3067, #2011, #3706, .T. ) ;
#4805 = CARTESIAN_POINT ( 'NONE',  ( 1.275000000000000133, 1.499999999999999334, -0.3499999999999994227 ) ) ;
#4806 = LINE ( 'NONE', #1173, #275 ) ;
#4807 = ORIENTED_EDGE ( 'NONE', *, *, #12790, .F. ) ;
#4808 = DIRECTION ( 'NONE',  ( 0.5773502691896227335, -0.5773502691896318373, 0.5773502691896227335 ) ) ;
#4809 = VECTOR ( 'NONE', #12242, 1000.000000000000000 ) ;
#4810 = EDGE_CURVE ( 'NONE', #3877, #5979, #8471, .T. ) ;
#4811 = ORIENTED_EDGE ( 'NONE', *, *, #5962, .T. ) ;
#4812 = VECTOR ( 'NONE', #242, 1000.000000000000000 ) ;
#4813 = CARTESIAN_POINT ( 'NONE',  ( -2.075000000000000178, 0.9750000000000004219, -1.229999999999999760 ) ) ;
#4814 = VECTOR ( 'NONE', #6469, 1000.000000000000000 ) ;
#4815 = VERTEX_POINT ( 'NONE', #6497 ) ;
#4816 = CARTESIAN_POINT ( 'NONE',  ( 0.4416666666666665964, 0.4833333333333333925, -0.3666666666666666408 ) ) ;
#4817 = ORIENTED_EDGE ( 'NONE', *, *, #126, .T. ) ;
#4818 = CARTESIAN_POINT ( 'NONE',  ( -1.324999999999999734, 0.2299999999999946254, -1.350000000000000533 ) ) ;
#4819 = ORIENTED_EDGE ( 'NONE', *, *, #590, .F. ) ;
#4820 = AXIS2_PLACEMENT_3D ( 'NONE', #12826, #604, #1264 ) ;
#4821 = CARTESIAN_POINT ( 'NONE',  ( -1.865000000000000213, 0.2149999999999987199, 1.310000000000002052 ) ) ;
#4822 = CARTESIAN_POINT ( 'NONE',  ( 1.275000000000000133, 1.499999999999999112, 1.274999999999999911 ) ) ;
#4823 = APPLICATION_PROTOCOL_DEFINITION ( 'draft international standard', 'automotive_design', 1998, #9849 ) ;
#4824 = LINE ( 'NONE', #418, #4901 ) ;
#4825 = DIRECTION ( 'NONE',  ( 0.000000000000000000, -0.000000000000000000, 1.000000000000000000 ) ) ;
#4826 = ORIENTED_EDGE ( 'NONE', *, *, #6601, .T. ) ;
#4827 = CARTESIAN_POINT ( 'NONE',  ( 3.500000000000003109, 1.149999999999999911, -0.9749999999999897637 ) ) ;
#4828 = LINE ( 'NONE', #4529, #9236 ) ;
#4829 = DIRECTION ( 'NONE',  ( 1.000000000000000000, 0.000000000000000000, 0.000000000000000000 ) ) ;
#4830 = ORIENTED_EDGE ( 'NONE', *, *, #13094, .T. ) ;
#4831 = FACE_OUTER_BOUND ( 'NONE', #5591, .T. ) ;
#4832 = CARTESIAN_POINT ( 'NONE',  ( -1.924999999999999822, 1.124999999999999778, -0.3499999999999998113 ) ) ;
#4833 = FACE_OUTER_BOUND ( 'NONE', #5157, .T. ) ;
#4834 = ORIENTED_EDGE ( 'NONE', *, *, #9226, .F. ) ;
#4835 = CARTESIAN_POINT ( 'NONE',  ( 3.500000000000003109, 1.474999999999999867, -0.9749999999999897637 ) ) ;
#4836 = ORIENTED_EDGE ( 'NONE', *, *, #11900, .T. ) ;
#4837 = DIRECTION ( 'NONE',  ( 0.7071067811865489050, -0.7071067811865462405, 0.000000000000000000 ) ) ;
#4838 = EDGE_CURVE ( 'NONE', #9004, #4675, #4067, .T. ) ;
#4839 = ORIENTED_EDGE ( 'NONE', *, *, #472, .F. ) ;
#4840 = CARTESIAN_POINT ( 'NONE',  ( 1.925000000000000044, 0.2000000000000000111, -0.9499999999999999556 ) ) ;
#4841 = DIRECTION ( 'NONE',  ( -0.000000000000000000, -0.000000000000000000, -1.000000000000000000 ) ) ;
#4842 = CARTESIAN_POINT ( 'NONE',  ( 0.3250000000000006217, 1.750000000000000888, -1.350000000000000533 ) ) ;
#4843 = VECTOR ( 'NONE', #775, 1000.000000000000000 ) ;
#4844 = ORIENTED_EDGE ( 'NONE', *, *, #7864, .T. ) ;
#4845 = DIRECTION ( 'NONE',  ( 1.000000000000000000, -0.000000000000000000, -0.000000000000000000 ) ) ;
#4846 = LINE ( 'NONE', #11484, #4718 ) ;
#4847 = ORIENTED_EDGE ( 'NONE', *, *, #3044, .T. ) ;
#4848 = CARTESIAN_POINT ( 'NONE',  ( -0.4749999999999999223, 0.9750000000000004219, -1.453616071428571521 ) ) ;
#4849 = FACE_OUTER_BOUND ( 'NONE', #1723, .T. ) ;
#4850 = LINE ( 'NONE', #4827, #9178 ) ;
#4851 = VERTEX_POINT ( 'NONE', #7858 ) ;
#4852 = ORIENTED_EDGE ( 'NONE', *, *, #8921, .T. ) ;
#4853 = VERTEX_POINT ( 'NONE', #3496 ) ;
#4854 = PLANE ( 'NONE',  #4686 ) ;
#4855 = ORIENTED_EDGE ( 'NONE', *, *, #10762, .T. ) ;
#4856 = DIRECTION ( 'NONE',  ( 0.000000000000000000, -0.000000000000000000, -1.000000000000000000 ) ) ;
#4857 = CARTESIAN_POINT ( 'NONE',  ( -1.125000000000000000, 1.149999999999999911, -1.300000000000000044 ) ) ;
#4858 = CARTESIAN_POINT ( 'NONE',  ( 3.000000000000000444, 0.6200000000000113198, 1.324999999999999956 ) ) ;
#4859 = CARTESIAN_POINT ( 'NONE',  ( 1.275000000000000133, 0.7499999999999991118, -0.5500000000000021538 ) ) ;
#4860 = CARTESIAN_POINT ( 'NONE',  ( 3.200000000000000178, 0.2750000000000112355, 1.305000000000000382 ) ) ;
#4861 = DIRECTION ( 'NONE',  ( -0.000000000000000000, 0.000000000000000000, 1.000000000000000000 ) ) ;
#4862 = LINE ( 'NONE', #9380, #231 ) ;
#4863 = DIRECTION ( 'NONE',  ( 1.000000000000000000, 0.000000000000000000, 0.000000000000000000 ) ) ;
#4864 = EDGE_LOOP ( 'NONE', ( #8212, #8635, #8412, #4474 ) ) ;
#4865 = DIRECTION ( 'NONE',  ( 0.7071067811865475727, -0.7071067811865475727, 0.000000000000000000 ) ) ;
#4866 = EDGE_CURVE ( 'NONE', #4851, #11206, #3828, .T. ) ;
#4867 = LINE ( 'NONE', #11391, #177 ) ;
#4868 = ORIENTED_EDGE ( 'NONE', *, *, #1258, .F. ) ;
#4869 = DIRECTION ( 'NONE',  ( 1.000000000000000000, -0.000000000000000000, -0.000000000000000000 ) ) ;
#4870 = VECTOR ( 'NONE', #11468, 1000.000000000000000 ) ;
#4871 = LINE ( 'NONE', #6054, #8944 ) ;
#4872 = ORIENTED_EDGE ( 'NONE', *, *, #9717, .F. ) ;
#4873 = EDGE_LOOP ( 'NONE', ( #11738, #12379, #3501, #8383, #8666, #8586, #3043, #7901, #13039, #7354, #7766, #12327, #12814, #3699, #8375, #3929, #13072, #12804, #12935, #860, #4967, #8804, #5413, #13134, #565, #4877, #9007, #5257 ) ) ;
#4874 = ORIENTED_EDGE ( 'NONE', *, *, #9568, .T. ) ;
#4875 = DIRECTION ( 'NONE',  ( 0.000000000000000000, 0.000000000000000000, 1.000000000000000000 ) ) ;
#4876 = DIRECTION ( 'NONE',  ( -4.818676322157797375E-16, 1.000000000000000000, 0.000000000000000000 ) ) ;
#4877 = ORIENTED_EDGE ( 'NONE', *, *, #4753, .T. ) ;
#4878 = ADVANCED_FACE ( 'NONE', ( #3752 ), #4854, .F. ) ;
#4879 = PLANE ( 'NONE',  #8932 ) ;
#4880 = ADVANCED_FACE ( 'NONE', ( #8495 ), #7771, .F. ) ;
#4881 = EDGE_CURVE ( 'NONE', #2995, #4575, #4044, .T. ) ;
#4882 = LINE ( 'NONE', #4801, #9297 ) ;
#4883 = EDGE_CURVE ( 'NONE', #4719, #9671, #12943, .T. ) ;
#4884 = ORIENTED_EDGE ( 'NONE', *, *, #8252, .F. ) ;
#4885 = EDGE_CURVE ( 'NONE', #1152, #4068, #8030, .T. ) ;
#4886 = DIRECTION ( 'NONE',  ( 0.000000000000000000, 0.000000000000000000, 1.000000000000000000 ) ) ;
#4887 = VECTOR ( 'NONE', #2146, 1000.000000000000000 ) ;
#4888 = ORIENTED_EDGE ( 'NONE', *, *, #8465, .F. ) ;
#4889 = AXIS2_PLACEMENT_3D ( 'NONE', #6931, #7966, #11047 ) ;
#4890 = LINE ( 'NONE', #10118, #9326 ) ;
#4891 = CARTESIAN_POINT ( 'NONE',  ( 0.3250000000000006217, 0.7499999999999991118, -0.3499999999999998113 ) ) ;
#4892 = LINE ( 'NONE', #1465, #4620 ) ;
#4893 = ORIENTED_EDGE ( 'NONE', *, *, #12265, .T. ) ;
#4894 = DIRECTION ( 'NONE',  ( 0.000000000000000000, 8.673617379884030542E-16, -1.000000000000000000 ) ) ;
#4895 = ORIENTED_EDGE ( 'NONE', *, *, #5037, .T. ) ;
#4896 = EDGE_LOOP ( 'NONE', ( #7646, #7202, #2884, #5165 ) ) ;
#4897 = ORIENTED_EDGE ( 'NONE', *, *, #173, .T. ) ;
#4898 = EDGE_CURVE ( 'NONE', #1782, #30, #4023, .T. ) ;
#4899 = DIRECTION ( 'NONE',  ( -1.445602896647340100E-15, 1.000000000000000000, 0.000000000000000000 ) ) ;
#4900 = EDGE_CURVE ( 'NONE', #4071, #12442, #8132, .T. ) ;
#4901 = VECTOR ( 'NONE', #9293, 1000.000000000000114 ) ;
#4902 = CARTESIAN_POINT ( 'NONE',  ( 3.000000000000000000, 1.150000000000011013, 0.3500000000000004219 ) ) ;
#4903 = ADVANCED_FACE ( 'NONE', ( #8057 ), #3986, .F. ) ;
#4904 = ORIENTED_EDGE ( 'NONE', *, *, #4614, .T. ) ;
#4905 = EDGE_CURVE ( 'NONE', #7081, #1335, #4000, .T. ) ;
#4906 = EDGE_CURVE ( 'NONE', #12461, #11917, #12818, .T. ) ;
#4907 = DIRECTION ( 'NONE',  ( 1.000000000000000000, 0.000000000000000000, -0.000000000000000000 ) ) ;
#4908 = LINE ( 'NONE', #6743, #9135 ) ;
#4909 = CARTESIAN_POINT ( 'NONE',  ( 2.950000000000000622, 1.149999999999999911, -0.3000000000000006550 ) ) ;
#4910 = ORIENTED_EDGE ( 'NONE', *, *, #1312, .F. ) ;
#4911 = CARTESIAN_POINT ( 'NONE',  ( 1.125000000000000222, 1.574999999999999956, -1.300000000000000044 ) ) ;
#4912 = VECTOR ( 'NONE', #8697, 1000.000000000000000 ) ;
#4913 = DIRECTION ( 'NONE',  ( 0.000000000000000000, 0.7071067811865420216, 0.7071067811865531239 ) ) ;
#4914 = DIRECTION ( 'NONE',  ( -1.000000000000000000, -0.000000000000000000, -0.000000000000000000 ) ) ;
#4915 = LINE ( 'NONE', #118, #262 ) ;
#4916 = ORIENTED_EDGE ( 'NONE', *, *, #7247, .T. ) ;
#4917 = EDGE_CURVE ( 'NONE', #2995, #5344, #12628, .T. ) ;
#4918 = DIRECTION ( 'NONE',  ( 1.000000000000000000, 4.818676322157797375E-16, 0.000000000000000000 ) ) ;
#4919 = VERTEX_POINT ( 'NONE', #3161 ) ;
#4920 = DIRECTION ( 'NONE',  ( 0.000000000000000000, 1.000000000000000000, 0.000000000000000000 ) ) ;
#4921 = VERTEX_POINT ( 'NONE', #12064 ) ;
#4922 = EDGE_CURVE ( 'NONE', #1069, #1352, #3976, .T. ) ;
#4923 = ORIENTED_EDGE ( 'NONE', *, *, #6020, .F. ) ;
#4924 = CARTESIAN_POINT ( 'NONE',  ( -1.865000000000000213, 0.2149999999999987477, 0.7500000000000005551 ) ) ;
#4925 = CARTESIAN_POINT ( 'NONE',  ( -1.925000000000000044, 0.4499999999999992339, -0.5500000000000019318 ) ) ;
#4926 = CARTESIAN_POINT ( 'NONE',  ( -1.124999999999999778, 0.4499999999999992339, -1.350000000000000533 ) ) ;
#4927 = CIRCLE ( 'NONE', #12334, 0.1000000000000000472 ) ;
#4928 = EDGE_CURVE ( 'NONE', #4178, #1780, #8084, .T. ) ;
#4929 = AXIS2_PLACEMENT_3D ( 'NONE', #11939, #616, #3834 ) ;
#4930 = ORIENTED_EDGE ( 'NONE', *, *, #3215, .F. ) ;
#4931 = CARTESIAN_POINT ( 'NONE',  ( -2.950000000000000622, 1.149999999999999911, -1.050000000000000488 ) ) ;
#4932 = VECTOR ( 'NONE', #517, 1000.000000000000000 ) ;
#4933 = ORIENTED_EDGE ( 'NONE', *, *, #3134, .F. ) ;
#4934 = EDGE_CURVE ( 'NONE', #10666, #10402, #3806, .T. ) ;
#4935 = VECTOR ( 'NONE', #10145, 1000.000000000000000 ) ;
#4936 = ADVANCED_FACE ( 'NONE', ( #8272 ), #4260, .F. ) ;
#4937 = FACE_OUTER_BOUND ( 'NONE', #6323, .T. ) ;
#4938 = VERTEX_POINT ( 'NONE', #10237 ) ;
#4939 = ORIENTED_EDGE ( 'NONE', *, *, #305, .T. ) ;
#4940 = CARTESIAN_POINT ( 'NONE',  ( 3.500000000000000000, 0.2299999999999944866, -0.5500000000000018208 ) ) ;
#4941 = ORIENTED_EDGE ( 'NONE', *, *, #772, .T. ) ;
#4942 = CARTESIAN_POINT ( 'NONE',  ( -3.000000000000000444, 0.3800000000000112732, 1.324999999999999956 ) ) ;
#4943 = VERTEX_POINT ( 'NONE', #183 ) ;
#4944 = EDGE_CURVE ( 'NONE', #9596, #2887, #8419, .T. ) ;
#4945 = CARTESIAN_POINT ( 'NONE',  ( 3.200000000000000178, 0.3800000000000112732, 1.324999999999999956 ) ) ;
#4946 = EDGE_CURVE ( 'NONE', #3726, #2393, #12774, .T. ) ;
#4947 = AXIS2_PLACEMENT_3D ( 'NONE', #11824, #4950, #5941 ) ;
#4948 = PLANE ( 'NONE',  #6637 ) ;
#4949 = CARTESIAN_POINT ( 'NONE',  ( -2.500000000000000888, 1.299999999999999378, -0.3499999999999994227 ) ) ;
#4950 = DIRECTION ( 'NONE',  ( 3.614007241618339403E-16, -1.000000000000000000, 0.000000000000000000 ) ) ;
#4951 = PLANE ( 'NONE',  #10950 ) ;
#4952 = LINE ( 'NONE', #1428, #4702 ) ;
#4953 = DIRECTION ( 'NONE',  ( 0.000000000000000000, -1.000000000000000000, 0.000000000000000000 ) ) ;
#4954 = EDGE_CURVE ( 'NONE', #1380, #2325, #8344, .T. ) ;
#4955 = AXIS2_PLACEMENT_3D ( 'NONE', #12034, #8837, #810 ) ;
#4956 = CARTESIAN_POINT ( 'NONE',  ( 1.133333333333333304, 1.133333333333333526, 0.5083333333333335258 ) ) ;
#4957 = VECTOR ( 'NONE', #28, 1000.000000000000000 ) ;
#4958 = ORIENTED_EDGE ( 'NONE', *, *, #9835, .F. ) ;
#4959 = DIRECTION ( 'NONE',  ( 0.000000000000000000, 1.000000000000000000, 0.000000000000000000 ) ) ;
#4960 = LINE ( 'NONE', #5684, #406 ) ;
#4961 = LINE ( 'NONE', #10456, #801 ) ;
#4962 = ORIENTED_EDGE ( 'NONE', *, *, #5755, .T. ) ;
#4963 = ORIENTED_EDGE ( 'NONE', *, *, #314, .T. ) ;
#4964 = ORIENTED_EDGE ( 'NONE', *, *, #4639, .F. ) ;
#4965 = CARTESIAN_POINT ( 'NONE',  ( -3.200000000000000178, 0.3500000000000113021, 1.305000000000000160 ) ) ;
#4966 = CARTESIAN_POINT ( 'NONE',  ( 0.3250000000000001776, 1.499999999999999334, -0.3499999999999994227 ) ) ;
#4967 = ORIENTED_EDGE ( 'NONE', *, *, #11091, .T. ) ;
#4968 = CARTESIAN_POINT ( 'NONE',  ( -1.125000000000000222, 0.1000000000000000056, -0.9499999999999999556 ) ) ;
#4969 = EDGE_CURVE ( 'NONE', #1766, #9720, #12865, .T. ) ;
#4970 = EDGE_CURVE ( 'NONE', #2436, #6590, #12891, .T. ) ;
#4971 = CARTESIAN_POINT ( 'NONE',  ( 1.925000000000000044, 1.574999999999999956, -1.300000000000000044 ) ) ;
#4972 = LINE ( 'NONE', #6861, #9406 ) ;
#4973 = EDGE_CURVE ( 'NONE', #5016, #2717, #4365, .T. ) ;
#4974 = CARTESIAN_POINT ( 'NONE',  ( -0.3250000000000000111, 1.150000000000000133, -1.453616071428571743 ) ) ;
#4975 = LINE ( 'NONE', #12266, #5333 ) ;
#4976 = AXIS2_PLACEMENT_3D ( 'NONE', #460, #11609, #6465 ) ;
#4977 = ORIENTED_EDGE ( 'NONE', *, *, #6283, .T. ) ;
#4978 = LINE ( 'NONE', #407, #389 ) ;
#4979 = DIRECTION ( 'NONE',  ( -1.445602896647338917E-15, 0.000000000000000000, 1.000000000000000000 ) ) ;
#4980 = LINE ( 'NONE', #11099, #9519 ) ;
#4981 = ORIENTED_EDGE ( 'NONE', *, *, #3821, .T. ) ;
#4982 = PLANE ( 'NONE',  #9703 ) ;
#4983 = ORIENTED_EDGE ( 'NONE', *, *, #6319, .T. ) ;
#4984 = DIRECTION ( 'NONE',  ( -0.000000000000000000, 1.000000000000000000, -0.000000000000000000 ) ) ;
#4985 = ORIENTED_EDGE ( 'NONE', *, *, #9656, .T. ) ;
#4986 = CARTESIAN_POINT ( 'NONE',  ( -0.4749999999999999223, 0.4499999999999991784, -0.3499999999999994227 ) ) ;
#4987 = EDGE_LOOP ( 'NONE', ( #2477, #4983, #11513, #10987 ) ) ;
#4988 = ADVANCED_FACE ( 'NONE', ( #8242 ), #8955, .F. ) ;
#4989 = ADVANCED_FACE ( 'NONE', ( #8679 ), #1827, .F. ) ;
#4990 = DIRECTION ( 'NONE',  ( 1.000000000000000000, 0.000000000000000000, -0.000000000000000000 ) ) ;
#4991 = VECTOR ( 'NONE', #2929, 1000.000000000000000 ) ;
#4992 = CARTESIAN_POINT ( 'NONE',  ( -0.3874999999999995670, 1.149999999999999911, 0.3874999999999995670 ) ) ;
#4993 = DIRECTION ( 'NONE',  ( -0.000000000000000000, 1.000000000000000000, -0.000000000000000000 ) ) ;
#4994 = VECTOR ( 'NONE', #9317, 1000.000000000000000 ) ;
#4995 = CARTESIAN_POINT ( 'NONE',  ( -2.500000000000000444, 0.2499999999999991396, 1.275000000000001910 ) ) ;
#4996 = ORIENTED_EDGE ( 'NONE', *, *, #10868, .F. ) ;
#4997 = DIRECTION ( 'NONE',  ( -1.000000000000000000, 1.275531967630008943E-16, 0.000000000000000000 ) ) ;
#4998 = LINE ( 'NONE', #933, #9287 ) ;
#4999 = CARTESIAN_POINT ( 'NONE',  ( 0.3250000000000001776, 1.499999999999999334, -0.3499999999999994227 ) ) ;
#5000 = DIRECTION ( 'NONE',  ( -1.000000000000000000, 0.000000000000000000, 0.000000000000000000 ) ) ;
#5001 = FACE_OUTER_BOUND ( 'NONE', #6255, .T. ) ;
#5002 = ORIENTED_EDGE ( 'NONE', *, *, #3909, .T. ) ;
#5003 = DIRECTION ( 'NONE',  ( 0.000000000000000000, 1.000000000000000000, -2.409338161078897701E-16 ) ) ;
#5004 = ORIENTED_EDGE ( 'NONE', *, *, #7734, .T. ) ;
#5005 = CARTESIAN_POINT ( 'NONE',  ( 3.500000000000000000, 0.3500000000000024203, 0.3500000000000005884 ) ) ;
#5006 = VERTEX_POINT ( 'NONE', #8056 ) ;
#5007 = ORIENTED_EDGE ( 'NONE', *, *, #6596, .F. ) ;
#5008 = CARTESIAN_POINT ( 'NONE',  ( 0.3250000000000001776, 1.575000000000000178, 0.5500000000000003775 ) ) ;
#5009 = DIRECTION ( 'NONE',  ( 1.000000000000000000, 0.000000000000000000, -7.228014483236698528E-16 ) ) ;
#5010 = CARTESIAN_POINT ( 'NONE',  ( -3.000000000000000000, 0.1500000000000054623, 0.07500000000000120459 ) ) ;
#5011 = DIRECTION ( 'NONE',  ( 0.000000000000000000, -1.000000000000000000, 1.172110456741085828E-16 ) ) ;
#5012 = VECTOR ( 'NONE', #2017, 1000.000000000000000 ) ;
#5013 = DIRECTION ( 'NONE',  ( 0.000000000000000000, 0.000000000000000000, -1.000000000000000000 ) ) ;
#5014 = CARTESIAN_POINT ( 'NONE',  ( 2.875000000000002220, 1.750000000000000000, -1.350000000000000533 ) ) ;
#5015 = VECTOR ( 'NONE', #2404, 1000.000000000000000 ) ;
#5016 = VERTEX_POINT ( 'NONE', #3071 ) ;
#5017 = LINE ( 'NONE', #11821, #9023 ) ;
#5018 = LINE ( 'NONE', #10632, #934 ) ;
#5019 = ORIENTED_EDGE ( 'NONE', *, *, #1224, .F. ) ;
#5020 = ORIENTED_EDGE ( 'NONE', *, *, #9981, .F. ) ;
#5021 = DIRECTION ( 'NONE',  ( -1.000000000000000000, 0.000000000000000000, 0.000000000000000000 ) ) ;
#5022 = VERTEX_POINT ( 'NONE', #924 ) ;
#5023 = DIRECTION ( 'NONE',  ( -0.000000000000000000, -2.710505431213783962E-15, 1.000000000000000000 ) ) ;
#5024 = VERTEX_POINT ( 'NONE', #11046 ) ;
#5025 = CARTESIAN_POINT ( 'NONE',  ( 1.925000000000000044, 0.2299999999999944866, -0.5500000000000027089 ) ) ;
#5026 = CARTESIAN_POINT ( 'NONE',  ( 2.740000000000000213, 0.6999999999999991784, -0.3499999999999994227 ) ) ;
#5027 = VECTOR ( 'NONE', #7556, 1000.000000000000000 ) ;
#5028 = DIRECTION ( 'NONE',  ( -1.000000000000000000, 0.000000000000000000, 0.000000000000000000 ) ) ;
#5029 = CARTESIAN_POINT ( 'NONE',  ( -0.8125000000000123235, 1.149999999999999911, -1.612499999999991385 ) ) ;
#5030 = VECTOR ( 'NONE', #12085, 999.9999999999998863 ) ;
#5031 = ORIENTED_EDGE ( 'NONE', *, *, #13063, .T. ) ;
#5032 = CARTESIAN_POINT ( 'NONE',  ( 3.200000000000000178, 0.1250000000000056344, 1.350000000000000533 ) ) ;
#5033 = VECTOR ( 'NONE', #6584, 1000.000000000000000 ) ;
#5034 = LINE ( 'NONE', #4504, #5492 ) ;
#5035 = AXIS2_PLACEMENT_3D ( 'NONE', #5938, #6935, #9136 ) ;
#5036 = VERTEX_POINT ( 'NONE', #2073 ) ;
#5037 = EDGE_CURVE ( 'NONE', #11340, #1572, #12714, .T. ) ;
#5038 = ORIENTED_EDGE ( 'NONE', *, *, #10786, .T. ) ;
#5039 = EDGE_CURVE ( 'NONE', #7447, #4177, #4433, .T. ) ;
#5040 = ORIENTED_EDGE ( 'NONE', *, *, #4116, .F. ) ;
#5041 = DIRECTION ( 'NONE',  ( 1.000000000000000000, -0.000000000000000000, -0.000000000000000000 ) ) ;
#5042 = DIRECTION ( 'NONE',  ( -0.5773502691896240657, -0.5773502691896253980, 0.5773502691896279515 ) ) ;
#5043 = EDGE_CURVE ( 'NONE', #7854, #6293, #8598, .T. ) ;
#5044 = EDGE_LOOP ( 'NONE', ( #9014, #2695, #890, #2714 ) ) ;
#5045 = DIRECTION ( 'NONE',  ( 0.000000000000000000, 0.000000000000000000, -1.000000000000000000 ) ) ;
#5046 = VERTEX_POINT ( 'NONE', #11318 ) ;
#5047 = EDGE_CURVE ( 'NONE', #8418, #10958, #8621, .T. ) ;
#5048 = CARTESIAN_POINT ( 'NONE',  ( -0.2749999999999994116, 0.2299999999999920164, -1.350000000000000533 ) ) ;
#5049 = CARTESIAN_POINT ( 'NONE',  ( -1.275000000000000133, 0.4499999999999999556, -0.9499999999999999556 ) ) ;
#5050 = PLANE ( 'NONE',  #11619 ) ;
#5051 = EDGE_CURVE ( 'NONE', #3276, #12908, #13016, .T. ) ;
#5052 = VECTOR ( 'NONE', #1772, 1000.000000000000114 ) ;
#5053 = CARTESIAN_POINT ( 'NONE',  ( -0.4749999999999999223, 1.574999999999999734, -1.350000000000000533 ) ) ;
#5054 = CIRCLE ( 'NONE', #3593, 0.03000000000000007869 ) ;
#5055 = ORIENTED_EDGE ( 'NONE', *, *, #5839, .F. ) ;
#5056 = LINE ( 'NONE', #9625, #9160 ) ;
#5057 = ADVANCED_FACE ( 'NONE', ( #8218 ), #5370, .F. ) ;
#5058 = DIRECTION ( 'NONE',  ( 0.000000000000000000, 0.000000000000000000, 1.000000000000000000 ) ) ;
#5059 = EDGE_CURVE ( 'NONE', #2373, #8663, #4115, .T. ) ;
#5060 = AXIS2_PLACEMENT_3D ( 'NONE', #10986, #2928, #11999 ) ;
#5061 = LINE ( 'NONE', #11284, #734 ) ;
#5062 = VERTEX_POINT ( 'NONE', #12437 ) ;
#5063 = DIRECTION ( 'NONE',  ( 0.5773502691896287287, -0.5773502691896199579, 0.5773502691896287287 ) ) ;
#5064 = DIRECTION ( 'NONE',  ( 1.000000000000000000, 0.000000000000000000, 0.000000000000000000 ) ) ;
#5065 = VERTEX_POINT ( 'NONE', #12528 ) ;
#5066 = DIRECTION ( 'NONE',  ( 1.000000000000000000, 0.000000000000000000, 1.445602896647338917E-15 ) ) ;
#5067 = ORIENTED_EDGE ( 'NONE', *, *, #2550, .F. ) ;
#5068 = CARTESIAN_POINT ( 'NONE',  ( -1.626303258728252460E-16, 0.4499999999999999556, -0.3499999999999994227 ) ) ;
#5069 = ORIENTED_EDGE ( 'NONE', *, *, #9223, .T. ) ;
#5070 = EDGE_LOOP ( 'NONE', ( #12615, #5884, #12795, #11387 ) ) ;
#5071 = EDGE_CURVE ( 'NONE', #8, #2436, #8518, .T. ) ;
#5072 = LINE ( 'NONE', #3096, #5443 ) ;
#5073 = DIRECTION ( 'NONE',  ( 0.000000000000000000, 0.7071067811865475727, -0.7071067811865475727 ) ) ;
#5074 = EDGE_CURVE ( 'NONE', #114, #3391, #3870, .T. ) ;
#5075 = EDGE_CURVE ( 'NONE', #9018, #4710, #13080, .T. ) ;
#5076 = DIRECTION ( 'NONE',  ( 0.000000000000000000, -1.000000000000000000, 0.000000000000000000 ) ) ;
#5077 = LINE ( 'NONE', #6773, #774 ) ;
#5078 = DIRECTION ( 'NONE',  ( 0.000000000000000000, -1.000000000000000000, 2.409338161078897701E-16 ) ) ;
#5079 = ORIENTED_EDGE ( 'NONE', *, *, #2925, .F. ) ;
#5080 = DIRECTION ( 'NONE',  ( 5.421010862427530059E-16, 1.694065894508603143E-16, -1.000000000000000000 ) ) ;
#5081 = FACE_OUTER_BOUND ( 'NONE', #1871, .T. ) ;
#5082 = CARTESIAN_POINT ( 'NONE',  ( -3.000000000000000444, 0.3500000000000113021, 1.275000000000000133 ) ) ;
#5083 = LINE ( 'NONE', #2958, #560 ) ;
#5084 = ORIENTED_EDGE ( 'NONE', *, *, #8808, .T. ) ;
#5085 = ORIENTED_EDGE ( 'NONE', *, *, #7123, .T. ) ;
#5086 = AXIS2_PLACEMENT_3D ( 'NONE', #8718, #2685, #1435 ) ;
#5087 = DIRECTION ( 'NONE',  ( 1.000000000000000000, 0.000000000000000000, -0.000000000000000000 ) ) ;
#5088 = ORIENTED_EDGE ( 'NONE', *, *, #5777, .T. ) ;
#5089 = ORIENTED_EDGE ( 'NONE', *, *, #7705, .T. ) ;
#5090 =( LENGTH_UNIT ( ) NAMED_UNIT ( * ) SI_UNIT ( .MILLI., .METRE. ) );
#5091 = ADVANCED_FACE ( 'NONE', ( #12734 ), #1343, .F. ) ;
#5092 = DIRECTION ( 'NONE',  ( -1.000000000000000000, -0.000000000000000000, -0.000000000000000000 ) ) ;
#5093 = ORIENTED_EDGE ( 'NONE', *, *, #5100, .F. ) ;
#5094 = ADVANCED_FACE ( 'NONE', ( #13201 ), #9558, .F. ) ;
#5095 = CARTESIAN_POINT ( 'NONE',  ( 0.3250000000000001776, 0.7499999999999998890, -0.3999999999999999667 ) ) ;
#5096 = EDGE_CURVE ( 'NONE', #12822, #8295, #8743, .T. ) ;
#5097 = LINE ( 'NONE', #11948, #9736 ) ;
#5098 = DIRECTION ( 'NONE',  ( 0.000000000000000000, -1.000000000000000000, 0.000000000000000000 ) ) ;
#5099 = CARTESIAN_POINT ( 'NONE',  ( 2.075000000000000178, 1.149999999999999911, 0.000000000000000000 ) ) ;
#5100 = EDGE_CURVE ( 'NONE', #10338, #141, #13058, .T. ) ;
#5101 = ORIENTED_EDGE ( 'NONE', *, *, #5523, .F. ) ;
#5102 = EDGE_CURVE ( 'NONE', #5961, #12163, #12685, .T. ) ;
#5103 = CARTESIAN_POINT ( 'NONE',  ( -0.4749999999999999223, 1.574999999999999956, -1.300000000000000044 ) ) ;
#5104 = LINE ( 'NONE', #3199, #9517 ) ;
#5105 = VECTOR ( 'NONE', #5904, 1000.000000000000000 ) ;
#5106 = ORIENTED_EDGE ( 'NONE', *, *, #148, .T. ) ;
#5107 = ORIENTED_EDGE ( 'NONE', *, *, #5102, .T. ) ;
#5108 = DIRECTION ( 'NONE',  ( 0.000000000000000000, 1.000000000000000000, 0.000000000000000000 ) ) ;
#5109 = ORIENTED_EDGE ( 'NONE', *, *, #2109, .T. ) ;
#5110 = ORIENTED_EDGE ( 'NONE', *, *, #8219, .F. ) ;
#5111 = DIRECTION ( 'NONE',  ( -0.000000000000000000, -1.000000000000000000, -1.694065894508603636E-16 ) ) ;
#5112 = AXIS2_PLACEMENT_3D ( 'NONE', #4476, #7310, #4378 ) ;
#5113 = ORIENTED_EDGE ( 'NONE', *, *, #5818, .F. ) ;
#5114 = CARTESIAN_POINT ( 'NONE',  ( -1.125000000000000666, 1.750000000000000888, -1.275000000000001910 ) ) ;
#5115 = DIRECTION ( 'NONE',  ( 0.7071067811865517916, -0.7071067811865432429, 0.000000000000000000 ) ) ;
#5116 = PLANE ( 'NONE',  #10010 ) ;
#5117 = VECTOR ( 'NONE', #8565, 1000.000000000000000 ) ;
#5118 = DIRECTION ( 'NONE',  ( 0.000000000000000000, 0.7071067811865463515, -0.7071067811865487940 ) ) ;
#5119 = ADVANCED_FACE ( 'NONE', ( #8538 ), #8343, .F. ) ;
#5120 = LINE ( 'NONE', #4009, #4994 ) ;
#5121 = VERTEX_POINT ( 'NONE', #430 ) ;
#5122 = DIRECTION ( 'NONE',  ( 0.000000000000000000, -1.000000000000000000, 2.409338161078897701E-16 ) ) ;
#5123 = LINE ( 'NONE', #8731, #880 ) ;
#5124 = ORIENTED_EDGE ( 'NONE', *, *, #8670, .T. ) ;
#5125 = FACE_OUTER_BOUND ( 'NONE', #5490, .T. ) ;
#5126 = EDGE_LOOP ( 'NONE', ( #12732, #11, #12487, #3451 ) ) ;
#5127 = EDGE_LOOP ( 'NONE', ( #5751, #863, #6090, #10182, #9746, #7510, #5473, #8347, #13126, #10269, #9794, #4047, #5518, #10180, #13106 ) ) ;
#5128 = ORIENTED_EDGE ( 'NONE', *, *, #9717, .T. ) ;
#5129 = EDGE_CURVE ( 'NONE', #7121, #2642, #13036, .T. ) ;
#5130 = CARTESIAN_POINT ( 'NONE',  ( 0.3250000000000001776, 0.4499999999999999556, -0.3999999999999999667 ) ) ;
#5131 = CARTESIAN_POINT ( 'NONE',  ( 3.000000000000000444, 0.6950000000000112754, 1.304999999999999938 ) ) ;
#5132 = ORIENTED_EDGE ( 'NONE', *, *, #12176, .F. ) ;
#5133 = CARTESIAN_POINT ( 'NONE',  ( 0.3250000000000001776, 0.8125000000000003331, -1.300000000000000044 ) ) ;
#5134 = ORIENTED_EDGE ( 'NONE', *, *, #8976, .T. ) ;
#5135 = DIRECTION ( 'NONE',  ( 0.5773502691896227335, -0.5773502691896318373, 0.5773502691896227335 ) ) ;
#5136 = DIRECTION ( 'NONE',  ( 0.000000000000000000, 0.000000000000000000, -1.000000000000000000 ) ) ;
#5137 = AXIS2_PLACEMENT_3D ( 'NONE', #12643, #12735, #7541 ) ;
#5138 = DIRECTION ( 'NONE',  ( 0.000000000000000000, 1.000000000000000000, 0.000000000000000000 ) ) ;
#5139 = FACE_OUTER_BOUND ( 'NONE', #8013, .T. ) ;
#5140 = DIRECTION ( 'NONE',  ( 0.7071067811865521247, 3.407318703740853605E-16, 0.7071067811865430208 ) ) ;
#5141 = LINE ( 'NONE', #2506, #9583 ) ;
#5142 = ORIENTED_EDGE ( 'NONE', *, *, #2516, .T. ) ;
#5143 = LINE ( 'NONE', #612, #9855 ) ;
#5144 = ORIENTED_EDGE ( 'NONE', *, *, #9845, .T. ) ;
#5145 = LINE ( 'NONE', #5332, #9699 ) ;
#5146 = EDGE_LOOP ( 'NONE', ( #8348, #4223, #8358, #8498 ) ) ;
#5147 = EDGE_LOOP ( 'NONE', ( #2556, #7368, #5713, #5630 ) ) ;
#5148 = EDGE_LOOP ( 'NONE', ( #259, #4366, #6902, #2999 ) ) ;
#5149 = CARTESIAN_POINT ( 'NONE',  ( 0.3250000000000001776, 0.000000000000000000, -1.300000000000000044 ) ) ;
#5150 = ORIENTED_EDGE ( 'NONE', *, *, #11259, .F. ) ;
#5151 = ORIENTED_EDGE ( 'NONE', *, *, #5963, .F. ) ;
#5152 = CARTESIAN_POINT ( 'NONE',  ( -1.925000000000000044, 0.4499999999999999556, -0.3999999999999999667 ) ) ;
#5153 = LINE ( 'NONE', #8660, #9624 ) ;
#5154 = DIRECTION ( 'NONE',  ( 0.000000000000000000, 1.000000000000000000, 0.000000000000000000 ) ) ;
#5155 = VECTOR ( 'NONE', #9065, 1000.000000000000114 ) ;
#5156 = PLANE ( 'NONE',  #3118 ) ;
#5157 = EDGE_LOOP ( 'NONE', ( #5565, #11241, #1383, #3040 ) ) ;
#5158 = DIRECTION ( 'NONE',  ( 0.000000000000000000, -1.000000000000000000, 5.288791085295114073E-17 ) ) ;
#5159 = LINE ( 'NONE', #8647, #9609 ) ;
#5160 = ORIENTED_EDGE ( 'NONE', *, *, #12351, .T. ) ;
#5161 = DIRECTION ( 'NONE',  ( 1.000000000000000000, 0.000000000000000000, -0.000000000000000000 ) ) ;
#5162 = LINE ( 'NONE', #11547, #9725 ) ;
#5163 = VERTEX_POINT ( 'NONE', #1436 ) ;
#5164 = PLANE ( 'NONE',  #2320 ) ;
#5165 = ORIENTED_EDGE ( 'NONE', *, *, #10221, .T. ) ;
#5166 = PLANE ( 'NONE',  #3207 ) ;
#5167 = ORIENTED_EDGE ( 'NONE', *, *, #3375, .T. ) ;
#5168 = ORIENTED_EDGE ( 'NONE', *, *, #5978, .F. ) ;
#5169 =( NAMED_UNIT ( * ) SI_UNIT ( $, .STERADIAN. ) SOLID_ANGLE_UNIT ( ) );
#5170 = PLANE ( 'NONE',  #8906 ) ;
#5171 = ORIENTED_EDGE ( 'NONE', *, *, #3545, .T. ) ;
#5172 = PLANE ( 'NONE',  #7846 ) ;
#5173 = CARTESIAN_POINT ( 'NONE',  ( 3.500000000000003553, 1.149999999999999911, -1.349999999999989653 ) ) ;
#5174 = LINE ( 'NONE', #4558, #9603 ) ;
#5175 = DIRECTION ( 'NONE',  ( -1.000000000000000000, -0.000000000000000000, 0.000000000000000000 ) ) ;
#5176 = EDGE_CURVE ( 'NONE', #2774, #4082, #8792, .T. ) ;
#5177 = FACE_OUTER_BOUND ( 'NONE', #12072, .T. ) ;
#5178 = ORIENTED_EDGE ( 'NONE', *, *, #3621, .T. ) ;
#5179 = DIRECTION ( 'NONE',  ( -0.000000000000000000, 0.000000000000000000, 1.000000000000000000 ) ) ;
#5180 = VECTOR ( 'NONE', #4541, 1000.000000000000000 ) ;
#5181 = ORIENTED_EDGE ( 'NONE', *, *, #7571, .F. ) ;
#5182 = LINE ( 'NONE', #6715, #844 ) ;
#5183 = ORIENTED_EDGE ( 'NONE', *, *, #7762, .F. ) ;
#5184 = ORIENTED_EDGE ( 'NONE', *, *, #4439, .T. ) ;
#5185 = CARTESIAN_POINT ( 'NONE',  ( 1.275000000000000133, 1.474999999999998979, -0.9749999999999929834 ) ) ;
#5186 = ORIENTED_EDGE ( 'NONE', *, *, #9274, .T. ) ;
#5187 = DIRECTION ( 'NONE',  ( -4.818676322157797375E-16, 1.000000000000000000, 0.000000000000000000 ) ) ;
#5188 = ORIENTED_EDGE ( 'NONE', *, *, #11928, .F. ) ;
#5189 = EDGE_CURVE ( 'NONE', #10419, #8187, #13230, .T. ) ;
#5190 = ADVANCED_FACE ( 'NONE', ( #4345 ), #6524, .F. ) ;
#5191 = DIRECTION ( 'NONE',  ( 0.000000000000000000, -1.000000000000000000, 0.000000000000000000 ) ) ;
#5192 = VERTEX_POINT ( 'NONE', #11757 ) ;
#5193 = FILL_AREA_STYLE_COLOUR ( '', #8198 ) ;
#5194 = ADVANCED_FACE ( 'NONE', ( #8812 ), #3800, .F. ) ;
#5195 = EDGE_CURVE ( 'NONE', #4105, #6971, #12992, .T. ) ;
#5196 = CARTESIAN_POINT ( 'NONE',  ( 3.000000000000000444, 0.2750000000000112355, 1.350000000000000533 ) ) ;
#5197 = FACE_OUTER_BOUND ( 'NONE', #5430, .T. ) ;
#5198 = AXIS2_PLACEMENT_3D ( 'NONE', #4054, #7088, #2718 ) ;
#5199 = CARTESIAN_POINT ( 'NONE',  ( -3.200000000000000178, 0.7250000000000111910, 1.350000000000000533 ) ) ;
#5200 = EDGE_CURVE ( 'NONE', #1945, #3356, #4458, .T. ) ;
#5201 = EDGE_CURVE ( 'NONE', #11625, #765, #8874, .T. ) ;
#5202 = EDGE_CURVE ( 'NONE', #6682, #8372, #8190, .T. ) ;
#5203 = CARTESIAN_POINT ( 'NONE',  ( 3.500000000000000000, 0.08750000000000569822, -1.350000000000000533 ) ) ;
#5204 = LINE ( 'NONE', #7885, #5030 ) ;
#5205 = ORIENTED_EDGE ( 'NONE', *, *, #9605, .T. ) ;
#5206 = AXIS2_PLACEMENT_3D ( 'NONE', #10797, #6656, #5330 ) ;
#5207 = VECTOR ( 'NONE', #7542, 1000.000000000000000 ) ;
#5208 = ORIENTED_EDGE ( 'NONE', *, *, #7592, .F. ) ;
#5209 = CARTESIAN_POINT ( 'NONE',  ( 1.925000000000000044, 1.575000000000000178, 0.4999999999999997780 ) ) ;
#5210 = LINE ( 'NONE', #7824, #540 ) ;
#5211 = ORIENTED_EDGE ( 'NONE', *, *, #2494, .T. ) ;
#5212 = EDGE_CURVE ( 'NONE', #1526, #4526, #4090, .T. ) ;
#5213 = EDGE_LOOP ( 'NONE', ( #11613, #3460, #9966, #7479 ) ) ;
#5214 = VERTEX_POINT ( 'NONE', #8091 ) ;
#5215 = DIRECTION ( 'NONE',  ( 1.000000000000000000, 0.000000000000000000, 0.000000000000000000 ) ) ;
#5216 = DIRECTION ( 'NONE',  ( -1.000000000000000000, -0.000000000000000000, -1.445602896647338917E-15 ) ) ;
#5217 = ORIENTED_EDGE ( 'NONE', *, *, #897, .T. ) ;
#5218 = PLANE ( 'NONE',  #748 ) ;
#5219 = ORIENTED_EDGE ( 'NONE', *, *, #6796, .F. ) ;
#5220 = CARTESIAN_POINT ( 'NONE',  ( -1.274999999999999689, 1.749999999999998668, -1.275000000000003020 ) ) ;
#5221 = DIRECTION ( 'NONE',  ( 1.000000000000000000, 0.000000000000000000, -7.228014483236698528E-16 ) ) ;
#5222 = CARTESIAN_POINT ( 'NONE',  ( 1.125000000000000222, 1.150000000000000133, -1.453616071428571743 ) ) ;
#5223 = VECTOR ( 'NONE', #718, 1000.000000000000000 ) ;
#5224 = AXIS2_PLACEMENT_3D ( 'NONE', #12971, #8760, #5916 ) ;
#5225 = EDGE_CURVE ( 'NONE', #6866, #12741, #8834, .T. ) ;
#5226 = CARTESIAN_POINT ( 'NONE',  ( 2.500000000000000888, 1.499999999999999334, 1.275000000000000133 ) ) ;
#5227 = LINE ( 'NONE', #1769, #9341 ) ;
#5228 = ORIENTED_EDGE ( 'NONE', *, *, #1876, .T. ) ;
#5229 = EDGE_CURVE ( 'NONE', #5446, #6889, #12665, .T. ) ;
#5230 = VECTOR ( 'NONE', #12449, 1000.000000000000000 ) ;
#5231 = EDGE_LOOP ( 'NONE', ( #10593, #8382, #8551, #8677 ) ) ;
#5232 = DIRECTION ( 'NONE',  ( 0.000000000000000000, 1.000000000000000000, 8.673617379884030542E-16 ) ) ;
#5233 = LINE ( 'NONE', #4145, #5259 ) ;
#5234 = VERTEX_POINT ( 'NONE', #10000 ) ;
#5235 = PLANE ( 'NONE',  #11893 ) ;
#5236 = CARTESIAN_POINT ( 'NONE',  ( -1.975000000000000089, 0.6999999999999995115, -0.3499999999999998113 ) ) ;
#5237 = ORIENTED_EDGE ( 'NONE', *, *, #7214, .T. ) ;
#5238 = ORIENTED_EDGE ( 'NONE', *, *, #6573, .T. ) ;
#5239 = DIRECTION ( 'NONE',  ( 0.000000000000000000, -1.000000000000000000, 1.172110456741085828E-16 ) ) ;
#5240 = EDGE_LOOP ( 'NONE', ( #11712, #162, #9378, #2635 ) ) ;
#5241 = EDGE_CURVE ( 'NONE', #9330, #8737, #8661, .T. ) ;
#5242 = ORIENTED_EDGE ( 'NONE', *, *, #1716, .T. ) ;
#5243 = EDGE_CURVE ( 'NONE', #12214, #9269, #3823, .T. ) ;
#5244 = EDGE_CURVE ( 'NONE', #7319, #4591, #13124, .T. ) ;
#5245 = EDGE_CURVE ( 'NONE', #9724, #2552, #4318, .T. ) ;
#5246 = DIRECTION ( 'NONE',  ( 0.000000000000000000, 1.000000000000000000, 0.000000000000000000 ) ) ;
#5247 = LINE ( 'NONE', #8833, #854 ) ;
#5248 = CARTESIAN_POINT ( 'NONE',  ( 3.200000000000000178, 0.6950000000000112754, 1.304999999999999938 ) ) ;
#5249 = ADVANCED_FACE ( 'NONE', ( #4833 ), #13185, .F. ) ;
#5250 = PRESENTATION_LAYER_ASSIGNMENT (  '', '', ( #13102 ) ) ;
#5251 = PLANE ( 'NONE',  #12616 ) ;
#5252 = FACE_OUTER_BOUND ( 'NONE', #6132, .T. ) ;
#5253 = DIRECTION ( 'NONE',  ( 1.000000000000000000, 0.000000000000000000, -7.228014483236699514E-16 ) ) ;
#5254 = VERTEX_POINT ( 'NONE', #7803 ) ;
#5255 = LINE ( 'NONE', #10841, #9723 ) ;
#5256 = CARTESIAN_POINT ( 'NONE',  ( 3.000000000000000444, 0.3500000000000021982, 0.9499999999999959588 ) ) ;
#5257 = ORIENTED_EDGE ( 'NONE', *, *, #12213, .F. ) ;
#5258 = PLANE ( 'NONE',  #4086 ) ;
#5259 = VECTOR ( 'NONE', #5076, 1000.000000000000000 ) ;
#5260 = AXIS2_PLACEMENT_3D ( 'NONE', #6028, #10811, #7021 ) ;
#5261 = EDGE_CURVE ( 'NONE', #4012, #6384, #333, .T. ) ;
#5262 = ORIENTED_EDGE ( 'NONE', *, *, #8559, .T. ) ;
#5263 = DIRECTION ( 'NONE',  ( 1.000000000000000000, 0.000000000000000000, 0.000000000000000000 ) ) ;
#5264 = ORIENTED_EDGE ( 'NONE', *, *, #7669, .F. ) ;
#5265 = CARTESIAN_POINT ( 'NONE',  ( -1.275000000000000133, 0.9750000000000004219, -1.229999999999999760 ) ) ;
#5266 = ORIENTED_EDGE ( 'NONE', *, *, #4235, .T. ) ;
#5267 = EDGE_LOOP ( 'NONE', ( #10086, #9562, #5007, #5178, #657, #10264 ) ) ;
#5268 = UNCERTAINTY_MEASURE_WITH_UNIT (LENGTH_MEASURE( 1.000000000000000082E-05 ), #6638, 'distance_accuracy_value', 'NONE');
#5269 = FILL_AREA_STYLE_COLOUR ( '', #9952 ) ;
#5270 = CARTESIAN_POINT ( 'NONE',  ( 3.500000000000000000, 0.2799999999999950862, -1.350000000000000533 ) ) ;
#5271 = ORIENTED_EDGE ( 'NONE', *, *, #4329, .T. ) ;
#5272 = CARTESIAN_POINT ( 'NONE',  ( -3.000000000000000444, 0.3500000000000113021, 1.305000000000000160 ) ) ;
#5273 = LINE ( 'NONE', #8369, #1013 ) ;
#5274 = CARTESIAN_POINT ( 'NONE',  ( 1.125000000000000222, 1.150000000000000577, 0.5000000000000000000 ) ) ;
#5275 = ADVANCED_FACE ( 'NONE', ( #9264 ), #6865, .F. ) ;
#5276 = DIRECTION ( 'NONE',  ( 0.000000000000000000, 1.000000000000000000, 0.000000000000000000 ) ) ;
#5277 = VECTOR ( 'NONE', #7133, 1000.000000000000000 ) ;
#5278 = AXIS2_PLACEMENT_3D ( 'NONE', #3339, #3633, #8721 ) ;
#5279 = ORIENTED_EDGE ( 'NONE', *, *, #12351, .F. ) ;
#5280 = PLANE ( 'NONE',  #2013 ) ;
#5281 = LINE ( 'NONE', #11679, #5412 ) ;
#5282 = ADVANCED_FACE ( 'NONE', ( #4594 ), #3017, .F. ) ;
#5283 = VERTEX_POINT ( 'NONE', #11929 ) ;
#5284 = LINE ( 'NONE', #7166, #758 ) ;
#5285 = ORIENTED_EDGE ( 'NONE', *, *, #2748, .F. ) ;
#5286 = ORIENTED_EDGE ( 'NONE', *, *, #12687, .T. ) ;
#5287 = ORIENTED_EDGE ( 'NONE', *, *, #11875, .T. ) ;
#5288 = DIRECTION ( 'NONE',  ( -6.746022099410526764E-33, 5.288791085295114073E-17, 1.000000000000000000 ) ) ;
#5289 = EDGE_LOOP ( 'NONE', ( #9142, #11680, #7153, #1046 ) ) ;
#5290 = DIRECTION ( 'NONE',  ( 0.7071067811865475727, 0.000000000000000000, 0.7071067811865475727 ) ) ;
#5291 = EDGE_LOOP ( 'NONE', ( #912, #6009, #7550, #1717 ) ) ;
#5292 = CARTESIAN_POINT ( 'NONE',  ( 3.200000000000000178, 0.7250000000000111910, 1.350000000000000533 ) ) ;
#5293 = VECTOR ( 'NONE', #12850, 1000.000000000000000 ) ;
#5294 = DIRECTION ( 'NONE',  ( 1.000000000000000000, 0.000000000000000000, 0.000000000000000000 ) ) ;
#5295 = DIRECTION ( 'NONE',  ( 1.000000000000000000, -0.000000000000000000, -0.000000000000000000 ) ) ;
#5296 = EDGE_CURVE ( 'NONE', #10076, #2523, #4871, .T. ) ;
#5297 = VECTOR ( 'NONE', #2088, 1000.000000000000000 ) ;
#5298 = ORIENTED_EDGE ( 'NONE', *, *, #2316, .F. ) ;
#5299 = CARTESIAN_POINT ( 'NONE',  ( -3.200000000000000178, -2.551063935260013388E-17, 1.224999999999994982 ) ) ;
#5300 = LINE ( 'NONE', #8545, #5386 ) ;
#5301 = VERTEX_POINT ( 'NONE', #1774 ) ;
#5302 = CARTESIAN_POINT ( 'NONE',  ( 0.3250000000000001776, 1.574999999999999734, -1.300000000000000711 ) ) ;
#5303 = FACE_OUTER_BOUND ( 'NONE', #4390, .T. ) ;
#5304 = ORIENTED_EDGE ( 'NONE', *, *, #6332, .T. ) ;
#5305 = EDGE_LOOP ( 'NONE', ( #6567, #6362, #7457, #412 ) ) ;
#5306 = VERTEX_POINT ( 'NONE', #4110 ) ;
#5307 = DIRECTION ( 'NONE',  ( 0.000000000000000000, 1.694065894508603883E-16, -1.000000000000000000 ) ) ;
#5308 = CARTESIAN_POINT ( 'NONE',  ( -1.275000000000000133, 0.7499999999999998890, -0.3499999999999998113 ) ) ;
#5309 = EDGE_LOOP ( 'NONE', ( #2520, #2674, #11558, #4303 ) ) ;
#5310 = ADVANCED_FACE ( 'NONE', ( #4708 ), #312, .T. ) ;
#5311 = DIRECTION ( 'NONE',  ( -3.407318703740830925E-16, 0.7071067811865474617, 0.7071067811865474617 ) ) ;
#5312 = ORIENTED_EDGE ( 'NONE', *, *, #11895, .F. ) ;
#5313 = CARTESIAN_POINT ( 'NONE',  ( -2.575000000000001510, 1.299999999999999378, 1.350000000000000533 ) ) ;
#5314 = CARTESIAN_POINT ( 'NONE',  ( 3.066666666666638008, -0.06666666666665824192, -3.091666666666660124 ) ) ;
#5315 = FACE_OUTER_BOUND ( 'NONE', #9619, .T. ) ;
#5316 = DIRECTION ( 'NONE',  ( -0.000000000000000000, 1.000000000000000000, 3.336006684570795427E-16 ) ) ;
#5317 = VECTOR ( 'NONE', #5215, 1000.000000000000000 ) ;
#5318 = VERTEX_POINT ( 'NONE', #3922 ) ;
#5319 = FACE_OUTER_BOUND ( 'NONE', #7898, .T. ) ;
#5320 = ORIENTED_EDGE ( 'NONE', *, *, #10606, .F. ) ;
#5321 = CARTESIAN_POINT ( 'NONE',  ( -3.200000000000000178, 0.2750000000000112355, 1.350000000000000533 ) ) ;
#5322 = VECTOR ( 'NONE', #149, 1000.000000000000000 ) ;
#5323 = ORIENTED_EDGE ( 'NONE', *, *, #3896, .T. ) ;
#5324 = DIRECTION ( 'NONE',  ( 1.000000000000000000, -0.000000000000000000, -0.000000000000000000 ) ) ;
#5325 = ORIENTED_EDGE ( 'NONE', *, *, #314, .F. ) ;
#5326 = VERTEX_POINT ( 'NONE', #4971 ) ;
#5327 = CARTESIAN_POINT ( 'NONE',  ( 1.925000000000000044, 1.575000000000000178, 0.5500000000000003775 ) ) ;
#5328 = ORIENTED_EDGE ( 'NONE', *, *, #7843, .F. ) ;
#5329 = VERTEX_POINT ( 'NONE', #5959 ) ;
#5330 = DIRECTION ( 'NONE',  ( 0.000000000000000000, 1.000000000000000000, 0.000000000000000000 ) ) ;
#5331 = LINE ( 'NONE', #3183, #770 ) ;
#5332 = CARTESIAN_POINT ( 'NONE',  ( 1.125000000000000222, 1.575000000000000178, 0.5500000000000003775 ) ) ;
#5333 = VECTOR ( 'NONE', #5950, 1000.000000000000000 ) ;
#5334 = CARTESIAN_POINT ( 'NONE',  ( 0.3250000000000001776, 1.312500000000000222, -1.300000000000000044 ) ) ;
#5335 = ORIENTED_EDGE ( 'NONE', *, *, #3584, .F. ) ;
#5336 = DIRECTION ( 'NONE',  ( 0.000000000000000000, -1.000000000000000000, 0.000000000000000000 ) ) ;
#5337 = LINE ( 'NONE', #1277, #754 ) ;
#5338 = DIRECTION ( 'NONE',  ( 1.000000000000000000, 0.000000000000000000, 0.000000000000000000 ) ) ;
#5339 = ORIENTED_EDGE ( 'NONE', *, *, #1833, .F. ) ;
#5340 = DIRECTION ( 'NONE',  ( 0.000000000000000000, 0.000000000000000000, 1.000000000000000000 ) ) ;
#5341 = VECTOR ( 'NONE', #4320, 1000.000000000000000 ) ;
#5342 = EDGE_LOOP ( 'NONE', ( #4933, #5339, #9260, #4807 ) ) ;
#5343 = CARTESIAN_POINT ( 'NONE',  ( -2.500000000000000444, 0.2499999999999991396, 1.275000000000001910 ) ) ;
#5344 = VERTEX_POINT ( 'NONE', #6963 ) ;
#5345 = DIRECTION ( 'NONE',  ( -0.000000000000000000, 1.000000000000000000, 0.000000000000000000 ) ) ;
#5346 = ORIENTED_EDGE ( 'NONE', *, *, #12719, .F. ) ;
#5347 = EDGE_CURVE ( 'NONE', #191, #9520, #9288, .T. ) ;
#5348 = ORIENTED_EDGE ( 'NONE', *, *, #5075, .T. ) ;
#5349 = CARTESIAN_POINT ( 'NONE',  ( -2.075000000000000178, 1.149999999999999911, -1.300000000000000711 ) ) ;
#5350 = CARTESIAN_POINT ( 'NONE',  ( -0.3250000000000000111, 0.7499999999999991118, -1.350000000000000533 ) ) ;
#5351 = ORIENTED_EDGE ( 'NONE', *, *, #5723, .T. ) ;
#5352 = EDGE_CURVE ( 'NONE', #2249, #1620, #4568, .T. ) ;
#5353 = AXIS2_PLACEMENT_3D ( 'NONE', #4417, #6330, #10382 ) ;
#5354 = LINE ( 'NONE', #2792, #5223 ) ;
#5355 = PLANE ( 'NONE',  #4732 ) ;
#5356 = ADVANCED_FACE ( 'NONE', ( #391 ), #5050, .F. ) ;
#5357 = DIRECTION ( 'NONE',  ( 1.000000000000000000, 1.445602896647340100E-15, 0.000000000000000000 ) ) ;
#5358 = AXIS2_PLACEMENT_3D ( 'NONE', #10988, #11923, #12269 ) ;
#5359 = LINE ( 'NONE', #6118, #5277 ) ;
#5360 = ORIENTED_EDGE ( 'NONE', *, *, #8462, .F. ) ;
#5361 = DIRECTION ( 'NONE',  ( 1.000000000000000000, 0.000000000000000000, 0.000000000000000000 ) ) ;
#5362 = VECTOR ( 'NONE', #6127, 1000.000000000000000 ) ;
#5363 = ORIENTED_EDGE ( 'NONE', *, *, #11076, .F. ) ;
#5364 = EDGE_CURVE ( 'NONE', #8771, #5326, #243, .T. ) ;
#5365 = LINE ( 'NONE', #6406, #9436 ) ;
#5366 = ORIENTED_EDGE ( 'NONE', *, *, #7376, .F. ) ;
#5367 = ORIENTED_EDGE ( 'NONE', *, *, #5985, .T. ) ;
#5368 = ORIENTED_EDGE ( 'NONE', *, *, #3604, .F. ) ;
#5369 = AXIS2_PLACEMENT_3D ( 'NONE', #2248, #1452, #5385 ) ;
#5370 = PLANE ( 'NONE',  #10229 ) ;
#5371 = ORIENTED_EDGE ( 'NONE', *, *, #4092, .F. ) ;
#5372 = EDGE_CURVE ( 'NONE', #4150, #3794, #4892, .T. ) ;
#5373 = ORIENTED_EDGE ( 'NONE', *, *, #5212, .T. ) ;
#5374 = EDGE_CURVE ( 'NONE', #7634, #11420, #4543, .T. ) ;
#5375 = CARTESIAN_POINT ( 'NONE',  ( -3.200000000000000178, 0.6200000000000112088, 1.305000000000000160 ) ) ;
#5376 = FACE_OUTER_BOUND ( 'NONE', #2852, .T. ) ;
#5377 = EDGE_CURVE ( 'NONE', #6678, #1577, #8967, .T. ) ;
#5378 = CARTESIAN_POINT ( 'NONE',  ( 1.925000000000000044, 1.750000000000000888, -0.5500000000000017097 ) ) ;
#5379 = CARTESIAN_POINT ( 'NONE',  ( -3.200000000000000178, 0.6500000000000112355, 1.305000000000000160 ) ) ;
#5380 = ADVANCED_FACE ( 'NONE', ( #9327 ), #2442, .F. ) ;
#5381 = EDGE_CURVE ( 'NONE', #5214, #3315, #9161, .T. ) ;
#5382 = CARTESIAN_POINT ( 'NONE',  ( 3.000000000000000444, 1.150000000000011235, 0.3500000000000004219 ) ) ;
#5383 = VECTOR ( 'NONE', #12847, 1000.000000000000000 ) ;
#5384 = EDGE_LOOP ( 'NONE', ( #1926, #8325, #12779, #10555 ) ) ;
#5385 = DIRECTION ( 'NONE',  ( 0.000000000000000000, -0.000000000000000000, 1.000000000000000000 ) ) ;
#5386 = VECTOR ( 'NONE', #9570, 1000.000000000000000 ) ;
#5387 = ADVANCED_FACE ( 'NONE', ( #9003 ), #12466, .F. ) ;
#5388 = EDGE_LOOP ( 'NONE', ( #7379, #8315, #2900, #12253 ) ) ;
#5389 = CARTESIAN_POINT ( 'NONE',  ( -2.075000000000000178, 1.750000000000000444, -0.5500000000000017097 ) ) ;
#5390 = LINE ( 'NONE', #6891, #9611 ) ;
#5391 = ORIENTED_EDGE ( 'NONE', *, *, #7725, .F. ) ;
#5392 = ORIENTED_EDGE ( 'NONE', *, *, #7671, .F. ) ;
#5393 = AXIS2_PLACEMENT_3D ( 'NONE', #7432, #6086, #8225 ) ;
#5394 = EDGE_LOOP ( 'NONE', ( #10507, #1296, #5588, #1484 ) ) ;
#5395 = CARTESIAN_POINT ( 'NONE',  ( -3.200000000000000178, 0.3050000000000114286, 1.275000000000000133 ) ) ;
#5396 = DIRECTION ( 'NONE',  ( -4.818676322157797375E-16, 1.000000000000000000, 0.000000000000000000 ) ) ;
#5397 = ORIENTED_EDGE ( 'NONE', *, *, #8758, .T. ) ;
#5398 = DIRECTION ( 'NONE',  ( 0.000000000000000000, 0.000000000000000000, -1.000000000000000000 ) ) ;
#5399 = VERTEX_POINT ( 'NONE', #10522 ) ;
#5400 = CARTESIAN_POINT ( 'NONE',  ( -0.4749999999999999223, 0.4499999999999991784, -1.350000000000000533 ) ) ;
#5401 = DIRECTION ( 'NONE',  ( 0.000000000000000000, 1.000000000000000000, -0.000000000000000000 ) ) ;
#5402 = EDGE_CURVE ( 'NONE', #1396, #6995, #505, .T. ) ;
#5403 = CARTESIAN_POINT ( 'NONE',  ( 0.3250000000000001776, 1.125000000000000222, 0.4999999999999996669 ) ) ;
#5404 = LINE ( 'NONE', #1198, #9871 ) ;
#5405 = DIRECTION ( 'NONE',  ( -0.000000000000000000, -1.000000000000000000, -0.000000000000000000 ) ) ;
#5406 = EDGE_CURVE ( 'NONE', #3077, #7316, #9119, .T. ) ;
#5407 = CYLINDRICAL_SURFACE ( 'NONE', #1700, 0.2236160714285718720 ) ;
#5408 = DIRECTION ( 'NONE',  ( -1.000000000000000000, 0.000000000000000000, -0.000000000000000000 ) ) ;
#5409 = ORIENTED_EDGE ( 'NONE', *, *, #5212, .F. ) ;
#5410 = EDGE_CURVE ( 'NONE', #7726, #12025, #4915, .T. ) ;
#5411 = AXIS2_PLACEMENT_3D ( 'NONE', #71, #5739, #3667 ) ;
#5412 = VECTOR ( 'NONE', #2334, 1000.000000000000000 ) ;
#5413 = ORIENTED_EDGE ( 'NONE', *, *, #7912, .F. ) ;
#5414 = DIRECTION ( 'NONE',  ( -0.000000000000000000, 1.000000000000000000, 0.000000000000000000 ) ) ;
#5415 = VERTEX_POINT ( 'NONE', #11611 ) ;
#5416 = DIRECTION ( 'NONE',  ( -8.076443282810973452E-15, 0.7071067811865435759, 0.7071067811865513475 ) ) ;
#5417 = ORIENTED_EDGE ( 'NONE', *, *, #2494, .F. ) ;
#5418 = DIRECTION ( 'NONE',  ( -1.000000000000000000, -9.035018104045878829E-16, 0.000000000000000000 ) ) ;
#5419 = EDGE_LOOP ( 'NONE', ( #4847, #3718, #12005, #12424, #12341, #711 ) ) ;
#5420 =( GEOMETRIC_REPRESENTATION_CONTEXT ( 3 ) GLOBAL_UNCERTAINTY_ASSIGNED_CONTEXT ( ( #7175 ) ) GLOBAL_UNIT_ASSIGNED_CONTEXT ( ( #2178, #7932, #3039 ) ) REPRESENTATION_CONTEXT ( 'NONE', 'WORKASPACE' ) );
#5421 = ORIENTED_EDGE ( 'NONE', *, *, #10625, .T. ) ;
#5422 = FILL_AREA_STYLE_COLOUR ( '', #80 ) ;
#5423 = VECTOR ( 'NONE', #12029, 1000.000000000000000 ) ;
#5424 = AXIS2_PLACEMENT_3D ( 'NONE', #143, #984, #2041 ) ;
#5425 = CARTESIAN_POINT ( 'NONE',  ( 1.925000000000000044, 1.150000000000000133, -1.229999999999999982 ) ) ;
#5426 = VECTOR ( 'NONE', #9079, 1000.000000000000000 ) ;
#5427 = CARTESIAN_POINT ( 'NONE',  ( 3.200000000000000178, 0.3800000000000112732, 1.324999999999999956 ) ) ;
#5428 = ORIENTED_EDGE ( 'NONE', *, *, #6316, .F. ) ;
#5429 = FACE_OUTER_BOUND ( 'NONE', #2189, .T. ) ;
#5430 = EDGE_LOOP ( 'NONE', ( #10764, #8299, #1653, #10036 ) ) ;
#5431 = DIRECTION ( 'NONE',  ( 1.000000000000000000, -0.000000000000000000, -0.000000000000000000 ) ) ;
#5432 = EDGE_CURVE ( 'NONE', #6971, #7980, #4646, .T. ) ;
#5433 = ORIENTED_EDGE ( 'NONE', *, *, #1282, .T. ) ;
#5434 = DIRECTION ( 'NONE',  ( -0.000000000000000000, -0.000000000000000000, 1.000000000000000000 ) ) ;
#5435 = PLANE ( 'NONE',  #13053 ) ;
#5436 = ORIENTED_EDGE ( 'NONE', *, *, #5059, .F. ) ;
#5437 = VERTEX_POINT ( 'NONE', #7478 ) ;
#5438 = CARTESIAN_POINT ( 'NONE',  ( 2.500000000000000888, 1.499999999999999334, -0.3499999999999994227 ) ) ;
#5439 = DIRECTION ( 'NONE',  ( -1.000000000000000000, -0.000000000000000000, -0.000000000000000000 ) ) ;
#5440 = VERTEX_POINT ( 'NONE', #11253 ) ;
#5441 = AXIS2_PLACEMENT_3D ( 'NONE', #340, #9540, #4428 ) ;
#5442 = CARTESIAN_POINT ( 'NONE',  ( 3.200000000000000178, 0.1250000000000056344, 1.350000000000000533 ) ) ;
#5443 = VECTOR ( 'NONE', #11512, 1000.000000000000114 ) ;
#5444 = DIRECTION ( 'NONE',  ( -0.000000000000000000, -1.000000000000000000, 0.000000000000000000 ) ) ;
#5445 = VECTOR ( 'NONE', #2173, 1000.000000000000000 ) ;
#5446 = VERTEX_POINT ( 'NONE', #5403 ) ;
#5447 = CARTESIAN_POINT ( 'NONE',  ( -2.075000000000000178, 0.4499999999999999556, -0.9499999999999999556 ) ) ;
#5448 = VECTOR ( 'NONE', #874, 1000.000000000000000 ) ;
#5449 = ORIENTED_EDGE ( 'NONE', *, *, #6468, .F. ) ;
#5450 = FACE_OUTER_BOUND ( 'NONE', #6549, .T. ) ;
#5451 = EDGE_LOOP ( 'NONE', ( #6268, #10363, #1841, #5031 ) ) ;
#5452 = DIRECTION ( 'NONE',  ( 1.000000000000000000, 0.000000000000000000, 0.000000000000000000 ) ) ;
#5453 = ORIENTED_EDGE ( 'NONE', *, *, #12724, .F. ) ;
#5454 = CARTESIAN_POINT ( 'NONE',  ( -1.275000000000000133, 1.524999999999999911, 0.5500000000000003775 ) ) ;
#5455 = ORIENTED_EDGE ( 'NONE', *, *, #10521, .F. ) ;
#5456 = CARTESIAN_POINT ( 'NONE',  ( -0.3250000000000000111, 1.574999999999999734, -1.300000000000000044 ) ) ;
#5457 = ORIENTED_EDGE ( 'NONE', *, *, #5827, .F. ) ;
#5458 = EDGE_CURVE ( 'NONE', #1989, #10872, #200, .T. ) ;
#5459 = DIRECTION ( 'NONE',  ( 0.000000000000000000, 0.000000000000000000, 1.000000000000000000 ) ) ;
#5460 = FACE_OUTER_BOUND ( 'NONE', #4661, .T. ) ;
#5461 = CARTESIAN_POINT ( 'NONE',  ( -2.074999999999999734, 1.750000000000000444, -1.350000000000000533 ) ) ;
#5462 = ADVANCED_FACE ( 'NONE', ( #4482 ), #11344, .F. ) ;
#5463 = CARTESIAN_POINT ( 'NONE',  ( -2.949999999999999734, 1.750000000000000000, 1.350000000000000533 ) ) ;
#5464 = DIRECTION ( 'NONE',  ( 0.000000000000000000, 0.7071067811865475727, -0.7071067811865475727 ) ) ;
#5465 = VECTOR ( 'NONE', #5474, 1000.000000000000000 ) ;
#5466 = VERTEX_POINT ( 'NONE', #12370 ) ;
#5467 = DIRECTION ( 'NONE',  ( -0.000000000000000000, 1.000000000000000000, 0.000000000000000000 ) ) ;
#5468 = LINE ( 'NONE', #9748, #5180 ) ;
#5469 = ORIENTED_EDGE ( 'NONE', *, *, #12176, .T. ) ;
#5470 = VECTOR ( 'NONE', #11724, 1000.000000000000000 ) ;
#5471 = CARTESIAN_POINT ( 'NONE',  ( -1.924999999999999600, 1.474999999999999867, -0.9749999999999905409 ) ) ;
#5472 = ORIENTED_EDGE ( 'NONE', *, *, #993, .F. ) ;
#5473 = ORIENTED_EDGE ( 'NONE', *, *, #1973, .F. ) ;
#5474 = DIRECTION ( 'NONE',  ( 0.000000000000000000, 0.000000000000000000, 1.000000000000000000 ) ) ;
#5475 = DIRECTION ( 'NONE',  ( 1.000000000000000000, 1.275531967630008943E-16, -0.000000000000000000 ) ) ;
#5476 = VERTEX_POINT ( 'NONE', #8571 ) ;
#5477 = CARTESIAN_POINT ( 'NONE',  ( 2.500000000000000888, 1.499999999999999334, -0.3499999999999994227 ) ) ;
#5478 = VERTEX_POINT ( 'NONE', #11518 ) ;
#5479 = CARTESIAN_POINT ( 'NONE',  ( -3.000000000000000000, 0.3500000000000021982, 0.3500000000000004219 ) ) ;
#5480 = CARTESIAN_POINT ( 'NONE',  ( 0.4750000000000001443, 1.150000000000000133, -1.229999999999999760 ) ) ;
#5481 = VECTOR ( 'NONE', #6378, 1000.000000000000000 ) ;
#5482 = CARTESIAN_POINT ( 'NONE',  ( -0.4749999999999999223, 0.9750000000000004219, -1.229999999999999760 ) ) ;
#5483 = ADVANCED_FACE ( 'NONE', ( #367 ), #9024, .F. ) ;
#5484 = DIRECTION ( 'NONE',  ( 0.000000000000000000, 0.000000000000000000, 1.000000000000000000 ) ) ;
#5485 = FACE_OUTER_BOUND ( 'NONE', #12832, .T. ) ;
#5486 = PLANE ( 'NONE',  #12168 ) ;
#5487 = VERTEX_POINT ( 'NONE', #3102 ) ;
#5488 = LINE ( 'NONE', #1220, #9936 ) ;
#5489 = ADVANCED_FACE ( 'NONE', ( #4669 ), #8182, .F. ) ;
#5490 = EDGE_LOOP ( 'NONE', ( #6831, #3611, #7770, #1359 ) ) ;
#5491 = CARTESIAN_POINT ( 'NONE',  ( 1.975000000000000089, 1.125000000000000222, 0.5500000000000004885 ) ) ;
#5492 = VECTOR ( 'NONE', #1488, 1000.000000000000000 ) ;
#5493 = EDGE_LOOP ( 'NONE', ( #1421, #1230, #1573, #6444 ) ) ;
#5494 = CARTESIAN_POINT ( 'NONE',  ( 2.041666666666666519, 1.158333333333333659, 0.5333333333333336590 ) ) ;
#5495 = PLANE ( 'NONE',  #3052 ) ;
#5496 = ORIENTED_EDGE ( 'NONE', *, *, #12534, .F. ) ;
#5497 = CARTESIAN_POINT ( 'NONE',  ( 3.000000000000000444, 0.3050000000000114286, 1.275000000000000133 ) ) ;
#5498 = VERTEX_POINT ( 'NONE', #12278 ) ;
#5499 = ORIENTED_EDGE ( 'NONE', *, *, #4900, .F. ) ;
#5500 = LINE ( 'NONE', #7730, #921 ) ;
#5501 = EDGE_CURVE ( 'NONE', #3773, #7958, #9242, .T. ) ;
#5502 = DIRECTION ( 'NONE',  ( -0.7071067811865475727, 0.000000000000000000, 0.7071067811865475727 ) ) ;
#5503 = EDGE_CURVE ( 'NONE', #12883, #5753, #8899, .T. ) ;
#5504 = CARTESIAN_POINT ( 'NONE',  ( -3.200000000000000178, 0.3500000000000113021, 1.275000000000000133 ) ) ;
#5505 = FACE_OUTER_BOUND ( 'NONE', #3640, .T. ) ;
#5506 = DIRECTION ( 'NONE',  ( 0.000000000000000000, -1.000000000000000000, 0.000000000000000000 ) ) ;
#5507 = ORIENTED_EDGE ( 'NONE', *, *, #11713, .F. ) ;
#5508 = AXIS2_PLACEMENT_3D ( 'NONE', #12675, #4757, #6560 ) ;
#5509 = CARTESIAN_POINT ( 'NONE',  ( -3.000000000000000000, 0.3500000000000024203, 0.2749999999999982458 ) ) ;
#5510 = VECTOR ( 'NONE', #5295, 1000.000000000000000 ) ;
#5511 = DIRECTION ( 'NONE',  ( 0.000000000000000000, 0.000000000000000000, -1.000000000000000000 ) ) ;
#5512 = ORIENTED_EDGE ( 'NONE', *, *, #6463, .T. ) ;
#5513 = CARTESIAN_POINT ( 'NONE',  ( -1.275000000000000133, 0.4499999999999999556, -0.3999999999999999667 ) ) ;
#5514 = LINE ( 'NONE', #8473, #10110 ) ;
#5515 = EDGE_LOOP ( 'NONE', ( #5840, #3290, #251, #2608 ) ) ;
#5516 = AXIS2_PLACEMENT_3D ( 'NONE', #4776, #4697, #2575 ) ;
#5517 = CARTESIAN_POINT ( 'NONE',  ( -3.225000000000000533, 1.750000000000000000, -0.3000000000000006550 ) ) ;
#5518 = ORIENTED_EDGE ( 'NONE', *, *, #4796, .T. ) ;
#5519 = EDGE_LOOP ( 'NONE', ( #11511, #6784, #1632, #185 ) ) ;
#5520 = CARTESIAN_POINT ( 'NONE',  ( 2.024999999999999911, 1.175000000000000488, 0.5500000000000004885 ) ) ;
#5521 = DIRECTION ( 'NONE',  ( -1.000000000000000000, 0.000000000000000000, 0.000000000000000000 ) ) ;
#5522 = ORIENTED_EDGE ( 'NONE', *, *, #7706, .T. ) ;
#5523 = EDGE_CURVE ( 'NONE', #4358, #12686, #4502, .T. ) ;
#5524 = CARTESIAN_POINT ( 'NONE',  ( 0.3250000000000001776, 1.150000000000000133, -0.3999999999999999667 ) ) ;
#5525 = LINE ( 'NONE', #11185, #9507 ) ;
#5526 = EDGE_CURVE ( 'NONE', #9546, #1185, #8919, .T. ) ;
#5527 = AXIS2_PLACEMENT_3D ( 'NONE', #5547, #10498, #10754 ) ;
#5528 = DIRECTION ( 'NONE',  ( 1.000000000000000000, 0.000000000000000000, -7.228014483236699514E-16 ) ) ;
#5529 = LINE ( 'NONE', #11423, #5674 ) ;
#5530 = ORIENTED_EDGE ( 'NONE', *, *, #594, .T. ) ;
#5531 = EDGE_CURVE ( 'NONE', #9495, #12316, #9074, .T. ) ;
#5532 = CARTESIAN_POINT ( 'NONE',  ( 0.6666666666666379859, -0.06666666666665824192, -3.091666666666660124 ) ) ;
#5533 = EDGE_CURVE ( 'NONE', #8653, #2249, #4850, .T. ) ;
#5534 = LINE ( 'NONE', #2946, #5581 ) ;
#5535 = ORIENTED_EDGE ( 'NONE', *, *, #9686, .F. ) ;
#5536 = ORIENTED_EDGE ( 'NONE', *, *, #7688, .F. ) ;
#5537 = CARTESIAN_POINT ( 'NONE',  ( 3.500000000000000000, 1.675000000000001377, -1.350000000000000533 ) ) ;
#5538 = ORIENTED_EDGE ( 'NONE', *, *, #4928, .F. ) ;
#5539 = VERTEX_POINT ( 'NONE', #3664 ) ;
#5540 = EDGE_CURVE ( 'NONE', #9765, #1569, #4724, .T. ) ;
#5541 = DIRECTION ( 'NONE',  ( 0.000000000000000000, -0.000000000000000000, 1.000000000000000000 ) ) ;
#5542 = ORIENTED_EDGE ( 'NONE', *, *, #9743, .T. ) ;
#5543 = EDGE_CURVE ( 'NONE', #9330, #12309, #106, .T. ) ;
#5544 = CARTESIAN_POINT ( 'NONE',  ( 0.3250000000000001776, 0.8125000000000003331, -1.300000000000000044 ) ) ;
#5545 = CARTESIAN_POINT ( 'NONE',  ( 3.500000000000003109, 1.474999999999999867, -0.9749999999999897637 ) ) ;
#5546 = DIRECTION ( 'NONE',  ( 1.000000000000000000, 0.000000000000000000, -0.000000000000000000 ) ) ;
#5547 = CARTESIAN_POINT ( 'NONE',  ( 2.925000000000000266, 0.05000000000000501266, 0.2999999999999981570 ) ) ;
#5548 = EDGE_CURVE ( 'NONE', #1395, #4082, #9094, .T. ) ;
#5549 = AXIS2_PLACEMENT_3D ( 'NONE', #2998, #9479, #2001 ) ;
#5550 = DIRECTION ( 'NONE',  ( -0.5773502691896251759, 0.5773502691896270633, 0.5773502691896251759 ) ) ;
#5551 = VECTOR ( 'NONE', #368, 1000.000000000000000 ) ;
#5552 = ORIENTED_EDGE ( 'NONE', *, *, #5406, .T. ) ;
#5553 = VECTOR ( 'NONE', #10619, 1000.000000000000114 ) ;
#5554 = EDGE_LOOP ( 'NONE', ( #6552, #6010, #6072, #1824, #11195, #13040, #6627, #10505, #6067, #6734, #4553, #6673, #2274, #11371, #6153 ) ) ;
#5555 = LINE ( 'NONE', #4015, #9982 ) ;
#5556 = CARTESIAN_POINT ( 'NONE',  ( -1.175000000000000266, 0.5000000000000002220, -0.3499999999999998113 ) ) ;
#5557 = EDGE_CURVE ( 'NONE', #9776, #2251, #288, .T. ) ;
#5558 = ORIENTED_EDGE ( 'NONE', *, *, #1224, .T. ) ;
#5559 = VERTEX_POINT ( 'NONE', #7562 ) ;
#5560 = DIRECTION ( 'NONE',  ( 3.614007241618339403E-16, -1.000000000000000000, 0.000000000000000000 ) ) ;
#5561 = CARTESIAN_POINT ( 'NONE',  ( 2.962500000000000355, 0.08750000000000569822, -1.350000000000000533 ) ) ;
#5562 = ORIENTED_EDGE ( 'NONE', *, *, #7864, .F. ) ;
#5563 = CARTESIAN_POINT ( 'NONE',  ( 0.000000000000000000, 0.000000000000000000, 0.000000000000000000 ) ) ;
#5564 = CARTESIAN_POINT ( 'NONE',  ( 3.500000000000000000, 0.2299999999999944866, -0.5500000000000018208 ) ) ;
#5565 = ORIENTED_EDGE ( 'NONE', *, *, #12887, .T. ) ;
#5566 = EDGE_CURVE ( 'NONE', #11674, #12908, #9200, .T. ) ;
#5567 = CARTESIAN_POINT ( 'NONE',  ( -2.124999999999999556, 0.2299999999999946254, -1.350000000000000533 ) ) ;
#5568 = DIRECTION ( 'NONE',  ( -0.000000000000000000, 1.000000000000000000, 5.421010862427604014E-16 ) ) ;
#5569 = EDGE_CURVE ( 'NONE', #11753, #2766, #9396, .T. ) ;
#5570 = DIRECTION ( 'NONE',  ( -1.000000000000000000, -3.614007241618339403E-16, 7.228014483236698528E-16 ) ) ;
#5571 = AXIS2_PLACEMENT_3D ( 'NONE', #2239, #3165, #2413 ) ;
#5572 = VECTOR ( 'NONE', #8322, 1000.000000000000000 ) ;
#5573 = DIRECTION ( 'NONE',  ( 0.000000000000000000, -1.000000000000000000, 0.000000000000000000 ) ) ;
#5574 = LINE ( 'NONE', #3487, #8756 ) ;
#5575 = ADVANCED_FACE ( 'NONE', ( #580 ), #602, .T. ) ;
#5576 = VECTOR ( 'NONE', #8740, 1000.000000000000000 ) ;
#5577 = EDGE_CURVE ( 'NONE', #7773, #12834, #672, .T. ) ;
#5578 = AXIS2_PLACEMENT_3D ( 'NONE', #5760, #9965, #3690 ) ;
#5579 = CARTESIAN_POINT ( 'NONE',  ( -0.5249999999999996891, 0.2299999999999946254, -1.350000000000000533 ) ) ;
#5580 = ORIENTED_EDGE ( 'NONE', *, *, #273, .T. ) ;
#5581 = VECTOR ( 'NONE', #5064, 1000.000000000000000 ) ;
#5582 = VERTEX_POINT ( 'NONE', #9006 ) ;
#5583 = DIRECTION ( 'NONE',  ( 0.000000000000000000, 0.000000000000000000, 1.000000000000000000 ) ) ;
#5584 = FACE_OUTER_BOUND ( 'NONE', #313, .T. ) ;
#5585 = EDGE_LOOP ( 'NONE', ( #3200, #12856, #7446, #3301 ) ) ;
#5586 = CARTESIAN_POINT ( 'NONE',  ( -0.4749999999999999223, 0.7499999999999998890, -0.3499999999999998113 ) ) ;
#5587 = CARTESIAN_POINT ( 'NONE',  ( -1.925000000000000044, 1.499999999999999334, -0.3499999999999994227 ) ) ;
#5588 = ORIENTED_EDGE ( 'NONE', *, *, #11067, .T. ) ;
#5589 = CARTESIAN_POINT ( 'NONE',  ( 3.000000000000000000, 0.3500000000000024203, 0.2749999999999982458 ) ) ;
#5590 = ORIENTED_EDGE ( 'NONE', *, *, #13055, .F. ) ;
#5591 = EDGE_LOOP ( 'NONE', ( #3751, #51, #8320, #2666, #4316 ) ) ;
#5592 = CARTESIAN_POINT ( 'NONE',  ( 0.3250000000000001776, 0.000000000000000000, -0.9499999999999999556 ) ) ;
#5593 = ADVANCED_FACE ( 'NONE', ( #5125 ), #12961, .F. ) ;
#5594 = EDGE_CURVE ( 'NONE', #11984, #1817, #5210, .T. ) ;
#5595 = LINE ( 'NONE', #9346, #10122 ) ;
#5596 = EDGE_CURVE ( 'NONE', #5440, #9462, #5182, .T. ) ;
#5597 = DIRECTION ( 'NONE',  ( -0.000000000000000000, 1.000000000000000000, 0.000000000000000000 ) ) ;
#5598 = ADVANCED_FACE ( 'NONE', ( #9544 ), #11693, .F. ) ;
#5599 = DIRECTION ( 'NONE',  ( -1.000000000000000000, 0.000000000000000000, -0.000000000000000000 ) ) ;
#5600 = PLANE ( 'NONE',  #2504 ) ;
#5601 = ORIENTED_EDGE ( 'NONE', *, *, #11291, .T. ) ;
#5602 = DIRECTION ( 'NONE',  ( -0.000000000000000000, -1.000000000000000000, 5.288791085295112841E-17 ) ) ;
#5603 = PLANE ( 'NONE',  #2805 ) ;
#5604 = ADVANCED_FACE ( 'NONE', ( #5001 ), #11788, .F. ) ;
#5605 = ORIENTED_EDGE ( 'NONE', *, *, #6609, .T. ) ;
#5606 = CARTESIAN_POINT ( 'NONE',  ( 2.500000000000000888, 1.499999999999999334, 1.275000000000000133 ) ) ;
#5607 = AXIS2_PLACEMENT_3D ( 'NONE', #3537, #12020, #2865 ) ;
#5608 = ORIENTED_EDGE ( 'NONE', *, *, #5225, .T. ) ;
#5609 = CARTESIAN_POINT ( 'NONE',  ( 1.125000000000000222, 0.2000000000000000111, -0.9499999999999999556 ) ) ;
#5610 = PLANE ( 'NONE',  #11061 ) ;
#5611 = ORIENTED_EDGE ( 'NONE', *, *, #12957, .T. ) ;
#5612 = EDGE_LOOP ( 'NONE', ( #1795, #1081, #9839, #9908 ) ) ;
#5613 = DIRECTION ( 'NONE',  ( 0.000000000000000000, 0.000000000000000000, 1.000000000000000000 ) ) ;
#5614 = DIRECTION ( 'NONE',  ( -0.000000000000000000, 1.000000000000000000, 4.336808689942004424E-16 ) ) ;
#5615 = EDGE_LOOP ( 'NONE', ( #11736, #12057, #7691, #7518 ) ) ;
#5616 = DIRECTION ( 'NONE',  ( 0.000000000000000000, -0.7071067811865475727, 0.7071067811865475727 ) ) ;
#5617 = DIRECTION ( 'NONE',  ( 0.000000000000000000, -1.000000000000000000, 0.000000000000000000 ) ) ;
#5618 = LINE ( 'NONE', #2972, #1217 ) ;
#5619 = CARTESIAN_POINT ( 'NONE',  ( -3.200000000000000178, 0.6200000000000113198, 1.305000000000000160 ) ) ;
#5620 = VECTOR ( 'NONE', #1707, 1000.000000000000000 ) ;
#5621 = VERTEX_POINT ( 'NONE', #637 ) ;
#5622 = DIRECTION ( 'NONE',  ( 0.000000000000000000, 0.000000000000000000, 1.000000000000000000 ) ) ;
#5623 = ORIENTED_EDGE ( 'NONE', *, *, #5075, .F. ) ;
#5624 = VECTOR ( 'NONE', #8688, 1000.000000000000000 ) ;
#5625 = EDGE_LOOP ( 'NONE', ( #10072, #848, #5279, #1314 ) ) ;
#5626 = PLANE ( 'NONE',  #3960 ) ;
#5627 = ORIENTED_EDGE ( 'NONE', *, *, #3948, .F. ) ;
#5628 = DIRECTION ( 'NONE',  ( 0.7071067811865467956, 0.7071067811865483499, 0.000000000000000000 ) ) ;
#5629 = EDGE_LOOP ( 'NONE', ( #11820, #3814, #1256, #120 ) ) ;
#5630 = ORIENTED_EDGE ( 'NONE', *, *, #9274, .F. ) ;
#5631 = DIRECTION ( 'NONE',  ( 1.275531967630008943E-16, 1.000000000000000000, 0.000000000000000000 ) ) ;
#5632 = FACE_OUTER_BOUND ( 'NONE', #785, .T. ) ;
#5633 = DIRECTION ( 'NONE',  ( 0.000000000000000000, 0.000000000000000000, 1.000000000000000000 ) ) ;
#5634 = DIRECTION ( 'NONE',  ( 7.228014483236696555E-16, -1.000000000000000000, 0.000000000000000000 ) ) ;
#5635 = DIRECTION ( 'NONE',  ( -0.000000000000000000, 0.000000000000000000, 1.000000000000000000 ) ) ;
#5636 = CARTESIAN_POINT ( 'NONE',  ( -3.500000000000000000, 0.05000000000000490163, -1.050000000000000488 ) ) ;
#5637 = VECTOR ( 'NONE', #3655, 1000.000000000000000 ) ;
#5638 = ORIENTED_EDGE ( 'NONE', *, *, #7297, .T. ) ;
#5639 = LINE ( 'NONE', #4679, #10071 ) ;
#5640 = ORIENTED_EDGE ( 'NONE', *, *, #9835, .T. ) ;
#5641 = SURFACE_STYLE_FILL_AREA ( #11953 ) ;
#5642 = ORIENTED_EDGE ( 'NONE', *, *, #2786, .F. ) ;
#5643 = ORIENTED_EDGE ( 'NONE', *, *, #1286, .T. ) ;
#5644 = DIRECTION ( 'NONE',  ( 1.000000000000000000, 0.000000000000000000, -0.000000000000000000 ) ) ;
#5645 = DIRECTION ( 'NONE',  ( 0.000000000000000000, -0.7071067811865457964, 0.7071067811865492381 ) ) ;
#5646 = EDGE_LOOP ( 'NONE', ( #9076, #2402, #6233, #6363, #6487 ) ) ;
#5647 = ORIENTED_EDGE ( 'NONE', *, *, #5716, .T. ) ;
#5648 = CARTESIAN_POINT ( 'NONE',  ( 2.012500000000000622, 1.149999999999999911, 0.3874999999999995670 ) ) ;
#5649 = CARTESIAN_POINT ( 'NONE',  ( -1.125000000000000222, 1.499999999999999334, -0.3499999999999994227 ) ) ;
#5650 = DIRECTION ( 'NONE',  ( -5.421010862427530059E-16, -1.694065894508603883E-16, 1.000000000000000000 ) ) ;
#5651 = PLANE ( 'NONE',  #4143 ) ;
#5652 = DIRECTION ( 'NONE',  ( 0.000000000000000000, -3.336006684570795427E-16, 1.000000000000000000 ) ) ;
#5653 = CARTESIAN_POINT ( 'NONE',  ( -1.925000000000000044, 1.750000000000000444, -0.5500000000000018208 ) ) ;
#5654 = CIRCLE ( 'NONE', #8606, 0.1000000000000000472 ) ;
#5655 = CARTESIAN_POINT ( 'NONE',  ( -1.924999999999999822, 1.149999999999999911, -1.300000000000000044 ) ) ;
#5656 = VERTEX_POINT ( 'NONE', #10859 ) ;
#5657 = VECTOR ( 'NONE', #11624, 1000.000000000000000 ) ;
#5658 = ORIENTED_EDGE ( 'NONE', *, *, #6596, .T. ) ;
#5659 = ORIENTED_EDGE ( 'NONE', *, *, #9510, .F. ) ;
#5660 = CARTESIAN_POINT ( 'NONE',  ( 3.200000000000000178, 1.150000000000011013, 1.350000000000000533 ) ) ;
#5661 = EDGE_LOOP ( 'NONE', ( #630, #8156, #10092, #5898, #9881, #10486, #6216, #6026 ) ) ;
#5662 = AXIS2_PLACEMENT_3D ( 'NONE', #3191, #6304, #8379 ) ;
#5663 = DIRECTION ( 'NONE',  ( -0.5773502691896251759, -0.5773502691896270633, -0.5773502691896251759 ) ) ;
#5664 = VERTEX_POINT ( 'NONE', #11866 ) ;
#5665 = EDGE_CURVE ( 'NONE', #11275, #4436, #9792, .T. ) ;
#5666 = EDGE_CURVE ( 'NONE', #4327, #10338, #980, .T. ) ;
#5667 = ORIENTED_EDGE ( 'NONE', *, *, #3753, .F. ) ;
#5668 = EDGE_CURVE ( 'NONE', #371, #9900, #624, .T. ) ;
#5669 = EDGE_CURVE ( 'NONE', #8418, #13232, #958, .T. ) ;
#5670 = DIRECTION ( 'NONE',  ( 0.000000000000000000, 3.336006684570794934E-16, -1.000000000000000000 ) ) ;
#5671 = DIRECTION ( 'NONE',  ( -1.000000000000000000, -0.000000000000000000, -1.445602896647338917E-15 ) ) ;
#5672 = EDGE_CURVE ( 'NONE', #11934, #2759, #5390, .T. ) ;
#5673 = ADVANCED_FACE ( 'NONE', ( #910 ), #9441, .F. ) ;
#5674 = VECTOR ( 'NONE', #12553, 999.9999999999998863 ) ;
#5675 = CARTESIAN_POINT ( 'NONE',  ( 0.3250000000000001776, 0.000000000000000000, -1.300000000000000044 ) ) ;
#5676 = VERTEX_POINT ( 'NONE', #9355 ) ;
#5677 = VECTOR ( 'NONE', #12583, 1000.000000000000000 ) ;
#5678 = CARTESIAN_POINT ( 'NONE',  ( -3.200000000000000178, 1.150000000000011235, 1.275000000000000133 ) ) ;
#5679 = ORIENTED_EDGE ( 'NONE', *, *, #12007, .T. ) ;
#5680 = PLANE ( 'NONE',  #9663 ) ;
#5681 = ORIENTED_EDGE ( 'NONE', *, *, #571, .F. ) ;
#5682 = CARTESIAN_POINT ( 'NONE',  ( 1.125000000000000222, 0.9750000000000004219, -1.229999999999999760 ) ) ;
#5683 = AXIS2_PLACEMENT_3D ( 'NONE', #1450, #531, #2421 ) ;
#5684 = CARTESIAN_POINT ( 'NONE',  ( 2.075000000000000178, 0.4499999999999999556, -0.9499999999999999556 ) ) ;
#5685 = VERTEX_POINT ( 'NONE', #2046 ) ;
#5686 = VERTEX_POINT ( 'NONE', #1071 ) ;
#5687 = DIRECTION ( 'NONE',  ( -1.000000000000000000, 0.000000000000000000, 0.000000000000000000 ) ) ;
#5688 = DIRECTION ( 'NONE',  ( 0.000000000000000000, 0.000000000000000000, -1.000000000000000000 ) ) ;
#5689 = ORIENTED_EDGE ( 'NONE', *, *, #745, .T. ) ;
#5690 = PLANE ( 'NONE',  #1003 ) ;
#5691 = EDGE_CURVE ( 'NONE', #5006, #6713, #4961, .T. ) ;
#5692 = DIRECTION ( 'NONE',  ( 1.000000000000000000, 0.000000000000000000, -0.000000000000000000 ) ) ;
#5693 = CYLINDRICAL_SURFACE ( 'NONE', #7754, 0.09999999999999993616 ) ;
#5694 = CARTESIAN_POINT ( 'NONE',  ( 3.199999999999999289, 1.150000000000011013, 0.3500000000000004774 ) ) ;
#5695 = ADVANCED_FACE ( 'NONE', ( #9632 ), #10198, .T. ) ;
#5696 = EDGE_CURVE ( 'NONE', #7968, #13238, #5233, .T. ) ;
#5697 = VECTOR ( 'NONE', #6375, 1000.000000000000000 ) ;
#5698 = ORIENTED_EDGE ( 'NONE', *, *, #10189, .F. ) ;
#5699 = EDGE_CURVE ( 'NONE', #12720, #8798, #5284, .T. ) ;
#5700 = DIRECTION ( 'NONE',  ( 1.000000000000000000, 1.275531967630008943E-16, -0.000000000000000000 ) ) ;
#5701 = CARTESIAN_POINT ( 'NONE',  ( 2.075000000000000178, 1.474999999999999867, -0.9749999999999905409 ) ) ;
#5702 = VECTOR ( 'NONE', #2034, 1000.000000000000000 ) ;
#5703 = ADVANCED_FACE ( 'NONE', ( #4937 ), #5251, .F. ) ;
#5704 = ORIENTED_EDGE ( 'NONE', *, *, #3419, .T. ) ;
#5705 = LINE ( 'NONE', #5220, #5767 ) ;
#5706 = VERTEX_POINT ( 'NONE', #9098 ) ;
#5707 = CARTESIAN_POINT ( 'NONE',  ( -0.5249999999999996891, 1.474999999999999867, -1.349999999999997868 ) ) ;
#5708 = EDGE_LOOP ( 'NONE', ( #4229, #6380, #2008, #2028 ) ) ;
#5709 = DIRECTION ( 'NONE',  ( 0.000000000000000000, 0.000000000000000000, 1.000000000000000000 ) ) ;
#5710 = VERTEX_POINT ( 'NONE', #3125 ) ;
#5711 = EDGE_CURVE ( 'NONE', #6056, #11326, #5061, .T. ) ;
#5712 = AXIS2_PLACEMENT_3D ( 'NONE', #10483, #4348, #11212 ) ;
#5713 = ORIENTED_EDGE ( 'NONE', *, *, #3138, .T. ) ;
#5714 = DIRECTION ( 'NONE',  ( 0.000000000000000000, -1.000000000000000000, 0.000000000000000000 ) ) ;
#5715 = LINE ( 'NONE', #7160, #1262 ) ;
#5716 = EDGE_CURVE ( 'NONE', #7593, #10920, #5083, .T. ) ;
#5717 = DIRECTION ( 'NONE',  ( 0.000000000000000000, 0.000000000000000000, 1.000000000000000000 ) ) ;
#5718 = CARTESIAN_POINT ( 'NONE',  ( -2.075000000000000178, 1.150000000000000133, -1.229999999999999760 ) ) ;
#5719 = DIRECTION ( 'NONE',  ( 0.000000000000000000, 1.000000000000000000, 8.673617379884030542E-16 ) ) ;
#5720 = FACE_OUTER_BOUND ( 'NONE', #12155, .T. ) ;
#5721 = ORIENTED_EDGE ( 'NONE', *, *, #4866, .T. ) ;
#5722 = DIRECTION ( 'NONE',  ( 0.000000000000000000, -0.000000000000000000, -1.000000000000000000 ) ) ;
#5723 = EDGE_CURVE ( 'NONE', #12442, #3032, #9347, .T. ) ;
#5724 = VECTOR ( 'NONE', #7321, 1000.000000000000000 ) ;
#5725 = EDGE_LOOP ( 'NONE', ( #6696, #10722, #1500, #5134, #5171, #7055, #9909, #10119, #11167, #6811, #12420, #11686, #5775, #10296, #11322, #9842, #9061, #3672, #3006 ) ) ;
#5726 = VECTOR ( 'NONE', #4691, 1000.000000000000114 ) ;
#5727 = EDGE_CURVE ( 'NONE', #6813, #6032, #9647, .T. ) ;
#5728 = DIRECTION ( 'NONE',  ( 0.000000000000000000, -1.000000000000000000, 0.000000000000000000 ) ) ;
#5729 = ORIENTED_EDGE ( 'NONE', *, *, #1955, .F. ) ;
#5730 = VERTEX_POINT ( 'NONE', #8116 ) ;
#5731 = DIRECTION ( 'NONE',  ( -3.407318703740830925E-16, 0.7071067811865474617, 0.7071067811865474617 ) ) ;
#5732 = EDGE_LOOP ( 'NONE', ( #729, #9617, #888, #4665 ) ) ;
#5733 = VERTEX_POINT ( 'NONE', #1153 ) ;
#5734 =( GEOMETRIC_REPRESENTATION_CONTEXT ( 3 ) GLOBAL_UNCERTAINTY_ASSIGNED_CONTEXT ( ( #3397 ) ) GLOBAL_UNIT_ASSIGNED_CONTEXT ( ( #10201, #12036, #13048 ) ) REPRESENTATION_CONTEXT ( 'NONE', 'WORKASPACE' ) );
#5735 = DIRECTION ( 'NONE',  ( 0.000000000000000000, 0.000000000000000000, 1.000000000000000000 ) ) ;
#5736 = VECTOR ( 'NONE', #7090, 1000.000000000000000 ) ;
#5737 = ADVANCED_FACE ( 'NONE', ( #9494 ), #4046, .F. ) ;
#5738 = SURFACE_STYLE_USAGE ( .BOTH. , #992 ) ;
#5739 = DIRECTION ( 'NONE',  ( -1.000000000000000000, 0.000000000000000000, 0.000000000000000000 ) ) ;
#5740 = CARTESIAN_POINT ( 'NONE',  ( 1.275000000000000133, 1.474999999999999867, -1.300000000000000044 ) ) ;
#5741 = VECTOR ( 'NONE', #9924, 1000.000000000000000 ) ;
#5742 = CARTESIAN_POINT ( 'NONE',  ( 3.500000000000000000, 1.750000000000000000, 1.350000000000000533 ) ) ;
#5743 = ORIENTED_EDGE ( 'NONE', *, *, #11546, .T. ) ;
#5744 = FACE_OUTER_BOUND ( 'NONE', #5765, .T. ) ;
#5745 = EDGE_LOOP ( 'NONE', ( #2567, #137, #10850, #11201 ) ) ;
#5746 = DIRECTION ( 'NONE',  ( -1.000000000000000000, 0.000000000000000000, 0.000000000000000000 ) ) ;
#5747 = ORIENTED_EDGE ( 'NONE', *, *, #4242, .F. ) ;
#5748 = PLANE ( 'NONE',  #2776 ) ;
#5749 = DIRECTION ( 'NONE',  ( 1.000000000000000000, -0.000000000000000000, -0.000000000000000000 ) ) ;
#5750 = EDGE_CURVE ( 'NONE', #1148, #4158, #5145, .T. ) ;
#5751 = ORIENTED_EDGE ( 'NONE', *, *, #4783, .F. ) ;
#5752 = DIRECTION ( 'NONE',  ( 1.000000000000000000, 0.000000000000000000, -0.000000000000000000 ) ) ;
#5753 = VERTEX_POINT ( 'NONE', #5987 ) ;
#5754 = VERTEX_POINT ( 'NONE', #6074 ) ;
#5755 = EDGE_CURVE ( 'NONE', #3660, #13020, #9375, .T. ) ;
#5756 = CARTESIAN_POINT ( 'NONE',  ( 3.500000000000003109, 1.474999999999999867, -0.9749999999999897637 ) ) ;
#5757 =( GEOMETRIC_REPRESENTATION_CONTEXT ( 3 ) GLOBAL_UNCERTAINTY_ASSIGNED_CONTEXT ( ( #8176 ) ) GLOBAL_UNIT_ASSIGNED_CONTEXT ( ( #1250, #11119, #3146 ) ) REPRESENTATION_CONTEXT ( 'NONE', 'WORKASPACE' ) );
#5758 = CARTESIAN_POINT ( 'NONE',  ( -1.925000000000000044, 0.8125000000000003331, -1.300000000000000044 ) ) ;
#5759 = FACE_OUTER_BOUND ( 'NONE', #3509, .T. ) ;
#5760 = CARTESIAN_POINT ( 'NONE',  ( -2.075000000000000178, 1.150000000000000577, 0.5000000000000000000 ) ) ;
#5761 = EDGE_LOOP ( 'NONE', ( #12535, #546, #2815, #9774 ) ) ;
#5762 = CARTESIAN_POINT ( 'NONE',  ( -1.125000000000000222, 0.9750000000000004219, -1.453616071428571521 ) ) ;
#5763 = VECTOR ( 'NONE', #2277, 1000.000000000000000 ) ;
#5764 = DIRECTION ( 'NONE',  ( 0.000000000000000000, -1.172110456741085828E-16, -1.000000000000000000 ) ) ;
#5765 = EDGE_LOOP ( 'NONE', ( #8717, #123, #7764, #3741 ) ) ;
#5766 = CARTESIAN_POINT ( 'NONE',  ( 2.075000000000000178, 1.474999999999999867, -0.9749999999999897637 ) ) ;
#5767 = VECTOR ( 'NONE', #2018, 1000.000000000000114 ) ;
#5768 = ORIENTED_EDGE ( 'NONE', *, *, #9383, .F. ) ;
#5769 = DIRECTION ( 'NONE',  ( 1.000000000000000000, -0.000000000000000000, -0.000000000000000000 ) ) ;
#5770 = CARTESIAN_POINT ( 'NONE',  ( -1.925000000000000044, 1.574999999999999956, -1.300000000000000044 ) ) ;
#5771 = ORIENTED_EDGE ( 'NONE', *, *, #3949, .T. ) ;
#5772 = ORIENTED_EDGE ( 'NONE', *, *, #3941, .F. ) ;
#5773 = CARTESIAN_POINT ( 'NONE',  ( -0.4749999999999999223, 1.125000000000000222, -0.5500000000000018208 ) ) ;
#5774 = PLANE ( 'NONE',  #9532 ) ;
#5775 = ORIENTED_EDGE ( 'NONE', *, *, #5691, .F. ) ;
#5776 = DIRECTION ( 'NONE',  ( -0.000000000000000000, 1.000000000000000000, -0.000000000000000000 ) ) ;
#5777 = EDGE_CURVE ( 'NONE', #4728, #6809, #4980, .T. ) ;
#5778 = DIRECTION ( 'NONE',  ( 0.000000000000000000, 0.000000000000000000, 1.000000000000000000 ) ) ;
#5779 = VECTOR ( 'NONE', #6084, 1000.000000000000000 ) ;
#5780 = DIRECTION ( 'NONE',  ( 1.000000000000000000, 0.000000000000000000, 0.000000000000000000 ) ) ;
#5781 = ADVANCED_FACE ( 'NONE', ( #713 ), #12402, .F. ) ;
#5782 = VECTOR ( 'NONE', #6874, 1000.000000000000114 ) ;
#5783 = ORIENTED_EDGE ( 'NONE', *, *, #13226, .T. ) ;
#5784 = CARTESIAN_POINT ( 'NONE',  ( 1.125000000000000222, 1.150000000000000133, -1.229999999999999982 ) ) ;
#5785 = DIRECTION ( 'NONE',  ( 0.000000000000000000, 0.000000000000000000, 1.000000000000000000 ) ) ;
#5786 = LINE ( 'NONE', #11531, #5677 ) ;
#5787 = VERTEX_POINT ( 'NONE', #8405 ) ;
#5788 = PLANE ( 'NONE',  #4736 ) ;
#5789 = VECTOR ( 'NONE', #11429, 1000.000000000000000 ) ;
#5790 = EDGE_LOOP ( 'NONE', ( #4602, #2289, #4629, #5093 ) ) ;
#5791 = DIRECTION ( 'NONE',  ( 1.000000000000000000, -0.000000000000000000, -0.000000000000000000 ) ) ;
#5792 = ORIENTED_EDGE ( 'NONE', *, *, #5727, .T. ) ;
#5793 = DIRECTION ( 'NONE',  ( 1.000000000000000000, -0.000000000000000000, -0.000000000000000000 ) ) ;
#5794 = ORIENTED_EDGE ( 'NONE', *, *, #8023, .T. ) ;
#5795 = EDGE_LOOP ( 'NONE', ( #10587, #10037, #9829, #5428, #6169, #13088, #1107, #1186, #10501, #5783, #9525, #1591, #9964, #4097, #5580, #1199, #5371, #10183, #5698 ) ) ;
#5796 = CARTESIAN_POINT ( 'NONE',  ( 0.4750000000000001443, 0.8125000000000003331, -1.300000000000000044 ) ) ;
#5797 = DIRECTION ( 'NONE',  ( -0.5773502691896208461, 0.5773502691896281735, 0.5773502691896281735 ) ) ;
#5798 = DIRECTION ( 'NONE',  ( 1.000000000000000000, -0.000000000000000000, -0.000000000000000000 ) ) ;
#5799 = EDGE_CURVE ( 'NONE', #13014, #5753, #9418, .T. ) ;
#5800 = DIRECTION ( 'NONE',  ( -1.000000000000000000, -0.000000000000000000, -1.445602896647338917E-15 ) ) ;
#5801 = LINE ( 'NONE', #10854, #5383 ) ;
#5802 = EDGE_LOOP ( 'NONE', ( #6470, #11224, #6709, #8753, #4351, #8843, #8775, #1983 ) ) ;
#5803 = DIRECTION ( 'NONE',  ( -0.7071067811865475727, 0.000000000000000000, 0.7071067811865475727 ) ) ;
#5804 = LINE ( 'NONE', #5660, #1270 ) ;
#5805 = ADVANCED_FACE ( 'NONE', ( #9566 ), #6987, .F. ) ;
#5806 = ORIENTED_EDGE ( 'NONE', *, *, #9880, .F. ) ;
#5807 = VECTOR ( 'NONE', #11637, 1000.000000000000000 ) ;
#5808 = CARTESIAN_POINT ( 'NONE',  ( 1.925000000000000044, 0.7499999999999998890, -0.5500000000000020428 ) ) ;
#5809 = EDGE_LOOP ( 'NONE', ( #6510, #7227, #5367, #11561 ) ) ;
#5810 = ADVANCED_FACE ( 'NONE', ( #5303 ), #6494, .F. ) ;
#5811 = VERTEX_POINT ( 'NONE', #5425 ) ;
#5812 = CARTESIAN_POINT ( 'NONE',  ( 3.000000000000000444, 0.000000000000000000, 1.224999999999994982 ) ) ;
#5813 = VERTEX_POINT ( 'NONE', #7504 ) ;
#5814 = ORIENTED_EDGE ( 'NONE', *, *, #3788, .F. ) ;
#5815 = CARTESIAN_POINT ( 'NONE',  ( 0.4750000000000001443, 1.574999999999999734, -1.300000000000000044 ) ) ;
#5816 = CYLINDRICAL_SURFACE ( 'NONE', #9105, 0.2236160714285718720 ) ;
#5817 = CARTESIAN_POINT ( 'NONE',  ( 1.275000000000000133, 1.125000000000000222, 0.5000000000000000000 ) ) ;
#5818 = EDGE_CURVE ( 'NONE', #12789, #5621, #5018, .T. ) ;
#5819 = CARTESIAN_POINT ( 'NONE',  ( -0.4749999999999999223, 1.575000000000000178, 0.4999999999999997780 ) ) ;
#5820 = AXIS2_PLACEMENT_3D ( 'NONE', #4462, #5467, #2427 ) ;
#5821 = EDGE_CURVE ( 'NONE', #6467, #9462, #5162, .T. ) ;
#5822 = DIRECTION ( 'NONE',  ( 0.000000000000000000, 1.000000000000000000, 0.000000000000000000 ) ) ;
#5823 = LINE ( 'NONE', #7320, #1860 ) ;
#5824 = DIRECTION ( 'NONE',  ( -3.833233541708440522E-16, 0.7071067811865474617, 0.7071067811865474617 ) ) ;
#5825 = ORIENTED_EDGE ( 'NONE', *, *, #5596, .F. ) ;
#5826 = EDGE_CURVE ( 'NONE', #1316, #1867, #5365, .T. ) ;
#5827 = EDGE_CURVE ( 'NONE', #336, #5415, #9591, .T. ) ;
#5828 = VECTOR ( 'NONE', #3295, 1000.000000000000000 ) ;
#5829 = ORIENTED_EDGE ( 'NONE', *, *, #3237, .F. ) ;
#5830 = DIRECTION ( 'NONE',  ( -0.000000000000000000, -1.000000000000000000, -1.694065894508603636E-16 ) ) ;
#5831 = PRESENTATION_STYLE_ASSIGNMENT (( #1291 ) ) ;
#5832 = AXIS2_PLACEMENT_3D ( 'NONE', #7264, #12614, #3510 ) ;
#5833 = ORIENTED_EDGE ( 'NONE', *, *, #10409, .T. ) ;
#5834 = DIRECTION ( 'NONE',  ( -1.000000000000000000, 0.000000000000000000, 0.000000000000000000 ) ) ;
#5835 = DIRECTION ( 'NONE',  ( 5.421010862427530059E-16, 1.694065894508603143E-16, -1.000000000000000000 ) ) ;
#5836 = VERTEX_POINT ( 'NONE', #491 ) ;
#5837 = DIRECTION ( 'NONE',  ( 0.000000000000000000, 0.000000000000000000, 1.000000000000000000 ) ) ;
#5838 = ORIENTED_EDGE ( 'NONE', *, *, #10940, .F. ) ;
#5839 = EDGE_CURVE ( 'NONE', #10466, #11569, #5034, .T. ) ;
#5840 = ORIENTED_EDGE ( 'NONE', *, *, #5666, .T. ) ;
#5841 = ADVANCED_FACE ( 'NONE', ( #5584 ), #3492, .F. ) ;
#5842 = DIRECTION ( 'NONE',  ( -0.000000000000000000, -0.000000000000000000, 1.000000000000000000 ) ) ;
#5843 = CARTESIAN_POINT ( 'NONE',  ( -1.224999999999999867, 1.175000000000000488, 0.5500000000000004885 ) ) ;
#5844 = AXIS2_PLACEMENT_3D ( 'NONE', #5586, #4392, #6479 ) ;
#5845 = VECTOR ( 'NONE', #7653, 1000.000000000000000 ) ;
#5846 = CARTESIAN_POINT ( 'NONE',  ( -3.200000000000000178, 0.3800000000000112732, 1.324999999999999956 ) ) ;
#5847 = VERTEX_POINT ( 'NONE', #4595 ) ;
#5848 = EDGE_CURVE ( 'NONE', #7690, #6680, #1043, .T. ) ;
#5849 = DIRECTION ( 'NONE',  ( 1.000000000000000000, 1.275531967630008943E-16, -0.000000000000000000 ) ) ;
#5850 = FACE_OUTER_BOUND ( 'NONE', #5127, .T. ) ;
#5851 = DIRECTION ( 'NONE',  ( -1.000000000000000000, -0.000000000000000000, -0.000000000000000000 ) ) ;
#5852 = ORIENTED_EDGE ( 'NONE', *, *, #11437, .T. ) ;
#5853 = CARTESIAN_POINT ( 'NONE',  ( 0.2750000000000005218, 0.2799999999999950862, -1.350000000000000533 ) ) ;
#5854 = LINE ( 'NONE', #12121, #6068 ) ;
#5855 = EDGE_CURVE ( 'NONE', #8589, #1091, #1166, .T. ) ;
#5856 = EDGE_LOOP ( 'NONE', ( #7787, #7333, #12209, #7941 ) ) ;
#5857 = CARTESIAN_POINT ( 'NONE',  ( -1.125000000000000888, 0.2299999999999947364, -1.300000000000000711 ) ) ;
#5858 = DIRECTION ( 'NONE',  ( -9.035018104045878829E-16, 1.000000000000000000, 0.000000000000000000 ) ) ;
#5859 = ORIENTED_EDGE ( 'NONE', *, *, #12032, .T. ) ;
#5860 = VERTEX_POINT ( 'NONE', #9705 ) ;
#5861 = CARTESIAN_POINT ( 'NONE',  ( 1.175000000000000266, 0.6999999999999995115, -0.3499999999999998113 ) ) ;
#5862 = DIRECTION ( 'NONE',  ( 0.000000000000000000, -1.000000000000000000, 0.000000000000000000 ) ) ;
#5863 = ORIENTED_EDGE ( 'NONE', *, *, #7923, .T. ) ;
#5864 = EDGE_CURVE ( 'NONE', #3978, #765, #9904, .T. ) ;
#5865 = PLANE ( 'NONE',  #7467 ) ;
#5866 = EDGE_CURVE ( 'NONE', #6856, #9724, #10158, .T. ) ;
#5867 = DIRECTION ( 'NONE',  ( -0.5773502691896242878, -0.5773502691896251759, -0.5773502691896278405 ) ) ;
#5868 = EDGE_CURVE ( 'NONE', #3635, #5559, #10007, .T. ) ;
#5869 = VECTOR ( 'NONE', #5154, 1000.000000000000000 ) ;
#5870 = ADVANCED_FACE ( 'NONE', ( #5450 ), #12462, .F. ) ;
#5871 = LINE ( 'NONE', #4677, #1980 ) ;
#5872 = AXIS2_PLACEMENT_3D ( 'NONE', #10994, #11164, #12003 ) ;
#5873 = VECTOR ( 'NONE', #169, 1000.000000000000000 ) ;
#5874 = CARTESIAN_POINT ( 'NONE',  ( 1.275000000000000133, 0.2000000000000000111, -0.9499999999999999556 ) ) ;
#5875 = VECTOR ( 'NONE', #5416, 1000.000000000000114 ) ;
#5876 = ORIENTED_EDGE ( 'NONE', *, *, #11098, .T. ) ;
#5877 = DIRECTION ( 'NONE',  ( 1.000000000000000000, 0.000000000000000000, 0.000000000000000000 ) ) ;
#5878 = VECTOR ( 'NONE', #3853, 1000.000000000000000 ) ;
#5879 = ORIENTED_EDGE ( 'NONE', *, *, #171, .T. ) ;
#5880 = CARTESIAN_POINT ( 'NONE',  ( 2.574999999999999734, 0.1750000000000004607, 1.350000000000000533 ) ) ;
#5881 = ORIENTED_EDGE ( 'NONE', *, *, #10997, .F. ) ;
#5882 = EDGE_CURVE ( 'NONE', #9457, #11759, #1334, .T. ) ;
#5883 = ORIENTED_EDGE ( 'NONE', *, *, #10349, .T. ) ;
#5884 = ORIENTED_EDGE ( 'NONE', *, *, #11120, .T. ) ;
#5885 = DIRECTION ( 'NONE',  ( 1.000000000000000000, -0.000000000000000000, -0.000000000000000000 ) ) ;
#5886 = EDGE_CURVE ( 'NONE', #5753, #9551, #5514, .T. ) ;
#5887 = VECTOR ( 'NONE', #12299, 1000.000000000000000 ) ;
#5888 = EDGE_CURVE ( 'NONE', #7030, #1940, #1129, .T. ) ;
#5889 = DIRECTION ( 'NONE',  ( 0.5773502691896175154, 0.5773502691896343908, -0.5773502691896253980 ) ) ;
#5890 = DIRECTION ( 'NONE',  ( -0.000000000000000000, 1.000000000000000000, -0.000000000000000000 ) ) ;
#5891 = FACE_BOUND ( 'NONE', #9730, .T. ) ;
#5892 = VECTOR ( 'NONE', #2499, 1000.000000000000000 ) ;
#5893 = LINE ( 'NONE', #8675, #1331 ) ;
#5894 = VERTEX_POINT ( 'NONE', #1201 ) ;
#5895 = AXIS2_PLACEMENT_3D ( 'NONE', #8281, #376, #1376 ) ;
#5896 = VECTOR ( 'NONE', #1154, 1000.000000000000000 ) ;
#5897 = CARTESIAN_POINT ( 'NONE',  ( -2.950000000000000622, 1.675000000000001377, -1.050000000000000488 ) ) ;
#5898 = ORIENTED_EDGE ( 'NONE', *, *, #3245, .F. ) ;
#5899 = EDGE_LOOP ( 'NONE', ( #4561, #13008, #4790, #8979 ) ) ;
#5900 = VERTEX_POINT ( 'NONE', #6126 ) ;
#5901 = CARTESIAN_POINT ( 'NONE',  ( -1.874999999999998668, 0.2299999999999920164, -1.350000000000000533 ) ) ;
#5902 = EDGE_LOOP ( 'NONE', ( #3047, #2778, #9122, #266 ) ) ;
#5903 = MANIFOLD_SOLID_BREP ( 'LPattern2[1]', #6172 ) ;
#5904 = DIRECTION ( 'NONE',  ( -0.000000000000000000, -0.000000000000000000, 1.000000000000000000 ) ) ;
#5905 = FILL_AREA_STYLE_COLOUR ( '', #10268 ) ;
#5906 = CARTESIAN_POINT ( 'NONE',  ( 1.925000000000000044, 1.150000000000000133, -0.3999999999999999667 ) ) ;
#5907 = DIRECTION ( 'NONE',  ( -0.5773502691896251759, -0.5773502691896270633, -0.5773502691896251759 ) ) ;
#5908 = DIRECTION ( 'NONE',  ( 0.000000000000000000, 0.000000000000000000, 1.000000000000000000 ) ) ;
#5909 = CARTESIAN_POINT ( 'NONE',  ( -2.075000000000000178, 0.6999999999999995115, -0.3499999999999998113 ) ) ;
#5910 = FACE_OUTER_BOUND ( 'NONE', #10286, .T. ) ;
#5911 = VECTOR ( 'NONE', #2035, 1000.000000000000000 ) ;
#5912 = EDGE_CURVE ( 'NONE', #10904, #10923, #10073, .T. ) ;
#5913 = VECTOR ( 'NONE', #2641, 1000.000000000000000 ) ;
#5914 = ADVANCED_FACE ( 'NONE', ( #1147 ), #6049, .F. ) ;
#5915 = ORIENTED_EDGE ( 'NONE', *, *, #3765, .T. ) ;
#5916 = DIRECTION ( 'NONE',  ( 1.000000000000000000, 0.000000000000000000, -0.000000000000000000 ) ) ;
#5917 = ORIENTED_EDGE ( 'NONE', *, *, #3671, .T. ) ;
#5918 = CARTESIAN_POINT ( 'NONE',  ( -2.740000000000000213, 0.6999999999999991784, 0.1500000000000006051 ) ) ;
#5919 = ADVANCED_FACE ( 'NONE', ( #1295 ), #12366, .F. ) ;
#5920 = VERTEX_POINT ( 'NONE', #11251 ) ;
#5921 = DIRECTION ( 'NONE',  ( -0.000000000000000000, -0.000000000000000000, 1.000000000000000000 ) ) ;
#5922 = VERTEX_POINT ( 'NONE', #12272 ) ;
#5923 = ORIENTED_EDGE ( 'NONE', *, *, #2423, .T. ) ;
#5924 = CARTESIAN_POINT ( 'NONE',  ( 0.3250000000000001776, 1.150000000000000133, -1.229999999999999760 ) ) ;
#5925 = LINE ( 'NONE', #2133, #10101 ) ;
#5926 = DIRECTION ( 'NONE',  ( -4.818676322157797375E-16, 1.000000000000000000, 0.000000000000000000 ) ) ;
#5927 = FACE_BOUND ( 'NONE', #1090, .T. ) ;
#5928 = DIRECTION ( 'NONE',  ( -0.000000000000000000, 1.000000000000000000, 1.694065894508603883E-16 ) ) ;
#5929 = LINE ( 'NONE', #12914, #10544 ) ;
#5930 = DIRECTION ( 'NONE',  ( -1.000000000000000000, -0.000000000000000000, -1.445602896647338917E-15 ) ) ;
#5931 = FACE_OUTER_BOUND ( 'NONE', #9795, .T. ) ;
#5932 = DIRECTION ( 'NONE',  ( 0.000000000000000000, -1.000000000000000000, 1.172110456741085828E-16 ) ) ;
#5933 = ORIENTED_EDGE ( 'NONE', *, *, #938, .F. ) ;
#5934 = DIRECTION ( 'NONE',  ( 0.000000000000000000, 1.000000000000000000, -2.409338161078897701E-16 ) ) ;
#5935 = VECTOR ( 'NONE', #1799, 1000.000000000000000 ) ;
#5936 = ORIENTED_EDGE ( 'NONE', *, *, #13049, .T. ) ;
#5937 = DIRECTION ( 'NONE',  ( -0.000000000000000000, 0.000000000000000000, -1.000000000000000000 ) ) ;
#5938 = CARTESIAN_POINT ( 'NONE',  ( 1.925000000000000044, 0.7499999999999998890, -0.3499999999999998113 ) ) ;
#5939 = ORIENTED_EDGE ( 'NONE', *, *, #1712, .F. ) ;
#5940 = ORIENTED_EDGE ( 'NONE', *, *, #4265, .T. ) ;
#5941 = DIRECTION ( 'NONE',  ( 1.000000000000000000, 3.614007241618339403E-16, 0.000000000000000000 ) ) ;
#5942 = DIRECTION ( 'NONE',  ( 1.000000000000000000, 1.275531967630008943E-16, 0.000000000000000000 ) ) ;
#5943 = ORIENTED_EDGE ( 'NONE', *, *, #10023, .T. ) ;
#5944 = DIRECTION ( 'NONE',  ( -8.673617379884034486E-16, 0.000000000000000000, -1.000000000000000000 ) ) ;
#5945 = DIRECTION ( 'NONE',  ( 1.000000000000000000, -1.275531967630008943E-16, -0.000000000000000000 ) ) ;
#5946 = VECTOR ( 'NONE', #11363, 1000.000000000000000 ) ;
#5947 = CARTESIAN_POINT ( 'NONE',  ( -1.275000000000000133, 0.4499999999999999556, -0.9499999999999999556 ) ) ;
#5948 = LINE ( 'NONE', #10441, #1606 ) ;
#5949 = VECTOR ( 'NONE', #915, 1000.000000000000000 ) ;
#5950 = DIRECTION ( 'NONE',  ( 0.000000000000000000, 1.000000000000000000, 0.000000000000000000 ) ) ;
#5951 = CARTESIAN_POINT ( 'NONE',  ( 3.500000000000000000, 0.2799999999999950862, -1.350000000000000533 ) ) ;
#5952 = LINE ( 'NONE', #2555, #1144 ) ;
#5953 = VERTEX_POINT ( 'NONE', #5313 ) ;
#5954 = DIRECTION ( 'NONE',  ( 0.000000000000000000, 1.000000000000000000, 0.000000000000000000 ) ) ;
#5955 = VECTOR ( 'NONE', #11285, 1000.000000000000000 ) ;
#5956 = ORIENTED_EDGE ( 'NONE', *, *, #138, .T. ) ;
#5957 = DIRECTION ( 'NONE',  ( -1.000000000000000000, 1.275531967630008943E-16, 0.000000000000000000 ) ) ;
#5958 = ORIENTED_EDGE ( 'NONE', *, *, #11402, .F. ) ;
#5959 = CARTESIAN_POINT ( 'NONE',  ( -2.962500000000000355, 0.08750000000000569822, -0.5500000000000020428 ) ) ;
#5960 = VERTEX_POINT ( 'NONE', #11074 ) ;
#5961 = VERTEX_POINT ( 'NONE', #12178 ) ;
#5962 = EDGE_CURVE ( 'NONE', #1638, #8164, #10178, .T. ) ;
#5963 = EDGE_CURVE ( 'NONE', #1778, #9393, #10052, .T. ) ;
#5964 = CARTESIAN_POINT ( 'NONE',  ( -3.500000000000000000, 0.05000000000000490163, -1.050000000000000488 ) ) ;
#5965 = FACE_OUTER_BOUND ( 'NONE', #11496, .T. ) ;
#5966 = EDGE_CURVE ( 'NONE', #9030, #11450, #5705, .T. ) ;
#5967 = DIRECTION ( 'NONE',  ( 1.000000000000000000, 0.000000000000000000, 1.445602896647338917E-15 ) ) ;
#5968 = ADVANCED_FACE ( 'NONE', ( #1350 ), #3275, .F. ) ;
#5969 = DIRECTION ( 'NONE',  ( 0.000000000000000000, 1.000000000000000000, 8.673617379884030542E-16 ) ) ;
#5970 = PLANE ( 'NONE',  #3727 ) ;
#5971 = VECTOR ( 'NONE', #12285, 1000.000000000000114 ) ;
#5972 = LINE ( 'NONE', #8139, #6018 ) ;
#5973 = DIRECTION ( 'NONE',  ( -1.000000000000000000, 0.000000000000000000, -0.000000000000000000 ) ) ;
#5974 = AXIS2_PLACEMENT_3D ( 'NONE', #12325, #11483, #5444 ) ;
#5975 = LINE ( 'NONE', #11993, #1608 ) ;
#5976 = VERTEX_POINT ( 'NONE', #4287 ) ;
#5977 = ORIENTED_EDGE ( 'NONE', *, *, #10307, .F. ) ;
#5978 = EDGE_CURVE ( 'NONE', #6871, #11761, #5555, .T. ) ;
#5979 = VERTEX_POINT ( 'NONE', #8371 ) ;
#5980 = DIRECTION ( 'NONE',  ( 1.000000000000000000, 0.000000000000000000, -0.000000000000000000 ) ) ;
#5981 = ORIENTED_EDGE ( 'NONE', *, *, #10963, .T. ) ;
#5982 = CARTESIAN_POINT ( 'NONE',  ( 2.925000000000000266, 0.05000000000000506123, 1.274999999999999245 ) ) ;
#5983 = ORIENTED_EDGE ( 'NONE', *, *, #3360, .F. ) ;
#5984 = STYLED_ITEM ( 'NONE', ( #7805 ), #1347 ) ;
#5985 = EDGE_CURVE ( 'NONE', #12144, #6150, #1249, .T. ) ;
#5986 = EDGE_CURVE ( 'NONE', #6467, #3865, #10202, .T. ) ;
#5987 = CARTESIAN_POINT ( 'NONE',  ( 1.925000000000000044, 0.2299999999999946254, -1.300000000000000711 ) ) ;
#5988 = VECTOR ( 'NONE', #4780, 1000.000000000000000 ) ;
#5989 = PLANE ( 'NONE',  #4486 ) ;
#5990 = CARTESIAN_POINT ( 'NONE',  ( -0.3249999999999992339, -1.566069804701280375E-16, -0.3499999999999994227 ) ) ;
#5991 = DIRECTION ( 'NONE',  ( 0.000000000000000000, 1.000000000000000000, -0.000000000000000000 ) ) ;
#5992 = ADVANCED_FACE ( 'NONE', ( #1393 ), #2930, .F. ) ;
#5993 = DIRECTION ( 'NONE',  ( 0.000000000000000000, 1.000000000000000000, -0.000000000000000000 ) ) ;
#5994 = EDGE_CURVE ( 'NONE', #12859, #8771, #1204, .T. ) ;
#5995 = DIRECTION ( 'NONE',  ( -1.000000000000000000, 0.000000000000000000, 0.000000000000000000 ) ) ;
#5996 = LINE ( 'NONE', #11528, #5971 ) ;
#5997 = CARTESIAN_POINT ( 'NONE',  ( 3.200000000000000178, 1.150000000000011235, 0.3500000000000004219 ) ) ;
#5998 = VECTOR ( 'NONE', #10185, 1000.000000000000000 ) ;
#5999 = EDGE_CURVE ( 'NONE', #1271, #5621, #1227, .T. ) ;
#6000 = MANIFOLD_SOLID_BREP ( 'Pin 1', #10177 ) ;
#6001 = CYLINDRICAL_SURFACE ( 'NONE', #113, 0.2236160714285718720 ) ;
#6002 = DIRECTION ( 'NONE',  ( -1.000000000000000000, 0.000000000000000000, 0.000000000000000000 ) ) ;
#6003 = ORIENTED_EDGE ( 'NONE', *, *, #9207, .T. ) ;
#6004 = CARTESIAN_POINT ( 'NONE',  ( -2.649999999999999023, 0.2799999999999950862, -1.350000000000000533 ) ) ;
#6005 = LINE ( 'NONE', #5817, #10611 ) ;
#6006 = ORIENTED_EDGE ( 'NONE', *, *, #12065, .T. ) ;
#6007 = CARTESIAN_POINT ( 'NONE',  ( -2.075000000000000178, 1.150000000000000133, -1.229999999999999982 ) ) ;
#6008 = DIRECTION ( 'NONE',  ( -1.000000000000000000, -0.000000000000000000, 0.000000000000000000 ) ) ;
#6009 = ORIENTED_EDGE ( 'NONE', *, *, #7456, .F. ) ;
#6010 = ORIENTED_EDGE ( 'NONE', *, *, #10940, .T. ) ;
#6011 = AXIS2_PLACEMENT_3D ( 'NONE', #790, #4979, #5967 ) ;
#6012 = VERTEX_POINT ( 'NONE', #811 ) ;
#6013 = CARTESIAN_POINT ( 'NONE',  ( -1.275000000000000577, 1.474999999999999867, -1.300000000000000711 ) ) ;
#6014 = VECTOR ( 'NONE', #13001, 1000.000000000000000 ) ;
#6015 = EDGE_CURVE ( 'NONE', #6382, #3626, #1570, .T. ) ;
#6016 = FACE_BOUND ( 'NONE', #2655, .T. ) ;
#6017 = CARTESIAN_POINT ( 'NONE',  ( -0.2500000000000184297, -1.595000000000014184, 0.5249999999999792610 ) ) ;
#6018 = VECTOR ( 'NONE', #9201, 1000.000000000000000 ) ;
#6019 = DIRECTION ( 'NONE',  ( -0.5773502691896249539, 0.5773502691896272854, -0.5773502691896249539 ) ) ;
#6020 = EDGE_CURVE ( 'NONE', #6938, #10705, #6270, .T. ) ;
#6021 = VECTOR ( 'NONE', #8519, 1000.000000000000000 ) ;
#6022 = ADVANCED_FACE ( 'NONE', ( #6024 ), #639, .F. ) ;
#6023 = ORIENTED_EDGE ( 'NONE', *, *, #9843, .T. ) ;
#6024 = FACE_OUTER_BOUND ( 'NONE', #8390, .T. ) ;
#6025 = EDGE_CURVE ( 'NONE', #3311, #10383, #1715, .T. ) ;
#6026 = ORIENTED_EDGE ( 'NONE', *, *, #5195, .F. ) ;
#6027 = AXIS2_PLACEMENT_3D ( 'NONE', #11376, #10560, #11737 ) ;
#6028 = CARTESIAN_POINT ( 'NONE',  ( 1.325000000000000622, 0.2299999999999920164, -1.350000000000000533 ) ) ;
#6029 = ADVANCED_FACE ( 'NONE', ( #10724 ), #5989, .T. ) ;
#6030 = CARTESIAN_POINT ( 'NONE',  ( 0.7166666666666160479, 2.071666666666662771, -3.141666666666639962 ) ) ;
#6031 = ORIENTED_EDGE ( 'NONE', *, *, #6908, .T. ) ;
#6032 = VERTEX_POINT ( 'NONE', #723 ) ;
#6033 = DIRECTION ( 'NONE',  ( -0.000000000000000000, 1.000000000000000000, 0.000000000000000000 ) ) ;
#6034 = CARTESIAN_POINT ( 'NONE',  ( 2.500000000000000888, 1.299999999999999378, 1.275000000000000133 ) ) ;
#6035 = ORIENTED_EDGE ( 'NONE', *, *, #11935, .T. ) ;
#6036 = CARTESIAN_POINT ( 'NONE',  ( 2.950000000000000622, 1.149999999999999911, -1.050000000000000488 ) ) ;
#6037 = EDGE_CURVE ( 'NONE', #10343, #2570, #10482, .T. ) ;
#6038 = AXIS2_PLACEMENT_3D ( 'NONE', #3919, #13024, #117 ) ;
#6039 = LINE ( 'NONE', #11471, #6158 ) ;
#6040 = CARTESIAN_POINT ( 'NONE',  ( 3.500000000000000000, 0.2299999999999946254, -1.300000000000000711 ) ) ;
#6041 = AXIS2_PLACEMENT_3D ( 'NONE', #2708, #11094, #6710 ) ;
#6042 = LINE ( 'NONE', #6558, #10542 ) ;
#6043 = LINE ( 'NONE', #8329, #10352 ) ;
#6044 = DIRECTION ( 'NONE',  ( 0.000000000000000000, 0.000000000000000000, -1.000000000000000000 ) ) ;
#6045 = CARTESIAN_POINT ( 'NONE',  ( -3.200000000000000178, 0.3500000000000021982, 0.9499999999999901856 ) ) ;
#6046 = LINE ( 'NONE', #6036, #11049 ) ;
#6047 = ORIENTED_EDGE ( 'NONE', *, *, #5966, .T. ) ;
#6048 = EDGE_LOOP ( 'NONE', ( #5348, #1018, #1447, #5110 ) ) ;
#6049 = PLANE ( 'NONE',  #3287 ) ;
#6050 = EDGE_CURVE ( 'NONE', #12720, #11340, #6005, .T. ) ;
#6051 = CARTESIAN_POINT ( 'NONE',  ( 3.000000000000000444, 0.6500000000000112355, 1.275000000000000133 ) ) ;
#6052 = ORIENTED_EDGE ( 'NONE', *, *, #605, .F. ) ;
#6053 = EDGE_CURVE ( 'NONE', #7818, #30, #1779, .T. ) ;
#6054 = CARTESIAN_POINT ( 'NONE',  ( 3.000000000000000000, 0.1500000000000054623, 0.07500000000000120459 ) ) ;
#6055 = ORIENTED_EDGE ( 'NONE', *, *, #2786, .T. ) ;
#6056 = VERTEX_POINT ( 'NONE', #9100 ) ;
#6057 = CARTESIAN_POINT ( 'NONE',  ( -2.524999999999999911, 0.6999999999999991784, 1.300000000000000711 ) ) ;
#6058 = VECTOR ( 'NONE', #8619, 1000.000000000000000 ) ;
#6059 = AXIS2_PLACEMENT_3D ( 'NONE', #7408, #135, #9339 ) ;
#6060 = DIRECTION ( 'NONE',  ( -1.275531967630008943E-16, -1.000000000000000000, 0.000000000000000000 ) ) ;
#6061 = DIRECTION ( 'NONE',  ( 1.000000000000000000, -0.000000000000000000, -0.000000000000000000 ) ) ;
#6062 = CARTESIAN_POINT ( 'NONE',  ( 0.4250000000000000444, 0.6999999999999995115, -0.3499999999999998113 ) ) ;
#6063 = LINE ( 'NONE', #4576, #1495 ) ;
#6064 = LINE ( 'NONE', #10303, #1814 ) ;
#6065 = CARTESIAN_POINT ( 'NONE',  ( -0.4749999999999997558, 1.474999999999999867, -0.9749999999999897637 ) ) ;
#6066 = VECTOR ( 'NONE', #11204, 999.9999999999998863 ) ;
#6067 = ORIENTED_EDGE ( 'NONE', *, *, #11291, .F. ) ;
#6068 = VECTOR ( 'NONE', #13218, 1000.000000000000000 ) ;
#6069 = ORIENTED_EDGE ( 'NONE', *, *, #10460, .T. ) ;
#6070 = ORIENTED_EDGE ( 'NONE', *, *, #10209, .T. ) ;
#6071 = DIRECTION ( 'NONE',  ( 0.000000000000000000, 0.000000000000000000, -1.000000000000000000 ) ) ;
#6072 = ORIENTED_EDGE ( 'NONE', *, *, #7948, .F. ) ;
#6073 = ORIENTED_EDGE ( 'NONE', *, *, #8774, .T. ) ;
#6074 = CARTESIAN_POINT ( 'NONE',  ( -3.200000000000000178, -2.551063935260013388E-17, 1.224999999999994982 ) ) ;
#6075 = VECTOR ( 'NONE', #4608, 1000.000000000000000 ) ;
#6076 =( NAMED_UNIT ( * ) SI_UNIT ( $, .STERADIAN. ) SOLID_ANGLE_UNIT ( ) );
#6077 = CARTESIAN_POINT ( 'NONE',  ( -0.4749999999999999223, 0.4499999999999999556, -0.3999999999999999667 ) ) ;
#6078 = DIRECTION ( 'NONE',  ( -1.000000000000000000, 0.000000000000000000, 0.000000000000000000 ) ) ;
#6079 = CARTESIAN_POINT ( 'NONE',  ( -3.500000000000000000, 0.1500000000000054623, 0.2749999999999981348 ) ) ;
#6080 = DIRECTION ( 'NONE',  ( 0.7071067811865436870, 0.7071067811865513475, 0.000000000000000000 ) ) ;
#6081 = LINE ( 'NONE', #10533, #6098 ) ;
#6082 = LINE ( 'NONE', #12197, #10631 ) ;
#6083 = LINE ( 'NONE', #2723, #6066 ) ;
#6084 = DIRECTION ( 'NONE',  ( -0.000000000000000000, -1.000000000000000000, -1.694065894508603636E-16 ) ) ;
#6085 = VERTEX_POINT ( 'NONE', #7826 ) ;
#6086 = DIRECTION ( 'NONE',  ( 0.000000000000000000, 1.000000000000000000, -0.000000000000000000 ) ) ;
#6087 = LINE ( 'NONE', #5427, #10657 ) ;
#6088 = EDGE_LOOP ( 'NONE', ( #3377, #3389, #12563, #8611 ) ) ;
#6089 = PLANE ( 'NONE',  #11699 ) ;
#6090 = ORIENTED_EDGE ( 'NONE', *, *, #10144, .F. ) ;
#6091 = CARTESIAN_POINT ( 'NONE',  ( 2.075000000000000178, 0.9750000000000004219, -1.229999999999999760 ) ) ;
#6092 = ORIENTED_EDGE ( 'NONE', *, *, #12183, .T. ) ;
#6093 = DIRECTION ( 'NONE',  ( 0.000000000000000000, 0.000000000000000000, -1.000000000000000000 ) ) ;
#6094 = ORIENTED_EDGE ( 'NONE', *, *, #5569, .F. ) ;
#6095 = CARTESIAN_POINT ( 'NONE',  ( -0.3250000000000000111, 1.150000000000000133, -1.453616071428571743 ) ) ;
#6096 = LINE ( 'NONE', #6417, #6058 ) ;
#6097 = CARTESIAN_POINT ( 'NONE',  ( 2.500000000000000888, 1.499999999999999334, 1.275000000000000133 ) ) ;
#6098 = VECTOR ( 'NONE', #387, 1000.000000000000000 ) ;
#6099 = CARTESIAN_POINT ( 'NONE',  ( 0.3250000000000013434, 1.725000000000002753, -1.299999999999999156 ) ) ;
#6100 = LINE ( 'NONE', #12233, #5949 ) ;
#6101 = CARTESIAN_POINT ( 'NONE',  ( -2.949999999999999289, 1.474999999999999867, -0.9749999999999990896 ) ) ;
#6102 = VECTOR ( 'NONE', #8324, 1000.000000000000000 ) ;
#6103 = VERTEX_POINT ( 'NONE', #9009 ) ;
#6104 = CARTESIAN_POINT ( 'NONE',  ( -2.500000000000000888, 1.499999999999999334, -0.3499999999999994227 ) ) ;
#6105 = LINE ( 'NONE', #11462, #5896 ) ;
#6106 = ORIENTED_EDGE ( 'NONE', *, *, #11464, .F. ) ;
#6107 = CARTESIAN_POINT ( 'NONE',  ( -2.074999999999999734, 1.750000000000000444, -1.275000000000001465 ) ) ;
#6108 = VERTEX_POINT ( 'NONE', #8928 ) ;
#6109 = ORIENTED_EDGE ( 'NONE', *, *, #10452, .F. ) ;
#6110 = CARTESIAN_POINT ( 'NONE',  ( -2.075000000000000178, 0.4499999999999991784, -0.3499999999999994227 ) ) ;
#6111 = DIRECTION ( 'NONE',  ( 0.000000000000000000, -1.000000000000000000, 5.288791085295112841E-17 ) ) ;
#6112 = VERTEX_POINT ( 'NONE', #4909 ) ;
#6113 = CARTESIAN_POINT ( 'NONE',  ( 1.925000000000000044, 0.4499999999999999556, -0.9499999999999999556 ) ) ;
#6114 = CARTESIAN_POINT ( 'NONE',  ( -3.500000000000000000, 0.08750000000000569822, -0.5500000000000020428 ) ) ;
#6115 = LINE ( 'NONE', #5008, #6370 ) ;
#6116 = FACE_OUTER_BOUND ( 'NONE', #4873, .T. ) ;
#6117 = LINE ( 'NONE', #10274, #5911 ) ;
#6118 = CARTESIAN_POINT ( 'NONE',  ( 0.3250000000000001776, 0.7499999999999998890, -0.5500000000000020428 ) ) ;
#6119 = CARTESIAN_POINT ( 'NONE',  ( -0.4749999999999999223, 1.575000000000000178, 0.4999999999999997780 ) ) ;
#6120 = EDGE_CURVE ( 'NONE', #1782, #2564, #5854, .T. ) ;
#6121 = VECTOR ( 'NONE', #4338, 1000.000000000000000 ) ;
#6122 = ADVANCED_FACE ( 'NONE', ( #1521 ), #7928, .F. ) ;
#6123 = ORIENTED_EDGE ( 'NONE', *, *, #3639, .T. ) ;
#6124 = EDGE_CURVE ( 'NONE', #10234, #2373, #6230, .T. ) ;
#6125 = ORIENTED_EDGE ( 'NONE', *, *, #2307, .T. ) ;
#6126 = CARTESIAN_POINT ( 'NONE',  ( -0.4749999999999999223, 1.124999999999999778, -0.3499999999999998113 ) ) ;
#6127 = DIRECTION ( 'NONE',  ( 0.000000000000000000, -1.000000000000000000, 2.409338161078897701E-16 ) ) ;
#6128 = DIRECTION ( 'NONE',  ( -0.000000000000000000, 1.000000000000000000, 0.000000000000000000 ) ) ;
#6129 = ADVANCED_FACE ( 'NONE', ( #10636 ), #8118, .T. ) ;
#6130 = EDGE_LOOP ( 'NONE', ( #2269, #7271, #7101, #11493, #2654, #2807, #11011, #4527, #11178, #1942, #738, #11473 ) ) ;
#6131 = CARTESIAN_POINT ( 'NONE',  ( -1.125000000000000222, 1.750000000000000888, -0.5500000000000018208 ) ) ;
#6132 = EDGE_LOOP ( 'NONE', ( #7986, #8691, #12513, #13215 ) ) ;
#6133 = EDGE_CURVE ( 'NONE', #2251, #5894, #1547, .T. ) ;
#6134 = VERTEX_POINT ( 'NONE', #3308 ) ;
#6135 = EDGE_CURVE ( 'NONE', #6112, #12620, #1884, .T. ) ;
#6136 = CARTESIAN_POINT ( 'NONE',  ( -2.740000000000000657, 1.299999999999999156, -0.3499999999999994227 ) ) ;
#6137 = VECTOR ( 'NONE', #11653, 1000.000000000000000 ) ;
#6138 = DIRECTION ( 'NONE',  ( -1.000000000000000000, 0.000000000000000000, 0.000000000000000000 ) ) ;
#6139 = EDGE_CURVE ( 'NONE', #1599, #4080, #6087, .T. ) ;
#6140 = AXIS2_PLACEMENT_3D ( 'NONE', #6909, #7838, #8937 ) ;
#6141 = DIRECTION ( 'NONE',  ( -1.000000000000000000, 1.275531967630008943E-16, 0.000000000000000000 ) ) ;
#6142 = PLANE ( 'NONE',  #1522 ) ;
#6143 = LINE ( 'NONE', #12778, #5845 ) ;
#6144 = VECTOR ( 'NONE', #8708, 1000.000000000000000 ) ;
#6145 = CARTESIAN_POINT ( 'NONE',  ( -2.075000000000000178, 1.575000000000000178, 0.4999999999999997780 ) ) ;
#6146 = FACE_OUTER_BOUND ( 'NONE', #2048, .T. ) ;
#6147 = VERTEX_POINT ( 'NONE', #10459 ) ;
#6148 = VECTOR ( 'NONE', #11188, 1000.000000000000000 ) ;
#6149 = EDGE_CURVE ( 'NONE', #12352, #11535, #1818, .T. ) ;
#6150 = VERTEX_POINT ( 'NONE', #11548 ) ;
#6151 = ORIENTED_EDGE ( 'NONE', *, *, #4005, .F. ) ;
#6152 = PLANE ( 'NONE',  #757 ) ;
#6153 = ORIENTED_EDGE ( 'NONE', *, *, #5577, .F. ) ;
#6154 = CARTESIAN_POINT ( 'NONE',  ( 0.5250000000000006883, 1.149999999999999911, -1.349999999999997424 ) ) ;
#6155 = VERTEX_POINT ( 'NONE', #4230 ) ;
#6156 = EDGE_CURVE ( 'NONE', #2593, #1638, #10704, .T. ) ;
#6157 = DIRECTION ( 'NONE',  ( -0.5773502691896240657, -0.5773502691896253980, 0.5773502691896279515 ) ) ;
#6158 = VECTOR ( 'NONE', #12611, 1000.000000000000000 ) ;
#6159 = DIRECTION ( 'NONE',  ( -0.000000000000000000, -1.000000000000000000, -1.694065894508603636E-16 ) ) ;
#6160 = CARTESIAN_POINT ( 'NONE',  ( -3.200000000000000178, 1.075000000000010614, 1.350000000000000533 ) ) ;
#6161 = DIRECTION ( 'NONE',  ( 1.000000000000000000, 0.000000000000000000, -0.000000000000000000 ) ) ;
#6162 = PLANE ( 'NONE',  #5353 ) ;
#6163 = VECTOR ( 'NONE', #9017, 1000.000000000000000 ) ;
#6164 = AXIS2_PLACEMENT_3D ( 'NONE', #12942, #792, #12742 ) ;
#6165 = CARTESIAN_POINT ( 'NONE',  ( -1.125000000000000666, 1.750000000000001332, -1.275000000000000577 ) ) ;
#6166 = LINE ( 'NONE', #10651, #10415 ) ;
#6167 = VECTOR ( 'NONE', #12975, 1000.000000000000000 ) ;
#6168 = CARTESIAN_POINT ( 'NONE',  ( -3.500000000000000000, 1.474999999999999867, -1.050000000000000488 ) ) ;
#6169 = ORIENTED_EDGE ( 'NONE', *, *, #10328, .T. ) ;
#6170 = DIRECTION ( 'NONE',  ( 0.000000000000000000, 0.000000000000000000, 1.000000000000000000 ) ) ;
#6171 = PRESENTATION_STYLE_ASSIGNMENT (( #11868 ) ) ;
#6172 = CLOSED_SHELL ( 'NONE', ( #10396, #10613, #4523, #4244, #5057, #10215, #2225, #2057, #6492, #3888, #1524, #9889, #7181, #8280, #10289, #2153, #11142, #5968, #2784, #8535, #6517, #4294, #7543, #2843, #12988 ) ) ;
#6173 = CARTESIAN_POINT ( 'NONE',  ( 2.075000000000000178, 0.8125000000000003331, -1.300000000000000044 ) ) ;
#6174 = ORIENTED_EDGE ( 'NONE', *, *, #10944, .T. ) ;
#6175 = EDGE_CURVE ( 'NONE', #8783, #6344, #1865, .T. ) ;
#6176 = EDGE_LOOP ( 'NONE', ( #2906, #11806, #5552, #5658 ) ) ;
#6177 = DIRECTION ( 'NONE',  ( -0.7071067811865430208, 0.000000000000000000, 0.7071067811865521247 ) ) ;
#6178 = ORIENTED_EDGE ( 'NONE', *, *, #9025, .T. ) ;
#6179 = CARTESIAN_POINT ( 'NONE',  ( -3.000000000000000444, 0.2750000000000112355, 1.305000000000000382 ) ) ;
#6180 = EDGE_CURVE ( 'NONE', #13161, #9955, #10400, .T. ) ;
#6181 = FACE_OUTER_BOUND ( 'NONE', #13065, .T. ) ;
#6182 = EDGE_CURVE ( 'NONE', #12240, #11973, #10418, .T. ) ;
#6183 = PLANE ( 'NONE',  #10500 ) ;
#6184 = AXIS2_PLACEMENT_3D ( 'NONE', #5053, #41, #2099 ) ;
#6185 = FACE_OUTER_BOUND ( 'NONE', #8264, .T. ) ;
#6186 = CARTESIAN_POINT ( 'NONE',  ( 0.4750000000000001443, 0.000000000000000000, -1.300000000000000044 ) ) ;
#6187 = ORIENTED_EDGE ( 'NONE', *, *, #597, .T. ) ;
#6188 = CARTESIAN_POINT ( 'NONE',  ( -2.700000000000000178, 0.05000000000000490163, -1.300000000000000711 ) ) ;
#6189 = FACE_OUTER_BOUND ( 'NONE', #6176, .T. ) ;
#6190 = EDGE_LOOP ( 'NONE', ( #1209, #10362, #5747, #10663 ) ) ;
#6191 = DIRECTION ( 'NONE',  ( 1.000000000000000000, -1.275531967630008943E-16, -0.000000000000000000 ) ) ;
#6192 = EDGE_CURVE ( 'NONE', #905, #2732, #1740, .T. ) ;
#6193 = AXIS2_PLACEMENT_3D ( 'NONE', #4322, #10285, #2121 ) ;
#6194 = ORIENTED_EDGE ( 'NONE', *, *, #4425, .F. ) ;
#6195 = ORIENTED_EDGE ( 'NONE', *, *, #59, .F. ) ;
#6196 = EDGE_LOOP ( 'NONE', ( #8742, #12811, #12295, #6348 ) ) ;
#6197 = DIRECTION ( 'NONE',  ( 1.000000000000000000, 0.000000000000000000, -0.000000000000000000 ) ) ;
#6198 = ORIENTED_EDGE ( 'NONE', *, *, #423, .T. ) ;
#6199 = CARTESIAN_POINT ( 'NONE',  ( -3.000000000000000444, 0.000000000000000000, 1.224999999999994982 ) ) ;
#6200 = CARTESIAN_POINT ( 'NONE',  ( 3.500000000000000000, 0.08750000000000526801, 0.07500000000000117684 ) ) ;
#6201 = VECTOR ( 'NONE', #9108, 1000.000000000000000 ) ;
#6202 = EDGE_CURVE ( 'NONE', #2012, #11837, #10310, .T. ) ;
#6203 = EDGE_CURVE ( 'NONE', #6147, #8418, #6105, .T. ) ;
#6204 = VECTOR ( 'NONE', #4755, 1000.000000000000114 ) ;
#6205 = VECTOR ( 'NONE', #2222, 1000.000000000000000 ) ;
#6206 = EDGE_CURVE ( 'NONE', #10556, #2227, #10336, .T. ) ;
#6207 = CARTESIAN_POINT ( 'NONE',  ( -1.925000000000000044, 0.9750000000000004219, -1.453616071428571521 ) ) ;
#6208 = CARTESIAN_POINT ( 'NONE',  ( 1.125000000000000222, 0.2299999999999944866, -0.5500000000000031530 ) ) ;
#6209 = VECTOR ( 'NONE', #4863, 1000.000000000000000 ) ;
#6210 = ORIENTED_EDGE ( 'NONE', *, *, #1286, .F. ) ;
#6211 = CARTESIAN_POINT ( 'NONE',  ( 3.500000000000000000, 0.05000000000000490163, -1.050000000000000488 ) ) ;
#6212 = ORIENTED_EDGE ( 'NONE', *, *, #2915, .F. ) ;
#6213 = DIRECTION ( 'NONE',  ( 0.000000000000000000, 1.000000000000000000, -2.409338161078897701E-16 ) ) ;
#6214 = PLANE ( 'NONE',  #5872 ) ;
#6215 = AXIS2_PLACEMENT_3D ( 'NONE', #10647, #11657, #1499 ) ;
#6216 = ORIENTED_EDGE ( 'NONE', *, *, #4274, .F. ) ;
#6217 = VERTEX_POINT ( 'NONE', #12306 ) ;
#6218 = ORIENTED_EDGE ( 'NONE', *, *, #458, .F. ) ;
#6219 = DIRECTION ( 'NONE',  ( 1.000000000000000000, 0.000000000000000000, -0.000000000000000000 ) ) ;
#6220 = VECTOR ( 'NONE', #6757, 1000.000000000000000 ) ;
#6221 = CARTESIAN_POINT ( 'NONE',  ( 0.3250000000000001776, 0.2299999999999945421, -0.5500000000000018208 ) ) ;
#6222 = CARTESIAN_POINT ( 'NONE',  ( 1.875000000000000444, 0.2299999999999946254, -1.350000000000000533 ) ) ;
#6223 = PLANE ( 'NONE',  #7378 ) ;
#6224 = LINE ( 'NONE', #904, #10674 ) ;
#6225 = CIRCLE ( 'NONE', #7054, 0.2236160714285718720 ) ;
#6226 = DIRECTION ( 'NONE',  ( 0.000000000000000000, 0.7071067811865479058, 0.7071067811865471286 ) ) ;
#6227 = VECTOR ( 'NONE', #7944, 1000.000000000000000 ) ;
#6228 = ADVANCED_FACE ( 'NONE', ( #1501 ), #5156, .F. ) ;
#6229 = VERTEX_POINT ( 'NONE', #3213 ) ;
#6230 = LINE ( 'NONE', #9183, #10379 ) ;
#6231 = EDGE_LOOP ( 'NONE', ( #2849, #7629, #4133, #11845 ) ) ;
#6232 = ADVANCED_FACE ( 'NONE', ( #10357 ), #2097, .F. ) ;
#6233 = ORIENTED_EDGE ( 'NONE', *, *, #4081, .T. ) ;
#6234 = CARTESIAN_POINT ( 'NONE',  ( -2.700000000000000178, 0.05000000000000490163, -1.350000000000000533 ) ) ;
#6235 = EDGE_LOOP ( 'NONE', ( #9437, #884, #2746, #11937 ) ) ;
#6236 = CARTESIAN_POINT ( 'NONE',  ( -0.4749999999999999223, 0.4499999999999999556, -0.9499999999999999556 ) ) ;
#6237 = ORIENTED_EDGE ( 'NONE', *, *, #9692, .T. ) ;
#6238 = DIRECTION ( 'NONE',  ( 0.000000000000000000, -1.172110456741085828E-16, -1.000000000000000000 ) ) ;
#6239 = FACE_OUTER_BOUND ( 'NONE', #6423, .T. ) ;
#6240 = CARTESIAN_POINT ( 'NONE',  ( 3.500000000000000000, 0.2799999999999950862, -1.350000000000000533 ) ) ;
#6241 = CARTESIAN_POINT ( 'NONE',  ( 1.925000000000000044, 1.124999999999999778, -0.3499999999999998113 ) ) ;
#6242 = CARTESIAN_POINT ( 'NONE',  ( 3.500000000000000000, 0.2299999999999946254, -1.350000000000000533 ) ) ;
#6243 = DIRECTION ( 'NONE',  ( -0.5773502691896240657, 0.5773502691896253980, -0.5773502691896279515 ) ) ;
#6244 = VECTOR ( 'NONE', #13146, 1000.000000000000000 ) ;
#6245 = DIRECTION ( 'NONE',  ( 1.000000000000000000, 0.000000000000000000, 0.000000000000000000 ) ) ;
#6246 = LINE ( 'NONE', #2065, #10699 ) ;
#6247 = VECTOR ( 'NONE', #9194, 1000.000000000000000 ) ;
#6248 = DIRECTION ( 'NONE',  ( 0.000000000000000000, -1.000000000000000000, 0.000000000000000000 ) ) ;
#6249 = VERTEX_POINT ( 'NONE', #3127 ) ;
#6250 = DIRECTION ( 'NONE',  ( 0.000000000000000000, 0.7071067811865420216, 0.7071067811865531239 ) ) ;
#6251 = ORIENTED_EDGE ( 'NONE', *, *, #7067, .T. ) ;
#6252 = DIRECTION ( 'NONE',  ( -0.000000000000000000, -2.710505431213783962E-15, 1.000000000000000000 ) ) ;
#6253 = VERTEX_POINT ( 'NONE', #12601 ) ;
#6254 = PLANE ( 'NONE',  #212 ) ;
#6255 = EDGE_LOOP ( 'NONE', ( #1615, #10681, #11015, #7006 ) ) ;
#6256 = DIRECTION ( 'NONE',  ( 0.7071067811865497932, -1.703659351870409300E-16, -0.7071067811865452413 ) ) ;
#6257 = ORIENTED_EDGE ( 'NONE', *, *, #11062, .T. ) ;
#6258 = ADVANCED_FACE ( 'NONE', ( #11154 ), #12405, .F. ) ;
#6259 = DIRECTION ( 'NONE',  ( 0.000000000000000000, -1.000000000000000000, 0.000000000000000000 ) ) ;
#6260 = LINE ( 'NONE', #10814, #10448 ) ;
#6261 = CARTESIAN_POINT ( 'NONE',  ( -0.4749999999999999223, 1.574999999999999734, -1.350000000000000533 ) ) ;
#6262 = VECTOR ( 'NONE', #3576, 1000.000000000000000 ) ;
#6263 = CARTESIAN_POINT ( 'NONE',  ( -2.075000000000000622, 1.474999999999999867, -0.9749999999999977573 ) ) ;
#6264 = LINE ( 'NONE', #5619, #6144 ) ;
#6265 = DIRECTION ( 'NONE',  ( 0.000000000000000000, 0.000000000000000000, 1.000000000000000000 ) ) ;
#6266 = STYLED_ITEM ( 'NONE', ( #4374 ), #10678 ) ;
#6267 = LINE ( 'NONE', #11567, #1589 ) ;
#6268 = ORIENTED_EDGE ( 'NONE', *, *, #8723, .T. ) ;
#6269 = DIRECTION ( 'NONE',  ( -4.818676322157797375E-16, 1.000000000000000000, -6.965892449317257782E-31 ) ) ;
#6270 = LINE ( 'NONE', #2712, #10439 ) ;
#6271 = VERTEX_POINT ( 'NONE', #5334 ) ;
#6272 = DIRECTION ( 'NONE',  ( -1.000000000000000000, 1.275531967630008943E-16, 0.000000000000000000 ) ) ;
#6273 = ORIENTED_EDGE ( 'NONE', *, *, #10772, .T. ) ;
#6274 = ORIENTED_EDGE ( 'NONE', *, *, #10511, .T. ) ;
#6275 = CARTESIAN_POINT ( 'NONE',  ( -1.975000000000000089, 1.125000000000000222, 0.5500000000000004885 ) ) ;
#6276 = ORIENTED_EDGE ( 'NONE', *, *, #6851, .F. ) ;
#6277 = MECHANICAL_DESIGN_GEOMETRIC_PRESENTATION_REPRESENTATION (  '', ( #4581 ), #7528 ) ;
#6278 = CARTESIAN_POINT ( 'NONE',  ( -2.075000000000000178, 1.575000000000000178, 0.4999999999999997780 ) ) ;
#6279 = EDGE_CURVE ( 'NONE', #10656, #4063, #6295, .T. ) ;
#6280 = DIRECTION ( 'NONE',  ( -0.000000000000000000, -1.000000000000000000, 0.000000000000000000 ) ) ;
#6281 = ADVANCED_FACE ( 'NONE', ( #11111 ), #399, .F. ) ;
#6282 = EDGE_CURVE ( 'NONE', #9750, #8683, #10804, .T. ) ;
#6283 = EDGE_CURVE ( 'NONE', #6952, #11732, #6486, .T. ) ;
#6284 = FACE_OUTER_BOUND ( 'NONE', #12917, .T. ) ;
#6285 = EDGE_CURVE ( 'NONE', #217, #606, #2006, .T. ) ;
#6286 = DIRECTION ( 'NONE',  ( 0.000000000000000000, 1.000000000000000000, 0.000000000000000000 ) ) ;
#6287 = EDGE_CURVE ( 'NONE', #4508, #10069, #6711, .T. ) ;
#6288 = VECTOR ( 'NONE', #5614, 1000.000000000000000 ) ;
#6289 = VECTOR ( 'NONE', #9755, 1000.000000000000000 ) ;
#6290 = DIRECTION ( 'NONE',  ( 0.7071067811865436870, 0.7071067811865513475, 2.775557561562891967E-17 ) ) ;
#6291 = DIRECTION ( 'NONE',  ( 0.000000000000000000, -1.000000000000000000, -0.000000000000000000 ) ) ;
#6292 = FACE_OUTER_BOUND ( 'NONE', #3928, .T. ) ;
#6293 = VERTEX_POINT ( 'NONE', #8776 ) ;
#6294 = CARTESIAN_POINT ( 'NONE',  ( 2.075000000000000178, 1.150000000000000133, -1.229999999999999982 ) ) ;
#6295 = LINE ( 'NONE', #9270, #10867 ) ;
#6296 = ORIENTED_EDGE ( 'NONE', *, *, #8926, .F. ) ;
#6297 = SURFACE_SIDE_STYLE ('',( #1315 ) ) ;
#6298 = DIRECTION ( 'NONE',  ( 0.000000000000000000, 0.000000000000000000, 1.000000000000000000 ) ) ;
#6299 = EDGE_LOOP ( 'NONE', ( #9926, #10197, #10137, #5409, #1060, #4531, #5883, #12898 ) ) ;
#6300 = DIRECTION ( 'NONE',  ( 0.000000000000000000, -1.172110456741085828E-16, -1.000000000000000000 ) ) ;
#6301 = ORIENTED_EDGE ( 'NONE', *, *, #10025, .F. ) ;
#6302 = AXIS2_PLACEMENT_3D ( 'NONE', #7242, #2867, #3843 ) ;
#6303 = VERTEX_POINT ( 'NONE', #4598 ) ;
#6304 = DIRECTION ( 'NONE',  ( 1.000000000000000000, -0.000000000000000000, -0.000000000000000000 ) ) ;
#6305 = ADVANCED_FACE ( 'NONE', ( #6527 ), #662, .F. ) ;
#6306 = CARTESIAN_POINT ( 'NONE',  ( -3.200000000000000178, 0.1250000000000056344, 1.350000000000000533 ) ) ;
#6307 = LINE ( 'NONE', #582, #10648 ) ;
#6308 = EDGE_CURVE ( 'NONE', #10234, #1778, #6735, .T. ) ;
#6309 = ADVANCED_FACE ( 'NONE', ( #2067 ), #5600, .F. ) ;
#6310 = CARTESIAN_POINT ( 'NONE',  ( 1.900000000000000577, 0.2499999999999991396, 0.7500000000000005551 ) ) ;
#6311 = PLANE ( 'NONE',  #5844 ) ;
#6312 = CARTESIAN_POINT ( 'NONE',  ( 1.925000000000000044, 1.175000000000000488, 0.5500000000000004885 ) ) ;
#6313 = VECTOR ( 'NONE', #1757, 1000.000000000000000 ) ;
#6314 = LINE ( 'NONE', #7722, #11129 ) ;
#6315 = DIRECTION ( 'NONE',  ( 0.000000000000000000, -1.172110456741085828E-16, -1.000000000000000000 ) ) ;
#6316 = EDGE_CURVE ( 'NONE', #11299, #12240, #10741, .T. ) ;
#6317 = FACE_OUTER_BOUND ( 'NONE', #11182, .T. ) ;
#6318 = ORIENTED_EDGE ( 'NONE', *, *, #5071, .F. ) ;
#6319 = EDGE_CURVE ( 'NONE', #9433, #3523, #1960, .T. ) ;
#6320 = EDGE_LOOP ( 'NONE', ( #8632, #6386, #8095, #4102 ) ) ;
#6321 = ORIENTED_EDGE ( 'NONE', *, *, #9025, .F. ) ;
#6322 = DIRECTION ( 'NONE',  ( 1.000000000000000000, -0.000000000000000000, -0.000000000000000000 ) ) ;
#6323 = EDGE_LOOP ( 'NONE', ( #8769, #4410, #11115, #2100 ) ) ;
#6324 = ORIENTED_EDGE ( 'NONE', *, *, #2321, .T. ) ;
#6325 = MECHANICAL_DESIGN_GEOMETRIC_PRESENTATION_REPRESENTATION (  '', ( #13102 ), #7124 ) ;
#6326 = DIRECTION ( 'NONE',  ( 0.000000000000000000, -2.409338161078897701E-16, -1.000000000000000000 ) ) ;
#6327 = VECTOR ( 'NONE', #3801, 1000.000000000000000 ) ;
#6328 = DIRECTION ( 'NONE',  ( -1.445602896647338917E-15, 0.000000000000000000, 1.000000000000000000 ) ) ;
#6329 = CARTESIAN_POINT ( 'NONE',  ( 3.500000000000000000, 1.750000000000000000, -1.275000000000001910 ) ) ;
#6330 = DIRECTION ( 'NONE',  ( 0.7071067811865475727, 0.000000000000000000, -0.7071067811865475727 ) ) ;
#6331 = AXIS2_PLACEMENT_3D ( 'NONE', #2994, #5769, #1019 ) ;
#6332 = EDGE_CURVE ( 'NONE', #8342, #371, #6509, .T. ) ;
#6333 = LINE ( 'NONE', #3803, #11238 ) ;
#6334 = CARTESIAN_POINT ( 'NONE',  ( 1.925000000000000044, 0.8125000000000003331, -1.300000000000000044 ) ) ;
#6335 = VECTOR ( 'NONE', #10588, 999.9999999999998863 ) ;
#6336 = VECTOR ( 'NONE', #12315, 1000.000000000000114 ) ;
#6337 = DIRECTION ( 'NONE',  ( -1.000000000000000000, -1.275531967630008943E-16, 0.000000000000000000 ) ) ;
#6338 = ADVANCED_FACE ( 'NONE', ( #6379 ), #7596, .F. ) ;
#6339 = VERTEX_POINT ( 'NONE', #7962 ) ;
#6340 = DIRECTION ( 'NONE',  ( -0.000000000000000000, -0.000000000000000000, 1.000000000000000000 ) ) ;
#6341 = LINE ( 'NONE', #570, #10846 ) ;
#6342 = ORIENTED_EDGE ( 'NONE', *, *, #4883, .F. ) ;
#6343 = PLANE ( 'NONE',  #3650 ) ;
#6344 = VERTEX_POINT ( 'NONE', #9035 ) ;
#6345 = EDGE_CURVE ( 'NONE', #12854, #3276, #10960, .T. ) ;
#6346 = ORIENTED_EDGE ( 'NONE', *, *, #7532, .T. ) ;
#6347 = CARTESIAN_POINT ( 'NONE',  ( -1.874999999999999556, 0.2299999999999920164, -1.350000000000000533 ) ) ;
#6348 = ORIENTED_EDGE ( 'NONE', *, *, #4132, .T. ) ;
#6349 = CARTESIAN_POINT ( 'NONE',  ( 2.700000000000000178, 1.474999999999999867, -1.300000000000000711 ) ) ;
#6350 = FACE_OUTER_BOUND ( 'NONE', #12938, .T. ) ;
#6351 = AXIS2_PLACEMENT_3D ( 'NONE', #5222, #7221, #3187 ) ;
#6352 = CARTESIAN_POINT ( 'NONE',  ( 1.275000000000000133, 0.4499999999999992339, -0.5500000000000019318 ) ) ;
#6353 = CARTESIAN_POINT ( 'NONE',  ( 0.3250000000000001776, 1.175000000000000488, 0.5500000000000004885 ) ) ;
#6354 = LINE ( 'NONE', #5350, #10752 ) ;
#6355 = DIRECTION ( 'NONE',  ( 0.000000000000000000, 0.000000000000000000, -1.000000000000000000 ) ) ;
#6356 = LINE ( 'NONE', #11058, #6374 ) ;
#6357 = CARTESIAN_POINT ( 'NONE',  ( -1.925000000000000044, 1.750000000000000444, -0.5500000000000018208 ) ) ;
#6358 = VECTOR ( 'NONE', #10300, 1000.000000000000000 ) ;
#6359 = VERTEX_POINT ( 'NONE', #6835 ) ;
#6360 = CARTESIAN_POINT ( 'NONE',  ( 3.000000000000000444, 0.6950000000000112754, 1.304999999999999938 ) ) ;
#6361 = LINE ( 'NONE', #5185, #2024 ) ;
#6362 = ORIENTED_EDGE ( 'NONE', *, *, #5410, .T. ) ;
#6363 = ORIENTED_EDGE ( 'NONE', *, *, #12529, .F. ) ;
#6364 = ORIENTED_EDGE ( 'NONE', *, *, #11240, .T. ) ;
#6365 = EDGE_CURVE ( 'NONE', #12559, #6484, #10826, .T. ) ;
#6366 = VERTEX_POINT ( 'NONE', #11815 ) ;
#6367 = DIRECTION ( 'NONE',  ( -1.000000000000000000, 0.000000000000000000, -0.000000000000000000 ) ) ;
#6368 = DIRECTION ( 'NONE',  ( 1.000000000000000000, 1.275531967630008943E-16, -0.000000000000000000 ) ) ;
#6369 = EDGE_CURVE ( 'NONE', #2481, #1112, #6341, .T. ) ;
#6370 = VECTOR ( 'NONE', #9279, 1000.000000000000000 ) ;
#6371 = CARTESIAN_POINT ( 'NONE',  ( 2.740000000000000657, 1.299999999999999156, 1.350000000000000533 ) ) ;
#6372 = MECHANICAL_DESIGN_GEOMETRIC_PRESENTATION_REPRESENTATION (  '', ( #10849 ), #5757 ) ;
#6373 = LINE ( 'NONE', #1975, #2000 ) ;
#6374 = VECTOR ( 'NONE', #946, 1000.000000000000000 ) ;
#6375 = DIRECTION ( 'NONE',  ( -0.000000000000000000, -1.000000000000000000, 5.288791085295112841E-17 ) ) ;
#6376 = DIRECTION ( 'NONE',  ( 0.000000000000000000, 1.000000000000000000, -2.409338161078897701E-16 ) ) ;
#6377 = ORIENTED_EDGE ( 'NONE', *, *, #4418, .F. ) ;
#6378 = DIRECTION ( 'NONE',  ( -1.000000000000000000, 0.000000000000000000, 0.000000000000000000 ) ) ;
#6379 = FACE_OUTER_BOUND ( 'NONE', #12567, .T. ) ;
#6380 = ORIENTED_EDGE ( 'NONE', *, *, #12043, .F. ) ;
#6381 = CARTESIAN_POINT ( 'NONE',  ( 1.275000000000000133, 1.474999999999999867, -0.9749999999999905409 ) ) ;
#6382 = VERTEX_POINT ( 'NONE', #11894 ) ;
#6383 = CARTESIAN_POINT ( 'NONE',  ( -2.075000000000000178, 1.524999999999999911, 0.5500000000000003775 ) ) ;
#6384 = VERTEX_POINT ( 'NONE', #2478 ) ;
#6385 = DIRECTION ( 'NONE',  ( 1.000000000000000000, 0.000000000000000000, -0.000000000000000000 ) ) ;
#6386 = ORIENTED_EDGE ( 'NONE', *, *, #3257, .F. ) ;
#6387 = ADVANCED_FACE ( 'NONE', ( #6545 ), #7769, .F. ) ;
#6388 = CARTESIAN_POINT ( 'NONE',  ( -1.975000000000000089, 1.524999999999999911, 0.5500000000000003775 ) ) ;
#6389 = DIRECTION ( 'NONE',  ( 0.000000000000000000, 1.000000000000000000, 0.000000000000000000 ) ) ;
#6390 = VECTOR ( 'NONE', #8790, 1000.000000000000000 ) ;
#6391 = DIRECTION ( 'NONE',  ( 0.000000000000000000, -1.172110456741085828E-16, -1.000000000000000000 ) ) ;
#6392 = DIRECTION ( 'NONE',  ( 0.000000000000000000, 1.000000000000000000, 0.000000000000000000 ) ) ;
#6393 = DIRECTION ( 'NONE',  ( 0.000000000000000000, 0.000000000000000000, -1.000000000000000000 ) ) ;
#6394 = VECTOR ( 'NONE', #7091, 1000.000000000000000 ) ;
#6395 = LINE ( 'NONE', #7207, #1900 ) ;
#6396 = CARTESIAN_POINT ( 'NONE',  ( 0.4750000000000001443, 1.575000000000000178, 0.4999999999999998890 ) ) ;
#6397 = ORIENTED_EDGE ( 'NONE', *, *, #3793, .F. ) ;
#6398 = VECTOR ( 'NONE', #3879, 1000.000000000000000 ) ;
#6399 = VERTEX_POINT ( 'NONE', #5846 ) ;
#6400 = EDGE_CURVE ( 'NONE', #8268, #1864, #2117, .T. ) ;
#6401 = ORIENTED_EDGE ( 'NONE', *, *, #9028, .T. ) ;
#6402 = CARTESIAN_POINT ( 'NONE',  ( 0.3249999999999995670, -4.698209414103846302E-16, -0.3499999999999994227 ) ) ;
#6403 = ORIENTED_EDGE ( 'NONE', *, *, #4804, .T. ) ;
#6404 = ORIENTED_EDGE ( 'NONE', *, *, #12920, .F. ) ;
#6405 = ADVANCED_FACE ( 'NONE', ( #1984 ), #1747, .F. ) ;
#6406 = CARTESIAN_POINT ( 'NONE',  ( 3.500000000000000000, 1.750000000000000000, 1.350000000000000533 ) ) ;
#6407 = LINE ( 'NONE', #9715, #10626 ) ;
#6408 = DIRECTION ( 'NONE',  ( 1.000000000000000000, -0.000000000000000000, -0.000000000000000000 ) ) ;
#6409 = CARTESIAN_POINT ( 'NONE',  ( 2.500000000000000888, 1.299999999999999378, -0.3499999999999994227 ) ) ;
#6410 = ADVANCED_FACE ( 'NONE', ( #10984 ), #2826, .F. ) ;
#6411 = CARTESIAN_POINT ( 'NONE',  ( -1.925000000000000044, 1.499999999999999334, -0.3499999999999994227 ) ) ;
#6412 = DIRECTION ( 'NONE',  ( -4.818676322157797375E-16, 1.000000000000000000, 0.000000000000000000 ) ) ;
#6413 = FACE_OUTER_BOUND ( 'NONE', #2859, .T. ) ;
#6414 = PLANE ( 'NONE',  #8719 ) ;
#6415 = VECTOR ( 'NONE', #1423, 1000.000000000000000 ) ;
#6416 = EDGE_CURVE ( 'NONE', #5960, #5062, #6440, .T. ) ;
#6417 = CARTESIAN_POINT ( 'NONE',  ( 0.4750000000000001443, 1.750000000000000888, -0.5500000000000018208 ) ) ;
#6418 = ORIENTED_EDGE ( 'NONE', *, *, #2486, .T. ) ;
#6419 = DIRECTION ( 'NONE',  ( -1.000000000000000000, 0.000000000000000000, 0.000000000000000000 ) ) ;
#6420 = VECTOR ( 'NONE', #1098, 1000.000000000000000 ) ;
#6421 = ORIENTED_EDGE ( 'NONE', *, *, #9301, .F. ) ;
#6422 = DIRECTION ( 'NONE',  ( 0.7071067811865475727, 0.000000000000000000, -0.7071067811865475727 ) ) ;
#6423 = EDGE_LOOP ( 'NONE', ( #5627, #10115, #3755, #1887 ) ) ;
#6424 = DIRECTION ( 'NONE',  ( -1.000000000000000000, 1.275531967630008943E-16, 0.000000000000000000 ) ) ;
#6425 = ORIENTED_EDGE ( 'NONE', *, *, #3737, .F. ) ;
#6426 = AXIS2_PLACEMENT_3D ( 'NONE', #6703, #8827, #7724 ) ;
#6427 = VERTEX_POINT ( 'NONE', #2150 ) ;
#6428 = DIRECTION ( 'NONE',  ( -0.000000000000000000, -0.000000000000000000, 1.000000000000000000 ) ) ;
#6429 = EDGE_CURVE ( 'NONE', #6108, #11296, #6589, .T. ) ;
#6430 = FACE_OUTER_BOUND ( 'NONE', #2844, .T. ) ;
#6431 = PLANE ( 'NONE',  #9872 ) ;
#6432 = EDGE_CURVE ( 'NONE', #12609, #2564, #10918, .T. ) ;
#6433 = VECTOR ( 'NONE', #2134, 1000.000000000000000 ) ;
#6434 = CARTESIAN_POINT ( 'NONE',  ( 2.024999999999999911, 1.125000000000000222, 0.5500000000000004885 ) ) ;
#6435 = AXIS2_PLACEMENT_3D ( 'NONE', #1117, #4003, #5122 ) ;
#6436 = CARTESIAN_POINT ( 'NONE',  ( 0.000000000000000000, 0.7499999999999991118, -0.3499999999999994227 ) ) ;
#6437 = EDGE_CURVE ( 'NONE', #4214, #1346, #1941, .T. ) ;
#6438 = EDGE_LOOP ( 'NONE', ( #2066, #2231, #9034, #6109 ) ) ;
#6439 = DIRECTION ( 'NONE',  ( -0.5773502691896240657, 0.5773502691896253980, -0.5773502691896279515 ) ) ;
#6440 = LINE ( 'NONE', #12063, #10785 ) ;
#6441 = EDGE_CURVE ( 'NONE', #5976, #2322, #6462, .T. ) ;
#6442 = EDGE_CURVE ( 'NONE', #1316, #20, #2202, .T. ) ;
#6443 = ORIENTED_EDGE ( 'NONE', *, *, #286, .F. ) ;
#6444 = ORIENTED_EDGE ( 'NONE', *, *, #6769, .T. ) ;
#6445 = ORIENTED_EDGE ( 'NONE', *, *, #3105, .T. ) ;
#6446 = DIRECTION ( 'NONE',  ( 1.000000000000000000, 0.000000000000000000, -0.000000000000000000 ) ) ;
#6447 = VERTEX_POINT ( 'NONE', #10488 ) ;
#6448 = EDGE_CURVE ( 'NONE', #12686, #6915, #6361, .T. ) ;
#6449 = CARTESIAN_POINT ( 'NONE',  ( -3.000000000000000444, -9.990435040599876449E-17, 0.4750000000000064171 ) ) ;
#6450 = CARTESIAN_POINT ( 'NONE',  ( -1.224999999999999867, 0.4499999999999999556, -0.3499999999999998113 ) ) ;
#6451 = DIRECTION ( 'NONE',  ( -1.000000000000000000, 0.000000000000000000, 7.228014483236699514E-16 ) ) ;
#6452 = DIRECTION ( 'NONE',  ( 1.275531967630008943E-16, -1.000000000000000000, 0.000000000000000000 ) ) ;
#6453 = VECTOR ( 'NONE', #528, 1000.000000000000114 ) ;
#6454 = DIRECTION ( 'NONE',  ( 0.000000000000000000, -1.000000000000000000, 0.000000000000000000 ) ) ;
#6455 = VECTOR ( 'NONE', #7346, 1000.000000000000000 ) ;
#6456 = AXIS2_PLACEMENT_3D ( 'NONE', #6222, #13197, #3114 ) ;
#6457 = LINE ( 'NONE', #8652, #6335 ) ;
#6458 = DIRECTION ( 'NONE',  ( -1.000000000000000000, 0.000000000000000000, -0.000000000000000000 ) ) ;
#6459 = PLANE ( 'NONE',  #3232 ) ;
#6460 = ORIENTED_EDGE ( 'NONE', *, *, #11909, .F. ) ;
#6461 = DIRECTION ( 'NONE',  ( -0.000000000000000000, 1.000000000000000000, 1.694065894508603883E-16 ) ) ;
#6462 = LINE ( 'NONE', #3158, #6692 ) ;
#6463 = EDGE_CURVE ( 'NONE', #1527, #5860, #2142, .T. ) ;
#6464 = ORIENTED_EDGE ( 'NONE', *, *, #4297, .T. ) ;
#6465 = DIRECTION ( 'NONE',  ( -0.000000000000000000, 0.000000000000000000, -1.000000000000000000 ) ) ;
#6466 = PLANE ( 'NONE',  #644 ) ;
#6467 = VERTEX_POINT ( 'NONE', #4258 ) ;
#6468 = EDGE_CURVE ( 'NONE', #3486, #70, #10883, .T. ) ;
#6469 = DIRECTION ( 'NONE',  ( -1.000000000000000000, -0.000000000000000000, -0.000000000000000000 ) ) ;
#6470 = ORIENTED_EDGE ( 'NONE', *, *, #1518, .F. ) ;
#6471 = CARTESIAN_POINT ( 'NONE',  ( 1.925000000000000044, 0.7499999999999998890, -0.3999999999999999667 ) ) ;
#6472 = ORIENTED_EDGE ( 'NONE', *, *, #9390, .F. ) ;
#6473 = EDGE_CURVE ( 'NONE', #1058, #11886, #10900, .T. ) ;
#6474 = CARTESIAN_POINT ( 'NONE',  ( 0.3250000000000001776, 1.575000000000000178, 0.5500000000000003775 ) ) ;
#6475 = LINE ( 'NONE', #10005, #10976 ) ;
#6476 = DIRECTION ( 'NONE',  ( 0.000000000000000000, 0.000000000000000000, -1.000000000000000000 ) ) ;
#6477 = EDGE_CURVE ( 'NONE', #7634, #10641, #11008, .T. ) ;
#6478 = EDGE_CURVE ( 'NONE', #12111, #8521, #2185, .T. ) ;
#6479 = DIRECTION ( 'NONE',  ( 0.000000000000000000, 0.000000000000000000, -1.000000000000000000 ) ) ;
#6480 = CARTESIAN_POINT ( 'NONE',  ( -2.924999999999999822, 0.08750000000000525413, 1.312499999999999778 ) ) ;
#6481 = VECTOR ( 'NONE', #9626, 1000.000000000000000 ) ;
#6482 = VECTOR ( 'NONE', #9314, 1000.000000000000000 ) ;
#6483 = CARTESIAN_POINT ( 'NONE',  ( 0.3250000000000001776, 0.4499999999999999556, -0.9499999999999999556 ) ) ;
#6484 = VERTEX_POINT ( 'NONE', #7281 ) ;
#6485 = AXIS2_PLACEMENT_3D ( 'NONE', #11977, #13079, #3786 ) ;
#6486 = LINE ( 'NONE', #2047, #10943 ) ;
#6487 = ORIENTED_EDGE ( 'NONE', *, *, #5432, .F. ) ;
#6488 = ORIENTED_EDGE ( 'NONE', *, *, #5723, .F. ) ;
#6489 = CARTESIAN_POINT ( 'NONE',  ( -3.000000000000000444, 0.3800000000000113287, 1.305000000000000160 ) ) ;
#6490 = VERTEX_POINT ( 'NONE', #6099 ) ;
#6491 = EDGE_CURVE ( 'NONE', #878, #2717, #6608, .T. ) ;
#6492 = ADVANCED_FACE ( 'NONE', ( #6629 ), #8341, .F. ) ;
#6493 = CARTESIAN_POINT ( 'NONE',  ( 1.925000000000000044, 1.575000000000000178, 0.4999999999999997780 ) ) ;
#6494 = PLANE ( 'NONE',  #7608 ) ;
#6495 = VECTOR ( 'NONE', #869, 1000.000000000000000 ) ;
#6496 = DIRECTION ( 'NONE',  ( -0.5773502691896251759, 0.5773502691896270633, 0.5773502691896251759 ) ) ;
#6497 = CARTESIAN_POINT ( 'NONE',  ( -0.3250000000000000111, 1.150000000000000133, -1.229999999999999982 ) ) ;
#6498 = CARTESIAN_POINT ( 'NONE',  ( -1.275000000000000133, 0.4499999999999999556, -0.9499999999999999556 ) ) ;
#6499 = CARTESIAN_POINT ( 'NONE',  ( 2.700000000000000178, 0.2299999999999945977, -1.050000000000000488 ) ) ;
#6500 = EDGE_CURVE ( 'NONE', #11580, #516, #6847, .T. ) ;
#6501 = EDGE_CURVE ( 'NONE', #914, #13232, #6916, .T. ) ;
#6502 = DIRECTION ( 'NONE',  ( 1.000000000000000000, -0.000000000000000000, -0.000000000000000000 ) ) ;
#6503 = VECTOR ( 'NONE', #11298, 1000.000000000000114 ) ;
#6504 = CARTESIAN_POINT ( 'NONE',  ( -1.125000000000000222, 0.7499999999999998890, -0.3499999999999998113 ) ) ;
#6505 = VECTOR ( 'NONE', #8460, 1000.000000000000000 ) ;
#6506 = PLANE ( 'NONE',  #11440 ) ;
#6507 = EDGE_LOOP ( 'NONE', ( #5915, #10417, #5623, #10783 ) ) ;
#6508 = CARTESIAN_POINT ( 'NONE',  ( 3.500000000000000000, 1.150000000000011013, 1.250000000000001110 ) ) ;
#6509 = LINE ( 'NONE', #7670, #1923 ) ;
#6510 = ORIENTED_EDGE ( 'NONE', *, *, #4165, .F. ) ;
#6511 = CARTESIAN_POINT ( 'NONE',  ( -3.200000000000000178, 0.3800000000000112732, 1.324999999999999956 ) ) ;
#6512 = AXIS2_PLACEMENT_3D ( 'NONE', #9357, #1403, #4507 ) ;
#6513 = ORIENTED_EDGE ( 'NONE', *, *, #7104, .T. ) ;
#6514 = CARTESIAN_POINT ( 'NONE',  ( -2.074999999999999734, 1.124999999999999778, -0.5500000000000018208 ) ) ;
#6515 = ORIENTED_EDGE ( 'NONE', *, *, #8888, .T. ) ;
#6516 = PRODUCT ( 'SM06B-SURS-TF', 'SM06B-SURS-TF', '', ( #7473 ) ) ;
#6517 = ADVANCED_FACE ( 'NONE', ( #11268 ), #3068, .F. ) ;
#6518 = VECTOR ( 'NONE', #1612, 1000.000000000000000 ) ;
#6519 = DIRECTION ( 'NONE',  ( -4.818676322157797375E-16, 1.000000000000000000, 0.000000000000000000 ) ) ;
#6520 = ADVANCED_FACE ( 'NONE', ( #7047 ), #9385, .F. ) ;
#6521 = LINE ( 'NONE', #583, #6539 ) ;
#6522 = CARTESIAN_POINT ( 'NONE',  ( -1.275000000000000133, 0.1000000000000000056, -0.9499999999999999556 ) ) ;
#6523 = VECTOR ( 'NONE', #2525, 1000.000000000000000 ) ;
#6524 = PLANE ( 'NONE',  #3989 ) ;
#6525 = EDGE_LOOP ( 'NONE', ( #5721, #10161, #1369, #6187 ) ) ;
#6526 = DIRECTION ( 'NONE',  ( 1.000000000000000000, 0.000000000000000000, -0.000000000000000000 ) ) ;
#6527 = FACE_OUTER_BOUND ( 'NONE', #6507, .T. ) ;
#6528 = EDGE_CURVE ( 'NONE', #7600, #9004, #11354, .T. ) ;
#6529 = ORIENTED_EDGE ( 'NONE', *, *, #3615, .T. ) ;
#6530 = VERTEX_POINT ( 'NONE', #11396 ) ;
#6531 = ORIENTED_EDGE ( 'NONE', *, *, #11379, .F. ) ;
#6532 = CARTESIAN_POINT ( 'NONE',  ( 1.125000000000000222, 1.474999999999999867, -0.9749999999999905409 ) ) ;
#6533 = DIRECTION ( 'NONE',  ( 0.000000000000000000, 1.000000000000000000, -0.000000000000000000 ) ) ;
#6534 = CARTESIAN_POINT ( 'NONE',  ( 1.124999999999999556, -1.626303258728256257E-15, -0.3499999999999994227 ) ) ;
#6535 = CARTESIAN_POINT ( 'NONE',  ( -3.500000000000000000, 1.714999999999999858, 0.5500000000000004885 ) ) ;
#6536 = LINE ( 'NONE', #12252, #6620 ) ;
#6537 = PLANE ( 'NONE',  #4746 ) ;
#6538 = CARTESIAN_POINT ( 'NONE',  ( -2.075000000000000178, 1.150000000000000133, -0.3999999999999999667 ) ) ;
#6539 = VECTOR ( 'NONE', #5688, 1000.000000000000000 ) ;
#6540 = CYLINDRICAL_SURFACE ( 'NONE', #2913, 0.03000000000000007869 ) ;
#6541 = DIRECTION ( 'NONE',  ( 0.000000000000000000, 0.000000000000000000, -1.000000000000000000 ) ) ;
#6542 = CARTESIAN_POINT ( 'NONE',  ( -1.275000000000000133, 0.4499999999999991784, -0.5500000000000020428 ) ) ;
#6543 = ORIENTED_EDGE ( 'NONE', *, *, #10023, .F. ) ;
#6544 = CARTESIAN_POINT ( 'NONE',  ( 0.3250000000000001776, 0.1000000000000000056, -0.9499999999999999556 ) ) ;
#6545 = FACE_OUTER_BOUND ( 'NONE', #10174, .T. ) ;
#6546 = EDGE_LOOP ( 'NONE', ( #8427, #1629, #9945, #9681, #5794, #6047, #10443, #9978, #5743, #1210, #1248, #9874, #10634, #10127, #1481, #5069, #4421, #1745, #10384 ) ) ;
#6547 = DIRECTION ( 'NONE',  ( 0.000000000000000000, -1.000000000000000000, 0.000000000000000000 ) ) ;
#6548 = DIRECTION ( 'NONE',  ( 0.000000000000000000, -1.000000000000000000, 0.000000000000000000 ) ) ;
#6549 = EDGE_LOOP ( 'NONE', ( #9454, #9753, #4312, #778 ) ) ;
#6550 = LINE ( 'NONE', #3053, #11014 ) ;
#6551 = DIRECTION ( 'NONE',  ( -0.000000000000000000, 1.000000000000000000, -0.000000000000000000 ) ) ;
#6552 = ORIENTED_EDGE ( 'NONE', *, *, #2346, .F. ) ;
#6553 = CARTESIAN_POINT ( 'NONE',  ( 0.000000000000000000, 0.7499999999999991118, -0.3499999999999994227 ) ) ;
#6554 = DIRECTION ( 'NONE',  ( -0.000000000000000000, -0.000000000000000000, 1.000000000000000000 ) ) ;
#6555 = CARTESIAN_POINT ( 'NONE',  ( -0.3250000000000003442, 1.750000000000000888, -1.275000000000001910 ) ) ;
#6556 = LINE ( 'NONE', #7536, #2412 ) ;
#6557 = DIRECTION ( 'NONE',  ( 0.000000000000000000, -1.000000000000000000, 0.000000000000000000 ) ) ;
#6558 = CARTESIAN_POINT ( 'NONE',  ( -3.500000000000000000, 0.1500000000000054623, 0.07500000000000120459 ) ) ;
#6559 = DIRECTION ( 'NONE',  ( -1.000000000000000000, 0.000000000000000000, 0.000000000000000000 ) ) ;
#6560 = DIRECTION ( 'NONE',  ( 0.000000000000000000, 0.000000000000000000, 1.000000000000000000 ) ) ;
#6561 = VECTOR ( 'NONE', #3704, 1000.000000000000000 ) ;
#6562 = LINE ( 'NONE', #12744, #2265 ) ;
#6563 = CARTESIAN_POINT ( 'NONE',  ( 2.075000000000000178, 1.125000000000000222, 0.5000000000000000000 ) ) ;
#6564 = VERTEX_POINT ( 'NONE', #12436 ) ;
#6565 = VECTOR ( 'NONE', #12991, 1000.000000000000000 ) ;
#6566 = EDGE_LOOP ( 'NONE', ( #696, #5417, #3018, #6746 ) ) ;
#6567 = ORIENTED_EDGE ( 'NONE', *, *, #621, .F. ) ;
#6569 = LINE ( 'NONE', #4842, #2168 ) ;
#6568 = CARTESIAN_POINT ( 'NONE',  ( 1.141666666666666607, 0.6166666666666658081, -0.2666666666666664964 ) ) ;
#6570 = VERTEX_POINT ( 'NONE', #261 ) ;
#6571 = CARTESIAN_POINT ( 'NONE',  ( 0.4250000000000000444, 0.7499999999999998890, -0.3499999999999998113 ) ) ;
#6572 = EDGE_CURVE ( 'NONE', #5344, #4666, #6867, .T. ) ;
#6573 = EDGE_CURVE ( 'NONE', #9008, #7259, #2379, .T. ) ;
#6574 = CARTESIAN_POINT ( 'NONE',  ( 3.200000000000000178, 0.1250000000000051903, 0.3500000000000004774 ) ) ;
#6575 = LINE ( 'NONE', #1664, #10998 ) ;
#6576 = DIRECTION ( 'NONE',  ( -5.421010862427530059E-16, -1.694065894508603883E-16, 1.000000000000000000 ) ) ;
#6577 = EDGE_CURVE ( 'NONE', #11884, #806, #11316, .T. ) ;
#6578 =( NAMED_UNIT ( * ) SI_UNIT ( $, .STERADIAN. ) SOLID_ANGLE_UNIT ( ) );
#6579 = DIRECTION ( 'NONE',  ( 7.228014483236698528E-16, -1.694065894508603636E-16, 1.000000000000000000 ) ) ;
#6580 = CARTESIAN_POINT ( 'NONE',  ( -3.200000000000000178, 0.1250000000000051903, 0.3500000000000004774 ) ) ;
#6581 = AXIS2_PLACEMENT_3D ( 'NONE', #5209, #4371, #7209 ) ;
#6582 = CARTESIAN_POINT ( 'NONE',  ( 0.4750000000000001443, 1.474999999999999867, -1.299999999999998712 ) ) ;
#6583 = VECTOR ( 'NONE', #8791, 1000.000000000000000 ) ;
#6584 = DIRECTION ( 'NONE',  ( -0.000000000000000000, -0.000000000000000000, 1.000000000000000000 ) ) ;
#6585 = VECTOR ( 'NONE', #3173, 1000.000000000000114 ) ;
#6586 = CARTESIAN_POINT ( 'NONE',  ( 2.075000000000000178, 1.124999999999999778, -0.5500000000000018208 ) ) ;
#6587 = VERTEX_POINT ( 'NONE', #426 ) ;
#6588 = CARTESIAN_POINT ( 'NONE',  ( -2.700000000000000622, 1.750000000000000000, -1.350000000000000533 ) ) ;
#6589 = LINE ( 'NONE', #6263, #6675 ) ;
#6590 = VERTEX_POINT ( 'NONE', #6688 ) ;
#6591 = AXIS2_PLACEMENT_3D ( 'NONE', #5924, #7102, #7847 ) ;
#6592 = CARTESIAN_POINT ( 'NONE',  ( -1.925000000000000044, 1.574999999999999734, -0.5500000000000020428 ) ) ;
#6593 = EDGE_LOOP ( 'NONE', ( #8852, #11832, #3280, #656 ) ) ;
#6594 = VECTOR ( 'NONE', #2838, 1000.000000000000000 ) ;
#6595 = ORIENTED_EDGE ( 'NONE', *, *, #3384, .T. ) ;
#6596 = EDGE_CURVE ( 'NONE', #7316, #3845, #11582, .T. ) ;
#6597 = DIRECTION ( 'NONE',  ( 0.7071067811865474617, -0.000000000000000000, 0.7071067811865474617 ) ) ;
#6598 = ADVANCED_FACE ( 'NONE', ( #2400 ), #3717, .F. ) ;
#6599 = FACE_OUTER_BOUND ( 'NONE', #1276, .T. ) ;
#6600 = EDGE_CURVE ( 'NONE', #6873, #4575, #7161, .T. ) ;
#6601 = EDGE_CURVE ( 'NONE', #1576, #3877, #7120, .T. ) ;
#6602 = LINE ( 'NONE', #12313, #6503 ) ;
#6603 = DIRECTION ( 'NONE',  ( 4.818676322157797375E-16, -1.000000000000000000, 0.000000000000000000 ) ) ;
#6604 = LINE ( 'NONE', #9841, #6625 ) ;
#6605 = CARTESIAN_POINT ( 'NONE',  ( -2.066666666666666874, 1.133333333333333526, 0.5083333333333335258 ) ) ;
#6606 = EDGE_CURVE ( 'NONE', #7854, #3067, #6885, .T. ) ;
#6607 = EDGE_LOOP ( 'NONE', ( #845, #10160, #12166, #7428, #5109, #4893, #3440, #3166 ) ) ;
#6608 = LINE ( 'NONE', #11217, #11044 ) ;
#6609 = EDGE_CURVE ( 'NONE', #11206, #9080, #11469, .T. ) ;
#6610 = ORIENTED_EDGE ( 'NONE', *, *, #6677, .T. ) ;
#6611 = ORIENTED_EDGE ( 'NONE', *, *, #2148, .T. ) ;
#6612 = LINE ( 'NONE', #10580, #6870 ) ;
#6613 = ORIENTED_EDGE ( 'NONE', *, *, #1843, .T. ) ;
#6614 = DIRECTION ( 'NONE',  ( 0.000000000000000000, -1.000000000000000000, -0.000000000000000000 ) ) ;
#6615 = PLANE ( 'NONE',  #7954 ) ;
#6616 = PLANE ( 'NONE',  #12872 ) ;
#6617 = DIRECTION ( 'NONE',  ( 0.000000000000000000, 0.000000000000000000, 1.000000000000000000 ) ) ;
#6618 = AXIS2_PLACEMENT_3D ( 'NONE', #3768, #9949, #2809 ) ;
#6619 = ADVANCED_FACE ( 'NONE', ( #11489 ), #8895, .F. ) ;
#6620 = VECTOR ( 'NONE', #11497, 1000.000000000000000 ) ;
#6621 = ADVANCED_FACE ( 'NONE', ( #2545 ), #5626, .T. ) ;
#6622 = DIRECTION ( 'NONE',  ( 1.000000000000000000, 3.614007241618339403E-16, 0.000000000000000000 ) ) ;
#6623 = EDGE_CURVE ( 'NONE', #1373, #2025, #6760, .T. ) ;
#6624 = VECTOR ( 'NONE', #9535, 1000.000000000000000 ) ;
#6625 = VECTOR ( 'NONE', #4729, 1000.000000000000000 ) ;
#6626 = CARTESIAN_POINT ( 'NONE',  ( -1.275000000000000133, 0.7499999999999998890, -0.5500000000000020428 ) ) ;
#6627 = ORIENTED_EDGE ( 'NONE', *, *, #6609, .F. ) ;
#6628 = PLANE ( 'NONE',  #4786 ) ;
#6629 = FACE_OUTER_BOUND ( 'NONE', #7743, .T. ) ;
#6630 = ORIENTED_EDGE ( 'NONE', *, *, #11067, .F. ) ;
#6631 = EDGE_CURVE ( 'NONE', #9986, #12883, #11335, .T. ) ;
#6632 = ORIENTED_EDGE ( 'NONE', *, *, #2765, .F. ) ;
#6633 = EDGE_CURVE ( 'NONE', #7958, #1968, #2565, .T. ) ;
#6634 = CIRCLE ( 'NONE', #10391, 0.2236160714285718720 ) ;
#6635 = DIRECTION ( 'NONE',  ( 0.000000000000000000, 1.000000000000000000, 8.673617379884030542E-16 ) ) ;
#6636 = VERTEX_POINT ( 'NONE', #5707 ) ;
#6637 = AXIS2_PLACEMENT_3D ( 'NONE', #2833, #12151, #5937 ) ;
#6638 =( LENGTH_UNIT ( ) NAMED_UNIT ( * ) SI_UNIT ( .MILLI., .METRE. ) );
#6639 = PLANE ( 'NONE',  #4402 ) ;
#6640 = CARTESIAN_POINT ( 'NONE',  ( 0.3250000000000001776, 0.7499999999999998890, -0.3999999999999999667 ) ) ;
#6641 = LINE ( 'NONE', #5375, #6771 ) ;
#6642 = EDGE_CURVE ( 'NONE', #5894, #12051, #2777, .T. ) ;
#6643 = AXIS2_PLACEMENT_3D ( 'NONE', #8956, #5932, #5764 ) ;
#6644 = CARTESIAN_POINT ( 'NONE',  ( -2.740000000000001101, 1.824999999999994627, 0.1749999999999881095 ) ) ;
#6645 = DIRECTION ( 'NONE',  ( 0.000000000000000000, -1.000000000000000000, 0.000000000000000000 ) ) ;
#6646 = CARTESIAN_POINT ( 'NONE',  ( 1.275000000000000133, 0.000000000000000000, -0.9499999999999999556 ) ) ;
#6647 = CARTESIAN_POINT ( 'NONE',  ( -1.875000000000000444, 1.474999999999999867, -1.349999999999997424 ) ) ;
#6648 = VECTOR ( 'NONE', #9716, 1000.000000000000000 ) ;
#6649 = VECTOR ( 'NONE', #10979, 1000.000000000000114 ) ;
#6650 = AXIS2_PLACEMENT_3D ( 'NONE', #8128, #9188, #6412 ) ;
#6651 = DIRECTION ( 'NONE',  ( 0.000000000000000000, 1.000000000000000000, 5.421010862427604014E-16 ) ) ;
#6652 = VERTEX_POINT ( 'NONE', #349 ) ;
#6653 = VECTOR ( 'NONE', #13162, 1000.000000000000000 ) ;
#6654 = ORIENTED_EDGE ( 'NONE', *, *, #3671, .F. ) ;
#6655 = ORIENTED_EDGE ( 'NONE', *, *, #3394, .T. ) ;
#6657 = VECTOR ( 'NONE', #9718, 1000.000000000000114 ) ;
#6656 = DIRECTION ( 'NONE',  ( 1.000000000000000000, 1.275531967630008943E-16, -0.000000000000000000 ) ) ;
#6658 = ORIENTED_EDGE ( 'NONE', *, *, #2109, .F. ) ;
#6659 = EDGE_CURVE ( 'NONE', #721, #1989, #2501, .T. ) ;
#6660 = EDGE_CURVE ( 'NONE', #7128, #781, #2363, .T. ) ;
#6661 = DIRECTION ( 'NONE',  ( 0.000000000000000000, 1.000000000000000000, 0.000000000000000000 ) ) ;
#6662 = VERTEX_POINT ( 'NONE', #10665 ) ;
#6663 = VECTOR ( 'NONE', #3439, 1000.000000000000000 ) ;
#6664 = DIRECTION ( 'NONE',  ( 1.000000000000000000, 0.000000000000000000, 0.000000000000000000 ) ) ;
#6665 = CARTESIAN_POINT ( 'NONE',  ( 0.4750000000000001443, 0.7499999999999998890, -0.3499999999999998113 ) ) ;
#6666 = CARTESIAN_POINT ( 'NONE',  ( 2.740000000000000657, 1.524999999999999023, 0.4749999999999881539 ) ) ;
#6667 = AXIS2_PLACEMENT_3D ( 'NONE', #1760, #2668, #11740 ) ;
#6668 = DIRECTION ( 'NONE',  ( 1.000000000000000000, -0.000000000000000000, -0.000000000000000000 ) ) ;
#6669 = FACE_OUTER_BOUND ( 'NONE', #1143, .T. ) ;
#6670 = CARTESIAN_POINT ( 'NONE',  ( 1.125000000000000222, 1.125000000000000222, -0.5500000000000018208 ) ) ;
#6671 = VECTOR ( 'NONE', #6855, 1000.000000000000000 ) ;
#6672 = DIRECTION ( 'NONE',  ( 1.275531967630008943E-16, 1.000000000000000000, 2.710505431213783173E-15 ) ) ;
#6673 = ORIENTED_EDGE ( 'NONE', *, *, #2327, .F. ) ;
#6674 = DIRECTION ( 'NONE',  ( 0.000000000000000000, 1.000000000000000000, -0.000000000000000000 ) ) ;
#6675 = VECTOR ( 'NONE', #9464, 1000.000000000000000 ) ;
#6676 = ORIENTED_EDGE ( 'NONE', *, *, #4238, .F. ) ;
#6677 = EDGE_CURVE ( 'NONE', #8502, #7107, #11218, .T. ) ;
#6678 = VERTEX_POINT ( 'NONE', #7449 ) ;
#6679 = LINE ( 'NONE', #4641, #7031 ) ;
#6680 = VERTEX_POINT ( 'NONE', #8532 ) ;
#6681 = CARTESIAN_POINT ( 'NONE',  ( -0.3250000000000000111, 0.9750000000000004219, -1.229999999999999760 ) ) ;
#6682 = VERTEX_POINT ( 'NONE', #12824 ) ;
#6683 = LINE ( 'NONE', #1110, #11123 ) ;
#6684 = DIRECTION ( 'NONE',  ( -0.5773502691896208461, 0.5773502691896281735, 0.5773502691896281735 ) ) ;
#6685 = CARTESIAN_POINT ( 'NONE',  ( -2.074999999999999734, 0.4499999999999991784, -0.5500000000000018208 ) ) ;
#6686 = DIRECTION ( 'NONE',  ( 0.000000000000000000, -6.377659838150027460E-17, -1.000000000000000000 ) ) ;
#6687 = FACE_OUTER_BOUND ( 'NONE', #10487, .T. ) ;
#6688 = CARTESIAN_POINT ( 'NONE',  ( -1.275000000000000133, 0.8125000000000003331, -1.300000000000000044 ) ) ;
#6689 = LINE ( 'NONE', #8736, #6289 ) ;
#6690 = DIRECTION ( 'NONE',  ( -1.000000000000000000, 0.000000000000000000, -0.000000000000000000 ) ) ;
#6691 = ORIENTED_EDGE ( 'NONE', *, *, #1924, .F. ) ;
#6692 = VECTOR ( 'NONE', #2988, 1000.000000000000000 ) ;
#6693 = VERTEX_POINT ( 'NONE', #2594 ) ;
#6694 = ORIENTED_EDGE ( 'NONE', *, *, #1419, .F. ) ;
#6695 = LINE ( 'NONE', #10975, #11321 ) ;
#6696 = ORIENTED_EDGE ( 'NONE', *, *, #608, .T. ) ;
#6697 = CARTESIAN_POINT ( 'NONE',  ( 0.3250000000000001776, 1.474999999999999867, -0.9749999999999943157 ) ) ;
#6698 = ADVANCED_FACE ( 'NONE', ( #7185 ), #7617, .F. ) ;
#6699 = PLANE ( 'NONE',  #12901 ) ;
#6700 = PLANE ( 'NONE',  #6781 ) ;
#6701 = ORIENTED_EDGE ( 'NONE', *, *, #2632, .T. ) ;
#6702 = LINE ( 'NONE', #7806, #11018 ) ;
#6703 = CARTESIAN_POINT ( 'NONE',  ( -2.075000000000000178, 1.575000000000000178, 0.5500000000000003775 ) ) ;
#6704 = VECTOR ( 'NONE', #5521, 1000.000000000000000 ) ;
#6705 = FACE_OUTER_BOUND ( 'NONE', #6981, .T. ) ;
#6706 = CARTESIAN_POINT ( 'NONE',  ( -1.925000000000000044, 1.750000000000000444, -0.5500000000000018208 ) ) ;
#6707 = CARTESIAN_POINT ( 'NONE',  ( -3.000000000000000444, 0.3800000000000112732, 1.324999999999999956 ) ) ;
#6708 = APPLICATION_PROTOCOL_DEFINITION ( 'draft international standard', 'automotive_design', 1998, #455 ) ;
#6709 = ORIENTED_EDGE ( 'NONE', *, *, #7113, .F. ) ;
#6710 = DIRECTION ( 'NONE',  ( -1.000000000000000000, 0.000000000000000000, -0.000000000000000000 ) ) ;
#6711 = LINE ( 'NONE', #747, #2312 ) ;
#6712 = ORIENTED_EDGE ( 'NONE', *, *, #7393, .T. ) ;
#6713 = VERTEX_POINT ( 'NONE', #10747 ) ;
#6714 = LINE ( 'NONE', #11499, #2318 ) ;
#6715 = CARTESIAN_POINT ( 'NONE',  ( -0.4749999999999993117, 0.2299999999999944866, -0.5500000000000040412 ) ) ;
#6716 = VERTEX_POINT ( 'NONE', #1604 ) ;
#6717 = DIRECTION ( 'NONE',  ( 1.000000000000000000, 0.000000000000000000, 0.000000000000000000 ) ) ;
#6718 = ORIENTED_EDGE ( 'NONE', *, *, #9350, .F. ) ;
#6719 =( NAMED_UNIT ( * ) PLANE_ANGLE_UNIT ( ) SI_UNIT ( $, .RADIAN. ) );
#6720 = ADVANCED_FACE ( 'NONE', ( #7007 ), #13184, .F. ) ;
#6721 = CARTESIAN_POINT ( 'NONE',  ( -3.200000000000000178, 0.3800000000000113287, 1.305000000000000160 ) ) ;
#6722 = ORIENTED_EDGE ( 'NONE', *, *, #8276, .F. ) ;
#6723 = LINE ( 'NONE', #12342, #11078 ) ;
#6724 = ADVANCED_FACE ( 'NONE', ( #2716 ), #6214, .F. ) ;
#6725 = CARTESIAN_POINT ( 'NONE',  ( -3.000000000000000444, 1.075000000000010614, 1.350000000000000533 ) ) ;
#6726 = DIRECTION ( 'NONE',  ( 5.421010862427532031E-16, -1.694065894508603636E-16, 1.000000000000000000 ) ) ;
#6727 = CARTESIAN_POINT ( 'NONE',  ( 0.000000000000000000, 0.7499999999999991118, -0.3499999999999994227 ) ) ;
#6728 = VECTOR ( 'NONE', #444, 1000.000000000000000 ) ;
#6729 = ADVANCED_FACE ( 'NONE', ( #11651 ), #4879, .F. ) ;
#6730 = LINE ( 'NONE', #1281, #6505 ) ;
#6731 = AXIS2_PLACEMENT_3D ( 'NONE', #5742, #469, #5408 ) ;
#6732 = DIRECTION ( 'NONE',  ( -1.000000000000000000, 0.000000000000000000, 0.000000000000000000 ) ) ;
#6733 = EDGE_CURVE ( 'NONE', #3987, #8487, #2522, .T. ) ;
#6734 = ORIENTED_EDGE ( 'NONE', *, *, #6180, .F. ) ;
#6735 = LINE ( 'NONE', #4772, #2245 ) ;
#6736 = EDGE_CURVE ( 'NONE', #10041, #11305, #7027, .T. ) ;
#6737 = VERTEX_POINT ( 'NONE', #6051 ) ;
#6738 = ORIENTED_EDGE ( 'NONE', *, *, #11711, .T. ) ;
#6739 = AXIS2_PLACEMENT_3D ( 'NONE', #7293, #2418, #11592 ) ;
#6740 = VECTOR ( 'NONE', #272, 1000.000000000000000 ) ;
#6741 = ORIENTED_EDGE ( 'NONE', *, *, #4430, .F. ) ;
#6742 = CARTESIAN_POINT ( 'NONE',  ( 0.3250000000000001776, 0.000000000000000000, -1.300000000000000044 ) ) ;
#6743 = CARTESIAN_POINT ( 'NONE',  ( 3.500000000000000000, 0.05000000000000495715, -0.5500000000000018208 ) ) ;
#6744 = EDGE_CURVE ( 'NONE', #394, #1087, #2697, .T. ) ;
#6745 = EDGE_LOOP ( 'NONE', ( #4868, #4904, #776, #5228, #9565, #741 ) ) ;
#6746 = ORIENTED_EDGE ( 'NONE', *, *, #5189, .T. ) ;
#6747 = LINE ( 'NONE', #6937, #10895 ) ;
#6748 = DIRECTION ( 'NONE',  ( -0.7071067811865475727, -0.000000000000000000, -0.7071067811865475727 ) ) ;
#6749 = PLANE ( 'NONE',  #11648 ) ;
#6750 = EDGE_CURVE ( 'NONE', #6779, #7030, #2587, .T. ) ;
#6751 = CARTESIAN_POINT ( 'NONE',  ( 2.962500000000000355, 0.08750000000000569822, -1.350000000000000533 ) ) ;
#6752 = LINE ( 'NONE', #2247, #7135 ) ;
#6753 = EDGE_CURVE ( 'NONE', #12888, #191, #7072, .T. ) ;
#6754 = AXIS2_PLACEMENT_3D ( 'NONE', #1770, #950, #12821 ) ;
#6755 = CARTESIAN_POINT ( 'NONE',  ( 1.075000000000000400, 1.675000000000001377, -1.350000000000000533 ) ) ;
#6756 = LINE ( 'NONE', #3082, #11264 ) ;
#6757 = DIRECTION ( 'NONE',  ( -0.000000000000000000, -0.000000000000000000, 1.000000000000000000 ) ) ;
#6758 = EDGE_LOOP ( 'NONE', ( #5351, #9503, #8072, #12227 ) ) ;
#6759 = CARTESIAN_POINT ( 'NONE',  ( 3.500000000000000000, 0.000000000000000000, 0.000000000000000000 ) ) ;
#6760 = CIRCLE ( 'NONE', #2957, 0.2236160714285718720 ) ;
#6761 = ORIENTED_EDGE ( 'NONE', *, *, #1849, .T. ) ;
#6762 = DIRECTION ( 'NONE',  ( 1.000000000000000000, 0.000000000000000000, -8.673617379884034486E-16 ) ) ;
#6763 = EDGE_LOOP ( 'NONE', ( #1504, #5536, #5768, #1252 ) ) ;
#6764 = LINE ( 'NONE', #6278, #6785 ) ;
#6765 = EDGE_CURVE ( 'NONE', #5301, #7081, #6782, .T. ) ;
#6766 = ORIENTED_EDGE ( 'NONE', *, *, #1996, .F. ) ;
#6767 = CARTESIAN_POINT ( 'NONE',  ( 0.4750000000000003664, 1.149999999999999911, 0.000000000000000000 ) ) ;
#6768 = ORIENTED_EDGE ( 'NONE', *, *, #9350, .T. ) ;
#6769 = EDGE_CURVE ( 'NONE', #10569, #6737, #2630, .T. ) ;
#6770 = ORIENTED_EDGE ( 'NONE', *, *, #3375, .F. ) ;
#6771 = VECTOR ( 'NONE', #9305, 1000.000000000000000 ) ;
#6772 = EDGE_CURVE ( 'NONE', #765, #4489, #6803, .T. ) ;
#6773 = CARTESIAN_POINT ( 'NONE',  ( -1.125000000000000222, 0.4499999999999999556, -0.9499999999999999556 ) ) ;
#6774 = DIRECTION ( 'NONE',  ( -0.000000000000000000, 0.000000000000000000, -1.000000000000000000 ) ) ;
#6775 = LINE ( 'NONE', #4816, #11463 ) ;
#6776 = DIRECTION ( 'NONE',  ( 0.000000000000000000, 0.000000000000000000, -1.000000000000000000 ) ) ;
#6777 = VECTOR ( 'NONE', #7206, 1000.000000000000114 ) ;
#6778 = CARTESIAN_POINT ( 'NONE',  ( 2.700000000000000178, 1.474999999999999867, -1.350000000000000533 ) ) ;
#6779 = VERTEX_POINT ( 'NONE', #10169 ) ;
#6780 = EDGE_CURVE ( 'NONE', #6359, #5847, #11508, .T. ) ;
#6781 = AXIS2_PLACEMENT_3D ( 'NONE', #704, #2699, #8908 ) ;
#6782 = LINE ( 'NONE', #11075, #11626 ) ;
#6783 = ORIENTED_EDGE ( 'NONE', *, *, #3725, .T. ) ;
#6784 = ORIENTED_EDGE ( 'NONE', *, *, #12788, .F. ) ;
#6785 = VECTOR ( 'NONE', #4088, 1000.000000000000000 ) ;
#6786 = ORIENTED_EDGE ( 'NONE', *, *, #11151, .T. ) ;
#6787 = PLANE ( 'NONE',  #9737 ) ;
#6788 = EDGE_CURVE ( 'NONE', #1783, #11479, #11560, .T. ) ;
#6789 = ORIENTED_EDGE ( 'NONE', *, *, #5374, .F. ) ;
#6790 = DIRECTION ( 'NONE',  ( 0.7071067811865475727, 0.000000000000000000, 0.7071067811865475727 ) ) ;
#6791 = CARTESIAN_POINT ( 'NONE',  ( 1.275000000000000133, 0.2299999999999944866, -0.5500000000000007105 ) ) ;
#6792 = ORIENTED_EDGE ( 'NONE', *, *, #3109, .T. ) ;
#6793 = VECTOR ( 'NONE', #4808, 1000.000000000000000 ) ;
#6794 = CARTESIAN_POINT ( 'NONE',  ( -2.124999999999999556, 1.675000000000001377, -1.350000000000000533 ) ) ;
#6795 = EDGE_CURVE ( 'NONE', #3558, #8461, #6823, .T. ) ;
#6796 = EDGE_CURVE ( 'NONE', #11669, #11532, #7645, .T. ) ;
#6797 = DIRECTION ( 'NONE',  ( -1.000000000000000000, 0.000000000000000000, 0.000000000000000000 ) ) ;
#6798 = VECTOR ( 'NONE', #9575, 1000.000000000000000 ) ;
#6799 = VECTOR ( 'NONE', #12747, 1000.000000000000000 ) ;
#6800 = CARTESIAN_POINT ( 'NONE',  ( 3.200000000000000178, -1.254149897585988891E-16, 0.4750000000000064171 ) ) ;
#6801 = EDGE_LOOP ( 'NONE', ( #6804, #2922, #11915, #9438 ) ) ;
#6802 = CARTESIAN_POINT ( 'NONE',  ( -1.274999999999999689, 1.750000000000000888, -1.275000000000001910 ) ) ;
#6803 = LINE ( 'NONE', #9156, #11242 ) ;
#6804 = ORIENTED_EDGE ( 'NONE', *, *, #4265, .F. ) ;
#6805 = AXIS2_PLACEMENT_3D ( 'NONE', #90, #13164, #1099 ) ;
#6806 = ORIENTED_EDGE ( 'NONE', *, *, #9935, .F. ) ;
#6807 = LINE ( 'NONE', #5378, #6947 ) ;
#6808 = DIRECTION ( 'NONE',  ( -0.7071067811865475727, -0.7071067811865475727, 0.000000000000000000 ) ) ;
#6809 = VERTEX_POINT ( 'NONE', #8279 ) ;
#6810 = CARTESIAN_POINT ( 'NONE',  ( 1.275000000000000133, 0.4499999999999999556, -0.9499999999999999556 ) ) ;
#6811 = ORIENTED_EDGE ( 'NONE', *, *, #8071, .F. ) ;
#6812 = CARTESIAN_POINT ( 'NONE',  ( -1.925000000000000044, 1.150000000000000133, -1.229999999999999982 ) ) ;
#6813 = VERTEX_POINT ( 'NONE', #4107 ) ;
#6814 = LINE ( 'NONE', #11323, #11282 ) ;
#6815 = CARTESIAN_POINT ( 'NONE',  ( -1.275000000000000133, 1.150000000000000133, -1.453616071428571743 ) ) ;
#6816 = CARTESIAN_POINT ( 'NONE',  ( 1.925000000000000044, 1.575000000000000178, 0.4999999999999997780 ) ) ;
#6817 = CARTESIAN_POINT ( 'NONE',  ( -2.075000000000000178, 1.725000000000000977, -1.300000000000000711 ) ) ;
#6818 = LINE ( 'NONE', #11503, #11349 ) ;
#6819 = EDGE_CURVE ( 'NONE', #829, #5685, #7330, .T. ) ;
#6820 = VECTOR ( 'NONE', #3647, 1000.000000000000000 ) ;
#6821 = DIRECTION ( 'NONE',  ( -0.7071067811865475727, -0.000000000000000000, -0.7071067811865475727 ) ) ;
#6822 = ORIENTED_EDGE ( 'NONE', *, *, #5999, .T. ) ;
#6823 = LINE ( 'NONE', #4016, #7291 ) ;
#6824 = ORIENTED_EDGE ( 'NONE', *, *, #11715, .F. ) ;
#6825 = ORIENTED_EDGE ( 'NONE', *, *, #3545, .F. ) ;
#6827 = FACE_OUTER_BOUND ( 'NONE', #11813, .T. ) ;
#6826 = DIRECTION ( 'NONE',  ( -0.000000000000000000, 1.000000000000000000, -0.000000000000000000 ) ) ;
#6828 = ORIENTED_EDGE ( 'NONE', *, *, #329, .F. ) ;
#6829 = AXIS2_PLACEMENT_3D ( 'NONE', #2464, #7583, #2557 ) ;
#6830 = CARTESIAN_POINT ( 'NONE',  ( -1.074999999999999512, 0.2299999999999920164, -1.350000000000000533 ) ) ;
#6831 = ORIENTED_EDGE ( 'NONE', *, *, #2423, .F. ) ;
#6832 = PRODUCT_DEFINITION_CONTEXT ( 'detailed design', #9849, 'design' ) ;
#6833 = ORIENTED_EDGE ( 'NONE', *, *, #8027, .T. ) ;
#6834 = VECTOR ( 'NONE', #6872, 1000.000000000000000 ) ;
#6835 = CARTESIAN_POINT ( 'NONE',  ( 0.3250000000000001776, 0.4499999999999991784, -0.5500000000000020428 ) ) ;
#6836 = CARTESIAN_POINT ( 'NONE',  ( -2.075000000000000178, 0.7499999999999998890, -0.3499999999999998113 ) ) ;
#6837 = DIRECTION ( 'NONE',  ( -0.000000000000000000, -0.7071067811865474617, -0.7071067811865474617 ) ) ;
#6838 = ADVANCED_FACE ( 'NONE', ( #11804 ), #7610, .F. ) ;
#6839 = CARTESIAN_POINT ( 'NONE',  ( -1.925000000000000488, 1.750000000000000444, -1.275000000000001465 ) ) ;
#6840 = LINE ( 'NONE', #10242, #2308 ) ;
#6841 = ADVANCED_FACE ( 'NONE', ( #2943 ), #12274, .F. ) ;
#6842 = CARTESIAN_POINT ( 'NONE',  ( 1.925000000000000044, 1.750000000000000888, -0.5500000000000017097 ) ) ;
#6843 = FACE_OUTER_BOUND ( 'NONE', #6801, .T. ) ;
#6844 = CARTESIAN_POINT ( 'NONE',  ( -1.275000000000000133, 0.000000000000000000, -0.3499999999999994227 ) ) ;
#6845 = VERTEX_POINT ( 'NONE', #5880 ) ;
#6846 = CARTESIAN_POINT ( 'NONE',  ( -0.4749999999999999223, 0.7499999999999998890, -0.3999999999999999667 ) ) ;
#6847 = LINE ( 'NONE', #10235, #2675 ) ;
#6848 = ORIENTED_EDGE ( 'NONE', *, *, #7089, .T. ) ;
#6849 = DIRECTION ( 'NONE',  ( 0.000000000000000000, 0.000000000000000000, -1.000000000000000000 ) ) ;
#6850 = ORIENTED_EDGE ( 'NONE', *, *, #1193, .F. ) ;
#6851 = EDGE_CURVE ( 'NONE', #8521, #1279, #11945, .T. ) ;
#6852 = VECTOR ( 'NONE', #12256, 1000.000000000000114 ) ;
#6853 = ORIENTED_EDGE ( 'NONE', *, *, #10819, .T. ) ;
#6854 = DIRECTION ( 'NONE',  ( -0.5773502691896257311, 0.5773502691896257311, -0.5773502691896257311 ) ) ;
#6855 = DIRECTION ( 'NONE',  ( 0.7071067811865566766, 0.000000000000000000, -0.7071067811865383579 ) ) ;
#6856 = VERTEX_POINT ( 'NONE', #779 ) ;
#6857 = EDGE_LOOP ( 'NONE', ( #11629, #7626, #2787, #11867 ) ) ;
#6858 = LINE ( 'NONE', #10999, #10952 ) ;
#6859 = CARTESIAN_POINT ( 'NONE',  ( -0.5083333333333330817, 1.391666666666666829, 0.6833333333333341253 ) ) ;
#6860 = CARTESIAN_POINT ( 'NONE',  ( -1.274999999999999689, 1.750000000000000888, -1.350000000000000533 ) ) ;
#6861 = CARTESIAN_POINT ( 'NONE',  ( 1.275000000000000133, 0.000000000000000000, -1.300000000000000044 ) ) ;
#6862 = LINE ( 'NONE', #6791, #6728 ) ;
#6863 = CARTESIAN_POINT ( 'NONE',  ( 3.200000000000000178, 0.6500000000000112355, 1.275000000000000133 ) ) ;
#6864 = FACE_OUTER_BOUND ( 'NONE', #4302, .T. ) ;
#6865 = PLANE ( 'NONE',  #513 ) ;
#6866 = VERTEX_POINT ( 'NONE', #7892 ) ;
#6867 = LINE ( 'NONE', #1912, #11197 ) ;
#6868 = VERTEX_POINT ( 'NONE', #1857 ) ;
#6869 = VERTEX_POINT ( 'NONE', #6959 ) ;
#6870 = VECTOR ( 'NONE', #1616, 1000.000000000000000 ) ;
#6871 = VERTEX_POINT ( 'NONE', #10082 ) ;
#6872 = DIRECTION ( 'NONE',  ( -0.000000000000000000, 1.000000000000000000, 4.336808689942004424E-16 ) ) ;
#6873 = VERTEX_POINT ( 'NONE', #957 ) ;
#6874 = DIRECTION ( 'NONE',  ( 0.7071067811865474617, -0.000000000000000000, -0.7071067811865474617 ) ) ;
#6875 = DIRECTION ( 'NONE',  ( 1.000000000000000000, 1.275531967630008943E-16, -0.000000000000000000 ) ) ;
#6876 = ORIENTED_EDGE ( 'NONE', *, *, #10995, .F. ) ;
#6877 = VECTOR ( 'NONE', #3728, 1000.000000000000000 ) ;
#6878 = DIRECTION ( 'NONE',  ( -0.000000000000000000, -0.000000000000000000, 1.000000000000000000 ) ) ;
#6879 = DIRECTION ( 'NONE',  ( 0.000000000000000000, 0.000000000000000000, -1.000000000000000000 ) ) ;
#6880 = VECTOR ( 'NONE', #533, 1000.000000000000114 ) ;
#6881 = LINE ( 'NONE', #10851, #11333 ) ;
#6882 = CARTESIAN_POINT ( 'NONE',  ( -3.225000000000000533, 1.149999999999999911, -0.4500000000000006217 ) ) ;
#6883 = ORIENTED_EDGE ( 'NONE', *, *, #7115, .F. ) ;
#6884 = CARTESIAN_POINT ( 'NONE',  ( -0.2750000000000002998, 1.675000000000001377, -1.350000000000000533 ) ) ;
#6885 = CIRCLE ( 'NONE', #9097, 0.1000000000000000472 ) ;
#6886 = ORIENTED_EDGE ( 'NONE', *, *, #6905, .T. ) ;
#6887 = AXIS2_PLACEMENT_3D ( 'NONE', #7587, #1571, #2560 ) ;
#6888 = CARTESIAN_POINT ( 'NONE',  ( 3.225000000000000533, 1.750000000000000000, -0.3000000000000006550 ) ) ;
#6889 = VERTEX_POINT ( 'NONE', #375 ) ;
#6890 = FACE_OUTER_BOUND ( 'NONE', #9940, .T. ) ;
#6891 = CARTESIAN_POINT ( 'NONE',  ( 0.3250000000000001776, 1.574999999999999956, -1.300000000000000044 ) ) ;
#6892 = VERTEX_POINT ( 'NONE', #1293 ) ;
#6893 = FILL_AREA_STYLE ('',( #8840 ) ) ;
#6894 = EDGE_CURVE ( 'NONE', #4508, #9096, #3088, .T. ) ;
#6895 = DIRECTION ( 'NONE',  ( -0.7071067811865474617, -0.000000000000000000, -0.7071067811865474617 ) ) ;
#6896 = DIRECTION ( 'NONE',  ( -0.7071067811865475727, 0.000000000000000000, 0.7071067811865475727 ) ) ;
#6897 = VERTEX_POINT ( 'NONE', #7307 ) ;
#6898 = DIRECTION ( 'NONE',  ( 0.000000000000000000, 0.000000000000000000, -1.000000000000000000 ) ) ;
#6899 = ADVANCED_FACE ( 'NONE', ( #11779 ), #10519, .F. ) ;
#6900 = AXIS2_PLACEMENT_3D ( 'NONE', #4949, #5858, #7970 ) ;
#6901 = EDGE_CURVE ( 'NONE', #2082, #7593, #11967, .T. ) ;
#6902 = ORIENTED_EDGE ( 'NONE', *, *, #11276, .F. ) ;
#6903 = VECTOR ( 'NONE', #8844, 1000.000000000000000 ) ;
#6904 = DIRECTION ( 'NONE',  ( 0.7071067811865474617, -0.000000000000000000, 0.7071067811865474617 ) ) ;
#6905 = EDGE_CURVE ( 'NONE', #6693, #7418, #11822, .T. ) ;
#6906 = EDGE_CURVE ( 'NONE', #3326, #9192, #11708, .T. ) ;
#6907 = DIRECTION ( 'NONE',  ( 0.000000000000000000, -0.000000000000000000, -1.000000000000000000 ) ) ;
#6908 = EDGE_CURVE ( 'NONE', #7980, #9856, #3177, .T. ) ;
#6909 = CARTESIAN_POINT ( 'NONE',  ( 0.3250000000000001776, 1.125000000000000222, 0.5500000000000004885 ) ) ;
#6910 = CARTESIAN_POINT ( 'NONE',  ( 3.500000000000000000, 0.2299999999999946254, -1.350000000000000533 ) ) ;
#6911 = LINE ( 'NONE', #3733, #6798 ) ;
#6912 = VECTOR ( 'NONE', #12259, 1000.000000000000000 ) ;
#6913 = DIRECTION ( 'NONE',  ( -1.000000000000000000, -0.000000000000000000, -1.445602896647338917E-15 ) ) ;
#6914 = EDGE_CURVE ( 'NONE', #12672, #6112, #7245, .T. ) ;
#6915 = VERTEX_POINT ( 'NONE', #6381 ) ;
#6916 = LINE ( 'NONE', #3241, #11448 ) ;
#6917 = ORIENTED_EDGE ( 'NONE', *, *, #10218, .T. ) ;
#6918 = ORIENTED_EDGE ( 'NONE', *, *, #10460, .F. ) ;
#6920 = LINE ( 'NONE', #3937, #11359 ) ;
#6919 = DIRECTION ( 'NONE',  ( 1.000000000000000000, 0.000000000000000000, 0.000000000000000000 ) ) ;
#6921 = ORIENTED_EDGE ( 'NONE', *, *, #9987, .F. ) ;
#6922 = CARTESIAN_POINT ( 'NONE',  ( 2.700000000000000178, 0.05000000000000490163, -1.350000000000000533 ) ) ;
#6923 = ADVANCED_FACE ( 'NONE', ( #2965 ), #10429, .F. ) ;
#6924 = ORIENTED_EDGE ( 'NONE', *, *, #1234, .T. ) ;
#6925 = AXIS2_PLACEMENT_3D ( 'NONE', #8550, #9974, #10503 ) ;
#6926 = ORIENTED_EDGE ( 'NONE', *, *, #7123, .F. ) ;
#6927 = VECTOR ( 'NONE', #12968, 1000.000000000000000 ) ;
#6928 = CARTESIAN_POINT ( 'NONE',  ( 1.125000000000000222, 1.474999999999999867, -0.9749999999999897637 ) ) ;
#6929 = DIRECTION ( 'NONE',  ( -0.5773502691896251759, -0.5773502691896270633, -0.5773502691896251759 ) ) ;
#6930 = CARTESIAN_POINT ( 'NONE',  ( -1.158333333333333659, 0.4833333333333333925, -0.3666666666666666408 ) ) ;
#6931 = CARTESIAN_POINT ( 'NONE',  ( -0.4749999999999999223, 0.000000000000000000, -1.300000000000000044 ) ) ;
#6932 = EDGE_CURVE ( 'NONE', #927, #6056, #7395, .T. ) ;
#6933 = DIRECTION ( 'NONE',  ( -0.5773502691896257311, -0.5773502691896257311, -0.5773502691896257311 ) ) ;
#6934 = VECTOR ( 'NONE', #2340, 1000.000000000000000 ) ;
#6935 = DIRECTION ( 'NONE',  ( 0.000000000000000000, -1.000000000000000000, -0.000000000000000000 ) ) ;
#6936 = FACE_OUTER_BOUND ( 'NONE', #4416, .T. ) ;
#6937 = CARTESIAN_POINT ( 'NONE',  ( 2.075000000000000178, 1.150000000000000133, -1.229999999999999760 ) ) ;
#6938 = VERTEX_POINT ( 'NONE', #4659 ) ;
#6939 = CARTESIAN_POINT ( 'NONE',  ( -3.200000000000000178, 0.2750000000000112355, 1.305000000000000382 ) ) ;
#6940 = VECTOR ( 'NONE', #4532, 1000.000000000000000 ) ;
#6941 = ORIENTED_EDGE ( 'NONE', *, *, #2636, .F. ) ;
#6942 = EDGE_CURVE ( 'NONE', #6868, #8342, #11755, .T. ) ;
#6943 = CARTESIAN_POINT ( 'NONE',  ( -1.275000000000000133, 0.2299999999999945421, -0.5500000000000018208 ) ) ;
#6944 = EDGE_LOOP ( 'NONE', ( #11140, #2474, #11364, #8514, #8494, #12249 ) ) ;
#6945 = EDGE_CURVE ( 'NONE', #8187, #12868, #11903, .T. ) ;
#6946 = EDGE_CURVE ( 'NONE', #11583, #3032, #3007, .T. ) ;
#6947 = VECTOR ( 'NONE', #9308, 1000.000000000000000 ) ;
#6948 = EDGE_LOOP ( 'NONE', ( #404, #7997, #3503, #3614 ) ) ;
#6949 = CARTESIAN_POINT ( 'NONE',  ( 1.925000000000000044, 1.574999999999999956, -1.300000000000000044 ) ) ;
#6950 = CARTESIAN_POINT ( 'NONE',  ( -2.649999999999999023, 1.474999999999999867, -1.350000000000000533 ) ) ;
#6951 = VERTEX_POINT ( 'NONE', #12561 ) ;
#6952 = VERTEX_POINT ( 'NONE', #2355 ) ;
#6953 = VECTOR ( 'NONE', #11618, 1000.000000000000000 ) ;
#6954 = AXIS2_PLACEMENT_3D ( 'NONE', #11520, #2540, #8479 ) ;
#6955 = DIRECTION ( 'NONE',  ( 0.000000000000000000, -1.000000000000000000, 0.000000000000000000 ) ) ;
#6956 = ADVANCED_FACE ( 'NONE', ( #11671 ), #6466, .F. ) ;
#6957 = DIRECTION ( 'NONE',  ( 1.000000000000000000, 1.275531967630008943E-16, -0.000000000000000000 ) ) ;
#6958 = FACE_OUTER_BOUND ( 'NONE', #5267, .T. ) ;
#6959 = CARTESIAN_POINT ( 'NONE',  ( 1.275000000000000133, 0.9750000000000004219, -1.229999999999999760 ) ) ;
#6960 = ADVANCED_FACE ( 'NONE', ( #3239 ), #10692, .F. ) ;
#6961 = VECTOR ( 'NONE', #449, 1000.000000000000000 ) ;
#6962 = EDGE_CURVE ( 'NONE', #500, #2433, #3042, .T. ) ;
#6963 = CARTESIAN_POINT ( 'NONE',  ( -0.3250000000000000111, 0.4499999999999999556, -0.3999999999999999667 ) ) ;
#6964 = ORIENTED_EDGE ( 'NONE', *, *, #3730, .F. ) ;
#6965 = VECTOR ( 'NONE', #13111, 1000.000000000000114 ) ;
#6966 = ORIENTED_EDGE ( 'NONE', *, *, #7085, .T. ) ;
#6967 = ORIENTED_EDGE ( 'NONE', *, *, #3573, .T. ) ;
#6968 = LINE ( 'NONE', #3346, #6852 ) ;
#6969 = ORIENTED_EDGE ( 'NONE', *, *, #7760, .F. ) ;
#6970 = EDGE_CURVE ( 'NONE', #11753, #11271, #2802, .T. ) ;
#6971 = VERTEX_POINT ( 'NONE', #11692 ) ;
#6972 = CARTESIAN_POINT ( 'NONE',  ( 3.916666666666615892, 2.071666666666662771, -3.141666666666639962 ) ) ;
#6973 = CARTESIAN_POINT ( 'NONE',  ( 2.950000000000000622, 1.750000000000000000, -0.3000000000000006550 ) ) ;
#6974 = DIRECTION ( 'NONE',  ( 0.000000000000000000, -0.000000000000000000, 1.000000000000000000 ) ) ;
#6975 = ORIENTED_EDGE ( 'NONE', *, *, #12265, .F. ) ;
#6976 = FACE_OUTER_BOUND ( 'NONE', #543, .T. ) ;
#6977 = CARTESIAN_POINT ( 'NONE',  ( 0.000000000000000000, 0.000000000000000000, 0.1500000000000006051 ) ) ;
#6978 = PRESENTATION_LAYER_ASSIGNMENT (  '', '', ( #12432 ) ) ;
#6979 = LINE ( 'NONE', #9220, #2772 ) ;
#6980 = VECTOR ( 'NONE', #8994, 1000.000000000000000 ) ;
#6981 = EDGE_LOOP ( 'NONE', ( #12369, #8058, #12423, #12394 ) ) ;
#6982 = CARTESIAN_POINT ( 'NONE',  ( -1.275000000000000577, 1.499999999999999334, 1.275000000000000133 ) ) ;
#6983 = VECTOR ( 'NONE', #10575, 1000.000000000000000 ) ;
#6984 = EDGE_LOOP ( 'NONE', ( #10787, #7008, #2613, #11158 ) ) ;
#6985 = ORIENTED_EDGE ( 'NONE', *, *, #10154, .T. ) ;
#6986 = VECTOR ( 'NONE', #2582, 1000.000000000000000 ) ;
#6987 = PLANE ( 'NONE',  #13127 ) ;
#6988 = ORIENTED_EDGE ( 'NONE', *, *, #8910, .T. ) ;
#6989 = CARTESIAN_POINT ( 'NONE',  ( 0.3250000000000012323, 0.7499999999999991118, -0.5500000000000018208 ) ) ;
#6990 = CARTESIAN_POINT ( 'NONE',  ( 0.3250000000000001776, 1.125000000000000222, -0.5500000000000018208 ) ) ;
#6991 = CARTESIAN_POINT ( 'NONE',  ( -2.100000000000001421, 0.4499999999999993450, 1.075000000000001510 ) ) ;
#6992 = VERTEX_POINT ( 'NONE', #12759 ) ;
#6993 = CARTESIAN_POINT ( 'NONE',  ( 3.500000000000000000, 0.3500000000000021982, 0.9499999999999959588 ) ) ;
#6994 = CARTESIAN_POINT ( 'NONE',  ( 2.950000000000000622, 1.149999999999999911, -0.3000000000000006550 ) ) ;
#6995 = VERTEX_POINT ( 'NONE', #5649 ) ;
#6996 = FACE_OUTER_BOUND ( 'NONE', #101, .T. ) ;
#6997 = DIRECTION ( 'NONE',  ( -0.5773502691896249539, 0.5773502691896272854, -0.5773502691896249539 ) ) ;
#6998 = DIRECTION ( 'NONE',  ( 0.000000000000000000, 1.000000000000000000, 0.000000000000000000 ) ) ;
#6999 = DIRECTION ( 'NONE',  ( 0.000000000000000000, -1.000000000000000000, 0.000000000000000000 ) ) ;
#7000 = CARTESIAN_POINT ( 'NONE',  ( 3.500000000000000000, 0.08750000000000569822, -0.5500000000000018208 ) ) ;
#7001 = DIRECTION ( 'NONE',  ( 0.000000000000000000, 0.000000000000000000, -1.000000000000000000 ) ) ;
#7002 = LINE ( 'NONE', #6846, #2584 ) ;
#7003 = VECTOR ( 'NONE', #10919, 1000.000000000000000 ) ;
#7004 = AXIS2_PLACEMENT_3D ( 'NONE', #6483, #12874, #8594 ) ;
#7005 = DIRECTION ( 'NONE',  ( 0.000000000000000000, -1.000000000000000000, 2.409338161078897701E-16 ) ) ;
#7006 = ORIENTED_EDGE ( 'NONE', *, *, #10189, .T. ) ;
#7007 = FACE_OUTER_BOUND ( 'NONE', #8406, .T. ) ;
#7008 = ORIENTED_EDGE ( 'NONE', *, *, #13085, .F. ) ;
#7009 = ORIENTED_EDGE ( 'NONE', *, *, #10933, .F. ) ;
#7011 = VECTOR ( 'NONE', #10673, 1000.000000000000000 ) ;
#7010 = CARTESIAN_POINT ( 'NONE',  ( 3.500000000000003109, 1.474999999999999867, -0.9749999999999897637 ) ) ;
#7012 = ORIENTED_EDGE ( 'NONE', *, *, #6606, .T. ) ;
#7013 = PLANE ( 'NONE',  #3623 ) ;
#7014 = ORIENTED_EDGE ( 'NONE', *, *, #9358, .F. ) ;
#7015 = ORIENTED_EDGE ( 'NONE', *, *, #9239, .T. ) ;
#7016 = VECTOR ( 'NONE', #12574, 1000.000000000000000 ) ;
#7017 = DIRECTION ( 'NONE',  ( 0.5773502691896227335, -0.5773502691896318373, 0.5773502691896227335 ) ) ;
#7018 = MANIFOLD_SOLID_BREP ( 'Chamfer5', #3353 ) ;
#7019 = DIRECTION ( 'NONE',  ( 1.000000000000000000, -0.000000000000000000, -0.000000000000000000 ) ) ;
#7020 = PLANE ( 'NONE',  #1353 ) ;
#7021 = DIRECTION ( 'NONE',  ( -4.818676322157797375E-16, 1.000000000000000000, 0.000000000000000000 ) ) ;
#7022 = FACE_OUTER_BOUND ( 'NONE', #2361, .T. ) ;
#7023 = VECTOR ( 'NONE', #21, 1000.000000000000000 ) ;
#7024 = DIRECTION ( 'NONE',  ( 1.000000000000000000, 0.000000000000000000, 0.000000000000000000 ) ) ;
#7025 = ORIENTED_EDGE ( 'NONE', *, *, #8234, .F. ) ;
#7026 = CARTESIAN_POINT ( 'NONE',  ( 3.000000000000000444, 1.150000000000011235, 1.275000000000000133 ) ) ;
#7027 = LINE ( 'NONE', #8088, #2653 ) ;
#7028 = ORIENTED_EDGE ( 'NONE', *, *, #6025, .T. ) ;
#7029 = DIRECTION ( 'NONE',  ( -0.7071067811865515695, 0.000000000000000000, 0.7071067811865434649 ) ) ;
#7030 = VERTEX_POINT ( 'NONE', #2961 ) ;
#7031 = VECTOR ( 'NONE', #1448, 1000.000000000000000 ) ;
#7032 = EDGE_LOOP ( 'NONE', ( #11428, #1697, #4464, #6274, #10802, #10664, #2201, #6515, #10865, #13207, #4277, #7096, #8839, #7012, #6023 ) ) ;
#7033 = DIRECTION ( 'NONE',  ( -0.7071067811865430208, 0.000000000000000000, 0.7071067811865521247 ) ) ;
#7034 = CARTESIAN_POINT ( 'NONE',  ( -1.275000000000000133, 1.124999999999999778, -0.3499999999999998113 ) ) ;
#7035 = ADVANCED_FACE ( 'NONE', ( #7566 ), #11287, .T. ) ;
#7036 = EDGE_LOOP ( 'NONE', ( #668, #4844, #5512, #5530 ) ) ;
#7037 = ORIENTED_EDGE ( 'NONE', *, *, #10499, .F. ) ;
#7038 = VECTOR ( 'NONE', #7400, 1000.000000000000000 ) ;
#7039 = DIRECTION ( 'NONE',  ( 0.000000000000000000, -1.000000000000000000, 0.000000000000000000 ) ) ;
#7040 = CARTESIAN_POINT ( 'NONE',  ( -1.125000000000000222, 1.150000000000000133, -1.453616071428571743 ) ) ;
#7041 = VECTOR ( 'NONE', #8734, 1000.000000000000000 ) ;
#7042 = DIRECTION ( 'NONE',  ( 0.000000000000000000, -0.7071067811865461294, -0.7071067811865490160 ) ) ;
#7043 = DIRECTION ( 'NONE',  ( 1.000000000000000000, -0.000000000000000000, -0.000000000000000000 ) ) ;
#7044 = LINE ( 'NONE', #1190, #11394 ) ;
#7045 = CARTESIAN_POINT ( 'NONE',  ( -3.225000000000000533, 1.149999999999999911, -0.3000000000000006550 ) ) ;
#7046 = ORIENTED_EDGE ( 'NONE', *, *, #7695, .T. ) ;
#7047 = FACE_OUTER_BOUND ( 'NONE', #10421, .T. ) ;
#7048 = EDGE_CURVE ( 'NONE', #765, #8164, #3066, .T. ) ;
#7049 = ORIENTED_EDGE ( 'NONE', *, *, #9064, .F. ) ;
#7050 = ORIENTED_EDGE ( 'NONE', *, *, #3849, .T. ) ;
#7051 = LINE ( 'NONE', #11055, #11202 ) ;
#7052 = ORIENTED_EDGE ( 'NONE', *, *, #5374, .T. ) ;
#7053 = CARTESIAN_POINT ( 'NONE',  ( 0.5250000000000006883, 0.2299999999999920164, -1.350000000000000533 ) ) ;
#7054 = AXIS2_PLACEMENT_3D ( 'NONE', #10393, #4169, #6093 ) ;
#7055 = ORIENTED_EDGE ( 'NONE', *, *, #9721, .F. ) ;
#7056 = PLANE ( 'NONE',  #1088 ) ;
#7057 = CARTESIAN_POINT ( 'NONE',  ( -2.075000000000000178, 1.149999999999999911, 0.000000000000000000 ) ) ;
#7058 = CARTESIAN_POINT ( 'NONE',  ( -1.175000000000000266, 1.125000000000000222, 0.5500000000000004885 ) ) ;
#7059 = ORIENTED_EDGE ( 'NONE', *, *, #6478, .F. ) ;
#7060 = LINE ( 'NONE', #12283, #2888 ) ;
#7061 = CARTESIAN_POINT ( 'NONE',  ( -0.4749999999999999223, 0.000000000000000000, -1.300000000000000044 ) ) ;
#7062 = CARTESIAN_POINT ( 'NONE',  ( -2.075000000000000178, 1.499999999999999334, 1.275000000000000133 ) ) ;
#7063 = AXIS2_PLACEMENT_3D ( 'NONE', #1978, #9951, #2060 ) ;
#7064 = ADVANCED_FACE ( 'NONE', ( #7538 ), #9102, .F. ) ;
#7065 = LINE ( 'NONE', #1786, #2671 ) ;
#7066 = ADVANCED_FACE ( 'NONE', ( #11986 ), #11786, .F. ) ;
#7067 = EDGE_CURVE ( 'NONE', #7665, #7030, #3196, .T. ) ;
#7068 = LINE ( 'NONE', #620, #11465 ) ;
#7069 = DIRECTION ( 'NONE',  ( -1.000000000000000000, 0.000000000000000000, -0.000000000000000000 ) ) ;
#7070 = ORIENTED_EDGE ( 'NONE', *, *, #11240, .F. ) ;
#7071 = CARTESIAN_POINT ( 'NONE',  ( -1.125000000000000222, 0.2299999999999945421, -0.5500000000000019318 ) ) ;
#7072 = LINE ( 'NONE', #3099, #2755 ) ;
#7073 = MECHANICAL_DESIGN_GEOMETRIC_PRESENTATION_REPRESENTATION (  '', ( #5984 ), #1678 ) ;
#7074 = ORIENTED_EDGE ( 'NONE', *, *, #10992, .T. ) ;
#7075 = EDGE_CURVE ( 'NONE', #5900, #10254, #7224, .T. ) ;
#7076 = VERTEX_POINT ( 'NONE', #9185 ) ;
#7077 = EDGE_CURVE ( 'NONE', #13174, #10069, #11735, .T. ) ;
#7078 = VECTOR ( 'NONE', #4308, 1000.000000000000000 ) ;
#7079 = EDGE_CURVE ( 'NONE', #3230, #4666, #3739, .T. ) ;
#7080 = CARTESIAN_POINT ( 'NONE',  ( -3.200000000000000178, 1.075000000000010614, 1.350000000000000533 ) ) ;
#7081 = VERTEX_POINT ( 'NONE', #1630 ) ;
#7082 = CARTESIAN_POINT ( 'NONE',  ( 3.500000000000000000, 0.2299999999999946254, -1.300000000000000711 ) ) ;
#7083 = ORIENTED_EDGE ( 'NONE', *, *, #9541, .T. ) ;
#7084 = DIRECTION ( 'NONE',  ( -0.000000000000000000, -0.000000000000000000, 1.000000000000000000 ) ) ;
#7085 = EDGE_CURVE ( 'NONE', #6229, #2944, #8119, .T. ) ;
#7086 = ORIENTED_EDGE ( 'NONE', *, *, #8425, .T. ) ;
#7087 = LINE ( 'NONE', #8284, #11595 ) ;
#7088 = DIRECTION ( 'NONE',  ( 0.000000000000000000, 0.000000000000000000, 1.000000000000000000 ) ) ;
#7089 = EDGE_CURVE ( 'NONE', #1274, #12070, #7761, .T. ) ;
#7090 = DIRECTION ( 'NONE',  ( 1.000000000000000000, 0.000000000000000000, 0.000000000000000000 ) ) ;
#7091 = DIRECTION ( 'NONE',  ( 0.000000000000000000, -3.336006684570795427E-16, 1.000000000000000000 ) ) ;
#7092 = CARTESIAN_POINT ( 'NONE',  ( 3.500000000000000000, 0.2799999999999950862, -1.350000000000000533 ) ) ;
#7093 = FACE_OUTER_BOUND ( 'NONE', #6190, .T. ) ;
#7094 = VECTOR ( 'NONE', #538, 1000.000000000000000 ) ;
#7095 = CARTESIAN_POINT ( 'NONE',  ( -1.275000000000000133, 1.575000000000000178, 0.5500000000000003775 ) ) ;
#7096 = ORIENTED_EDGE ( 'NONE', *, *, #9880, .T. ) ;
#7097 = AXIS2_PLACEMENT_3D ( 'NONE', #1341, #2317, #4438 ) ;
#7098 = VECTOR ( 'NONE', #923, 1000.000000000000000 ) ;
#7099 = CARTESIAN_POINT ( 'NONE',  ( -3.500000000000000000, 0.2299999999999945699, -1.050000000000000266 ) ) ;
#7100 = ORIENTED_EDGE ( 'NONE', *, *, #764, .F. ) ;
#7101 = ORIENTED_EDGE ( 'NONE', *, *, #4954, .T. ) ;
#7103 = VECTOR ( 'NONE', #12198, 1000.000000000000000 ) ;
#7102 = DIRECTION ( 'NONE',  ( 0.000000000000000000, 0.000000000000000000, 1.000000000000000000 ) ) ;
#7104 = EDGE_CURVE ( 'NONE', #6992, #12476, #3577, .T. ) ;
#7105 = PLANE ( 'NONE',  #5712 ) ;
#7106 = EDGE_CURVE ( 'NONE', #5559, #1396, #7689, .T. ) ;
#7107 = VERTEX_POINT ( 'NONE', #3954 ) ;
#7108 = VERTEX_POINT ( 'NONE', #4999 ) ;
#7109 = VECTOR ( 'NONE', #12101, 1000.000000000000000 ) ;
#7110 = CARTESIAN_POINT ( 'NONE',  ( 1.275000000000000133, 0.000000000000000000, -1.300000000000000044 ) ) ;
#7111 = EDGE_CURVE ( 'NONE', #6085, #11271, #12205, .T. ) ;
#7112 = CARTESIAN_POINT ( 'NONE',  ( 3.000000000000000444, 0.6200000000000113198, 1.305000000000000160 ) ) ;
#7113 = EDGE_CURVE ( 'NONE', #5621, #914, #7929, .T. ) ;
#7114 = AXIS2_PLACEMENT_3D ( 'NONE', #3534, #5631, #10670 ) ;
#7115 = EDGE_CURVE ( 'NONE', #2086, #10225, #7875, .T. ) ;
#7116 = LINE ( 'NONE', #8650, #2711 ) ;
#7117 = VECTOR ( 'NONE', #3548, 1000.000000000000000 ) ;
#7118 = DIRECTION ( 'NONE',  ( 1.000000000000000000, -0.000000000000000000, -0.000000000000000000 ) ) ;
#7119 = ORIENTED_EDGE ( 'NONE', *, *, #10839, .F. ) ;
#7120 = LINE ( 'NONE', #11581, #11373 ) ;
#7121 = VERTEX_POINT ( 'NONE', #2127 ) ;
#7122 = CARTESIAN_POINT ( 'NONE',  ( -1.275000000000000133, 1.575000000000000178, 0.4999999999999997780 ) ) ;
#7123 = EDGE_CURVE ( 'NONE', #3924, #8502, #12228, .T. ) ;
#7124 =( GEOMETRIC_REPRESENTATION_CONTEXT ( 3 ) GLOBAL_UNCERTAINTY_ASSIGNED_CONTEXT ( ( #5268 ) ) GLOBAL_UNIT_ASSIGNED_CONTEXT ( ( #6638, #3468, #1377 ) ) REPRESENTATION_CONTEXT ( 'NONE', 'WORKASPACE' ) );
#7125 = ORIENTED_EDGE ( 'NONE', *, *, #5402, .F. ) ;
#7126 = VECTOR ( 'NONE', #5663, 1000.000000000000000 ) ;
#7127 = DIRECTION ( 'NONE',  ( 0.000000000000000000, 1.000000000000000000, 0.000000000000000000 ) ) ;
#7128 = VERTEX_POINT ( 'NONE', #6241 ) ;
#7129 = AXIS2_PLACEMENT_3D ( 'NONE', #1492, #240, #10557 ) ;
#7130 = EDGE_CURVE ( 'NONE', #1888, #4108, #3695, .T. ) ;
#7131 = ORIENTED_EDGE ( 'NONE', *, *, #4740, .F. ) ;
#7132 = LINE ( 'NONE', #1304, #2816 ) ;
#7133 = DIRECTION ( 'NONE',  ( 1.000000000000000000, -0.000000000000000000, -0.000000000000000000 ) ) ;
#7134 = CARTESIAN_POINT ( 'NONE',  ( 3.200000000000000178, 0.7250000000000111910, 1.350000000000000533 ) ) ;
#7135 = VECTOR ( 'NONE', #361, 1000.000000000000000 ) ;
#7136 = CARTESIAN_POINT ( 'NONE',  ( -1.275000000000000133, 0.7499999999999998890, -0.3999999999999999667 ) ) ;
#7137 = EDGE_CURVE ( 'NONE', #12843, #12330, #8096, .T. ) ;
#7138 = DIRECTION ( 'NONE',  ( 0.000000000000000000, 0.000000000000000000, 1.000000000000000000 ) ) ;
#7139 = LINE ( 'NONE', #3936, #11622 ) ;
#7140 = EDGE_CURVE ( 'NONE', #1185, #575, #12368, .T. ) ;
#7141 = DIRECTION ( 'NONE',  ( 3.614007241618339403E-16, -1.000000000000000000, 0.000000000000000000 ) ) ;
#7142 = EDGE_LOOP ( 'NONE', ( #4243, #9217, #304, #308 ) ) ;
#7143 = VECTOR ( 'NONE', #7017, 1000.000000000000000 ) ;
#7144 = EDGE_LOOP ( 'NONE', ( #11487, #7311, #11802, #11515 ) ) ;
#7145 = ORIENTED_EDGE ( 'NONE', *, *, #8942, .F. ) ;
#7146 = LINE ( 'NONE', #5068, #11607 ) ;
#7147 = DIRECTION ( 'NONE',  ( -1.000000000000000000, 0.000000000000000000, 0.000000000000000000 ) ) ;
#7148 = STYLED_ITEM ( 'NONE', ( #6171 ), #6029 ) ;
#7149 = ORIENTED_EDGE ( 'NONE', *, *, #11091, .F. ) ;
#7150 = DIRECTION ( 'NONE',  ( 0.000000000000000000, 8.673617379884030542E-16, -1.000000000000000000 ) ) ;
#7151 = DIRECTION ( 'NONE',  ( 1.000000000000000000, 1.275531967630008943E-16, -0.000000000000000000 ) ) ;
#7152 = CARTESIAN_POINT ( 'NONE',  ( 3.500000000000003109, 1.474999999999999867, -0.9749999999999897637 ) ) ;
#7153 = ORIENTED_EDGE ( 'NONE', *, *, #2283, .F. ) ;
#7154 = LINE ( 'NONE', #3192, #11482 ) ;
#7155 = CARTESIAN_POINT ( 'NONE',  ( -0.3250000000000000111, 0.2299999999999945421, -0.5500000000000019318 ) ) ;
#7156 = VECTOR ( 'NONE', #5800, 1000.000000000000000 ) ;
#7157 = VECTOR ( 'NONE', #10591, 1000.000000000000000 ) ;
#7158 = CARTESIAN_POINT ( 'NONE',  ( 0.000000000000000000, 1.124999999999999778, -0.3499999999999994227 ) ) ;
#7159 = EDGE_LOOP ( 'NONE', ( #7083, #2663, #7391, #5242, #9885 ) ) ;
#7160 = CARTESIAN_POINT ( 'NONE',  ( -0.3250000000000001776, 1.750000000000001110, -1.275000000000000799 ) ) ;
#7161 = LINE ( 'NONE', #691, #11397 ) ;
#7162 = ORIENTED_EDGE ( 'NONE', *, *, #12386, .T. ) ;
#7163 = ORIENTED_EDGE ( 'NONE', *, *, #6345, .F. ) ;
#7164 = EDGE_CURVE ( 'NONE', #11334, #4671, #3651, .T. ) ;
#7165 = VECTOR ( 'NONE', #7842, 1000.000000000000000 ) ;
#7166 = CARTESIAN_POINT ( 'NONE',  ( 1.091666666666667007, 1.391666666666666829, 0.6833333333333341253 ) ) ;
#7167 = DIRECTION ( 'NONE',  ( 0.000000000000000000, -1.000000000000000000, 0.000000000000000000 ) ) ;
#7168 = PLANE ( 'NONE',  #8476 ) ;
#7169 = ORIENTED_EDGE ( 'NONE', *, *, #3064, .F. ) ;
#7170 = DIRECTION ( 'NONE',  ( -1.000000000000000000, 0.000000000000000000, 0.000000000000000000 ) ) ;
#7171 = DIRECTION ( 'NONE',  ( -0.000000000000000000, -0.000000000000000000, 1.000000000000000000 ) ) ;
#7172 = ORIENTED_EDGE ( 'NONE', *, *, #9246, .T. ) ;
#7173 = LINE ( 'NONE', #12378, #7236 ) ;
#7174 = CARTESIAN_POINT ( 'NONE',  ( 2.500000000000000888, 1.299999999999999378, 1.275000000000001910 ) ) ;
#7175 = UNCERTAINTY_MEASURE_WITH_UNIT (LENGTH_MEASURE( 1.000000000000000082E-05 ), #2178, 'distance_accuracy_value', 'NONE');
#7176 = CARTESIAN_POINT ( 'NONE',  ( -0.8333333333333339255, -0.1666666666666680452, -0.3916666666666673291 ) ) ;
#7177 = ADVANCED_FACE ( 'NONE', ( #3547 ), #9621, .F. ) ;
#7178 = CARTESIAN_POINT ( 'NONE',  ( -2.124999999999999556, 0.2799999999999950862, -1.350000000000000533 ) ) ;
#7179 = PLANE ( 'NONE',  #12021 ) ;
#7180 = VECTOR ( 'NONE', #11852, 1000.000000000000000 ) ;
#7181 = ADVANCED_FACE ( 'NONE', ( #7955 ), #7423, .F. ) ;
#7182 = LINE ( 'NONE', #100, #2415 ) ;
#7183 = DIRECTION ( 'NONE',  ( 0.000000000000000000, -1.172110456741085828E-16, -1.000000000000000000 ) ) ;
#7184 = ORIENTED_EDGE ( 'NONE', *, *, #1258, .T. ) ;
#7185 = FACE_OUTER_BOUND ( 'NONE', #510, .T. ) ;
#7186 = CARTESIAN_POINT ( 'NONE',  ( -1.224999999999999867, 1.524999999999999911, 0.5500000000000003775 ) ) ;
#7187 = ORIENTED_EDGE ( 'NONE', *, *, #8726, .T. ) ;
#7188 = ORIENTED_EDGE ( 'NONE', *, *, #8401, .T. ) ;
#7189 = LINE ( 'NONE', #223, #7273 ) ;
#7190 = CARTESIAN_POINT ( 'NONE',  ( 1.925000000000000044, 1.175000000000000488, 0.5500000000000004885 ) ) ;
#7191 = ORIENTED_EDGE ( 'NONE', *, *, #5711, .F. ) ;
#7192 = ORIENTED_EDGE ( 'NONE', *, *, #10909, .T. ) ;
#7193 = VECTOR ( 'NONE', #1135, 1000.000000000000000 ) ;
#7194 = CARTESIAN_POINT ( 'NONE',  ( -1.275000000000000133, 0.5000000000000002220, -0.3499999999999998113 ) ) ;
#7195 = CARTESIAN_POINT ( 'NONE',  ( 1.925000000000000044, 0.4499999999999999556, -0.9499999999999999556 ) ) ;
#7196 = DIRECTION ( 'NONE',  ( 0.000000000000000000, -1.000000000000000000, 0.000000000000000000 ) ) ;
#7197 = LINE ( 'NONE', #13120, #7348 ) ;
#7198 = LINE ( 'NONE', #5203, #7023 ) ;
#7199 = PLANE ( 'NONE',  #2332 ) ;
#7200 = VERTEX_POINT ( 'NONE', #8507 ) ;
#7201 = VECTOR ( 'NONE', #5791, 1000.000000000000000 ) ;
#7202 = ORIENTED_EDGE ( 'NONE', *, *, #1312, .T. ) ;
#7203 = CARTESIAN_POINT ( 'NONE',  ( 1.925000000000000044, 1.150000000000000133, -1.453616071428571743 ) ) ;
#7204 = ORIENTED_EDGE ( 'NONE', *, *, #11664, .T. ) ;
#7205 = LINE ( 'NONE', #9953, #2808 ) ;
#7206 = DIRECTION ( 'NONE',  ( 0.7071067811865398012, 0.7071067811865552333, 3.066586833366771942E-16 ) ) ;
#7207 = CARTESIAN_POINT ( 'NONE',  ( -1.275000000000000133, 0.4499999999999999556, -0.9499999999999999556 ) ) ;
#7208 = ORIENTED_EDGE ( 'NONE', *, *, #8891, .T. ) ;
#7209 = DIRECTION ( 'NONE',  ( 1.000000000000000000, 0.000000000000000000, 0.000000000000000000 ) ) ;
#7210 = EDGE_CURVE ( 'NONE', #11450, #13115, #12589, .T. ) ;
#7211 = VERTEX_POINT ( 'NONE', #2298 ) ;
#7212 = FACE_OUTER_BOUND ( 'NONE', #982, .T. ) ;
#7213 = CARTESIAN_POINT ( 'NONE',  ( 2.075000000000000178, 1.499999999999999334, -0.3499999999999994227 ) ) ;
#7214 = EDGE_CURVE ( 'NONE', #1462, #3847, #3524, .T. ) ;
#7215 = CARTESIAN_POINT ( 'NONE',  ( 2.075000000000000178, 1.312500000000000222, -1.300000000000000044 ) ) ;
#7216 = AXIS2_PLACEMENT_3D ( 'NONE', #6312, #972, #9251 ) ;
#7217 = VECTOR ( 'NONE', #10618, 1000.000000000000000 ) ;
#7218 = DIRECTION ( 'NONE',  ( 0.7071067811865497932, -1.703659351870409300E-16, -0.7071067811865452413 ) ) ;
#7219 = DIRECTION ( 'NONE',  ( 0.000000000000000000, 1.694065894508603883E-16, -1.000000000000000000 ) ) ;
#7220 = LINE ( 'NONE', #2785, #2872 ) ;
#7221 = DIRECTION ( 'NONE',  ( 1.000000000000000000, -0.000000000000000000, -0.000000000000000000 ) ) ;
#7222 = AXIS2_PLACEMENT_3D ( 'NONE', #6360, #6191, #5191 ) ;
#7223 = EDGE_LOOP ( 'NONE', ( #7632, #8879, #4855, #9164, #8464, #3603 ) ) ;
#7224 = LINE ( 'NONE', #151, #2858 ) ;
#7225 = ORIENTED_EDGE ( 'NONE', *, *, #9568, .F. ) ;
#7226 = ADVANCED_FACE ( 'NONE', ( #3354 ), #4601, .F. ) ;
#7227 = ORIENTED_EDGE ( 'NONE', *, *, #7762, .T. ) ;
#7228 = LINE ( 'NONE', #5149, #7375 ) ;
#7229 = EDGE_CURVE ( 'NONE', #11360, #9048, #12464, .T. ) ;
#7230 = DIRECTION ( 'NONE',  ( 0.000000000000000000, 0.7071067811865475727, -0.7071067811865475727 ) ) ;
#7231 = EDGE_LOOP ( 'NONE', ( #12658, #1805, #8531, #3827 ) ) ;
#7232 = EDGE_CURVE ( 'NONE', #4938, #4631, #7977, .T. ) ;
#7233 = CARTESIAN_POINT ( 'NONE',  ( -2.075000000000000178, 0.7499999999999998890, -0.5500000000000020428 ) ) ;
#7234 = CARTESIAN_POINT ( 'NONE',  ( -0.4749999999999999223, 0.1000000000000000056, -0.9499999999999999556 ) ) ;
#7235 = VERTEX_POINT ( 'NONE', #12800 ) ;
#7236 = VECTOR ( 'NONE', #215, 1000.000000000000000 ) ;
#7237 = CARTESIAN_POINT ( 'NONE',  ( 3.000000000000000444, 0.1250000000000056621, 1.350000000000000533 ) ) ;
#7238 = EDGE_CURVE ( 'NONE', #11761, #5440, #12536, .T. ) ;
#7239 = EDGE_CURVE ( 'NONE', #2322, #7259, #8015, .T. ) ;
#7240 = VECTOR ( 'NONE', #4305, 1000.000000000000000 ) ;
#7241 = VECTOR ( 'NONE', #852, 1000.000000000000000 ) ;
#7242 = CARTESIAN_POINT ( 'NONE',  ( 1.925000000000000044, 0.000000000000000000, -1.300000000000000044 ) ) ;
#7243 = ORIENTED_EDGE ( 'NONE', *, *, #1582, .T. ) ;
#7244 = CARTESIAN_POINT ( 'NONE',  ( 1.925000000000000044, 0.000000000000000000, -0.3499999999999994227 ) ) ;
#7245 = LINE ( 'NONE', #8664, #2876 ) ;
#7246 = ORIENTED_EDGE ( 'NONE', *, *, #1706, .T. ) ;
#7247 = EDGE_CURVE ( 'NONE', #6889, #4085, #7827, .T. ) ;
#7248 = ORIENTED_EDGE ( 'NONE', *, *, #4425, .T. ) ;
#7249 = ADVANCED_FACE ( 'NONE', ( #12180 ), #11644, .F. ) ;
#7250 = FACE_OUTER_BOUND ( 'NONE', #5070, .T. ) ;
#7251 = DIRECTION ( 'NONE',  ( -3.407318703740830925E-16, 0.7071067811865474617, 0.7071067811865474617 ) ) ;
#7252 = ADVANCED_FACE ( 'NONE', ( #12392 ), #2573, .F. ) ;
#7253 = CARTESIAN_POINT ( 'NONE',  ( -2.075000000000000178, 0.7499999999999998890, -0.3999999999999999667 ) ) ;
#7254 = CARTESIAN_POINT ( 'NONE',  ( 2.925000000000000266, 1.750000000000000000, 1.350000000000000533 ) ) ;
#7255 = CARTESIAN_POINT ( 'NONE',  ( -3.200000000000000178, 1.150000000000011013, 1.350000000000000533 ) ) ;
#7256 = ADVANCED_FACE ( 'NONE', ( #7849 ), #5603, .F. ) ;
#7257 = ORIENTED_EDGE ( 'NONE', *, *, #11415, .T. ) ;
#7258 = PLANE ( 'NONE',  #12594 ) ;
#7259 = VERTEX_POINT ( 'NONE', #8693 ) ;
#7260 = LINE ( 'NONE', #10176, #11544 ) ;
#7261 = AXIS2_PLACEMENT_3D ( 'NONE', #3832, #11003, #701 ) ;
#7262 = PLANE ( 'NONE',  #5411 ) ;
#7263 = PLANE ( 'NONE',  #13241 ) ;
#7264 = CARTESIAN_POINT ( 'NONE',  ( 3.500000000000000000, 0.05000000000000490163, -1.050000000000000488 ) ) ;
#7265 = LINE ( 'NONE', #7654, #3193 ) ;
#7266 = FACE_OUTER_BOUND ( 'NONE', #4533, .T. ) ;
#7267 = EDGE_CURVE ( 'NONE', #4177, #9290, #8073, .T. ) ;
#7268 = ORIENTED_EDGE ( 'NONE', *, *, #11255, .F. ) ;
#7269 = CARTESIAN_POINT ( 'NONE',  ( 0.4750000000000003664, 1.124999999999999778, -1.350000000000000533 ) ) ;
#7270 = ORIENTED_EDGE ( 'NONE', *, *, #11914, .F. ) ;
#7271 = ORIENTED_EDGE ( 'NONE', *, *, #11464, .T. ) ;
#7273 = VECTOR ( 'NONE', #2195, 1000.000000000000000 ) ;
#7272 = CARTESIAN_POINT ( 'NONE',  ( 1.125000000000000666, 1.750000000000000888, -1.275000000000001910 ) ) ;
#7274 = EDGE_CURVE ( 'NONE', #13020, #4004, #3476, .T. ) ;
#7275 = EDGE_CURVE ( 'NONE', #4921, #10740, #12296, .T. ) ;
#7276 = CARTESIAN_POINT ( 'NONE',  ( -3.500000000000000000, 0.000000000000000000, 0.000000000000000000 ) ) ;
#7277 = AXIS2_PLACEMENT_3D ( 'NONE', #9946, #995, #10294 ) ;
#7278 = ORIENTED_EDGE ( 'NONE', *, *, #7945, .T. ) ;
#7279 = EDGE_LOOP ( 'NONE', ( #1111, #3251, #1063, #6070 ) ) ;
#7280 = FACE_OUTER_BOUND ( 'NONE', #6196, .T. ) ;
#7281 = CARTESIAN_POINT ( 'NONE',  ( -2.075000000000000178, 0.2299999999999945421, -0.5500000000000018208 ) ) ;
#7282 = DIRECTION ( 'NONE',  ( 0.000000000000000000, 0.000000000000000000, -1.000000000000000000 ) ) ;
#7283 = ADVANCED_FACE ( 'NONE', ( #3449 ), #236, .F. ) ;
#7284 = DIRECTION ( 'NONE',  ( -8.673617379884035472E-16, 3.336006684570795427E-16, -1.000000000000000000 ) ) ;
#7285 = AXIS2_PLACEMENT_3D ( 'NONE', #10742, #12629, #11665 ) ;
#7286 = CARTESIAN_POINT ( 'NONE',  ( 0.3250000000000001776, 1.124999999999999778, -1.350000000000000533 ) ) ;
#7287 = FACE_OUTER_BOUND ( 'NONE', #5809, .T. ) ;
#7288 = VECTOR ( 'NONE', #589, 1000.000000000000000 ) ;
#7289 = DIRECTION ( 'NONE',  ( 1.000000000000000000, 0.000000000000000000, -7.228014483236698528E-16 ) ) ;
#7290 = ORIENTED_EDGE ( 'NONE', *, *, #6175, .T. ) ;
#7291 = VECTOR ( 'NONE', #8981, 1000.000000000000000 ) ;
#7292 = ORIENTED_EDGE ( 'NONE', *, *, #771, .T. ) ;
#7293 = CARTESIAN_POINT ( 'NONE',  ( 0.3250000000000001776, 1.574999999999999956, -1.300000000000000044 ) ) ;
#7294 = ORIENTED_EDGE ( 'NONE', *, *, #435, .T. ) ;
#7295 = VECTOR ( 'NONE', #12108, 1000.000000000000000 ) ;
#7296 = ORIENTED_EDGE ( 'NONE', *, *, #7698, .T. ) ;
#7297 = EDGE_CURVE ( 'NONE', #5710, #13161, #3500, .T. ) ;
#7298 = CARTESIAN_POINT ( 'NONE',  ( 2.925000000000000266, 0.1250000000000055234, 1.350000000000000533 ) ) ;
#7299 = EDGE_CURVE ( 'NONE', #11378, #2488, #12421, .T. ) ;
#7300 = ORIENTED_EDGE ( 'NONE', *, *, #5912, .T. ) ;
#7301 = CYLINDRICAL_SURFACE ( 'NONE', #4315, 0.03000000000000002318 ) ;
#7302 = DIRECTION ( 'NONE',  ( 1.000000000000000000, -0.000000000000000000, -0.000000000000000000 ) ) ;
#7303 = DIRECTION ( 'NONE',  ( 0.000000000000000000, 0.000000000000000000, -1.000000000000000000 ) ) ;
#7304 = DIRECTION ( 'NONE',  ( 1.000000000000000000, 0.000000000000000000, 0.000000000000000000 ) ) ;
#7305 = LINE ( 'NONE', #12869, #11816 ) ;
#7306 = DIRECTION ( 'NONE',  ( 0.000000000000000000, -1.000000000000000000, 0.000000000000000000 ) ) ;
#7307 = CARTESIAN_POINT ( 'NONE',  ( 0.4749999999999997558, 1.750000000000000888, -1.275000000000001910 ) ) ;
#7308 = VECTOR ( 'NONE', #10070, 1000.000000000000000 ) ;
#7309 = AXIS2_PLACEMENT_3D ( 'NONE', #10751, #6533, #611 ) ;
#7310 = DIRECTION ( 'NONE',  ( 0.000000000000000000, 0.3511234415883935367, -0.9363291775690438801 ) ) ;
#7311 = ORIENTED_EDGE ( 'NONE', *, *, #8097, .T. ) ;
#7312 = PLANE ( 'NONE',  #8080 ) ;
#7313 = ORIENTED_EDGE ( 'NONE', *, *, #5410, .F. ) ;
#7314 = CARTESIAN_POINT ( 'NONE',  ( -0.4749999999999999223, 0.000000000000000000, -1.300000000000000044 ) ) ;
#7315 = ADVANCED_FACE ( 'NONE', ( #7663 ), #12994, .F. ) ;
#7316 = VERTEX_POINT ( 'NONE', #9039 ) ;
#7317 = VECTOR ( 'NONE', #8106, 1000.000000000000114 ) ;
#7318 = DIRECTION ( 'NONE',  ( -0.000000000000000000, -0.000000000000000000, 1.000000000000000000 ) ) ;
#7319 = VERTEX_POINT ( 'NONE', #13082 ) ;
#7320 = CARTESIAN_POINT ( 'NONE',  ( -1.275000000000000133, 1.125000000000000222, -0.5500000000000018208 ) ) ;
#7321 = DIRECTION ( 'NONE',  ( 0.000000000000000000, -1.000000000000000000, 0.000000000000000000 ) ) ;
#7322 = ORIENTED_EDGE ( 'NONE', *, *, #6500, .F. ) ;
#7323 = LINE ( 'NONE', #5653, #11768 ) ;
#7324 = CARTESIAN_POINT ( 'NONE',  ( 2.575000000000001510, 1.299999999999999378, 1.350000000000000533 ) ) ;
#7325 = EDGE_CURVE ( 'NONE', #456, #715, #12154, .T. ) ;
#7326 = FACE_OUTER_BOUND ( 'NONE', #13190, .T. ) ;
#7327 = VECTOR ( 'NONE', #3176, 1000.000000000000000 ) ;
#7328 = DIRECTION ( 'NONE',  ( -0.7071067811865435759, -0.7071067811865515695, 0.000000000000000000 ) ) ;
#7329 = VERTEX_POINT ( 'NONE', #838 ) ;
#7330 = LINE ( 'NONE', #2932, #11858 ) ;
#7331 = ORIENTED_EDGE ( 'NONE', *, *, #171, .F. ) ;
#7332 = PLANE ( 'NONE',  #364 ) ;
#7333 = ORIENTED_EDGE ( 'NONE', *, *, #3907, .F. ) ;
#7334 = CIRCLE ( 'NONE', #6829, 0.2236160714285718720 ) ;
#7335 = DIRECTION ( 'NONE',  ( 0.000000000000000000, 1.000000000000000000, -2.409338161078897701E-16 ) ) ;
#7336 = DIRECTION ( 'NONE',  ( 1.000000000000000000, 0.000000000000000000, 1.445602896647338917E-15 ) ) ;
#7337 = PLANE ( 'NONE',  #7775 ) ;
#7338 = DIRECTION ( 'NONE',  ( -1.445602896647339508E-15, -1.000000000000000000, 0.000000000000000000 ) ) ;
#7339 = EDGE_LOOP ( 'NONE', ( #7268, #54, #6964, #2628 ) ) ;
#7340 = CARTESIAN_POINT ( 'NONE',  ( 3.500000000000000000, 0.2299999999999946254, -1.300000000000000711 ) ) ;
#7341 = PLANE ( 'NONE',  #4803 ) ;
#7342 = EDGE_LOOP ( 'NONE', ( #3578, #3409, #11889, #3355, #8085, #9728 ) ) ;
#7343 = VECTOR ( 'NONE', #4672, 1000.000000000000000 ) ;
#7344 = CARTESIAN_POINT ( 'NONE',  ( -2.075000000000000178, 1.574999999999999956, -1.300000000000000044 ) ) ;
#7345 = CARTESIAN_POINT ( 'NONE',  ( 1.925000000000000044, 1.150000000000000133, -1.229999999999999982 ) ) ;
#7346 = DIRECTION ( 'NONE',  ( -1.000000000000000000, -0.000000000000000000, -1.445602896647338917E-15 ) ) ;
#7347 = CARTESIAN_POINT ( 'NONE',  ( 0.3250000000000006217, 0.7499999999999991118, -1.350000000000000533 ) ) ;
#7348 = VECTOR ( 'NONE', #7151, 1000.000000000000000 ) ;
#7349 = VECTOR ( 'NONE', #8463, 999.9999999999998863 ) ;
#7350 = DIRECTION ( 'NONE',  ( 0.7071067811865475727, 0.000000000000000000, 0.7071067811865475727 ) ) ;
#7351 = ORIENTED_EDGE ( 'NONE', *, *, #6308, .F. ) ;
#7352 = VECTOR ( 'NONE', #9412, 1000.000000000000000 ) ;
#7353 = CARTESIAN_POINT ( 'NONE',  ( 1.275000000000000133, 1.150000000000000133, -1.453616071428571743 ) ) ;
#7354 = ORIENTED_EDGE ( 'NONE', *, *, #145, .T. ) ;
#7355 = ORIENTED_EDGE ( 'NONE', *, *, #13204, .F. ) ;
#7356 = ADVANCED_FACE ( 'NONE', ( #3265 ), #749, .F. ) ;
#7358 = VECTOR ( 'NONE', #3775, 1000.000000000000000 ) ;
#7357 = DIRECTION ( 'NONE',  ( 0.7071067811865536790, -0.000000000000000000, 0.7071067811865414665 ) ) ;
#7359 = ADVANCED_FACE ( 'NONE', ( #3292 ), #1749, .F. ) ;
#7360 = VERTEX_POINT ( 'NONE', #9888 ) ;
#7361 = ORIENTED_EDGE ( 'NONE', *, *, #7426, .F. ) ;
#7362 = VECTOR ( 'NONE', #8414, 1000.000000000000000 ) ;
#7363 = CARTESIAN_POINT ( 'NONE',  ( 2.649999999999999467, 0.2299999999999946254, -1.350000000000000533 ) ) ;
#7364 = CARTESIAN_POINT ( 'NONE',  ( 1.865000000000000435, 0.2149999999999987477, 0.7500000000000005551 ) ) ;
#7365 = CARTESIAN_POINT ( 'NONE',  ( -1.124999999999999778, 1.124999999999999778, -1.350000000000000533 ) ) ;
#7366 = VECTOR ( 'NONE', #7405, 1000.000000000000000 ) ;
#7367 = LINE ( 'NONE', #9810, #3021 ) ;
#7368 = ORIENTED_EDGE ( 'NONE', *, *, #906, .F. ) ;
#7369 = AXIS2_PLACEMENT_3D ( 'NONE', #3572, #4674, #6476 ) ;
#7370 = ORIENTED_EDGE ( 'NONE', *, *, #4134, .F. ) ;
#7371 = CARTESIAN_POINT ( 'NONE',  ( 2.074999999999999734, 1.750000000000000888, -1.275000000000001910 ) ) ;
#7372 = EDGE_CURVE ( 'NONE', #12640, #4111, #3314, .T. ) ;
#7373 = DIRECTION ( 'NONE',  ( -1.000000000000000000, 0.000000000000000000, -0.000000000000000000 ) ) ;
#7374 = VERTEX_POINT ( 'NONE', #8781 ) ;
#7375 = VECTOR ( 'NONE', #50, 1000.000000000000000 ) ;
#7376 = EDGE_CURVE ( 'NONE', #12240, #3276, #12812, .T. ) ;
#7377 = DIRECTION ( 'NONE',  ( -4.818676322157797375E-16, 1.000000000000000000, 0.000000000000000000 ) ) ;
#7378 = AXIS2_PLACEMENT_3D ( 'NONE', #7152, #2194, #6974 ) ;
#7379 = ORIENTED_EDGE ( 'NONE', *, *, #8028, .T. ) ;
#7380 = EDGE_CURVE ( 'NONE', #12686, #9986, #8786, .T. ) ;
#7381 = EDGE_LOOP ( 'NONE', ( #10200, #9638, #5507, #1180 ) ) ;
#7382 = VECTOR ( 'NONE', #1158, 1000.000000000000000 ) ;
#7383 = DIRECTION ( 'NONE',  ( 0.000000000000000000, 0.000000000000000000, -1.000000000000000000 ) ) ;
#7384 = CARTESIAN_POINT ( 'NONE',  ( -1.925000000000000044, 1.750000000000000444, -0.5500000000000018208 ) ) ;
#7385 = CARTESIAN_POINT ( 'NONE',  ( -0.3250000000000001776, 1.499999999999999334, 1.275000000000000133 ) ) ;
#7386 = VECTOR ( 'NONE', #5063, 1000.000000000000114 ) ;
#7387 = CARTESIAN_POINT ( 'NONE',  ( 1.925000000000000044, 1.150000000000000577, 0.5000000000000000000 ) ) ;
#7388 = CARTESIAN_POINT ( 'NONE',  ( 1.275000000000000133, 1.750000000000000888, -0.5500000000000018208 ) ) ;
#7389 = LINE ( 'NONE', #10420, #2982 ) ;
#7390 = DIRECTION ( 'NONE',  ( -1.000000000000000000, 0.000000000000000000, 0.000000000000000000 ) ) ;
#7391 = ORIENTED_EDGE ( 'NONE', *, *, #6135, .F. ) ;
#7392 = DIRECTION ( 'NONE',  ( 0.000000000000000000, 1.000000000000000000, -0.000000000000000000 ) ) ;
#7393 = EDGE_CURVE ( 'NONE', #1352, #1922, #3915, .T. ) ;
#7394 = AXIS2_PLACEMENT_3D ( 'NONE', #10842, #3539, #1278 ) ;
#7395 = LINE ( 'NONE', #549, #11687 ) ;
#7396 = ORIENTED_EDGE ( 'NONE', *, *, #11566, .T. ) ;
#7397 = CARTESIAN_POINT ( 'NONE',  ( 2.074999999999999734, 1.750000000000000888, -1.350000000000000311 ) ) ;
#7398 = ORIENTED_EDGE ( 'NONE', *, *, #3639, .F. ) ;
#7399 = LINE ( 'NONE', #8005, #2656 ) ;
#7400 = DIRECTION ( 'NONE',  ( 0.000000000000000000, 1.000000000000000000, 0.000000000000000000 ) ) ;
#7401 = DIRECTION ( 'NONE',  ( 0.000000000000000000, 0.000000000000000000, 1.000000000000000000 ) ) ;
#7402 = EDGE_CURVE ( 'NONE', #2523, #2766, #8485, .T. ) ;
#7403 = ORIENTED_EDGE ( 'NONE', *, *, #11404, .F. ) ;
#7404 = PLANE ( 'NONE',  #8416 ) ;
#7405 = DIRECTION ( 'NONE',  ( 0.000000000000000000, 1.000000000000000000, 0.000000000000000000 ) ) ;
#7406 = ORIENTED_EDGE ( 'NONE', *, *, #6442, .T. ) ;
#7407 = VECTOR ( 'NONE', #7599, 1000.000000000000000 ) ;
#7408 = CARTESIAN_POINT ( 'NONE',  ( -1.925000000000000044, 0.1000000000000000056, -0.9499999999999999556 ) ) ;
#7409 = EDGE_CURVE ( 'NONE', #9779, #5065, #8807, .T. ) ;
#7410 = EDGE_CURVE ( 'NONE', #336, #8783, #3864, .T. ) ;
#7411 = LINE ( 'NONE', #10013, #2918 ) ;
#7412 = VECTOR ( 'NONE', #9482, 1000.000000000000000 ) ;
#7413 = CARTESIAN_POINT ( 'NONE',  ( -3.500000000000000000, 0.3500000000000021982, 0.9499999999999959588 ) ) ;
#7414 = ORIENTED_EDGE ( 'NONE', *, *, #8596, .T. ) ;
#7415 = VECTOR ( 'NONE', #3277, 1000.000000000000000 ) ;
#7416 = ORIENTED_EDGE ( 'NONE', *, *, #5533, .T. ) ;
#7417 = MECHANICAL_DESIGN_GEOMETRIC_PRESENTATION_REPRESENTATION (  '', ( #7747 ), #5420 ) ;
#7418 = VERTEX_POINT ( 'NONE', #1551 ) ;
#7419 = VECTOR ( 'NONE', #5717, 1000.000000000000000 ) ;
#7420 = CARTESIAN_POINT ( 'NONE',  ( -3.200000000000000178, 1.150000000000011013, 1.350000000000000533 ) ) ;
#7421 = DIRECTION ( 'NONE',  ( 1.000000000000000000, 0.000000000000000000, 0.000000000000000000 ) ) ;
#7422 = CARTESIAN_POINT ( 'NONE',  ( -1.075000000000000400, 1.675000000000001377, -1.350000000000000533 ) ) ;
#7423 = PLANE ( 'NONE',  #483 ) ;
#7424 = ORIENTED_EDGE ( 'NONE', *, *, #4098, .F. ) ;
#7425 = CARTESIAN_POINT ( 'NONE',  ( 3.500000000000000000, 1.150000000000011013, 1.274999999999999245 ) ) ;
#7426 = EDGE_CURVE ( 'NONE', #6951, #6366, #12680, .T. ) ;
#7427 = CARTESIAN_POINT ( 'NONE',  ( -2.949999999999999734, 1.714999999999999858, 1.350000000000000533 ) ) ;
#7428 = ORIENTED_EDGE ( 'NONE', *, *, #1266, .T. ) ;
#7429 = LINE ( 'NONE', #9276, #7526 ) ;
#7430 = CARTESIAN_POINT ( 'NONE',  ( 2.500000000000000444, 0.6999999999999991784, -0.3499999999999994227 ) ) ;
#7431 = CARTESIAN_POINT ( 'NONE',  ( 3.200000000000000178, 0.3800000000000112732, 1.324999999999999956 ) ) ;
#7432 = CARTESIAN_POINT ( 'NONE',  ( -2.075000000000000178, 1.125000000000000222, -0.5500000000000018208 ) ) ;
#7433 = EDGE_CURVE ( 'NONE', #10131, #7818, #8287, .T. ) ;
#7434 = VECTOR ( 'NONE', #11005, 1000.000000000000000 ) ;
#7435 = LINE ( 'NONE', #3918, #12090 ) ;
#7436 = EDGE_CURVE ( 'NONE', #2339, #12859, #4401, .T. ) ;
#7437 = PLANE ( 'NONE',  #1454 ) ;
#7438 = EDGE_LOOP ( 'NONE', ( #9291, #6985, #11652, #846 ) ) ;
#7439 = PRESENTATION_STYLE_ASSIGNMENT (( #1203 ) ) ;
#7440 = ORIENTED_EDGE ( 'NONE', *, *, #11235, .T. ) ;
#7441 = ADVANCED_FACE ( 'NONE', ( #4160 ), #3792, .F. ) ;
#7442 = VERTEX_POINT ( 'NONE', #3282 ) ;
#7444 = LINE ( 'NONE', #561, #7463 ) ;
#7443 = CARTESIAN_POINT ( 'NONE',  ( -2.024999999999999911, 1.524999999999999911, 0.5500000000000003775 ) ) ;
#7445 = MECHANICAL_DESIGN_GEOMETRIC_PRESENTATION_REPRESENTATION (  '', ( #7148 ), #9899 ) ;
#7446 = ORIENTED_EDGE ( 'NONE', *, *, #11076, .T. ) ;
#7447 = VERTEX_POINT ( 'NONE', #11790 ) ;
#7448 = VECTOR ( 'NONE', #4236, 1000.000000000000000 ) ;
#7449 = CARTESIAN_POINT ( 'NONE',  ( 1.324999999999999734, 1.675000000000001377, -1.350000000000000533 ) ) ;
#7450 = DIRECTION ( 'NONE',  ( -1.000000000000000000, 0.000000000000000000, 0.000000000000000000 ) ) ;
#7451 = CARTESIAN_POINT ( 'NONE',  ( 2.075000000000000178, 0.2000000000000000111, -0.9499999999999999556 ) ) ;
#7452 = LINE ( 'NONE', #11530, #2870 ) ;
#7453 = LINE ( 'NONE', #4278, #11799 ) ;
#7454 = PLANE ( 'NONE',  #24 ) ;
#7455 = VERTEX_POINT ( 'NONE', #10523 ) ;
#7456 = EDGE_CURVE ( 'NONE', #6570, #9244, #3990, .T. ) ;
#7457 = ORIENTED_EDGE ( 'NONE', *, *, #4092, .T. ) ;
#7458 = PLANE ( 'NONE',  #5607 ) ;
#7459 = DIRECTION ( 'NONE',  ( 5.421010862427530059E-16, 1.694065894508603143E-16, -1.000000000000000000 ) ) ;
#7460 = DIRECTION ( 'NONE',  ( 1.000000000000000000, -0.000000000000000000, -0.000000000000000000 ) ) ;
#7461 = ORIENTED_EDGE ( 'NONE', *, *, #6894, .T. ) ;
#7462 = ADVANCED_FACE ( 'NONE', ( #4429 ), #1466, .F. ) ;
#7463 = VECTOR ( 'NONE', #5837, 1000.000000000000000 ) ;
#7464 = DIRECTION ( 'NONE',  ( 0.000000000000000000, 1.000000000000000000, 0.000000000000000000 ) ) ;
#7465 = ADVANCED_FACE ( 'NONE', ( #44 ), #12766, .T. ) ;
#7466 = EDGE_LOOP ( 'NONE', ( #5079, #9499, #5298, #5142 ) ) ;
#7467 = AXIS2_PLACEMENT_3D ( 'NONE', #942, #6849, #3897 ) ;
#7468 = DIRECTION ( 'NONE',  ( 0.000000000000000000, 0.000000000000000000, 1.000000000000000000 ) ) ;
#7469 = ORIENTED_EDGE ( 'NONE', *, *, #6400, .T. ) ;
#7470 = FACE_OUTER_BOUND ( 'NONE', #11650, .T. ) ;
#7471 = CARTESIAN_POINT ( 'NONE',  ( 2.075000000000000178, 1.150000000000000133, -1.453616071428571743 ) ) ;
#7472 = CARTESIAN_POINT ( 'NONE',  ( -1.074999999999999512, 0.2299999999999920164, -1.350000000000000533 ) ) ;
#7473 = PRODUCT_CONTEXT ( 'NONE', #455, 'mechanical' ) ;
#7474 = CARTESIAN_POINT ( 'NONE',  ( 2.500000000000000888, 1.499999999999999334, 1.275000000000000133 ) ) ;
#7475 = LINE ( 'NONE', #10536, #11922 ) ;
#7476 = PLANE ( 'NONE',  #13152 ) ;
#7477 = VECTOR ( 'NONE', #681, 1000.000000000000000 ) ;
#7478 = CARTESIAN_POINT ( 'NONE',  ( 1.324999999999999734, 1.474999999999999867, -1.349999999999997424 ) ) ;
#7479 = ORIENTED_EDGE ( 'NONE', *, *, #6282, .F. ) ;
#7480 = CARTESIAN_POINT ( 'NONE',  ( 0.000000000000000000, 1.149999999999999911, 0.000000000000000000 ) ) ;
#7481 = VECTOR ( 'NONE', #12179, 1000.000000000000000 ) ;
#7482 = ORIENTED_EDGE ( 'NONE', *, *, #4587, .T. ) ;
#7483 = DIRECTION ( 'NONE',  ( 0.000000000000000000, -0.000000000000000000, 1.000000000000000000 ) ) ;
#7484 = ORIENTED_EDGE ( 'NONE', *, *, #2115, .F. ) ;
#7485 = VECTOR ( 'NONE', #4539, 1000.000000000000000 ) ;
#7486 = MANIFOLD_SOLID_BREP ( 'LPattern2[5]', #8628 ) ;
#7487 = CARTESIAN_POINT ( 'NONE',  ( -3.200000000000000178, 0.3050000000000112066, 1.305000000000000160 ) ) ;
#7488 = CARTESIAN_POINT ( 'NONE',  ( 3.500000000000000000, 0.1250000000000055234, 1.350000000000000533 ) ) ;
#7489 = EDGE_CURVE ( 'NONE', #11340, #4853, #4131, .T. ) ;
#7490 = ORIENTED_EDGE ( 'NONE', *, *, #1196, .F. ) ;
#7491 = DIRECTION ( 'NONE',  ( 7.228014483236698528E-16, -1.694065894508603636E-16, 1.000000000000000000 ) ) ;
#7492 = PLANE ( 'NONE',  #5508 ) ;
#7493 = ORIENTED_EDGE ( 'NONE', *, *, #2768, .T. ) ;
#7494 = FACE_OUTER_BOUND ( 'NONE', #11385, .T. ) ;
#7495 = CARTESIAN_POINT ( 'NONE',  ( 1.875000000000000444, 1.675000000000001377, -1.350000000000000533 ) ) ;
#7496 = VECTOR ( 'NONE', #1475, 1000.000000000000114 ) ;
#7497 = LINE ( 'NONE', #7873, #7477 ) ;
#7498 = DIRECTION ( 'NONE',  ( -0.5773502691896249539, -0.5773502691896272854, 0.5773502691896249539 ) ) ;
#7499 = VERTEX_POINT ( 'NONE', #9417 ) ;
#7500 = VECTOR ( 'NONE', #4473, 1000.000000000000000 ) ;
#7501 = VERTEX_POINT ( 'NONE', #4664 ) ;
#7502 = ORIENTED_EDGE ( 'NONE', *, *, #11711, .F. ) ;
#7503 = FACE_OUTER_BOUND ( 'NONE', #3546, .T. ) ;
#7504 = CARTESIAN_POINT ( 'NONE',  ( -1.275000000000000133, 1.149999999999999911, -0.9749999999999967581 ) ) ;
#7505 = DIRECTION ( 'NONE',  ( 0.000000000000000000, 0.000000000000000000, -1.000000000000000000 ) ) ;
#7506 = CARTESIAN_POINT ( 'NONE',  ( 3.500000000000000000, 1.150000000000011013, 1.274999999999999245 ) ) ;
#7507 = ORIENTED_EDGE ( 'NONE', *, *, #11664, .F. ) ;
#7508 = CARTESIAN_POINT ( 'NONE',  ( 1.275000000000000133, 1.574999999999999956, -1.300000000000000044 ) ) ;
#7509 = CARTESIAN_POINT ( 'NONE',  ( -3.200000000000000178, 1.150000000000011235, 0.3500000000000004219 ) ) ;
#7510 = ORIENTED_EDGE ( 'NONE', *, *, #6473, .F. ) ;
#7511 = LINE ( 'NONE', #5909, #7657 ) ;
#7512 = ADVANCED_FACE ( 'NONE', ( #12617 ), #5651, .F. ) ;
#7513 = FACE_OUTER_BOUND ( 'NONE', #8952, .T. ) ;
#7514 = FACE_OUTER_BOUND ( 'NONE', #708, .T. ) ;
#7515 = DIRECTION ( 'NONE',  ( -1.000000000000000000, 0.000000000000000000, 7.228014483236699514E-16 ) ) ;
#7516 = ORIENTED_EDGE ( 'NONE', *, *, #2119, .T. ) ;
#7517 = DIRECTION ( 'NONE',  ( -0.000000000000000000, 1.000000000000000000, -0.000000000000000000 ) ) ;
#7518 = ORIENTED_EDGE ( 'NONE', *, *, #9827, .F. ) ;
#7519 = ORIENTED_EDGE ( 'NONE', *, *, #2923, .T. ) ;
#7520 = FACE_OUTER_BOUND ( 'NONE', #10210, .T. ) ;
#7521 = AXIS2_PLACEMENT_3D ( 'NONE', #2143, #5357, #342 ) ;
#7522 = CARTESIAN_POINT ( 'NONE',  ( -3.000000000000000000, 1.150000000000011013, 0.3500000000000004219 ) ) ;
#7523 = ORIENTED_EDGE ( 'NONE', *, *, #6365, .F. ) ;
#7524 = EDGE_CURVE ( 'NONE', #10534, #9779, #8335, .T. ) ;
#7525 = ORIENTED_EDGE ( 'NONE', *, *, #6942, .T. ) ;
#7526 = VECTOR ( 'NONE', #13227, 1000.000000000000000 ) ;
#7527 = CARTESIAN_POINT ( 'NONE',  ( 3.200000000000000178, 0.6950000000000109424, 1.275000000000000133 ) ) ;
#7528 =( GEOMETRIC_REPRESENTATION_CONTEXT ( 3 ) GLOBAL_UNCERTAINTY_ASSIGNED_CONTEXT ( ( #12796 ) ) GLOBAL_UNIT_ASSIGNED_CONTEXT ( ( #3288, #10040, #8222 ) ) REPRESENTATION_CONTEXT ( 'NONE', 'WORKASPACE' ) );
#7529 = CARTESIAN_POINT ( 'NONE',  ( 3.200000000000000178, -2.551063935260013388E-17, 1.224999999999994982 ) ) ;
#7530 = EDGE_CURVE ( 'NONE', #1468, #5953, #8459, .T. ) ;
#7531 = EDGE_CURVE ( 'NONE', #13032, #9004, #12959, .T. ) ;
#7532 = EDGE_CURVE ( 'NONE', #2380, #5234, #12760, .T. ) ;
#7533 = LINE ( 'NONE', #9601, #11683 ) ;
#7534 = VECTOR ( 'NONE', #11913, 1000.000000000000000 ) ;
#7535 = EDGE_CURVE ( 'NONE', #52, #2735, #3769, .T. ) ;
#7536 = CARTESIAN_POINT ( 'NONE',  ( -2.950000000000000622, 1.750000000000000000, -0.3000000000000006550 ) ) ;
#7537 = ORIENTED_EDGE ( 'NONE', *, *, #10625, .F. ) ;
#7538 = FACE_OUTER_BOUND ( 'NONE', #12002, .T. ) ;
#7539 = ORIENTED_EDGE ( 'NONE', *, *, #10816, .F. ) ;
#7540 = EDGE_CURVE ( 'NONE', #10006, #11580, #4058, .T. ) ;
#7541 = DIRECTION ( 'NONE',  ( -4.818676322157797375E-16, 1.000000000000000000, 0.000000000000000000 ) ) ;
#7542 = DIRECTION ( 'NONE',  ( -1.445602896647339508E-15, -1.000000000000000000, 0.000000000000000000 ) ) ;
#7543 = ADVANCED_FACE ( 'NONE', ( #23 ), #7312, .F. ) ;
#7544 = CARTESIAN_POINT ( 'NONE',  ( -2.574999999999999734, 0.1750000000000004607, 1.350000000000000533 ) ) ;
#7545 = EDGE_LOOP ( 'NONE', ( #8884, #1965, #4700, #7119, #2169 ) ) ;
#7546 = LINE ( 'NONE', #1086, #7880 ) ;
#7547 = CARTESIAN_POINT ( 'NONE',  ( -0.4749999999999999223, 0.2299999999999945421, -0.5500000000000018208 ) ) ;
#7548 = ORIENTED_EDGE ( 'NONE', *, *, #10615, .T. ) ;
#7549 = DIRECTION ( 'NONE',  ( 3.614007241618339403E-16, -1.000000000000000000, 0.000000000000000000 ) ) ;
#7550 = ORIENTED_EDGE ( 'NONE', *, *, #1414, .T. ) ;
#7551 = LINE ( 'NONE', #11026, #3019 ) ;
#7552 = AXIS2_PLACEMENT_3D ( 'NONE', #10361, #3291, #11350 ) ;
#7553 = CARTESIAN_POINT ( 'NONE',  ( 1.125000000000000222, 1.574999999999999734, 1.349999999999999645 ) ) ;
#7554 = CARTESIAN_POINT ( 'NONE',  ( -2.500000000000000444, 0.6999999999999991784, 1.275000000000001910 ) ) ;
#7555 = CARTESIAN_POINT ( 'NONE',  ( -1.925000000000000488, 1.750000000000000444, -1.350000000000000311 ) ) ;
#7556 = DIRECTION ( 'NONE',  ( -0.000000000000000000, -0.000000000000000000, 1.000000000000000000 ) ) ;
#7557 = LINE ( 'NONE', #8001, #7240 ) ;
#7558 = DIRECTION ( 'NONE',  ( 1.000000000000000000, 3.614007241618339403E-16, -0.000000000000000000 ) ) ;
#7559 = DIRECTION ( 'NONE',  ( 1.000000000000000000, 0.000000000000000000, 0.000000000000000000 ) ) ;
#7560 = FACE_OUTER_BOUND ( 'NONE', #2069, .T. ) ;
#7561 = EDGE_CURVE ( 'NONE', #2642, #7418, #12932, .T. ) ;
#7562 = CARTESIAN_POINT ( 'NONE',  ( -0.4750000000000005884, 1.499999999999999334, 1.275000000000000133 ) ) ;
#7563 = ADVANCED_FACE ( 'NONE', ( #4379 ), #13074, .F. ) ;
#7564 = ORIENTED_EDGE ( 'NONE', *, *, #8780, .T. ) ;
#7565 = DIRECTION ( 'NONE',  ( -1.000000000000000000, -0.000000000000000000, 0.000000000000000000 ) ) ;
#7566 = FACE_OUTER_BOUND ( 'NONE', #680, .T. ) ;
#7567 = EDGE_LOOP ( 'NONE', ( #4985, #2868, #581, #484 ) ) ;
#7568 = ORIENTED_EDGE ( 'NONE', *, *, #967, .T. ) ;
#7569 = ADVANCED_FACE ( 'NONE', ( #8236 ), #11890, .F. ) ;
#7570 = VECTOR ( 'NONE', #5921, 1000.000000000000000 ) ;
#7571 = EDGE_CURVE ( 'NONE', #4921, #3077, #4079, .T. ) ;
#7572 = CARTESIAN_POINT ( 'NONE',  ( -2.075000000000000178, 1.574999999999999734, -1.350000000000000533 ) ) ;
#7573 = CARTESIAN_POINT ( 'NONE',  ( -0.3249999999999997891, 1.474999999999999867, -0.9749999999999905409 ) ) ;
#7574 = EDGE_CURVE ( 'NONE', #4535, #1103, #8552, .T. ) ;
#7575 = EDGE_CURVE ( 'NONE', #9707, #9312, #497, .T. ) ;
#7576 = EDGE_CURVE ( 'NONE', #3809, #7329, #4589, .T. ) ;
#7577 = ADVANCED_FACE ( 'NONE', ( #8961 ), #10053, .F. ) ;
#7578 = ORIENTED_EDGE ( 'NONE', *, *, #5994, .F. ) ;
#7579 = DIRECTION ( 'NONE',  ( 0.000000000000000000, 1.000000000000000000, 4.336808689942004424E-16 ) ) ;
#7580 = DIRECTION ( 'NONE',  ( 0.000000000000000000, -0.000000000000000000, 1.000000000000000000 ) ) ;
#7581 = VERTEX_POINT ( 'NONE', #3592 ) ;
#7582 = VECTOR ( 'NONE', #5434, 1000.000000000000000 ) ;
#7583 = DIRECTION ( 'NONE',  ( 1.000000000000000000, -0.000000000000000000, -0.000000000000000000 ) ) ;
#7584 = AXIS2_PLACEMENT_3D ( 'NONE', #11614, #4380, #6385 ) ;
#7585 = VECTOR ( 'NONE', #3294, 1000.000000000000000 ) ;
#7586 = VECTOR ( 'NONE', #1595, 1000.000000000000000 ) ;
#7587 = CARTESIAN_POINT ( 'NONE',  ( 3.000000000000000444, 0.3500000000000113021, 1.305000000000000160 ) ) ;
#7588 = EDGE_LOOP ( 'NONE', ( #13182, #11353, #11108, #13151 ) ) ;
#7589 = VECTOR ( 'NONE', #8017, 1000.000000000000000 ) ;
#7590 = DIRECTION ( 'NONE',  ( 0.000000000000000000, 1.000000000000000000, 0.000000000000000000 ) ) ;
#7591 = ORIENTED_EDGE ( 'NONE', *, *, #8252, .T. ) ;
#7592 = EDGE_CURVE ( 'NONE', #10920, #6897, #8894, .T. ) ;
#7593 = VERTEX_POINT ( 'NONE', #9960 ) ;
#7594 = LINE ( 'NONE', #5442, #12031 ) ;
#7595 = CARTESIAN_POINT ( 'NONE',  ( -2.649999999999999023, 0.2299999999999946254, -1.350000000000000533 ) ) ;
#7596 = PLANE ( 'NONE',  #1752 ) ;
#7597 = ORIENTED_EDGE ( 'NONE', *, *, #1251, .F. ) ;
#7598 = DIRECTION ( 'NONE',  ( -1.000000000000000000, 0.000000000000000000, 0.000000000000000000 ) ) ;
#7599 = DIRECTION ( 'NONE',  ( 0.000000000000000000, 1.000000000000000000, 0.000000000000000000 ) ) ;
#7600 = VERTEX_POINT ( 'NONE', #5758 ) ;
#7601 = LINE ( 'NONE', #577, #3252 ) ;
#7602 = CARTESIAN_POINT ( 'NONE',  ( 3.500000000000000000, 1.675000000000001377, -1.350000000000000533 ) ) ;
#7603 = DIRECTION ( 'NONE',  ( 0.000000000000000000, 0.000000000000000000, 1.000000000000000000 ) ) ;
#7604 = CARTESIAN_POINT ( 'NONE',  ( 3.500000000000000000, 1.675000000000001377, -1.350000000000000533 ) ) ;
#7605 = CARTESIAN_POINT ( 'NONE',  ( -2.740000000000000657, 1.299999999999999156, 1.350000000000000533 ) ) ;
#7606 = FACE_OUTER_BOUND ( 'NONE', #3532, .T. ) ;
#7607 = LINE ( 'NONE', #12024, #11684 ) ;
#7608 = AXIS2_PLACEMENT_3D ( 'NONE', #12794, #10546, #5599 ) ;
#7609 = ORIENTED_EDGE ( 'NONE', *, *, #1517, .T. ) ;
#7610 = CYLINDRICAL_SURFACE ( 'NONE', #10825, 0.2236160714285718720 ) ;
#7611 = ORIENTED_EDGE ( 'NONE', *, *, #1514, .T. ) ;
#7612 = ORIENTED_EDGE ( 'NONE', *, *, #10686, .T. ) ;
#7613 = VECTOR ( 'NONE', #10622, 1000.000000000000000 ) ;
#7614 = DIRECTION ( 'NONE',  ( 0.000000000000000000, -0.7071067811865490160, -0.7071067811865460184 ) ) ;
#7615 = VERTEX_POINT ( 'NONE', #11812 ) ;
#7616 = ORIENTED_EDGE ( 'NONE', *, *, #772, .F. ) ;
#7617 = PLANE ( 'NONE',  #12930 ) ;
#7618 = CARTESIAN_POINT ( 'NONE',  ( 0.000000000000000000, 0.000000000000000000, 0.1500000000000006051 ) ) ;
#7619 = EDGE_CURVE ( 'NONE', #4666, #8487, #4520, .T. ) ;
#7620 = VECTOR ( 'NONE', #4841, 1000.000000000000000 ) ;
#7621 = FACE_OUTER_BOUND ( 'NONE', #5629, .T. ) ;
#7622 = DIRECTION ( 'NONE',  ( 0.000000000000000000, 1.000000000000000000, -0.000000000000000000 ) ) ;
#7623 = ORIENTED_EDGE ( 'NONE', *, *, #10246, .F. ) ;
#7624 = PRESENTATION_LAYER_ASSIGNMENT (  '', '', ( #10554 ) ) ;
#7625 = VECTOR ( 'NONE', #1074, 1000.000000000000114 ) ;
#7626 = ORIENTED_EDGE ( 'NONE', *, *, #6037, .T. ) ;
#7627 = DIRECTION ( 'NONE',  ( 0.000000000000000000, -1.000000000000000000, 0.000000000000000000 ) ) ;
#7628 = DIRECTION ( 'NONE',  ( -1.000000000000000000, -7.228014483236696555E-16, 0.000000000000000000 ) ) ;
#7629 = ORIENTED_EDGE ( 'NONE', *, *, #6416, .F. ) ;
#7630 = VECTOR ( 'NONE', #12229, 1000.000000000000000 ) ;
#7631 = CARTESIAN_POINT ( 'NONE',  ( 0.4749999999999997558, 1.750000000000000888, -1.275000000000001021 ) ) ;
#7632 = ORIENTED_EDGE ( 'NONE', *, *, #2157, .T. ) ;
#7633 = PLANE ( 'NONE',  #8202 ) ;
#7634 = VERTEX_POINT ( 'NONE', #5843 ) ;
#7635 = VECTOR ( 'NONE', #10468, 1000.000000000000000 ) ;
#7636 = DIRECTION ( 'NONE',  ( 1.000000000000000000, -0.000000000000000000, -0.000000000000000000 ) ) ;
#7637 = PLANE ( 'NONE',  #9208 ) ;
#7638 = DIRECTION ( 'NONE',  ( -0.7071067811865475727, 0.000000000000000000, 0.7071067811865475727 ) ) ;
#7639 = VECTOR ( 'NONE', #1872, 1000.000000000000000 ) ;
#7640 = DIRECTION ( 'NONE',  ( 0.000000000000000000, 1.000000000000000000, -2.409338161078897701E-16 ) ) ;
#7641 = DIRECTION ( 'NONE',  ( 0.7071067811865383579, 0.000000000000000000, 0.7071067811865566766 ) ) ;
#7642 = VECTOR ( 'NONE', #13110, 1000.000000000000000 ) ;
#7643 = DIRECTION ( 'NONE',  ( 4.818676322157797375E-16, -1.000000000000000000, 0.000000000000000000 ) ) ;
#7644 = ORIENTED_EDGE ( 'NONE', *, *, #8404, .T. ) ;
#7645 = LINE ( 'NONE', #1935, #7481 ) ;
#7646 = ORIENTED_EDGE ( 'NONE', *, *, #8976, .F. ) ;
#7647 = ADVANCED_FACE ( 'NONE', ( #152 ), #346, .F. ) ;
#7648 = VERTEX_POINT ( 'NONE', #660 ) ;
#7649 = LINE ( 'NONE', #2886, #3297 ) ;
#7650 = CARTESIAN_POINT ( 'NONE',  ( -0.4749999999999999223, 0.8125000000000003331, -1.300000000000000044 ) ) ;
#7651 = CARTESIAN_POINT ( 'NONE',  ( 1.925000000000000044, 1.474999999999999867, -0.9749999999999905409 ) ) ;
#7652 = ORIENTED_EDGE ( 'NONE', *, *, #12546, .T. ) ;
#7653 = DIRECTION ( 'NONE',  ( 0.000000000000000000, 1.000000000000000000, 0.000000000000000000 ) ) ;
#7654 = CARTESIAN_POINT ( 'NONE',  ( 1.274999999999999689, 1.750000000000000666, -1.275000000000001243 ) ) ;
#7655 = CARTESIAN_POINT ( 'NONE',  ( -2.075000000000000178, 1.124999999999999778, -1.350000000000000533 ) ) ;
#7656 = ORIENTED_EDGE ( 'NONE', *, *, #12605, .F. ) ;
#7657 = VECTOR ( 'NONE', #5995, 1000.000000000000000 ) ;
#7658 = CARTESIAN_POINT ( 'NONE',  ( -2.500000000000000888, 1.499999999999999334, -0.3499999999999994227 ) ) ;
#7659 = LINE ( 'NONE', #2472, #7707 ) ;
#7660 = VECTOR ( 'NONE', #5908, 1000.000000000000000 ) ;
#7661 = PLANE ( 'NONE',  #7865 ) ;
#7662 = ORIENTED_EDGE ( 'NONE', *, *, #12558, .F. ) ;
#7663 = FACE_OUTER_BOUND ( 'NONE', #12203, .T. ) ;
#7664 = DIRECTION ( 'NONE',  ( -0.000000000000000000, 1.000000000000000000, 0.000000000000000000 ) ) ;
#7665 = VERTEX_POINT ( 'NONE', #12792 ) ;
#7666 = VERTEX_POINT ( 'NONE', #7956 ) ;
#7667 = ADVANCED_FACE ( 'NONE', ( #283 ), #9032, .F. ) ;
#7668 = VECTOR ( 'NONE', #6732, 1000.000000000000000 ) ;
#7669 = EDGE_CURVE ( 'NONE', #6737, #2256, #103, .T. ) ;
#7670 = CARTESIAN_POINT ( 'NONE',  ( -1.275000000000000133, 1.124999999999999778, -1.350000000000000533 ) ) ;
#7671 = EDGE_CURVE ( 'NONE', #5192, #918, #4908, .T. ) ;
#7672 = CARTESIAN_POINT ( 'NONE',  ( 0.4750000000000009215, 2.288871253024957969E-16, -0.3499999999999994227 ) ) ;
#7673 = ADVANCED_FACE ( 'NONE', ( #124 ), #3783, .F. ) ;
#7674 = ORIENTED_EDGE ( 'NONE', *, *, #5245, .T. ) ;
#7675 = CARTESIAN_POINT ( 'NONE',  ( 1.274999999999999245, 1.725000000000001865, -1.300000000000000044 ) ) ;
#7676 = AXIS2_PLACEMENT_3D ( 'NONE', #10639, #1238, #11646 ) ;
#7677 = ORIENTED_EDGE ( 'NONE', *, *, #471, .F. ) ;
#7678 = LINE ( 'NONE', #1583, #7362 ) ;
#7679 = DIRECTION ( 'NONE',  ( 7.228014483236696555E-16, 1.000000000000000000, 0.000000000000000000 ) ) ;
#7680 = CARTESIAN_POINT ( 'NONE',  ( -2.075000000000000178, 0.7499999999999998890, -0.3499999999999998113 ) ) ;
#7681 = CARTESIAN_POINT ( 'NONE',  ( 0.4750000000000001443, 1.499999999999999334, -0.3499999999999994227 ) ) ;
#7682 = AXIS2_PLACEMENT_3D ( 'NONE', #3977, #11124, #12141 ) ;
#7683 = DIRECTION ( 'NONE',  ( -0.000000000000000000, -0.7071067811865474617, -0.7071067811865474617 ) ) ;
#7684 = VECTOR ( 'NONE', #8803, 1000.000000000000000 ) ;
#7685 = LINE ( 'NONE', #4328, #12130 ) ;
#7686 = CARTESIAN_POINT ( 'NONE',  ( -1.125000000000000222, 0.4499999999999999556, -0.9499999999999999556 ) ) ;
#7687 = ORIENTED_EDGE ( 'NONE', *, *, #11577, .F. ) ;
#7688 = EDGE_CURVE ( 'NONE', #4580, #2911, #8868, .T. ) ;
#7689 = LINE ( 'NONE', #10113, #12443 ) ;
#7690 = VERTEX_POINT ( 'NONE', #10231 ) ;
#7691 = ORIENTED_EDGE ( 'NONE', *, *, #4785, .F. ) ;
#7692 = AXIS2_PLACEMENT_3D ( 'NONE', #3899, #5778, #5692 ) ;
#7693 = SURFACE_STYLE_FILL_AREA ( #9372 ) ;
#7694 = LINE ( 'NONE', #142, #12398 ) ;
#7695 = EDGE_CURVE ( 'NONE', #1577, #12696, #4867, .T. ) ;
#7696 = CARTESIAN_POINT ( 'NONE',  ( 0.4750000000000005884, 0.4499999999999992339, -1.350000000000000533 ) ) ;
#7697 = DIRECTION ( 'NONE',  ( 0.000000000000000000, -1.694065894508603883E-16, 1.000000000000000000 ) ) ;
#7698 = EDGE_CURVE ( 'NONE', #3188, #6359, #422, .T. ) ;
#7699 = ORIENTED_EDGE ( 'NONE', *, *, #12608, .F. ) ;
#7700 = DIRECTION ( 'NONE',  ( 0.000000000000000000, -1.000000000000000000, 0.000000000000000000 ) ) ;
#7701 = ORIENTED_EDGE ( 'NONE', *, *, #12542, .T. ) ;
#7702 = VECTOR ( 'NONE', #381, 1000.000000000000000 ) ;
#7703 = DIRECTION ( 'NONE',  ( 1.000000000000000000, -0.000000000000000000, -0.000000000000000000 ) ) ;
#7704 = DIRECTION ( 'NONE',  ( 0.000000000000000000, 0.000000000000000000, -1.000000000000000000 ) ) ;
#7705 = EDGE_CURVE ( 'NONE', #5498, #10556, #9044, .T. ) ;
#7706 = EDGE_CURVE ( 'NONE', #1778, #1373, #9283, .T. ) ;
#7707 = VECTOR ( 'NONE', #7886, 1000.000000000000000 ) ;
#7708 = LINE ( 'NONE', #12409, #3597 ) ;
#7709 = DIRECTION ( 'NONE',  ( 1.000000000000000000, 3.614007241618339403E-16, -0.000000000000000000 ) ) ;
#7710 = ORIENTED_EDGE ( 'NONE', *, *, #1716, .F. ) ;
#7711 = VECTOR ( 'NONE', #3882, 1000.000000000000000 ) ;
#7712 = EDGE_LOOP ( 'NONE', ( #1696, #10532, #5642, #3829 ) ) ;
#7713 = DIRECTION ( 'NONE',  ( 0.000000000000000000, 1.000000000000000000, 0.000000000000000000 ) ) ;
#7714 = CARTESIAN_POINT ( 'NONE',  ( 3.500000000000003109, 1.474999999999999867, -0.9749999999999897637 ) ) ;
#7715 = EDGE_CURVE ( 'NONE', #3332, #2954, #4846, .T. ) ;
#7716 = AXIS2_PLACEMENT_3D ( 'NONE', #9760, #5560, #3269 ) ;
#7717 = ORIENTED_EDGE ( 'NONE', *, *, #2007, .F. ) ;
#7718 = FACE_OUTER_BOUND ( 'NONE', #6231, .T. ) ;
#7719 = LINE ( 'NONE', #3120, #7790 ) ;
#7720 = DIRECTION ( 'NONE',  ( 0.5773502691896287287, 0.5773502691896199579, -0.5773502691896287287 ) ) ;
#7721 = FACE_OUTER_BOUND ( 'NONE', #2688, .T. ) ;
#7722 = CARTESIAN_POINT ( 'NONE',  ( -2.075000000000000178, 0.7499999999999998890, -0.5500000000000020428 ) ) ;
#7723 = ORIENTED_EDGE ( 'NONE', *, *, #437, .F. ) ;
#7724 = DIRECTION ( 'NONE',  ( 0.000000000000000000, -1.172110456741085828E-16, -1.000000000000000000 ) ) ;
#7725 = EDGE_CURVE ( 'NONE', #5733, #6032, #4563, .T. ) ;
#7726 = VERTEX_POINT ( 'NONE', #6352 ) ;
#7727 = FACE_OUTER_BOUND ( 'NONE', #8655, .T. ) ;
#7728 = CARTESIAN_POINT ( 'NONE',  ( 2.500000000000000888, 1.299999999999999378, 1.275000000000000133 ) ) ;
#7729 = CARTESIAN_POINT ( 'NONE',  ( 3.500000000000000000, 0.3500000000000021982, 0.9499999999999959588 ) ) ;
#7730 = CARTESIAN_POINT ( 'NONE',  ( -0.3249999999999997891, 1.149999999999999911, 0.000000000000000000 ) ) ;
#7731 = EDGE_CURVE ( 'NONE', #11479, #4728, #196, .T. ) ;
#7732 = VECTOR ( 'NONE', #5834, 1000.000000000000000 ) ;
#7733 = VECTOR ( 'NONE', #12109, 1000.000000000000000 ) ;
#7734 = EDGE_CURVE ( 'NONE', #2642, #1274, #9216, .T. ) ;
#7735 = CARTESIAN_POINT ( 'NONE',  ( -1.925000000000000044, 1.750000000000000444, -0.5500000000000018208 ) ) ;
#7736 = AXIS2_PLACEMENT_3D ( 'NONE', #6474, #3668, #10608 ) ;
#7737 = EDGE_CURVE ( 'NONE', #11457, #11907, #8980, .T. ) ;
#7738 = EDGE_LOOP ( 'NONE', ( #7817, #8609, #3575, #6472 ) ) ;
#7739 = VECTOR ( 'NONE', #10205, 1000.000000000000000 ) ;
#7740 = ORIENTED_EDGE ( 'NONE', *, *, #5377, .F. ) ;
#7741 = CARTESIAN_POINT ( 'NONE',  ( -0.3250000000000000111, 1.574999999999999734, -1.350000000000000533 ) ) ;
#7742 = DIRECTION ( 'NONE',  ( 0.000000000000000000, 1.000000000000000000, 5.421010862427604014E-16 ) ) ;
#7743 = EDGE_LOOP ( 'NONE', ( #5605, #5590, #5806, #10592 ) ) ;
#7744 = VECTOR ( 'NONE', #9848, 1000.000000000000000 ) ;
#7745 = CARTESIAN_POINT ( 'NONE',  ( 3.225000000000000533, 1.149999999999999911, -0.3000000000000006550 ) ) ;
#7746 = LINE ( 'NONE', #11585, #3556 ) ;
#7747 = STYLED_ITEM ( 'NONE', ( #7439 ), #7018 ) ;
#7748 = DIRECTION ( 'NONE',  ( 0.000000000000000000, 0.000000000000000000, 1.000000000000000000 ) ) ;
#7749 = EDGE_LOOP ( 'NONE', ( #2292, #11375, #11947, #4597, #2631, #11789, #3117, #4817, #3296, #11718, #2428, #2877, #655, #12028, #2549, #3159, #11045, #7163, #2313 ) ) ;
#7750 = PLANE ( 'NONE',  #11596 ) ;
#7751 = CARTESIAN_POINT ( 'NONE',  ( 0.5250000000000015765, 0.2299999999999920164, -1.350000000000000533 ) ) ;
#7752 = ORIENTED_EDGE ( 'NONE', *, *, #1218, .F. ) ;
#7753 = VECTOR ( 'NONE', #11731, 1000.000000000000000 ) ;
#7754 = AXIS2_PLACEMENT_3D ( 'NONE', #11297, #3961, #161 ) ;
#7755 = DIRECTION ( 'NONE',  ( 0.000000000000000000, 1.332058005413337239E-16, 1.000000000000000000 ) ) ;
#7756 = FACE_OUTER_BOUND ( 'NONE', #5419, .T. ) ;
#7757 = LINE ( 'NONE', #11192, #8115 ) ;
#7758 = PLANE ( 'NONE',  #7682 ) ;
#7759 = ORIENTED_EDGE ( 'NONE', *, *, #4934, .T. ) ;
#7760 = EDGE_CURVE ( 'NONE', #6217, #9546, #9113, .T. ) ;
#7761 = LINE ( 'NONE', #2623, #7899 ) ;
#7762 = EDGE_CURVE ( 'NONE', #4012, #12144, #237, .T. ) ;
#7763 = CARTESIAN_POINT ( 'NONE',  ( 3.000000000000000444, 0.6950000000000109424, 1.275000000000000133 ) ) ;
#7764 = ORIENTED_EDGE ( 'NONE', *, *, #13097, .T. ) ;
#7765 = ADVANCED_FACE ( 'NONE', ( #9068 ), #7105, .F. ) ;
#7766 = ORIENTED_EDGE ( 'NONE', *, *, #1385, .F. ) ;
#7767 = LINE ( 'NONE', #981, #3721 ) ;
#7768 = LINE ( 'NONE', #4668, #8172 ) ;
#7769 = PLANE ( 'NONE',  #1727 ) ;
#7770 = ORIENTED_EDGE ( 'NONE', *, *, #12937, .F. ) ;
#7771 = PLANE ( 'NONE',  #12457 ) ;
#7772 = CARTESIAN_POINT ( 'NONE',  ( 0.3250000000000001776, 1.150000000000000577, 0.5000000000000000000 ) ) ;
#7773 = VERTEX_POINT ( 'NONE', #920 ) ;
#7774 = CARTESIAN_POINT ( 'NONE',  ( 1.125000000000000222, 0.4499999999999999556, -0.9499999999999999556 ) ) ;
#7775 = AXIS2_PLACEMENT_3D ( 'NONE', #12216, #2126, #5158 ) ;
#7776 = CARTESIAN_POINT ( 'NONE',  ( -1.125000000000000222, 1.312500000000000222, -1.300000000000000044 ) ) ;
#7777 = EDGE_LOOP ( 'NONE', ( #2010, #11689, #11356, #11970 ) ) ;
#7778 = LINE ( 'NONE', #5343, #3392 ) ;
#7779 = CARTESIAN_POINT ( 'NONE',  ( -3.200000000000000178, 0.7250000000000111910, 1.350000000000000533 ) ) ;
#7780 = PLANE ( 'NONE',  #10172 ) ;
#7781 = CARTESIAN_POINT ( 'NONE',  ( -0.2749999999999996336, 1.474999999999999867, -1.350000000000000755 ) ) ;
#7782 = LINE ( 'NONE', #9476, #3595 ) ;
#7783 = VECTOR ( 'NONE', #10035, 1000.000000000000000 ) ;
#7784 = ORIENTED_EDGE ( 'NONE', *, *, #636, .F. ) ;
#7785 = VECTOR ( 'NONE', #10552, 1000.000000000000000 ) ;
#7786 = CARTESIAN_POINT ( 'NONE',  ( 3.500000000000000000, 0.2299999999999944866, -0.5500000000000018208 ) ) ;
#7787 = ORIENTED_EDGE ( 'NONE', *, *, #5699, .F. ) ;
#7788 = EDGE_LOOP ( 'NONE', ( #8458, #12863, #11096, #8285 ) ) ;
#7789 = VECTOR ( 'NONE', #6913, 1000.000000000000000 ) ;
#7790 = VECTOR ( 'NONE', #4040, 1000.000000000000000 ) ;
#7791 = VECTOR ( 'NONE', #1345, 1000.000000000000000 ) ;
#7792 = CARTESIAN_POINT ( 'NONE',  ( -2.075000000000000178, 1.575000000000000178, 0.4999999999999997780 ) ) ;
#7793 = PLANE ( 'NONE',  #1991 ) ;
#7794 = ORIENTED_EDGE ( 'NONE', *, *, #10490, .T. ) ;
#7795 = ADVANCED_FACE ( 'NONE', ( #256 ), #4176, .T. ) ;
#7796 = ORIENTED_EDGE ( 'NONE', *, *, #12761, .T. ) ;
#7797 = CARTESIAN_POINT ( 'NONE',  ( 0.4750000000000001443, 1.574999999999999734, -1.350000000000000533 ) ) ;
#7798 = DIRECTION ( 'NONE',  ( 0.000000000000000000, -0.000000000000000000, -1.000000000000000000 ) ) ;
#7799 = ORIENTED_EDGE ( 'NONE', *, *, #5229, .T. ) ;
#7800 = FACE_OUTER_BOUND ( 'NONE', #7159, .T. ) ;
#7801 = CARTESIAN_POINT ( 'NONE',  ( -0.08333333333338399651, 2.071666666666662771, -3.141666666666639962 ) ) ;
#7802 = ADVANCED_FACE ( 'NONE', ( #9195 ), #6183, .F. ) ;
#7803 = CARTESIAN_POINT ( 'NONE',  ( -1.275000000000000133, 1.312500000000000222, -1.300000000000000044 ) ) ;
#7804 = FACE_OUTER_BOUND ( 'NONE', #11840, .T. ) ;
#7805 = PRESENTATION_STYLE_ASSIGNMENT (( #5738 ) ) ;
#7806 = CARTESIAN_POINT ( 'NONE',  ( -1.626303258728250488E-16, 0.4499999999999993450, -0.3499999999999994227 ) ) ;
#7807 = ORIENTED_EDGE ( 'NONE', *, *, #1897, .F. ) ;
#7808 = VECTOR ( 'NONE', #10034, 1000.000000000000000 ) ;
#7809 = ORIENTED_EDGE ( 'NONE', *, *, #7436, .F. ) ;
#7810 = CARTESIAN_POINT ( 'NONE',  ( -1.125000000000000222, 1.474999999999997868, -0.9749999999999965361 ) ) ;
#7811 = ORIENTED_EDGE ( 'NONE', *, *, #5501, .T. ) ;
#7812 = COLOUR_RGB ( '',1.000000000000000000, 1.000000000000000000, 0.7529411764705882248 ) ;
#7813 = LINE ( 'NONE', #883, #8052 ) ;
#7814 = DIRECTION ( 'NONE',  ( -1.000000000000000000, 0.000000000000000000, 7.228014483236698528E-16 ) ) ;
#7815 = LINE ( 'NONE', #1636, #12161 ) ;
#7816 = CARTESIAN_POINT ( 'NONE',  ( -1.125000000000000222, 1.474999999999999867, -0.9749999999999905409 ) ) ;
#7817 = ORIENTED_EDGE ( 'NONE', *, *, #4446, .F. ) ;
#7818 = VERTEX_POINT ( 'NONE', #8047 ) ;
#7819 = ORIENTED_EDGE ( 'NONE', *, *, #12356, .F. ) ;
#7820 = VECTOR ( 'NONE', #9803, 1000.000000000000000 ) ;
#7821 = DIRECTION ( 'NONE',  ( -0.7071067811865474617, -0.000000000000000000, -0.7071067811865474617 ) ) ;
#7822 = VECTOR ( 'NONE', #11036, 1000.000000000000000 ) ;
#7823 = CIRCLE ( 'NONE', #593, 0.1000000000000000472 ) ;
#7824 = CARTESIAN_POINT ( 'NONE',  ( 1.175000000000000266, 0.4499999999999999556, -0.3499999999999998113 ) ) ;
#7825 = ORIENTED_EDGE ( 'NONE', *, *, #2684, .T. ) ;
#7826 = CARTESIAN_POINT ( 'NONE',  ( 3.000000000000000000, 0.3500000000000021982, 0.3500000000000004219 ) ) ;
#7827 = LINE ( 'NONE', #1579, #12276 ) ;
#7828 = EDGE_LOOP ( 'NONE', ( #11605, #3525, #2967, #7888 ) ) ;
#7829 = CARTESIAN_POINT ( 'NONE',  ( 1.925000000000000044, 1.124999999999999778, -1.350000000000000533 ) ) ;
#7830 = ORIENTED_EDGE ( 'NONE', *, *, #1815, .F. ) ;
#7831 = VECTOR ( 'NONE', #9786, 1000.000000000000000 ) ;
#7832 = LINE ( 'NONE', #1708, #12490 ) ;
#7833 = PLANE ( 'NONE',  #12084 ) ;
#7834 = VECTOR ( 'NONE', #1302, 1000.000000000000000 ) ;
#7835 = PLANE ( 'NONE',  #1512 ) ;
#7836 = ORIENTED_EDGE ( 'NONE', *, *, #1213, .T. ) ;
#7837 = ORIENTED_EDGE ( 'NONE', *, *, #941, .T. ) ;
#7838 = DIRECTION ( 'NONE',  ( 0.000000000000000000, -2.409338161078897701E-16, -1.000000000000000000 ) ) ;
#7839 = CARTESIAN_POINT ( 'NONE',  ( 0.4750000000000001443, 0.4499999999999992339, -0.5500000000000019318 ) ) ;
#7840 = ORIENTED_EDGE ( 'NONE', *, *, #4796, .F. ) ;
#7841 = VECTOR ( 'NONE', #2238, 1000.000000000000000 ) ;
#7842 = DIRECTION ( 'NONE',  ( -0.000000000000000000, -0.000000000000000000, 1.000000000000000000 ) ) ;
#7843 = EDGE_CURVE ( 'NONE', #8461, #6587, #4685, .T. ) ;
#7844 = EDGE_CURVE ( 'NONE', #10641, #10338, #386, .T. ) ;
#7845 = LINE ( 'NONE', #1895, #3235 ) ;
#7846 = AXIS2_PLACEMENT_3D ( 'NONE', #7092, #9112, #6008 ) ;
#7847 = DIRECTION ( 'NONE',  ( 1.000000000000000000, 0.000000000000000000, -0.000000000000000000 ) ) ;
#7848 = ORIENTED_EDGE ( 'NONE', *, *, #501, .T. ) ;
#7849 = FACE_OUTER_BOUND ( 'NONE', #4255, .T. ) ;
#7850 = DIRECTION ( 'NONE',  ( 0.000000000000000000, -1.000000000000000000, 0.000000000000000000 ) ) ;
#7851 = EDGE_LOOP ( 'NONE', ( #10275, #12484, #3498, #1507 ) ) ;
#7852 = AXIS2_PLACEMENT_3D ( 'NONE', #12453, #3262, #7464 ) ;
#7853 = ADVANCED_FACE ( 'NONE', ( #9089 ), #5280, .F. ) ;
#7854 = VERTEX_POINT ( 'NONE', #2229 ) ;
#7855 = LINE ( 'NONE', #10123, #3139 ) ;
#7856 = LINE ( 'NONE', #11433, #8025 ) ;
#7857 = ORIENTED_EDGE ( 'NONE', *, *, #3979, .F. ) ;
#7858 = CARTESIAN_POINT ( 'NONE',  ( -1.125000000000000222, 0.9750000000000004219, -1.229999999999999760 ) ) ;
#7859 = AXIS2_PLACEMENT_3D ( 'NONE', #10103, #10771, #11862 ) ;
#7860 = ORIENTED_EDGE ( 'NONE', *, *, #4785, .T. ) ;
#7861 = CARTESIAN_POINT ( 'NONE',  ( 1.125000000000000222, 1.574999999999999734, -1.300000000000000711 ) ) ;
#7862 = ORIENTED_EDGE ( 'NONE', *, *, #9513, .T. ) ;
#7863 = FACE_OUTER_BOUND ( 'NONE', #5384, .T. ) ;
#7864 = EDGE_CURVE ( 'NONE', #7200, #1527, #4764, .T. ) ;
#7865 = AXIS2_PLACEMENT_3D ( 'NONE', #4314, #9789, #11456 ) ;
#7866 = CARTESIAN_POINT ( 'NONE',  ( 0.3750000000000003331, 1.125000000000000222, 0.5500000000000004885 ) ) ;
#7867 = DIRECTION ( 'NONE',  ( 0.000000000000000000, -0.000000000000000000, -1.000000000000000000 ) ) ;
#7868 = CARTESIAN_POINT ( 'NONE',  ( 1.925000000000000266, 1.725000000000000977, -1.300000000000000711 ) ) ;
#7869 = DIRECTION ( 'NONE',  ( 0.000000000000000000, 1.000000000000000000, -2.409338161078897701E-16 ) ) ;
#7870 = FACE_OUTER_BOUND ( 'NONE', #1417, .T. ) ;
#7871 = VECTOR ( 'NONE', #4106, 1000.000000000000000 ) ;
#7872 = EDGE_CURVE ( 'NONE', #1526, #3665, #4789, .T. ) ;
#7873 = CARTESIAN_POINT ( 'NONE',  ( 1.125000000000000222, 1.150000000000000133, -1.229999999999999760 ) ) ;
#7874 = ORIENTED_EDGE ( 'NONE', *, *, #10322, .F. ) ;
#7875 = LINE ( 'NONE', #9272, #3627 ) ;
#7876 = CARTESIAN_POINT ( 'NONE',  ( -3.200000000000000178, 1.075000000000010614, 1.350000000000000533 ) ) ;
#7877 = ORIENTED_EDGE ( 'NONE', *, *, #7669, .T. ) ;
#7878 = ADVANCED_FACE ( 'NONE', ( #9258 ), #7013, .T. ) ;
#7879 = ORIENTED_EDGE ( 'NONE', *, *, #10595, .T. ) ;
#7880 = VECTOR ( 'NONE', #9117, 1000.000000000000000 ) ;
#7881 = CYLINDRICAL_SURFACE ( 'NONE', #3065, 0.2236160714285718720 ) ;
#7882 = EDGE_CURVE ( 'NONE', #4653, #6229, #9154, .T. ) ;
#7883 = FACE_OUTER_BOUND ( 'NONE', #5661, .T. ) ;
#7884 = EDGE_CURVE ( 'NONE', #909, #2311, #4828, .T. ) ;
#7885 = CARTESIAN_POINT ( 'NONE',  ( -2.083333333333334370, 0.6666666666666656305, 0.8583333333333349469 ) ) ;
#7886 = DIRECTION ( 'NONE',  ( 1.000000000000000000, -0.000000000000000000, -0.000000000000000000 ) ) ;
#7887 = ORIENTED_EDGE ( 'NONE', *, *, #10909, .F. ) ;
#7888 = ORIENTED_EDGE ( 'NONE', *, *, #4297, .F. ) ;
#7889 = DIRECTION ( 'NONE',  ( -0.000000000000000000, -1.000000000000000000, -0.000000000000000000 ) ) ;
#7890 = ORIENTED_EDGE ( 'NONE', *, *, #1223, .F. ) ;
#7891 = LINE ( 'NONE', #1916, #7820 ) ;
#7892 = CARTESIAN_POINT ( 'NONE',  ( 0.3250000000000001776, 0.4499999999999999556, -0.3999999999999999667 ) ) ;
#7893 = CARTESIAN_POINT ( 'NONE',  ( -1.874999999999999556, 0.2299999999999920164, -1.350000000000000533 ) ) ;
#7894 = AXIS2_PLACEMENT_3D ( 'NONE', #6706, #12951, #3745 ) ;
#7895 = VECTOR ( 'NONE', #3866, 1000.000000000000000 ) ;
#7896 = LINE ( 'NONE', #65, #7783 ) ;
#7897 = CARTESIAN_POINT ( 'NONE',  ( 2.740000000000000657, 1.299999999999999156, 0.1500000000000006051 ) ) ;
#7898 = EDGE_LOOP ( 'NONE', ( #10763, #1523, #9310, #11690, #6941 ) ) ;
#7899 = VECTOR ( 'NONE', #12038, 1000.000000000000114 ) ;
#7900 = PRODUCT_DEFINITION_FORMATION_WITH_SPECIFIED_SOURCE ( 'ANY', '', #6516, .NOT_KNOWN. ) ;
#7901 = ORIENTED_EDGE ( 'NONE', *, *, #7075, .F. ) ;
#7902 = EDGE_CURVE ( 'NONE', #1346, #11360, #447, .T. ) ;
#7903 = DIRECTION ( 'NONE',  ( 0.7071067811865430208, 0.000000000000000000, -0.7071067811865521247 ) ) ;
#7904 = VERTEX_POINT ( 'NONE', #10827 ) ;
#7905 = LINE ( 'NONE', #11478, #12345 ) ;
#7906 = VECTOR ( 'NONE', #9175, 1000.000000000000000 ) ;
#7907 = CARTESIAN_POINT ( 'NONE',  ( -2.575000000000001510, 1.574999999999999734, 1.350000000000000533 ) ) ;
#7908 = FACE_OUTER_BOUND ( 'NONE', #10535, .T. ) ;
#7909 = CARTESIAN_POINT ( 'NONE',  ( -0.3750000000000001110, 0.6999999999999995115, -0.3499999999999998113 ) ) ;
#7910 = CARTESIAN_POINT ( 'NONE',  ( 1.125000000000000222, 1.575000000000000178, 0.4999999999999997780 ) ) ;
#7911 = VERTEX_POINT ( 'NONE', #12820 ) ;
#7912 = EDGE_CURVE ( 'NONE', #781, #606, #64, .T. ) ;
#7913 = ADVANCED_FACE ( 'NONE', ( #84 ), #6431, .F. ) ;
#7914 = ORIENTED_EDGE ( 'NONE', *, *, #9145, .T. ) ;
#7915 = EDGE_CURVE ( 'NONE', #3188, #13168, #9370, .T. ) ;
#7916 = AXIS2_PLACEMENT_3D ( 'NONE', #3638, #7622, #4886 ) ;
#7917 = ORIENTED_EDGE ( 'NONE', *, *, #4466, .T. ) ;
#7918 = LINE ( 'NONE', #7861, #12263 ) ;
#7919 = ADVANCED_FACE ( 'NONE', ( #727 ), #10660, .F. ) ;
#7920 = CARTESIAN_POINT ( 'NONE',  ( 3.500000000000000000, 1.225000000000011413, 1.350000000000000533 ) ) ;
#7921 = DIRECTION ( 'NONE',  ( -0.5773502691896249539, 0.5773502691896272854, -0.5773502691896249539 ) ) ;
#7922 = LINE ( 'NONE', #10902, #3542 ) ;
#7923 = EDGE_CURVE ( 'NONE', #10438, #5399, #9606, .T. ) ;
#7924 = LINE ( 'NONE', #3219, #12364 ) ;
#7925 = STYLED_ITEM ( 'NONE', ( #5831 ), #5903 ) ;
#7926 = DIRECTION ( 'NONE',  ( 1.000000000000000000, -0.000000000000000000, -0.000000000000000000 ) ) ;
#7927 = VERTEX_POINT ( 'NONE', #1509 ) ;
#7928 = PLANE ( 'NONE',  #9586 ) ;
#7929 = LINE ( 'NONE', #6991, #8165 ) ;
#7930 = ORIENTED_EDGE ( 'NONE', *, *, #6202, .F. ) ;
#7931 = DIRECTION ( 'NONE',  ( -0.000000000000000000, -1.000000000000000000, -1.694065894508603636E-16 ) ) ;
#7932 =( NAMED_UNIT ( * ) PLANE_ANGLE_UNIT ( ) SI_UNIT ( $, .RADIAN. ) );
#7933 = CARTESIAN_POINT ( 'NONE',  ( -2.500000000000000444, 0.2499999999999991396, 1.275000000000001910 ) ) ;
#7934 = EDGE_LOOP ( 'NONE', ( #6342, #2546, #6401, #4795 ) ) ;
#7935 = VECTOR ( 'NONE', #911, 1000.000000000000114 ) ;
#7936 = LINE ( 'NONE', #7158, #12210 ) ;
#7937 = CARTESIAN_POINT ( 'NONE',  ( 1.925000000000000044, 1.125000000000000222, 0.5500000000000004885 ) ) ;
#7938 = VECTOR ( 'NONE', #2410, 999.9999999999998863 ) ;
#7939 = CARTESIAN_POINT ( 'NONE',  ( -1.925000000000000044, 0.2299999999999945421, -0.5500000000000019318 ) ) ;
#7940 = EDGE_LOOP ( 'NONE', ( #5188, #9059, #5679, #4357, #519, #267 ) ) ;
#7941 = ORIENTED_EDGE ( 'NONE', *, *, #3450, .F. ) ;
#7942 = CARTESIAN_POINT ( 'NONE',  ( 1.075000000000000400, 0.2299999999999946254, -1.350000000000000533 ) ) ;
#7943 = CARTESIAN_POINT ( 'NONE',  ( 1.275000000000000133, 1.574999999999999734, -1.350000000000000533 ) ) ;
#7944 = DIRECTION ( 'NONE',  ( 0.000000000000000000, 1.000000000000000000, -2.409338161078897701E-16 ) ) ;
#7945 = EDGE_CURVE ( 'NONE', #1303, #9884, #5141, .T. ) ;
#7946 = VERTEX_POINT ( 'NONE', #4626 ) ;
#7947 = LINE ( 'NONE', #8251, #3591 ) ;
#7948 = EDGE_CURVE ( 'NONE', #1087, #456, #5077, .T. ) ;
#7949 = DIRECTION ( 'NONE',  ( 0.000000000000000000, -0.7071067811865490160, -0.7071067811865460184 ) ) ;
#7950 = VECTOR ( 'NONE', #10676, 1000.000000000000000 ) ;
#7951 = LINE ( 'NONE', #3955, #3710 ) ;
#7952 = DIRECTION ( 'NONE',  ( -1.445602896647338917E-15, 0.000000000000000000, 1.000000000000000000 ) ) ;
#7953 = ORIENTED_EDGE ( 'NONE', *, *, #4881, .F. ) ;
#7954 = AXIS2_PLACEMENT_3D ( 'NONE', #11010, #11764, #5973 ) ;
#7955 = FACE_OUTER_BOUND ( 'NONE', #4463, .T. ) ;
#7956 = CARTESIAN_POINT ( 'NONE',  ( 1.125000000000000222, 0.4499999999999999556, -0.9499999999999999556 ) ) ;
#7957 = ORIENTED_EDGE ( 'NONE', *, *, #7531, .F. ) ;
#7958 = VERTEX_POINT ( 'NONE', #5784 ) ;
#7959 = FACE_OUTER_BOUND ( 'NONE', #5790, .T. ) ;
#7960 = LINE ( 'NONE', #3031, #7982 ) ;
#7961 = FACE_OUTER_BOUND ( 'NONE', #12837, .T. ) ;
#7962 = CARTESIAN_POINT ( 'NONE',  ( -3.000000000000000444, 1.075000000000010614, 1.350000000000000533 ) ) ;
#7963 = ORIENTED_EDGE ( 'NONE', *, *, #9536, .F. ) ;
#7964 = DIRECTION ( 'NONE',  ( -0.000000000000000000, 1.000000000000000000, 0.000000000000000000 ) ) ;
#7965 = ORIENTED_EDGE ( 'NONE', *, *, #9650, .F. ) ;
#7966 = DIRECTION ( 'NONE',  ( 0.000000000000000000, -0.000000000000000000, 1.000000000000000000 ) ) ;
#7967 = DIRECTION ( 'NONE',  ( -0.5773502691896251759, -0.5773502691896270633, -0.5773502691896251759 ) ) ;
#7968 = VERTEX_POINT ( 'NONE', #345 ) ;
#7969 = VECTOR ( 'NONE', #8960, 1000.000000000000000 ) ;
#7970 = DIRECTION ( 'NONE',  ( -1.000000000000000000, -9.035018104045878829E-16, 0.000000000000000000 ) ) ;
#7971 = DIRECTION ( 'NONE',  ( -0.5773502691896255090, -0.5773502691896325034, 0.5773502691896195138 ) ) ;
#7972 = DIRECTION ( 'NONE',  ( -0.000000000000000000, -0.000000000000000000, 1.000000000000000000 ) ) ;
#7973 = LINE ( 'NONE', #7943, #3371 ) ;
#7974 = VECTOR ( 'NONE', #7084, 1000.000000000000000 ) ;
#7975 = CARTESIAN_POINT ( 'NONE',  ( 3.500000000000003553, 1.149999999999999911, -1.349999999999989653 ) ) ;
#7976 = ORIENTED_EDGE ( 'NONE', *, *, #5531, .F. ) ;
#7977 = LINE ( 'NONE', #8613, #7785 ) ;
#7978 = ORIENTED_EDGE ( 'NONE', *, *, #10313, .T. ) ;
#7979 = ADVANCED_FACE ( 'NONE', ( #5177 ), #3624, .F. ) ;
#7980 = VERTEX_POINT ( 'NONE', #4798 ) ;
#7981 = VECTOR ( 'NONE', #8228, 1000.000000000000000 ) ;
#7982 = VECTOR ( 'NONE', #2789, 1000.000000000000000 ) ;
#7983 = VECTOR ( 'NONE', #432, 1000.000000000000000 ) ;
#7984 = DIRECTION ( 'NONE',  ( 0.000000000000000000, 0.7071067811865479058, 0.7071067811865471286 ) ) ;
#7985 = EDGE_LOOP ( 'NONE', ( #13225, #8943, #244, #3344 ) ) ;
#7986 = ORIENTED_EDGE ( 'NONE', *, *, #3540, .F. ) ;
#7987 = VERTEX_POINT ( 'NONE', #10571 ) ;
#7988 = VECTOR ( 'NONE', #7967, 1000.000000000000000 ) ;
#7989 = DIRECTION ( 'NONE',  ( 0.5773502691896175154, 0.5773502691896343908, -0.5773502691896253980 ) ) ;
#7990 = CARTESIAN_POINT ( 'NONE',  ( -1.125000000000000000, 1.149999999999999911, 0.000000000000000000 ) ) ;
#7991 = UNCERTAINTY_MEASURE_WITH_UNIT (LENGTH_MEASURE( 1.000000000000000082E-05 ), #10628, 'distance_accuracy_value', 'NONE');
#7992 = LINE ( 'NONE', #13148, #7895 ) ;
#7993 = LINE ( 'NONE', #7829, #7974 ) ;
#7994 = DIRECTION ( 'NONE',  ( 0.000000000000000000, 0.000000000000000000, 1.000000000000000000 ) ) ;
#7995 = EDGE_LOOP ( 'NONE', ( #6513, #2502, #9421, #11426, #10485 ) ) ;
#7996 = VECTOR ( 'NONE', #4233, 1000.000000000000000 ) ;
#7997 = ORIENTED_EDGE ( 'NONE', *, *, #5566, .F. ) ;
#7998 = ADVANCED_FACE ( 'NONE', ( #9432 ), #11749, .F. ) ;
#7999 = ORIENTED_EDGE ( 'NONE', *, *, #11556, .T. ) ;
#8000 = FACE_OUTER_BOUND ( 'NONE', #4164, .T. ) ;
#8001 = CARTESIAN_POINT ( 'NONE',  ( 2.740000000000000213, 0.6999999999999991784, -0.3499999999999994227 ) ) ;
#8002 = CARTESIAN_POINT ( 'NONE',  ( -0.4749999999999999223, 1.124999999999999778, -1.350000000000000533 ) ) ;
#8003 = LINE ( 'NONE', #10603, #3777 ) ;
#8004 = CARTESIAN_POINT ( 'NONE',  ( 2.075000000000000178, 1.574999999999999734, -1.300000000000000044 ) ) ;
#8005 = CARTESIAN_POINT ( 'NONE',  ( -3.200000000000000178, -2.551063935260013388E-17, 1.224999999999994982 ) ) ;
#8006 = VERTEX_POINT ( 'NONE', #11834 ) ;
#8007 = ORIENTED_EDGE ( 'NONE', *, *, #4498, .T. ) ;
#8008 = EDGE_LOOP ( 'NONE', ( #10644, #7874, #8150, #13029 ) ) ;
#8009 = VECTOR ( 'NONE', #6933, 1000.000000000000114 ) ;
#8010 = DIRECTION ( 'NONE',  ( -0.000000000000000000, -0.000000000000000000, 1.000000000000000000 ) ) ;
#8011 = VECTOR ( 'NONE', #820, 1000.000000000000000 ) ;
#8012 = LINE ( 'NONE', #4234, #3622 ) ;
#8013 = EDGE_LOOP ( 'NONE', ( #8062, #1229, #1168, #1044 ) ) ;
#8014 = CARTESIAN_POINT ( 'NONE',  ( 2.500000000000000888, 1.499999999999999334, -0.3499999999999994227 ) ) ;
#8015 = LINE ( 'NONE', #4415, #12133 ) ;
#8016 = ORIENTED_EDGE ( 'NONE', *, *, #4152, .F. ) ;
#8017 = DIRECTION ( 'NONE',  ( 1.000000000000000000, 0.000000000000000000, 0.000000000000000000 ) ) ;
#8018 = CARTESIAN_POINT ( 'NONE',  ( 0.3250000000000001776, 1.149999999999999911, 0.000000000000000000 ) ) ;
#8019 = ORIENTED_EDGE ( 'NONE', *, *, #2118, .F. ) ;
#8020 = AXIS2_PLACEMENT_3D ( 'NONE', #7430, #2214, #12610 ) ;
#8021 = VECTOR ( 'NONE', #4658, 1000.000000000000000 ) ;
#8022 = LINE ( 'NONE', #1790, #12255 ) ;
#8023 = EDGE_CURVE ( 'NONE', #10740, #9030, #903, .T. ) ;
#8024 = DIRECTION ( 'NONE',  ( -0.000000000000000000, 0.000000000000000000, 1.000000000000000000 ) ) ;
#8025 = VECTOR ( 'NONE', #12472, 1000.000000000000000 ) ;
#8026 = DIRECTION ( 'NONE',  ( -3.833233541708442001E-16, -0.7071067811865474617, -0.7071067811865474617 ) ) ;
#8027 = EDGE_CURVE ( 'NONE', #11917, #8615, #707, .T. ) ;
#8028 = EDGE_CURVE ( 'NONE', #9779, #12679, #817, .T. ) ;
#8029 = VERTEX_POINT ( 'NONE', #684 ) ;
#8030 = LINE ( 'NONE', #12993, #8224 ) ;
#8031 = CARTESIAN_POINT ( 'NONE',  ( 0.3250000000000001776, 1.150000000000000133, -1.453616071428571743 ) ) ;
#8032 = ADVANCED_FACE ( 'NONE', ( #794 ), #11920, .F. ) ;
#8033 = ORIENTED_EDGE ( 'NONE', *, *, #10629, .F. ) ;
#8034 = EDGE_CURVE ( 'NONE', #878, #1692, #9410, .T. ) ;
#8035 = CARTESIAN_POINT ( 'NONE',  ( -0.2750000000000002998, 1.474999999999999867, -1.349999999999997424 ) ) ;
#8036 = DIRECTION ( 'NONE',  ( 1.000000000000000000, 0.000000000000000000, -0.000000000000000000 ) ) ;
#8037 = ORIENTED_EDGE ( 'NONE', *, *, #9383, .T. ) ;
#8038 = FACE_OUTER_BOUND ( 'NONE', #6948, .T. ) ;
#8039 = ADVANCED_FACE ( 'NONE', ( #556 ), #9321, .F. ) ;
#8040 = EDGE_CURVE ( 'NONE', #10510, #319, #9514, .T. ) ;
#8041 = DIRECTION ( 'NONE',  ( 1.000000000000000000, 0.000000000000000000, 0.000000000000000000 ) ) ;
#8042 = VECTOR ( 'NONE', #5785, 1000.000000000000000 ) ;
#8043 = COLOUR_RGB ( '',0.7921568627450980005, 0.8196078431372548767, 0.9333333333333333481 ) ;
#8044 = CARTESIAN_POINT ( 'NONE',  ( 2.500000000000000444, 0.6999999999999991784, -0.3499999999999994227 ) ) ;
#8045 = EDGE_LOOP ( 'NONE', ( #5287, #3825, #9459, #8920, #5266, #5792, #5391, #7656, #7086, #7172, #182, #5088, #5346, #4621, #7890, #5084, #4709, #12192, #5453 ) ) ;
#8046 = VECTOR ( 'NONE', #9529, 1000.000000000000000 ) ;
#8047 = CARTESIAN_POINT ( 'NONE',  ( 1.275000000000000133, 0.4499999999999999556, -0.9499999999999999556 ) ) ;
#8048 = ORIENTED_EDGE ( 'NONE', *, *, #9867, .F. ) ;
#8049 = AXIS2_PLACEMENT_3D ( 'NONE', #4456, #8820, #4542 ) ;
#8050 = ORIENTED_EDGE ( 'NONE', *, *, #11912, .F. ) ;
#8051 = LINE ( 'NONE', #9584, #12515 ) ;
#8052 = VECTOR ( 'NONE', #12113, 1000.000000000000000 ) ;
#8053 = LINE ( 'NONE', #3283, #3585 ) ;
#8054 = DIRECTION ( 'NONE',  ( -0.000000000000000000, -0.000000000000000000, 1.000000000000000000 ) ) ;
#8055 = ORIENTED_EDGE ( 'NONE', *, *, #10911, .T. ) ;
#8056 = CARTESIAN_POINT ( 'NONE',  ( 2.075000000000000178, 1.750000000000000888, -0.5500000000000018208 ) ) ;
#8057 = FACE_OUTER_BOUND ( 'NONE', #4549, .T. ) ;
#8058 = ORIENTED_EDGE ( 'NONE', *, *, #10299, .F. ) ;
#8059 = DIRECTION ( 'NONE',  ( -0.000000000000000000, -0.7071067811865474617, -0.7071067811865474617 ) ) ;
#8060 = EDGE_CURVE ( 'NONE', #10076, #11753, #5120, .T. ) ;
#8061 = DIRECTION ( 'NONE',  ( 0.000000000000000000, 1.000000000000000000, 0.000000000000000000 ) ) ;
#8062 = ORIENTED_EDGE ( 'NONE', *, *, #11546, .F. ) ;
#8063 = VECTOR ( 'NONE', #3796, 1000.000000000000000 ) ;
#8064 = DIRECTION ( 'NONE',  ( 0.000000000000000000, 0.000000000000000000, 1.000000000000000000 ) ) ;
#8065 = CARTESIAN_POINT ( 'NONE',  ( 3.500000000000000000, 0.2799999999999950862, -1.350000000000000533 ) ) ;
#8066 = CARTESIAN_POINT ( 'NONE',  ( 3.500000000000000000, 1.225000000000011413, 1.350000000000000533 ) ) ;
#8067 = EDGE_CURVE ( 'NONE', #9958, #1271, #5204, .T. ) ;
#8068 = CARTESIAN_POINT ( 'NONE',  ( -3.225000000000000533, 1.149999999999999911, -0.3000000000000006550 ) ) ;
#8069 = FACE_OUTER_BOUND ( 'NONE', #4596, .T. ) ;
#8070 = LINE ( 'NONE', #5513, #12506 ) ;
#8071 = EDGE_CURVE ( 'NONE', #3315, #606, #9739, .T. ) ;
#8072 = ORIENTED_EDGE ( 'NONE', *, *, #11556, .F. ) ;
#8073 = LINE ( 'NONE', #9709, #3333 ) ;
#8074 = DIRECTION ( 'NONE',  ( 0.000000000000000000, 0.000000000000000000, 1.000000000000000000 ) ) ;
#8075 = ORIENTED_EDGE ( 'NONE', *, *, #6020, .T. ) ;
#8076 = ORIENTED_EDGE ( 'NONE', *, *, #4592, .F. ) ;
#8077 = LINE ( 'NONE', #3418, #3799 ) ;
#8078 = VECTOR ( 'NONE', #486, 1000.000000000000000 ) ;
#8079 = VECTOR ( 'NONE', #11319, 1000.000000000000000 ) ;
#8080 = AXIS2_PLACEMENT_3D ( 'NONE', #12329, #13160, #2563 ) ;
#8081 = DIRECTION ( 'NONE',  ( 1.000000000000000000, 1.275531967630008943E-16, -0.000000000000000000 ) ) ;
#8082 = DIRECTION ( 'NONE',  ( 0.000000000000000000, -1.000000000000000000, 0.000000000000000000 ) ) ;
#8083 = ORIENTED_EDGE ( 'NONE', *, *, #13231, .T. ) ;
#8084 = LINE ( 'NONE', #1994, #12549 ) ;
#8085 = ORIENTED_EDGE ( 'NONE', *, *, #740, .T. ) ;
#8086 = DIRECTION ( 'NONE',  ( 0.000000000000000000, 0.000000000000000000, -1.000000000000000000 ) ) ;
#8087 = EDGE_LOOP ( 'NONE', ( #1413, #12950, #10529, #1226 ) ) ;
#8088 = CARTESIAN_POINT ( 'NONE',  ( 2.125000000000000000, 1.474999999999999867, -1.350000000000000755 ) ) ;
#8089 =( GEOMETRIC_REPRESENTATION_CONTEXT ( 3 ) GLOBAL_UNCERTAINTY_ASSIGNED_CONTEXT ( ( #2426 ) ) GLOBAL_UNIT_ASSIGNED_CONTEXT ( ( #1434, #12367, #12555 ) ) REPRESENTATION_CONTEXT ( 'NONE', 'WORKASPACE' ) );
#8090 = EDGE_CURVE ( 'NONE', #10399, #1882, #839, .T. ) ;
#8091 = CARTESIAN_POINT ( 'NONE',  ( 2.500000000000000888, 1.499999999999999334, 1.275000000000000133 ) ) ;
#8092 = VECTOR ( 'NONE', #3256, 1000.000000000000000 ) ;
#8093 = LINE ( 'NONE', #4050, #12150 ) ;
#8094 = EDGE_CURVE ( 'NONE', #6134, #6737, #9538, .T. ) ;
#8095 = ORIENTED_EDGE ( 'NONE', *, *, #6478, .T. ) ;
#8096 = LINE ( 'NONE', #991, #3430 ) ;
#8097 = EDGE_CURVE ( 'NONE', #905, #10006, #646, .T. ) ;
#8098 = ORIENTED_EDGE ( 'NONE', *, *, #4163, .T. ) ;
#8099 = PLANE ( 'NONE',  #12740 ) ;
#8100 = ORIENTED_EDGE ( 'NONE', *, *, #4471, .T. ) ;
#8101 = LINE ( 'NONE', #11022, #4061 ) ;
#8102 = LINE ( 'NONE', #3390, #8127 ) ;
#8103 = CARTESIAN_POINT ( 'NONE',  ( 2.516666666666666607, 0.7083333333333321491, 1.291666666666667629 ) ) ;
#8104 = DIRECTION ( 'NONE',  ( 0.000000000000000000, -1.000000000000000000, 2.409338161078897701E-16 ) ) ;
#8105 = LINE ( 'NONE', #4447, #7938 ) ;
#8106 = DIRECTION ( 'NONE',  ( -0.000000000000000000, -0.7071067811865474617, -0.7071067811865474617 ) ) ;
#8107 = EDGE_LOOP ( 'NONE', ( #4424, #8996, #9742, #4398 ) ) ;
#8108 = VECTOR ( 'NONE', #10638, 1000.000000000000000 ) ;
#8109 = AXIS2_PLACEMENT_3D ( 'NONE', #6353, #9384, #257 ) ;
#8110 = ORIENTED_EDGE ( 'NONE', *, *, #1977, .T. ) ;
#8111 = LINE ( 'NONE', #5292, #3708 ) ;
#8112 = CARTESIAN_POINT ( 'NONE',  ( -1.275000000000000133, 0.7499999999999998890, -0.5500000000000020428 ) ) ;
#8113 = CARTESIAN_POINT ( 'NONE',  ( -1.275000000000000133, 1.574999999999999734, -1.350000000000000533 ) ) ;
#8114 = LINE ( 'NONE', #8455, #12335 ) ;
#8115 = VECTOR ( 'NONE', #6898, 1000.000000000000000 ) ;
#8116 = CARTESIAN_POINT ( 'NONE',  ( 2.950000000000000622, 1.675000000000001377, -1.050000000000000488 ) ) ;
#8117 = ORIENTED_EDGE ( 'NONE', *, *, #3049, .T. ) ;
#8118 = PLANE ( 'NONE',  #6193 ) ;
#8119 = LINE ( 'NONE', #894, #7808 ) ;
#8120 = ORIENTED_EDGE ( 'NONE', *, *, #9826, .F. ) ;
#8121 = DIRECTION ( 'NONE',  ( 0.000000000000000000, -1.000000000000000000, 0.000000000000000000 ) ) ;
#8122 = CARTESIAN_POINT ( 'NONE',  ( 0.4416666666666665964, 1.158333333333333659, 0.5333333333333336590 ) ) ;
#8123 = DIRECTION ( 'NONE',  ( 0.000000000000000000, 0.000000000000000000, 1.000000000000000000 ) ) ;
#8124 = EDGE_CURVE ( 'NONE', #3738, #965, #5227, .T. ) ;
#8125 = CLOSED_SHELL ( 'NONE', ( #4743, #10373, #5190, #11744, #13025, #8579, #6232, #176, #12777, #11774, #1320, #4619, #385, #6698, #11545, #12349, #3100, #10093, #2255, #3284, #10219 ) ) ;
#8126 = LINE ( 'NONE', #3854, #12733 ) ;
#8127 = VECTOR ( 'NONE', #318, 1000.000000000000000 ) ;
#8128 = CARTESIAN_POINT ( 'NONE',  ( -0.3250000000000000111, 1.574999999999999734, -1.350000000000000533 ) ) ;
#8129 = VECTOR ( 'NONE', #12861, 1000.000000000000000 ) ;
#8130 = EDGE_CURVE ( 'NONE', #2857, #10438, #9642, .T. ) ;
#8131 = EDGE_LOOP ( 'NONE', ( #1319, #11707, #6789, #4259 ) ) ;
#8132 = LINE ( 'NONE', #10551, #3636 ) ;
#8133 = SURFACE_STYLE_USAGE ( .BOTH. , #10778 ) ;
#8134 = DIRECTION ( 'NONE',  ( 1.000000000000000000, 0.000000000000000000, -0.000000000000000000 ) ) ;
#8135 = DIRECTION ( 'NONE',  ( 0.000000000000000000, -4.336808689942004917E-16, 1.000000000000000000 ) ) ;
#8136 = ORIENTED_EDGE ( 'NONE', *, *, #4625, .T. ) ;
#8137 = AXIS2_PLACEMENT_3D ( 'NONE', #2354, #12037, #7640 ) ;
#8138 = DIRECTION ( 'NONE',  ( -0.000000000000000000, -0.000000000000000000, 1.000000000000000000 ) ) ;
#8139 = CARTESIAN_POINT ( 'NONE',  ( -0.4749999999999999223, 1.175000000000000488, 0.5500000000000004885 ) ) ;
#8140 = FACE_OUTER_BOUND ( 'NONE', #8008, .T. ) ;
#8141 = LINE ( 'NONE', #11289, #12175 ) ;
#8142 = CARTESIAN_POINT ( 'NONE',  ( 3.500000000000003109, 1.474999999999999867, -0.9749999999999897637 ) ) ;
#8143 = ORIENTED_EDGE ( 'NONE', *, *, #9668, .F. ) ;
#8144 = VECTOR ( 'NONE', #6837, 1000.000000000000114 ) ;
#8145 = ORIENTED_EDGE ( 'NONE', *, *, #4928, .T. ) ;
#8146 = ORIENTED_EDGE ( 'NONE', *, *, #7737, .F. ) ;
#8147 = LINE ( 'NONE', #5567, #12684 ) ;
#8148 = LINE ( 'NONE', #1382, #3749 ) ;
#8149 = DIRECTION ( 'NONE',  ( 0.000000000000000000, -1.694065894508603883E-16, 1.000000000000000000 ) ) ;
#8150 = ORIENTED_EDGE ( 'NONE', *, *, #1360, .F. ) ;
#8151 = CARTESIAN_POINT ( 'NONE',  ( -1.275000000000000133, 0.9750000000000004219, -1.453616071428571521 ) ) ;
#8152 = ADVANCED_FACE ( 'NONE', ( #9561 ), #1851, .F. ) ;
#8153 = DIRECTION ( 'NONE',  ( -0.000000000000000000, 0.000000000000000000, 1.000000000000000000 ) ) ;
#8154 = EDGE_CURVE ( 'NONE', #13046, #3758, #5054, .T. ) ;
#8155 = DIRECTION ( 'NONE',  ( 0.000000000000000000, -0.000000000000000000, -1.000000000000000000 ) ) ;
#8156 = ORIENTED_EDGE ( 'NONE', *, *, #3574, .T. ) ;
#8157 = LINE ( 'NONE', #2905, #12673 ) ;
#8158 = ADVANCED_FACE ( 'NONE', ( #5252 ), #11156, .F. ) ;
#8159 = CARTESIAN_POINT ( 'NONE',  ( 0.3250000000000001776, 0.7499999999999998890, -0.5500000000000020428 ) ) ;
#8160 = PLANE ( 'NONE',  #6925 ) ;
#8161 = DIRECTION ( 'NONE',  ( 0.000000000000000000, 1.000000000000000000, 0.000000000000000000 ) ) ;
#8162 = VECTOR ( 'NONE', #203, 1000.000000000000000 ) ;
#8163 = DIRECTION ( 'NONE',  ( -0.000000000000000000, -1.000000000000000000, -0.000000000000000000 ) ) ;
#8164 = VERTEX_POINT ( 'NONE', #3812 ) ;
#8165 = VECTOR ( 'NONE', #1156, 999.9999999999998863 ) ;
#8166 = DIRECTION ( 'NONE',  ( 1.000000000000000000, 0.000000000000000000, 0.000000000000000000 ) ) ;
#8167 = ORIENTED_EDGE ( 'NONE', *, *, #827, .T. ) ;
#8168 = PLANE ( 'NONE',  #6581 ) ;
#8169 = ORIENTED_EDGE ( 'NONE', *, *, #4134, .T. ) ;
#8170 = VECTOR ( 'NONE', #893, 1000.000000000000000 ) ;
#8171 = VECTOR ( 'NONE', #12952, 1000.000000000000000 ) ;
#8172 = VECTOR ( 'NONE', #9422, 999.9999999999998863 ) ;
#8173 = CARTESIAN_POINT ( 'NONE',  ( -1.275000000000000133, 1.150000000000000133, -1.229999999999999982 ) ) ;
#8174 = CARTESIAN_POINT ( 'NONE',  ( -2.925000000000000266, 0.05000000000000501266, 1.350000000000000533 ) ) ;
#8175 = VERTEX_POINT ( 'NONE', #10344 ) ;
#8176 = UNCERTAINTY_MEASURE_WITH_UNIT (LENGTH_MEASURE( 1.000000000000000082E-05 ), #1250, 'distance_accuracy_value', 'NONE');
#8177 = VECTOR ( 'NONE', #11643, 1000.000000000000000 ) ;
#8178 = CARTESIAN_POINT ( 'NONE',  ( 2.075000000000000178, 0.9750000000000004219, -1.453616071428571521 ) ) ;
#8179 = FILL_AREA_STYLE_COLOUR ( '', #1418 ) ;
#8180 = VERTEX_POINT ( 'NONE', #12170 ) ;
#8181 = CARTESIAN_POINT ( 'NONE',  ( 0.3250000000000001776, 1.175000000000000488, 0.5500000000000004885 ) ) ;
#8182 = PLANE ( 'NONE',  #11787 ) ;
#8183 = EDGE_CURVE ( 'NONE', #2373, #9162, #665, .T. ) ;
#8184 = VECTOR ( 'NONE', #10425, 1000.000000000000000 ) ;
#8185 = FACE_OUTER_BOUND ( 'NONE', #4200, .T. ) ;
#8186 = ORIENTED_EDGE ( 'NONE', *, *, #6623, .T. ) ;
#8187 = VERTEX_POINT ( 'NONE', #9990 ) ;
#8188 = ORIENTED_EDGE ( 'NONE', *, *, #10908, .F. ) ;
#8189 = LINE ( 'NONE', #1502, #3720 ) ;
#8190 = LINE ( 'NONE', #6131, #3 ) ;
#8191 = CARTESIAN_POINT ( 'NONE',  ( 1.275000000000000133, 1.125000000000000222, -0.5500000000000018208 ) ) ;
#8192 = CIRCLE ( 'NONE', #9824, 0.1000000000000000472 ) ;
#8193 = CARTESIAN_POINT ( 'NONE',  ( 0.4750000000000001443, 0.2000000000000000111, -0.9499999999999999556 ) ) ;
#8194 = CARTESIAN_POINT ( 'NONE',  ( -2.075000000000000178, 0.4499999999999999556, -0.3499999999999998113 ) ) ;
#8195 = ORIENTED_EDGE ( 'NONE', *, *, #10322, .T. ) ;
#8196 = EDGE_CURVE ( 'NONE', #2070, #5894, #9392, .T. ) ;
#8197 = VERTEX_POINT ( 'NONE', #10985 ) ;
#8198 = COLOUR_RGB ( '',0.7921568627450980005, 0.8196078431372548767, 0.9333333333333333481 ) ;
#8199 = EDGE_CURVE ( 'NONE', #6490, #4535, #9487, .T. ) ;
#8200 = DIRECTION ( 'NONE',  ( 0.000000000000000000, 1.000000000000000000, 0.000000000000000000 ) ) ;
#8201 = DIRECTION ( 'NONE',  ( 1.000000000000000000, -0.000000000000000000, -0.000000000000000000 ) ) ;
#8202 = AXIS2_PLACEMENT_3D ( 'NONE', #4652, #1537, #9662 ) ;
#8203 = EDGE_CURVE ( 'NONE', #7911, #6866, #856, .T. ) ;
#8204 = LINE ( 'NONE', #4354, #12657 ) ;
#8205 = EDGE_CURVE ( 'NONE', #867, #10377, #5359, .T. ) ;
#8206 = EDGE_CURVE ( 'NONE', #7211, #2774, #4975, .T. ) ;
#8207 = CARTESIAN_POINT ( 'NONE',  ( 3.500000000000000000, 0.05000000000000501266, 0.2999999999999981570 ) ) ;
#8208 = EDGE_LOOP ( 'NONE', ( #10884, #4572, #6917, #93, #9496, #10404 ) ) ;
#8209 = DIRECTION ( 'NONE',  ( 1.000000000000000000, 0.000000000000000000, 0.000000000000000000 ) ) ;
#8210 = VECTOR ( 'NONE', #551, 1000.000000000000114 ) ;
#8211 = EDGE_CURVE ( 'NONE', #8, #9955, #9694, .T. ) ;
#8212 = ORIENTED_EDGE ( 'NONE', *, *, #4954, .F. ) ;
#8213 = CARTESIAN_POINT ( 'NONE',  ( -1.925000000000000044, 1.125000000000000222, -0.5500000000000018208 ) ) ;
#8214 = CARTESIAN_POINT ( 'NONE',  ( 3.500000000000000000, 0.2799999999999950862, -1.350000000000000533 ) ) ;
#8215 = DIRECTION ( 'NONE',  ( -0.000000000000000000, -1.000000000000000000, -1.694065894508603636E-16 ) ) ;
#8216 = ORIENTED_EDGE ( 'NONE', *, *, #11741, .F. ) ;
#8217 = FACE_OUTER_BOUND ( 'NONE', #1549, .T. ) ;
#8218 = FACE_OUTER_BOUND ( 'NONE', #8893, .T. ) ;
#8219 = EDGE_CURVE ( 'NONE', #9018, #721, #877, .T. ) ;
#8220 = CARTESIAN_POINT ( 'NONE',  ( -1.925000000000000044, 1.574999999999999734, -1.350000000000000533 ) ) ;
#8221 = CLOSED_SHELL ( 'NONE', ( #9446, #10605, #9859, #12646, #2686, #11667, #10714, #5194, #6387, #1171, #11663, #4878, #4213, #10508, #1724, #4135, #3095, #9440, #3395, #4670, #3648, #6923, #7359, #6129, #5992 ) ) ;
#8222 =( NAMED_UNIT ( * ) SI_UNIT ( $, .STERADIAN. ) SOLID_ANGLE_UNIT ( ) );
#8223 = ORIENTED_EDGE ( 'NONE', *, *, #6901, .T. ) ;
#8224 = VECTOR ( 'NONE', #9886, 1000.000000000000000 ) ;
#8225 = DIRECTION ( 'NONE',  ( 0.000000000000000000, 0.000000000000000000, 1.000000000000000000 ) ) ;
#8226 = VERTEX_POINT ( 'NONE', #3092 ) ;
#8227 = VECTOR ( 'NONE', #11406, 1000.000000000000000 ) ;
#8228 = DIRECTION ( 'NONE',  ( 0.000000000000000000, -1.172110456741085828E-16, -1.000000000000000000 ) ) ;
#8229 = AXIS2_PLACEMENT_3D ( 'NONE', #10424, #3357, #4654 ) ;
#8230 = DIRECTION ( 'NONE',  ( 0.7071067811865521247, 3.407318703740853605E-16, 0.7071067811865430208 ) ) ;
#8231 = LINE ( 'NONE', #108, #12701 ) ;
#8232 = VECTOR ( 'NONE', #2904, 1000.000000000000000 ) ;
#8233 = DIRECTION ( 'NONE',  ( 1.000000000000000000, 0.000000000000000000, 0.000000000000000000 ) ) ;
#8234 = EDGE_CURVE ( 'NONE', #2125, #5920, #9719, .T. ) ;
#8235 = ORIENTED_EDGE ( 'NONE', *, *, #12390, .T. ) ;
#8236 = FACE_OUTER_BOUND ( 'NONE', #3363, .T. ) ;
#8237 = CARTESIAN_POINT ( 'NONE',  ( 2.649999999999999467, 0.2299999999999946254, -1.350000000000000533 ) ) ;
#8238 = ORIENTED_EDGE ( 'NONE', *, *, #7695, .F. ) ;
#8239 = EDGE_CURVE ( 'NONE', #9884, #7600, #536, .T. ) ;
#8240 = ORIENTED_EDGE ( 'NONE', *, *, #8722, .T. ) ;
#8241 = LINE ( 'NONE', #5648, #8265 ) ;
#8242 = FACE_OUTER_BOUND ( 'NONE', #5725, .T. ) ;
#8243 = ORIENTED_EDGE ( 'NONE', *, *, #5569, .T. ) ;
#8244 = CARTESIAN_POINT ( 'NONE',  ( -3.000000000000000000, 0.1500000000000054623, 0.2749999999999981348 ) ) ;
#8245 = ORIENTED_EDGE ( 'NONE', *, *, #1683, .F. ) ;
#8246 = DIRECTION ( 'NONE',  ( 0.000000000000000000, -1.000000000000000000, 0.000000000000000000 ) ) ;
#8247 = EDGE_CURVE ( 'NONE', #8737, #3588, #9787, .T. ) ;
#8248 = LINE ( 'NONE', #1748, #12717 ) ;
#8249 = CARTESIAN_POINT ( 'NONE',  ( 1.275000000000000133, 1.750000000000000888, -0.5500000000000018208 ) ) ;
#8250 = EDGE_CURVE ( 'NONE', #12330, #10138, #1057, .T. ) ;
#8251 = CARTESIAN_POINT ( 'NONE',  ( 1.125000000000000222, 1.499999999999999334, 1.275000000000000133 ) ) ;
#8252 = EDGE_CURVE ( 'NONE', #7418, #1446, #5529, .T. ) ;
#8253 = ORIENTED_EDGE ( 'NONE', *, *, #2130, .T. ) ;
#8254 = DIRECTION ( 'NONE',  ( 0.000000000000000000, 0.000000000000000000, 1.000000000000000000 ) ) ;
#8255 = DIRECTION ( 'NONE',  ( 3.614007241618339403E-16, -1.000000000000000000, 0.000000000000000000 ) ) ;
#8256 = LINE ( 'NONE', #10345, #4124 ) ;
#8257 = FACE_OUTER_BOUND ( 'NONE', #7438, .T. ) ;
#8258 = PRESENTATION_LAYER_ASSIGNMENT (  '', '', ( #7747 ) ) ;
#8259 = CARTESIAN_POINT ( 'NONE',  ( 1.925000000000000044, 0.000000000000000000, -1.300000000000000044 ) ) ;
#8260 = ORIENTED_EDGE ( 'NONE', *, *, #5669, .T. ) ;
#8261 = VECTOR ( 'NONE', #9769, 1000.000000000000000 ) ;
#8262 = CARTESIAN_POINT ( 'NONE',  ( 1.125000000000000222, 1.750000000000000888, -0.5500000000000017097 ) ) ;
#8263 = ORIENTED_EDGE ( 'NONE', *, *, #10650, .T. ) ;
#8264 = EDGE_LOOP ( 'NONE', ( #11694, #717, #3224, #2737 ) ) ;
#8265 = VECTOR ( 'NONE', #6895, 1000.000000000000114 ) ;
#8266 = EDGE_CURVE ( 'NONE', #11455, #5163, #9977, .T. ) ;
#8267 = VECTOR ( 'NONE', #6929, 1000.000000000000000 ) ;
#8268 = VERTEX_POINT ( 'NONE', #1456 ) ;
#8269 = DIRECTION ( 'NONE',  ( 1.000000000000000000, -0.000000000000000000, -0.000000000000000000 ) ) ;
#8270 = DIRECTION ( 'NONE',  ( 1.000000000000000000, -1.275531967630008943E-16, 0.000000000000000000 ) ) ;
#8271 = ORIENTED_EDGE ( 'NONE', *, *, #4081, .F. ) ;
#8272 = FACE_OUTER_BOUND ( 'NONE', #12, .T. ) ;
#8273 = ADVANCED_FACE ( 'NONE', ( #10244 ), #9580, .F. ) ;
#8274 = CARTESIAN_POINT ( 'NONE',  ( 0.4750000000000001443, 0.9750000000000004219, -1.453616071428571521 ) ) ;
#8275 = DIRECTION ( 'NONE',  ( -4.818676322157797375E-16, 1.000000000000000000, 0.000000000000000000 ) ) ;
#8276 = EDGE_CURVE ( 'NONE', #1398, #9128, #1411, .T. ) ;
#8277 = ORIENTED_EDGE ( 'NONE', *, *, #1130, .F. ) ;
#8278 = VECTOR ( 'NONE', #10889, 1000.000000000000000 ) ;
#8279 = CARTESIAN_POINT ( 'NONE',  ( -1.925000000000000044, 1.574999999999999512, 1.350000000000000089 ) ) ;
#8280 = ADVANCED_FACE ( 'NONE', ( #1389 ), #11509, .F. ) ;
#8281 = CARTESIAN_POINT ( 'NONE',  ( 1.125000000000000222, 0.9750000000000004219, -1.453616071428571521 ) ) ;
#8282 = VECTOR ( 'NONE', #11157, 1000.000000000000000 ) ;
#8283 = LINE ( 'NONE', #4078, #4125 ) ;
#8284 = CARTESIAN_POINT ( 'NONE',  ( 3.500000000000000000, 1.750000000000000000, -1.275000000000001910 ) ) ;
#8285 = ORIENTED_EDGE ( 'NONE', *, *, #4777, .T. ) ;
#8286 = AXIS2_PLACEMENT_3D ( 'NONE', #12632, #10667, #4632 ) ;
#8287 = LINE ( 'NONE', #2264, #13030 ) ;
#8288 = ORIENTED_EDGE ( 'NONE', *, *, #8949, .F. ) ;
#8289 = DIRECTION ( 'NONE',  ( 0.000000000000000000, -1.000000000000000000, 2.409338161078897701E-16 ) ) ;
#8290 = ORIENTED_EDGE ( 'NONE', *, *, #8250, .T. ) ;
#8291 = VECTOR ( 'NONE', #12560, 1000.000000000000000 ) ;
#8292 = VECTOR ( 'NONE', #3824, 1000.000000000000000 ) ;
#8293 = CARTESIAN_POINT ( 'NONE',  ( 3.500000000000000000, 1.750000000000000000, -1.350000000000000533 ) ) ;
#8294 = DIRECTION ( 'NONE',  ( 0.000000000000000000, 0.000000000000000000, -1.000000000000000000 ) ) ;
#8295 = VERTEX_POINT ( 'NONE', #7553 ) ;
#8296 = CARTESIAN_POINT ( 'NONE',  ( -2.075000000000000178, 0.8125000000000003331, -1.300000000000000044 ) ) ;
#8297 = ORIENTED_EDGE ( 'NONE', *, *, #7671, .T. ) ;
#8298 = LINE ( 'NONE', #663, #8108 ) ;
#8299 = ORIENTED_EDGE ( 'NONE', *, *, #2291, .F. ) ;
#8300 = LINE ( 'NONE', #3887, #3901 ) ;
#8301 = DIRECTION ( 'NONE',  ( 1.000000000000000000, 0.000000000000000000, 0.000000000000000000 ) ) ;
#8302 = ORIENTED_EDGE ( 'NONE', *, *, #5347, .F. ) ;
#8303 = DIRECTION ( 'NONE',  ( 0.000000000000000000, -1.000000000000000000, 0.000000000000000000 ) ) ;
#8304 = FACE_OUTER_BOUND ( 'NONE', #7567, .T. ) ;
#8305 = ADVANCED_FACE ( 'NONE', ( #1101 ), #9407, .F. ) ;
#8306 = VECTOR ( 'NONE', #5111, 1000.000000000000000 ) ;
#8307 = DIRECTION ( 'NONE',  ( 1.000000000000000000, 0.000000000000000000, 0.000000000000000000 ) ) ;
#8308 = ORIENTED_EDGE ( 'NONE', *, *, #8060, .F. ) ;
#8309 = CARTESIAN_POINT ( 'NONE',  ( -1.958333333333333703, 0.4833333333333333925, -0.3666666666666666408 ) ) ;
#8310 = VECTOR ( 'NONE', #12467, 1000.000000000000000 ) ;
#8311 = ORIENTED_EDGE ( 'NONE', *, *, #8758, .F. ) ;
#8312 = DIRECTION ( 'NONE',  ( 0.000000000000000000, 0.7071067811865420216, 0.7071067811865531239 ) ) ;
#8313 = CARTESIAN_POINT ( 'NONE',  ( -3.000000000000000444, 0.1250000000000054123, 1.274999999999999245 ) ) ;
#8314 = DIRECTION ( 'NONE',  ( -0.000000000000000000, 1.000000000000000000, 0.000000000000000000 ) ) ;
#8315 = ORIENTED_EDGE ( 'NONE', *, *, #10545, .F. ) ;
#8316 = LINE ( 'NONE', #235, #3921 ) ;
#8317 = CARTESIAN_POINT ( 'NONE',  ( -3.200000000000000178, 0.3500000000000113021, 1.275000000000000133 ) ) ;
#8318 = EDGE_LOOP ( 'NONE', ( #8136, #10136, #1722, #12357 ) ) ;
#8319 = CARTESIAN_POINT ( 'NONE',  ( -2.649999999999999023, 1.149999999999999911, -1.349999999999998535 ) ) ;
#8320 = ORIENTED_EDGE ( 'NONE', *, *, #8234, .T. ) ;
#8321 = VECTOR ( 'NONE', #1491, 1000.000000000000000 ) ;
#8322 = DIRECTION ( 'NONE',  ( -1.000000000000000000, 0.000000000000000000, 0.000000000000000000 ) ) ;
#8323 = CARTESIAN_POINT ( 'NONE',  ( 2.500000000000000888, 1.499999999999999334, -0.3499999999999994227 ) ) ;
#8324 = DIRECTION ( 'NONE',  ( -0.000000000000000000, -1.000000000000000000, -1.694065894508603636E-16 ) ) ;
#8325 = ORIENTED_EDGE ( 'NONE', *, *, #12900, .T. ) ;
#8326 = FACE_OUTER_BOUND ( 'NONE', #9222, .T. ) ;
#8327 = DIRECTION ( 'NONE',  ( 0.000000000000000000, -1.172110456741085828E-16, -1.000000000000000000 ) ) ;
#8328 = ORIENTED_EDGE ( 'NONE', *, *, #7532, .F. ) ;
#8329 = CARTESIAN_POINT ( 'NONE',  ( -2.740000000000000213, 0.6999999999999991784, 0.1500000000000006051 ) ) ;
#8330 = CIRCLE ( 'NONE', #3743, 0.03000000000000007869 ) ;
#8331 = ADVANCED_FACE ( 'NONE', ( #5505 ), #202, .T. ) ;
#8332 = FACE_OUTER_BOUND ( 'NONE', #3837, .T. ) ;
#8333 = CARTESIAN_POINT ( 'NONE',  ( 1.925000000000000044, 1.574999999999999734, -1.350000000000000533 ) ) ;
#8334 = ORIENTED_EDGE ( 'NONE', *, *, #960, .T. ) ;
#8335 = LINE ( 'NONE', #10432, #8504 ) ;
#8336 = CARTESIAN_POINT ( 'NONE',  ( -1.925000000000000044, 0.7499999999999991118, -1.350000000000000533 ) ) ;
#8337 = EDGE_LOOP ( 'NONE', ( #8328, #4340, #8540, #8706 ) ) ;
#8338 = ORIENTED_EDGE ( 'NONE', *, *, #2492, .T. ) ;
#8339 = LINE ( 'NONE', #4911, #12885 ) ;
#8340 = ORIENTED_EDGE ( 'NONE', *, *, #12542, .F. ) ;
#8341 = PLANE ( 'NONE',  #2328 ) ;
#8342 = VERTEX_POINT ( 'NONE', #8561 ) ;
#8343 = PLANE ( 'NONE',  #8286 ) ;
#8344 = LINE ( 'NONE', #10962, #12797 ) ;
#8345 = DIRECTION ( 'NONE',  ( 1.000000000000000000, -0.000000000000000000, -0.000000000000000000 ) ) ;
#8346 = CARTESIAN_POINT ( 'NONE',  ( 0.5250000000000006883, 0.2299999999999920164, -1.350000000000000533 ) ) ;
#8347 = ORIENTED_EDGE ( 'NONE', *, *, #11328, .F. ) ;
#8348 = ORIENTED_EDGE ( 'NONE', *, *, #4838, .T. ) ;
#8349 = LINE ( 'NONE', #10226, #8429 ) ;
#8350 = CARTESIAN_POINT ( 'NONE',  ( 0.3250000000000001776, 0.5000000000000002220, -0.3499999999999998113 ) ) ;
#8351 = FACE_OUTER_BOUND ( 'NONE', #11048, .T. ) ;
#8352 = CARTESIAN_POINT ( 'NONE',  ( -2.075000000000000178, 0.4499999999999999556, -0.3999999999999999667 ) ) ;
#8353 = LINE ( 'NONE', #5025, #8631 ) ;
#8354 = ADVANCED_FACE ( 'NONE', ( #10151 ), #11603, .F. ) ;
#8355 = ORIENTED_EDGE ( 'NONE', *, *, #11151, .F. ) ;
#8356 = VECTOR ( 'NONE', #10060, 1000.000000000000000 ) ;
#8357 = DIRECTION ( 'NONE',  ( -0.000000000000000000, -0.7071067811865474617, -0.7071067811865474617 ) ) ;
#8358 = ORIENTED_EDGE ( 'NONE', *, *, #4761, .F. ) ;
#8359 = ADVANCED_FACE ( 'NONE', ( #1221 ), #2532, .F. ) ;
#8360 = DIRECTION ( 'NONE',  ( 1.000000000000000000, 0.000000000000000000, 0.000000000000000000 ) ) ;
#8361 = ORIENTED_EDGE ( 'NONE', *, *, #4475, .F. ) ;
#8362 = LINE ( 'NONE', #324, #8387 ) ;
#8363 = ORIENTED_EDGE ( 'NONE', *, *, #12710, .T. ) ;
#8364 = CARTESIAN_POINT ( 'NONE',  ( 3.500000000000000000, 0.2299999999999946254, -1.350000000000000533 ) ) ;
#8365 = CARTESIAN_POINT ( 'NONE',  ( 1.925000000000000044, 0.7499999999999998890, -0.5500000000000020428 ) ) ;
#8366 = EDGE_CURVE ( 'NONE', #1373, #7904, #1328, .T. ) ;
#8367 = EDGE_LOOP ( 'NONE', ( #11257, #3437, #6324, #12508 ) ) ;
#8368 = VECTOR ( 'NONE', #11134, 1000.000000000000000 ) ;
#8369 = CARTESIAN_POINT ( 'NONE',  ( -1.125000000000000666, 1.499999999999998446, 1.274999999999999245 ) ) ;
#8370 = EDGE_CURVE ( 'NONE', #6103, #12949, #10002, .T. ) ;
#8371 = CARTESIAN_POINT ( 'NONE',  ( -2.075000000000000178, 0.7499999999999998890, -0.5500000000000020428 ) ) ;
#8372 = VERTEX_POINT ( 'NONE', #12751 ) ;
#8373 = CARTESIAN_POINT ( 'NONE',  ( 3.000000000000000000, 0.3500000000000024203, 0.2749999999999982458 ) ) ;
#8374 = AXIS2_PLACEMENT_3D ( 'NONE', #4818, #5803, #8909 ) ;
#8375 = ORIENTED_EDGE ( 'NONE', *, *, #9246, .F. ) ;
#8376 = CARTESIAN_POINT ( 'NONE',  ( -3.200000000000000178, 0.6500000000000112355, 1.305000000000000160 ) ) ;
#8377 = VECTOR ( 'NONE', #6919, 1000.000000000000000 ) ;
#8378 = VECTOR ( 'NONE', #369, 1000.000000000000000 ) ;
#8379 = DIRECTION ( 'NONE',  ( 0.000000000000000000, 0.000000000000000000, -1.000000000000000000 ) ) ;
#8380 = LINE ( 'NONE', #12604, #12851 ) ;
#8381 = AXIS2_PLACEMENT_3D ( 'NONE', #3967, #1083, #7001 ) ;
#8382 = ORIENTED_EDGE ( 'NONE', *, *, #6124, .F. ) ;
#8383 = ORIENTED_EDGE ( 'NONE', *, *, #7902, .F. ) ;
#8384 = CARTESIAN_POINT ( 'NONE',  ( -0.3250000000000000111, 1.125000000000000222, 0.4999999999999996669 ) ) ;
#8385 = EDGE_CURVE ( 'NONE', #8496, #4675, #1178, .T. ) ;
#8386 = ORIENTED_EDGE ( 'NONE', *, *, #9275, .F. ) ;
#8387 = VECTOR ( 'NONE', #9271, 1000.000000000000000 ) ;
#8388 = CARTESIAN_POINT ( 'NONE',  ( -3.225000000000000533, 1.149999999999999911, -0.3000000000000006550 ) ) ;
#8389 = DIRECTION ( 'NONE',  ( -0.000000000000000000, 1.332058005413337239E-16, 1.000000000000000000 ) ) ;
#8390 = EDGE_LOOP ( 'NONE', ( #3111, #7836, #9989, #10256 ) ) ;
#8391 = AXIS2_PLACEMENT_3D ( 'NONE', #7353, #9376, #1901 ) ;
#8392 = CARTESIAN_POINT ( 'NONE',  ( 3.225000000000000533, 1.149999999999999911, -0.4500000000000006217 ) ) ;
#8393 = ORIENTED_EDGE ( 'NONE', *, *, #3567, .F. ) ;
#8394 = VECTOR ( 'NONE', #5, 1000.000000000000000 ) ;
#8395 = ADVANCED_FACE ( 'NONE', ( #5720 ), #5407, .F. ) ;
#8396 = EDGE_CURVE ( 'NONE', #3809, #2322, #975, .T. ) ;
#8397 = EDGE_CURVE ( 'NONE', #9546, #9634, #9954, .T. ) ;
#8398 = ORIENTED_EDGE ( 'NONE', *, *, #2465, .F. ) ;
#8399 = VERTEX_POINT ( 'NONE', #7728 ) ;
#8400 = VECTOR ( 'NONE', #12786, 1000.000000000000000 ) ;
#8401 = EDGE_CURVE ( 'NONE', #9654, #9720, #5801, .T. ) ;
#8402 = LINE ( 'NONE', #1365, #13002 ) ;
#8403 = VECTOR ( 'NONE', #2387, 1000.000000000000000 ) ;
#8404 = EDGE_CURVE ( 'NONE', #7319, #4193, #9916, .T. ) ;
#8405 = CARTESIAN_POINT ( 'NONE',  ( -1.925000000000000933, 1.725000000000001865, -1.300000000000000044 ) ) ;
#8406 = EDGE_LOOP ( 'NONE', ( #12181, #800, #7796, #9695, #4706, #4530 ) ) ;
#8407 = CARTESIAN_POINT ( 'NONE',  ( 3.500000000000000000, 1.574999999999999734, 1.350000000000000533 ) ) ;
#8408 = ORIENTED_EDGE ( 'NONE', *, *, #1356, .T. ) ;
#8409 = CARTESIAN_POINT ( 'NONE',  ( 0.3250000000000005662, 1.750000000000000888, -1.275000000000001910 ) ) ;
#8410 = CARTESIAN_POINT ( 'NONE',  ( 0.4750000000000001443, 1.750000000000000888, -0.5500000000000018208 ) ) ;
#8411 = CARTESIAN_POINT ( 'NONE',  ( -1.275000000000000133, 1.574999999999999734, -0.5500000000000017097 ) ) ;
#8412 = ORIENTED_EDGE ( 'NONE', *, *, #9226, .T. ) ;
#8413 = VECTOR ( 'NONE', #8744, 1000.000000000000000 ) ;
#8414 = DIRECTION ( 'NONE',  ( 0.000000000000000000, 0.000000000000000000, 1.000000000000000000 ) ) ;
#8415 = ORIENTED_EDGE ( 'NONE', *, *, #2632, .F. ) ;
#8416 = AXIS2_PLACEMENT_3D ( 'NONE', #2461, #7491, #8489 ) ;
#8417 = CARTESIAN_POINT ( 'NONE',  ( -1.274999999999999689, 0.7499999999999991118, -1.350000000000000533 ) ) ;
#8418 = VERTEX_POINT ( 'NONE', #714 ) ;
#8419 = LINE ( 'NONE', #9967, #3898 ) ;
#8420 = PLANE ( 'NONE',  #12578 ) ;
#8421 = DIRECTION ( 'NONE',  ( -1.000000000000000000, -0.000000000000000000, 0.000000000000000000 ) ) ;
#8422 = CARTESIAN_POINT ( 'NONE',  ( 1.925000000000000044, 0.1000000000000000056, -0.9499999999999999556 ) ) ;
#8423 = ORIENTED_EDGE ( 'NONE', *, *, #6573, .F. ) ;
#8424 = CARTESIAN_POINT ( 'NONE',  ( -3.500000000000000000, 1.225000000000011413, 1.350000000000000533 ) ) ;
#8425 = EDGE_CURVE ( 'NONE', #10163, #1268, #1197, .T. ) ;
#8426 = ORIENTED_EDGE ( 'NONE', *, *, #5821, .F. ) ;
#8427 = ORIENTED_EDGE ( 'NONE', *, *, #2763, .T. ) ;
#8428 = DIRECTION ( 'NONE',  ( -1.000000000000000000, 0.000000000000000000, 0.000000000000000000 ) ) ;
#8429 = VECTOR ( 'NONE', #11211, 1000.000000000000114 ) ;
#8430 = FACE_OUTER_BOUND ( 'NONE', #11232, .T. ) ;
#8431 = LINE ( 'NONE', #6580, #8649 ) ;
#8432 = EDGE_CURVE ( 'NONE', #8342, #5706, #10047, .T. ) ;
#8433 = ORIENTED_EDGE ( 'NONE', *, *, #8206, .T. ) ;
#8434 = VECTOR ( 'NONE', #11432, 1000.000000000000000 ) ;
#8435 = EDGE_CURVE ( 'NONE', #7499, #1968, #10068, .T. ) ;
#8436 = CARTESIAN_POINT ( 'NONE',  ( 3.500000000000000000, 1.675000000000001377, -1.350000000000000533 ) ) ;
#8437 = VERTEX_POINT ( 'NONE', #9847 ) ;
#8438 = AXIS2_PLACEMENT_3D ( 'NONE', #8065, #674, #9139 ) ;
#8439 = ORIENTED_EDGE ( 'NONE', *, *, #10662, .F. ) ;
#8440 = FACE_OUTER_BOUND ( 'NONE', #5291, .T. ) ;
#8441 = ORIENTED_EDGE ( 'NONE', *, *, #1977, .F. ) ;
#8442 = CARTESIAN_POINT ( 'NONE',  ( 1.125000000000000222, 0.7499999999999998890, -0.5500000000000020428 ) ) ;
#8443 = ORIENTED_EDGE ( 'NONE', *, *, #9912, .T. ) ;
#8444 = CARTESIAN_POINT ( 'NONE',  ( 0.4750000000000001443, 1.474999999999999867, -0.9749999999999897637 ) ) ;
#8445 = VECTOR ( 'NONE', #6265, 1000.000000000000000 ) ;
#8446 = CARTESIAN_POINT ( 'NONE',  ( 1.275000000000000133, 0.7499999999999998890, -0.3999999999999999667 ) ) ;
#8447 = AXIS2_PLACEMENT_3D ( 'NONE', #11576, #1601, #8889 ) ;
#8448 = EDGE_LOOP ( 'NONE', ( #4836, #4939, #10461, #2863 ) ) ;
#8449 = ORIENTED_EDGE ( 'NONE', *, *, #10933, .T. ) ;
#8450 = CARTESIAN_POINT ( 'NONE',  ( 0.000000000000000000, 1.124999999999999778, -0.3499999999999994227 ) ) ;
#8451 = ORIENTED_EDGE ( 'NONE', *, *, #13063, .F. ) ;
#8452 = AXIS2_PLACEMENT_3D ( 'NONE', #12862, #10214, #10298 ) ;
#8453 = VECTOR ( 'NONE', #5042, 1000.000000000000000 ) ;
#8454 = ADVANCED_FACE ( 'NONE', ( #1244 ), #11859, .F. ) ;
#8455 = CARTESIAN_POINT ( 'NONE',  ( -0.4749999999999993672, 1.124999999999999778, -0.5500000000000018208 ) ) ;
#8456 = LINE ( 'NONE', #12995, #8580 ) ;
#8457 = CARTESIAN_POINT ( 'NONE',  ( 1.275000000000000355, 1.124999999999999778, -1.350000000000000533 ) ) ;
#8458 = ORIENTED_EDGE ( 'NONE', *, *, #3426, .T. ) ;
#8459 = LINE ( 'NONE', #10601, #13222 ) ;
#8460 = DIRECTION ( 'NONE',  ( 0.000000000000000000, 0.000000000000000000, -1.000000000000000000 ) ) ;
#8461 = VERTEX_POINT ( 'NONE', #9612 ) ;
#8462 = EDGE_CURVE ( 'NONE', #12883, #9961, #9933, .T. ) ;
#8463 = DIRECTION ( 'NONE',  ( 0.7071067811865430208, 0.000000000000000000, -0.7071067811865521247 ) ) ;
#8464 = ORIENTED_EDGE ( 'NONE', *, *, #1100, .T. ) ;
#8465 = EDGE_CURVE ( 'NONE', #5478, #2364, #1310, .T. ) ;
#8466 = LINE ( 'NONE', #11189, #12964 ) ;
#8467 = ORIENTED_EDGE ( 'NONE', *, *, #4430, .T. ) ;
#8468 = CARTESIAN_POINT ( 'NONE',  ( 2.925000000000000266, 0.05000000000000506817, 1.274999999999999245 ) ) ;
#8469 = DIRECTION ( 'NONE',  ( -1.000000000000000000, 0.000000000000000000, 7.228014483236698528E-16 ) ) ;
#8470 = ORIENTED_EDGE ( 'NONE', *, *, #12194, .F. ) ;
#8471 = LINE ( 'NONE', #6836, #8321 ) ;
#8472 = CARTESIAN_POINT ( 'NONE',  ( 1.275000000000000133, 1.125000000000000222, 0.4999999999999996669 ) ) ;
#8473 = CARTESIAN_POINT ( 'NONE',  ( 1.925000000000000044, 1.574999999999999734, -1.300000000000000711 ) ) ;
#8474 = ORIENTED_EDGE ( 'NONE', *, *, #10995, .T. ) ;
#8475 = CARTESIAN_POINT ( 'NONE',  ( 3.500000000000000000, 1.149999999999999911, -0.4500000000000006217 ) ) ;
#8476 = AXIS2_PLACEMENT_3D ( 'NONE', #2050, #9359, #10381 ) ;
#8477 = CARTESIAN_POINT ( 'NONE',  ( -2.075000000000000178, 0.4499999999999991784, -1.350000000000000533 ) ) ;
#8478 = ORIENTED_EDGE ( 'NONE', *, *, #13113, .F. ) ;
#8479 = DIRECTION ( 'NONE',  ( 0.000000000000000000, 0.000000000000000000, -1.000000000000000000 ) ) ;
#8480 = VECTOR ( 'NONE', #8469, 1000.000000000000000 ) ;
#8481 = PLANE ( 'NONE',  #10621 ) ;
#8482 = LINE ( 'NONE', #8782, #12955 ) ;
#8483 = ADVANCED_FACE ( 'NONE', ( #9828 ), #10181, .F. ) ;
#8484 = VERTEX_POINT ( 'NONE', #4891 ) ;
#8485 = LINE ( 'NONE', #10964, #4104 ) ;
#8486 = CARTESIAN_POINT ( 'NONE',  ( 1.275000000000000133, 1.750000000000000888, -0.5500000000000018208 ) ) ;
#8487 = VERTEX_POINT ( 'NONE', #13118 ) ;
#8488 = ADVANCED_FACE ( 'NONE', ( #5759 ), #7056, .F. ) ;
#8489 = DIRECTION ( 'NONE',  ( 1.000000000000000000, 0.000000000000000000, -7.228014483236698528E-16 ) ) ;
#8490 = ORIENTED_EDGE ( 'NONE', *, *, #10816, .T. ) ;
#8491 = LINE ( 'NONE', #4559, #12815 ) ;
#8492 = CARTESIAN_POINT ( 'NONE',  ( -0.4749999999999999223, 1.574999999999999734, -1.300000000000000711 ) ) ;
#8493 = ORIENTED_EDGE ( 'NONE', *, *, #10191, .T. ) ;
#8494 = ORIENTED_EDGE ( 'NONE', *, *, #1679, .F. ) ;
#8495 = FACE_OUTER_BOUND ( 'NONE', #8667, .T. ) ;
#8496 = VERTEX_POINT ( 'NONE', #2696 ) ;
#8497 = CARTESIAN_POINT ( 'NONE',  ( -3.000000000000000444, 0.6200000000000113198, 1.305000000000000160 ) ) ;
#8498 = ORIENTED_EDGE ( 'NONE', *, *, #7531, .T. ) ;
#8499 = VECTOR ( 'NONE', #8830, 1000.000000000000000 ) ;
#8500 = VECTOR ( 'NONE', #1830, 999.9999999999998863 ) ;
#8501 = DIRECTION ( 'NONE',  ( -1.000000000000000000, 0.000000000000000000, -8.673617379884034486E-16 ) ) ;
#8502 = VERTEX_POINT ( 'NONE', #12015 ) ;
#8503 = DIRECTION ( 'NONE',  ( -1.000000000000000000, 1.275531967630008943E-16, 0.000000000000000000 ) ) ;
#8504 = VECTOR ( 'NONE', #9590, 1000.000000000000000 ) ;
#8505 = VERTEX_POINT ( 'NONE', #10009 ) ;
#8506 = DIRECTION ( 'NONE',  ( -0.000000000000000000, 0.7071067811865485719, -0.7071067811865465735 ) ) ;
#8507 = CARTESIAN_POINT ( 'NONE',  ( 2.124999999999999556, 1.675000000000001377, -1.350000000000000533 ) ) ;
#8508 = CARTESIAN_POINT ( 'NONE',  ( 3.500000000000003109, 1.474999999999999867, -0.9749999999999897637 ) ) ;
#8509 = ORIENTED_EDGE ( 'NONE', *, *, #6015, .T. ) ;
#8510 = FACE_OUTER_BOUND ( 'NONE', #5388, .T. ) ;
#8511 = CARTESIAN_POINT ( 'NONE',  ( -1.275000000000000133, 1.175000000000000488, 0.5500000000000004885 ) ) ;
#8512 = ORIENTED_EDGE ( 'NONE', *, *, #3896, .F. ) ;
#8513 = DIRECTION ( 'NONE',  ( 0.000000000000000000, 1.000000000000000000, 0.000000000000000000 ) ) ;
#8514 = ORIENTED_EDGE ( 'NONE', *, *, #11276, .T. ) ;
#8515 = FACE_OUTER_BOUND ( 'NONE', #7749, .T. ) ;
#8516 = CARTESIAN_POINT ( 'NONE',  ( 3.199999999999999289, 0.3500000000000024203, 0.3500000000000004774 ) ) ;
#8517 = CARTESIAN_POINT ( 'NONE',  ( -1.925000000000000044, 0.000000000000000000, -1.300000000000000044 ) ) ;
#8518 = LINE ( 'NONE', #9466, #4296 ) ;
#8519 = DIRECTION ( 'NONE',  ( -0.000000000000000000, -0.000000000000000000, 1.000000000000000000 ) ) ;
#8520 = ORIENTED_EDGE ( 'NONE', *, *, #5096, .F. ) ;
#8521 = VERTEX_POINT ( 'NONE', #11936 ) ;
#8522 = EDGE_LOOP ( 'NONE', ( #3218, #5667, #8143, #5863 ) ) ;
#8523 = LINE ( 'NONE', #1287, #12677 ) ;
#8524 = VECTOR ( 'NONE', #574, 1000.000000000000000 ) ;
#8525 = DIRECTION ( 'NONE',  ( -0.000000000000000000, -1.000000000000000000, -0.000000000000000000 ) ) ;
#8526 = ORIENTED_EDGE ( 'NONE', *, *, #12957, .F. ) ;
#8527 = VECTOR ( 'NONE', #4292, 1000.000000000000000 ) ;
#8528 = ORIENTED_EDGE ( 'NONE', *, *, #5347, .T. ) ;
#8529 = ORIENTED_EDGE ( 'NONE', *, *, #10164, .F. ) ;
#8530 = FACE_OUTER_BOUND ( 'NONE', #11501, .T. ) ;
#8531 = ORIENTED_EDGE ( 'NONE', *, *, #6203, .F. ) ;
#8532 = CARTESIAN_POINT ( 'NONE',  ( 3.000000000000000444, 0.1250000000000052180, 0.3500000000000004774 ) ) ;
#8533 = EDGE_LOOP ( 'NONE', ( #8602, #8076, #3431, #983 ) ) ;
#8534 = CARTESIAN_POINT ( 'NONE',  ( -0.3250000000000000111, 1.125000000000000222, 0.5000000000000000000 ) ) ;
#8535 = ADVANCED_FACE ( 'NONE', ( #9851 ), #8099, .T. ) ;
#8536 = VECTOR ( 'NONE', #1657, 1000.000000000000000 ) ;
#8537 = CARTESIAN_POINT ( 'NONE',  ( 1.925000000000000044, 0.000000000000000000, -1.300000000000000044 ) ) ;
#8538 = FACE_OUTER_BOUND ( 'NONE', #7712, .T. ) ;
#8539 = EDGE_LOOP ( 'NONE', ( #1552, #11826, #3075, #3607, #8338, #11830, #760, #3417, #7811, #7837, #3868, #3242, #3904, #8449, #7396 ) ) ;
#8540 = ORIENTED_EDGE ( 'NONE', *, *, #9863, .T. ) ;
#8541 = DIRECTION ( 'NONE',  ( 0.000000000000000000, -1.000000000000000000, 0.000000000000000000 ) ) ;
#8542 = DIRECTION ( 'NONE',  ( -0.5773502691896257311, -0.5773502691896257311, -0.5773502691896257311 ) ) ;
#8543 = EDGE_CURVE ( 'NONE', #603, #336, #5654, .T. ) ;
#8544 = LINE ( 'NONE', #2350, #8378 ) ;
#8545 = CARTESIAN_POINT ( 'NONE',  ( 3.500000000000000000, 1.574999999999999734, 1.350000000000000533 ) ) ;
#8546 = DIRECTION ( 'NONE',  ( -0.000000000000000000, -1.000000000000000000, -0.000000000000000000 ) ) ;
#8547 = ADVANCED_FACE ( 'NONE', ( #5485 ), #9166, .F. ) ;
#8548 = LINE ( 'NONE', #7, #13004 ) ;
#8549 = EDGE_CURVE ( 'NONE', #10116, #2082, #1122, .T. ) ;
#8550 = CARTESIAN_POINT ( 'NONE',  ( -3.200000000000000178, 0.7250000000000111910, 1.350000000000000533 ) ) ;
#8551 = ORIENTED_EDGE ( 'NONE', *, *, #1842, .F. ) ;
#8552 = LINE ( 'NONE', #1823, #13006 ) ;
#8553 = PLANE ( 'NONE',  #7852 ) ;
#8554 = EDGE_CURVE ( 'NONE', #9543, #1152, #1142, .T. ) ;
#8555 = VERTEX_POINT ( 'NONE', #3732 ) ;
#8556 = VERTEX_POINT ( 'NONE', #8905 ) ;
#8557 = FACE_OUTER_BOUND ( 'NONE', #11130, .T. ) ;
#8558 = CARTESIAN_POINT ( 'NONE',  ( 1.925000000000000044, 1.124999999999999778, -0.5500000000000018208 ) ) ;
#8559 = EDGE_CURVE ( 'NONE', #12741, #10236, #10085, .T. ) ;
#8560 = ORIENTED_EDGE ( 'NONE', *, *, #10492, .T. ) ;
#8561 = CARTESIAN_POINT ( 'NONE',  ( -1.275000000000000133, 1.124999999999999778, -0.5500000000000018208 ) ) ;
#8562 = DIRECTION ( 'NONE',  ( -4.818676322157797375E-16, 1.000000000000000000, 0.000000000000000000 ) ) ;
#8563 = ORIENTED_EDGE ( 'NONE', *, *, #913, .F. ) ;
#8564 = LINE ( 'NONE', #1807, #4344 ) ;
#8565 = DIRECTION ( 'NONE',  ( -1.000000000000000000, 0.000000000000000000, 0.000000000000000000 ) ) ;
#8566 = VECTOR ( 'NONE', #962, 1000.000000000000000 ) ;
#8567 = EDGE_CURVE ( 'NONE', #13238, #9884, #10173, .T. ) ;
#8568 = CARTESIAN_POINT ( 'NONE',  ( -2.075000000000000622, 2.999626010543230249E-15, -0.3499999999999994227 ) ) ;
#8569 = ORIENTED_EDGE ( 'NONE', *, *, #11095, .F. ) ;
#8570 = CARTESIAN_POINT ( 'NONE',  ( 0.3250000000000006217, 0.7499999999999991118, -1.350000000000000533 ) ) ;
#8571 = CARTESIAN_POINT ( 'NONE',  ( 2.925000000000000266, 1.225000000000011413, 1.350000000000000533 ) ) ;
#8572 = ORIENTED_EDGE ( 'NONE', *, *, #7884, .T. ) ;
#8573 = ORIENTED_EDGE ( 'NONE', *, *, #4128, .T. ) ;
#8574 = DIRECTION ( 'NONE',  ( 0.000000000000000000, -0.7071067811865461294, -0.7071067811865490160 ) ) ;
#8575 = EDGE_CURVE ( 'NONE', #111, #6693, #1344, .T. ) ;
#8576 = AXIS2_PLACEMENT_3D ( 'NONE', #12393, #11016, #13209 ) ;
#8577 = EDGE_CURVE ( 'NONE', #12476, #10380, #1366, .T. ) ;
#8578 = VECTOR ( 'NONE', #2015, 1000.000000000000000 ) ;
#8579 = ADVANCED_FACE ( 'NONE', ( #10224 ), #10091, .F. ) ;
#8580 = VECTOR ( 'NONE', #3601, 1000.000000000000000 ) ;
#8581 = CARTESIAN_POINT ( 'NONE',  ( 2.024999999999999911, 0.6999999999999995115, -0.3499999999999998113 ) ) ;
#8582 = ORIENTED_EDGE ( 'NONE', *, *, #10623, .F. ) ;
#8583 = VECTOR ( 'NONE', #12855, 1000.000000000000000 ) ;
#8584 = CARTESIAN_POINT ( 'NONE',  ( 1.925000000000000488, 0.7499999999999991118, -1.350000000000000533 ) ) ;
#8585 = EDGE_CURVE ( 'NONE', #2249, #544, #1016, .T. ) ;
#8586 = ORIENTED_EDGE ( 'NONE', *, *, #11208, .T. ) ;
#8587 = EDGE_CURVE ( 'NONE', #12696, #5437, #1034, .T. ) ;
#8588 = PLANE ( 'NONE',  #2936 ) ;
#8589 = VERTEX_POINT ( 'NONE', #13195 ) ;
#8590 = LINE ( 'NONE', #10462, #12985 ) ;
#8591 = CARTESIAN_POINT ( 'NONE',  ( -3.200000000000000178, 0.6500000000000112355, 1.275000000000000133 ) ) ;
#8592 = CARTESIAN_POINT ( 'NONE',  ( -1.275000000000000133, 0.2000000000000000111, -0.9499999999999999556 ) ) ;
#8593 = ORIENTED_EDGE ( 'NONE', *, *, #12704, .T. ) ;
#8594 = DIRECTION ( 'NONE',  ( 0.000000000000000000, 0.000000000000000000, 1.000000000000000000 ) ) ;
#8595 = ORIENTED_EDGE ( 'NONE', *, *, #1768, .F. ) ;
#8596 = EDGE_CURVE ( 'NONE', #11293, #2488, #1688, .T. ) ;
#8597 = FACE_OUTER_BOUND ( 'NONE', #110, .T. ) ;
#8598 = LINE ( 'NONE', #2902, #12642 ) ;
#8599 = EDGE_CURVE ( 'NONE', #7200, #965, #5996, .T. ) ;
#8600 = EDGE_LOOP ( 'NONE', ( #10887, #6655, #628, #12539 ) ) ;
#8601 = FILL_AREA_STYLE ('',( #5422 ) ) ;
#8602 = ORIENTED_EDGE ( 'NONE', *, *, #10658, .F. ) ;
#8603 = CARTESIAN_POINT ( 'NONE',  ( -2.924999999999999378, 0.05000000000000506817, 1.274999999999999245 ) ) ;
#8604 = VECTOR ( 'NONE', #7039, 1000.000000000000000 ) ;
#8605 = VECTOR ( 'NONE', #10321, 1000.000000000000000 ) ;
#8606 = AXIS2_PLACEMENT_3D ( 'NONE', #1870, #6138, #10915 ) ;
#8607 = ADVANCED_FACE ( 'NONE', ( #5910 ), #3112, .F. ) ;
#8608 = DIRECTION ( 'NONE',  ( -0.000000000000000000, -1.000000000000000000, -1.694065894508603636E-16 ) ) ;
#8609 = ORIENTED_EDGE ( 'NONE', *, *, #9198, .F. ) ;
#8610 = CARTESIAN_POINT ( 'NONE',  ( 3.500000000000003109, 1.474999999999999867, -0.9749999999999897637 ) ) ;
#8611 = ORIENTED_EDGE ( 'NONE', *, *, #5372, .F. ) ;
#8612 = DIRECTION ( 'NONE',  ( 0.000000000000000000, 0.000000000000000000, -1.000000000000000000 ) ) ;
#8613 = CARTESIAN_POINT ( 'NONE',  ( -2.950000000000000622, 1.149999999999999911, -1.050000000000000488 ) ) ;
#8614 = ADVANCED_FACE ( 'NONE', ( #1709 ), #2102, .F. ) ;
#8615 = VERTEX_POINT ( 'NONE', #9335 ) ;
#8616 = EDGE_CURVE ( 'NONE', #2552, #7076, #10351, .T. ) ;
#8617 = DIRECTION ( 'NONE',  ( 0.7071067811865474617, -0.7071067811865474617, -0.000000000000000000 ) ) ;
#8618 = VERTEX_POINT ( 'NONE', #1216 ) ;
#8619 = DIRECTION ( 'NONE',  ( -0.000000000000000000, -1.000000000000000000, -1.694065894508603636E-16 ) ) ;
#8620 = CARTESIAN_POINT ( 'NONE',  ( 1.125000000000000222, 0.7499999999999998890, -0.3499999999999998113 ) ) ;
#8621 = LINE ( 'NONE', #7364, #4190 ) ;
#8622 = EDGE_CURVE ( 'NONE', #12859, #11457, #10304, .T. ) ;
#8623 = PLANE ( 'NONE',  #6215 ) ;
#8624 = ORIENTED_EDGE ( 'NONE', *, *, #1687, .T. ) ;
#8625 = EDGE_CURVE ( 'NONE', #10958, #12789, #1515, .T. ) ;
#8626 = CARTESIAN_POINT ( 'NONE',  ( 2.740000000000000657, 1.299999999999999156, -0.3499999999999994227 ) ) ;
#8627 = AXIS2_PLACEMENT_3D ( 'NONE', #11795, #10864, #12668 ) ;
#8628 = CLOSED_SHELL ( 'NONE', ( #12625, #6899, #12836, #3927, #3981, #6838, #12899, #3150, #1804, #10477, #5310, #8483, #9157, #12860, #2574, #12738, #8331, #7512, #465, #4434, #1212, #1141, #5919, #6621, #2817 ) ) ;
#8629 = EDGE_LOOP ( 'NONE', ( #9518, #5205, #12711, #475 ) ) ;
#8630 = CYLINDRICAL_SURFACE ( 'NONE', #9846, 0.2236160714285718720 ) ;
#8631 = VECTOR ( 'NONE', #12149, 1000.000000000000000 ) ;
#8632 = ORIENTED_EDGE ( 'NONE', *, *, #4498, .F. ) ;
#8633 = AXIS2_PLACEMENT_3D ( 'NONE', #7136, #7042, #3184 ) ;
#8634 = EDGE_LOOP ( 'NONE', ( #2757, #4852, #7519, #11710 ) ) ;
#8635 = ORIENTED_EDGE ( 'NONE', *, *, #4503, .T. ) ;
#8636 = DIRECTION ( 'NONE',  ( -1.000000000000000000, 0.000000000000000000, 0.000000000000000000 ) ) ;
#8637 = ORIENTED_EDGE ( 'NONE', *, *, #12239, .F. ) ;
#8638 = DIRECTION ( 'NONE',  ( -0.5773502691896242878, -0.5773502691896251759, -0.5773502691896278405 ) ) ;
#8639 = VECTOR ( 'NONE', #7401, 1000.000000000000000 ) ;
#8640 = VECTOR ( 'NONE', #8246, 1000.000000000000000 ) ;
#8641 = ORIENTED_EDGE ( 'NONE', *, *, #2600, .F. ) ;
#8642 = ORIENTED_EDGE ( 'NONE', *, *, #7275, .T. ) ;
#8643 = PLANE ( 'NONE',  #10 ) ;
#8644 = EDGE_CURVE ( 'NONE', #11027, #11420, #5823, .T. ) ;
#8645 = CARTESIAN_POINT ( 'NONE',  ( 3.000000000000000444, 1.150000000000011013, 1.274999999999999245 ) ) ;
#8646 = LINE ( 'NONE', #8365, #4099 ) ;
#8647 = CARTESIAN_POINT ( 'NONE',  ( -1.275000000000000133, 1.574999999999999734, -1.300000000000000711 ) ) ;
#8648 = DIRECTION ( 'NONE',  ( -0.000000000000000000, 1.000000000000000000, 0.000000000000000000 ) ) ;
#8649 = VECTOR ( 'NONE', #3694, 1000.000000000000000 ) ;
#8650 = CARTESIAN_POINT ( 'NONE',  ( -2.596666666666667123, 0.6283333333333327442, 1.371666666666668366 ) ) ;
#8651 = VECTOR ( 'NONE', #10713, 1000.000000000000000 ) ;
#8652 = CARTESIAN_POINT ( 'NONE',  ( 0.5250000000000004663, 1.474999999999999867, -1.350000000000000755 ) ) ;
#8653 = VERTEX_POINT ( 'NONE', #9600 ) ;
#8654 = AXIS2_PLACEMENT_3D ( 'NONE', #11270, #392, #10539 ) ;
#8655 = EDGE_LOOP ( 'NONE', ( #4514, #144, #2823 ) ) ;
#8656 = DIRECTION ( 'NONE',  ( 0.000000000000000000, -0.000000000000000000, 1.000000000000000000 ) ) ;
#8657 = DIRECTION ( 'NONE',  ( 1.000000000000000000, 0.000000000000000000, -0.000000000000000000 ) ) ;
#8658 = ORIENTED_EDGE ( 'NONE', *, *, #1690, .T. ) ;
#8659 = LINE ( 'NONE', #4573, #8678 ) ;
#8660 = CARTESIAN_POINT ( 'NONE',  ( 3.500000000000000000, 1.574999999999999734, 1.350000000000000533 ) ) ;
#8661 = CIRCLE ( 'NONE', #8795, 0.03000000000000002318 ) ;
#8662 = CARTESIAN_POINT ( 'NONE',  ( -0.4583333333333333703, 0.6166666666666658081, -0.2666666666666664964 ) ) ;
#8663 = VERTEX_POINT ( 'NONE', #8384 ) ;
#8664 = CARTESIAN_POINT ( 'NONE',  ( 2.950000000000000622, 1.149999999999999911, -1.050000000000000488 ) ) ;
#8665 = CARTESIAN_POINT ( 'NONE',  ( 1.125000000000000222, 0.1000000000000000056, -0.9499999999999999556 ) ) ;
#8666 = ORIENTED_EDGE ( 'NONE', *, *, #1285, .F. ) ;
#8667 = EDGE_LOOP ( 'NONE', ( #4432, #3871, #4964, #4565, #525, #4459, #11543, #2580, #334, #6151, #10054, #1023, #6052, #9419, #13147, #6321, #3617, #3874, #8794 ) ) ;
#8668 = DIRECTION ( 'NONE',  ( -1.000000000000000000, 0.000000000000000000, 0.000000000000000000 ) ) ;
#8669 = CARTESIAN_POINT ( 'NONE',  ( 2.075000000000000178, 0.000000000000000000, -1.300000000000000044 ) ) ;
#8670 = EDGE_CURVE ( 'NONE', #4551, #3077, #5948, .T. ) ;
#8671 = ORIENTED_EDGE ( 'NONE', *, *, #4883, .T. ) ;
#8672 = PLANE ( 'NONE',  #7552 ) ;
#8673 = ORIENTED_EDGE ( 'NONE', *, *, #3044, .F. ) ;
#8674 = CARTESIAN_POINT ( 'NONE',  ( 1.925000000000000044, 0.4499999999999991784, -1.350000000000000533 ) ) ;
#8675 = CARTESIAN_POINT ( 'NONE',  ( -3.200000000000000178, 0.6200000000000113198, 1.324999999999999956 ) ) ;
#8676 = CARTESIAN_POINT ( 'NONE',  ( -2.500000000000000888, 1.499999999999999334, 1.275000000000001910 ) ) ;
#8677 = ORIENTED_EDGE ( 'NONE', *, *, #4395, .F. ) ;
#8678 = VECTOR ( 'NONE', #10703, 1000.000000000000000 ) ;
#8679 = FACE_OUTER_BOUND ( 'NONE', #6593, .T. ) ;
#8680 = ORIENTED_EDGE ( 'NONE', *, *, #12502, .T. ) ;
#8681 = CARTESIAN_POINT ( 'NONE',  ( -2.075000000000000178, 1.125000000000000222, -0.5500000000000018208 ) ) ;
#8682 = ORIENTED_EDGE ( 'NONE', *, *, #8754, .T. ) ;
#8683 = VERTEX_POINT ( 'NONE', #12477 ) ;
#8684 = DIRECTION ( 'NONE',  ( 0.000000000000000000, 1.000000000000000000, -0.000000000000000000 ) ) ;
#8685 = DIRECTION ( 'NONE',  ( 0.000000000000000000, 0.000000000000000000, -1.000000000000000000 ) ) ;
#8686 = ADVANCED_FACE ( 'NONE', ( #10413 ), #8672, .F. ) ;
#8687 = ORIENTED_EDGE ( 'NONE', *, *, #7164, .F. ) ;
#8688 = DIRECTION ( 'NONE',  ( -0.000000000000000000, 1.000000000000000000, 0.000000000000000000 ) ) ;
#8689 = DIRECTION ( 'NONE',  ( 0.000000000000000000, -1.172110456741085828E-16, -1.000000000000000000 ) ) ;
#8690 = VECTOR ( 'NONE', #7498, 1000.000000000000114 ) ;
#8691 = ORIENTED_EDGE ( 'NONE', *, *, #1843, .F. ) ;
#8692 = CARTESIAN_POINT ( 'NONE',  ( -1.925000000000000044, 0.000000000000000000, -1.300000000000000044 ) ) ;
#8693 = CARTESIAN_POINT ( 'NONE',  ( -2.075000000000000178, 0.2299999999999946254, -1.300000000000000711 ) ) ;
#8694 = DIRECTION ( 'NONE',  ( -0.000000000000000000, 1.000000000000000000, 1.694065894508603883E-16 ) ) ;
#8695 = ORIENTED_EDGE ( 'NONE', *, *, #2748, .T. ) ;
#8696 = DIRECTION ( 'NONE',  ( 1.000000000000000000, 1.275531967630008943E-16, -0.000000000000000000 ) ) ;
#8697 = DIRECTION ( 'NONE',  ( 0.000000000000000000, -1.000000000000000000, 0.000000000000000000 ) ) ;
#8698 = ORIENTED_EDGE ( 'NONE', *, *, #8266, .T. ) ;
#8699 = PLANE ( 'NONE',  #9088 ) ;
#8700 = CARTESIAN_POINT ( 'NONE',  ( 3.500000000000000000, 0.1500000000000054623, 0.07500000000000120459 ) ) ;
#8701 = VECTOR ( 'NONE', #8638, 1000.000000000000114 ) ;
#8702 = DIRECTION ( 'NONE',  ( 7.228014483236696555E-16, -1.000000000000000000, 0.000000000000000000 ) ) ;
#8703 = ORIENTED_EDGE ( 'NONE', *, *, #5888, .F. ) ;
#8704 = SHAPE_DEFINITION_REPRESENTATION ( #10688, #12765 ) ;
#8705 = ADVANCED_FACE ( 'NONE', ( #6185 ), #7404, .F. ) ;
#8706 = ORIENTED_EDGE ( 'NONE', *, *, #11885, .F. ) ;
#8707 = ORIENTED_EDGE ( 'NONE', *, *, #2316, .T. ) ;
#8708 = DIRECTION ( 'NONE',  ( -0.000000000000000000, -0.000000000000000000, -1.000000000000000000 ) ) ;
#8709 = EDGE_LOOP ( 'NONE', ( #858, #13236, #9381, #10051 ) ) ;
#8710 = ADVANCED_FACE ( 'NONE', ( #1586 ), #8588, .T. ) ;
#8711 = EDGE_CURVE ( 'NONE', #9462, #11532, #6081, .T. ) ;
#8712 = VECTOR ( 'NONE', #2818, 1000.000000000000000 ) ;
#8713 = DIRECTION ( 'NONE',  ( 0.000000000000000000, 0.000000000000000000, 1.000000000000000000 ) ) ;
#8714 = CARTESIAN_POINT ( 'NONE',  ( 2.925000000000000266, 1.150000000000011458, 1.350000000000000533 ) ) ;
#8715 = ORIENTED_EDGE ( 'NONE', *, *, #3415, .F. ) ;
#8716 = ADVANCED_FACE ( 'NONE', ( #10372, #6116, #5927, #1541, #6016, #10433, #5891 ), #10614, .T. ) ;
#8717 = ORIENTED_EDGE ( 'NONE', *, *, #1096, .F. ) ;
#8718 = CARTESIAN_POINT ( 'NONE',  ( 3.500000000000000000, 1.750000000000000000, -1.275000000000001910 ) ) ;
#8719 = AXIS2_PLACEMENT_3D ( 'NONE', #9533, #10558, #3408 ) ;
#8720 = ORIENTED_EDGE ( 'NONE', *, *, #4752, .T. ) ;
#8721 = DIRECTION ( 'NONE',  ( 1.000000000000000000, 0.000000000000000000, 0.000000000000000000 ) ) ;
#8722 = EDGE_CURVE ( 'NONE', #2082, #5121, #10453, .T. ) ;
#8723 = EDGE_CURVE ( 'NONE', #12834, #13172, #6063, .T. ) ;
#8724 = EDGE_CURVE ( 'NONE', #4403, #1701, #6042, .T. ) ;
#8725 = ORIENTED_EDGE ( 'NONE', *, *, #10299, .T. ) ;
#8726 = EDGE_CURVE ( 'NONE', #5065, #9906, #10263, .T. ) ;
#8727 = ORIENTED_EDGE ( 'NONE', *, *, #11584, .T. ) ;
#8728 = VERTEX_POINT ( 'NONE', #6221 ) ;
#8729 = EDGE_CURVE ( 'NONE', #13014, #9961, #10496, .T. ) ;
#8730 = CARTESIAN_POINT ( 'NONE',  ( -1.324999999999999734, 1.675000000000001377, -1.350000000000000533 ) ) ;
#8731 = CARTESIAN_POINT ( 'NONE',  ( -3.500000000000000000, 1.150000000000011013, 1.350000000000000533 ) ) ;
#8732 = CARTESIAN_POINT ( 'NONE',  ( 3.500000000000000000, 0.2299999999999946254, -1.350000000000000533 ) ) ;
#8733 = ORIENTED_EDGE ( 'NONE', *, *, #11851, .F. ) ;
#8734 = DIRECTION ( 'NONE',  ( 0.000000000000000000, 1.000000000000000000, 0.000000000000000000 ) ) ;
#8735 = FACE_OUTER_BOUND ( 'NONE', #2080, .T. ) ;
#8736 = CARTESIAN_POINT ( 'NONE',  ( 3.500000000000000000, 1.750000000000000000, -1.275000000000001910 ) ) ;
#8737 = VERTEX_POINT ( 'NONE', #12867 ) ;
#8738 = ORIENTED_EDGE ( 'NONE', *, *, #10786, .F. ) ;
#8739 = AXIS2_PLACEMENT_3D ( 'NONE', #1602, #9911, #7697 ) ;
#8740 = DIRECTION ( 'NONE',  ( 1.000000000000000000, -0.000000000000000000, -0.000000000000000000 ) ) ;
#8741 = CARTESIAN_POINT ( 'NONE',  ( 1.925000000000000044, 0.4499999999999991784, -0.5500000000000020428 ) ) ;
#8742 = ORIENTED_EDGE ( 'NONE', *, *, #756, .T. ) ;
#8743 = LINE ( 'NONE', #9387, #4172 ) ;
#8744 = DIRECTION ( 'NONE',  ( 0.000000000000000000, 0.000000000000000000, 1.000000000000000000 ) ) ;
#8745 = ORIENTED_EDGE ( 'NONE', *, *, #11960, .T. ) ;
#8746 = FILL_AREA_STYLE_COLOUR ( '', #12004 ) ;
#8747 = EDGE_CURVE ( 'NONE', #6382, #12890, #1478, .T. ) ;
#8748 = DIRECTION ( 'NONE',  ( -1.000000000000000000, 0.000000000000000000, 0.000000000000000000 ) ) ;
#8749 = VERTEX_POINT ( 'NONE', #6004 ) ;
#8750 = EDGE_LOOP ( 'NONE', ( #1254, #654, #6251, #2145 ) ) ;
#8751 = CARTESIAN_POINT ( 'NONE',  ( -2.075000000000000178, 0.000000000000000000, -1.300000000000000044 ) ) ;
#8752 = CARTESIAN_POINT ( 'NONE',  ( 1.275000000000000133, 1.150000000000000133, -1.229999999999999982 ) ) ;
#8753 = ORIENTED_EDGE ( 'NONE', *, *, #5999, .F. ) ;
#8754 = EDGE_CURVE ( 'NONE', #7329, #5976, #1437, .T. ) ;
#8755 = DIRECTION ( 'NONE',  ( 1.000000000000000000, -0.000000000000000000, -0.000000000000000000 ) ) ;
#8756 = VECTOR ( 'NONE', #10541, 1000.000000000000114 ) ;
#8757 = DIRECTION ( 'NONE',  ( 0.000000000000000000, -0.000000000000000000, 1.000000000000000000 ) ) ;
#8758 = EDGE_CURVE ( 'NONE', #2481, #2344, #1736, .T. ) ;
#8759 = ORIENTED_EDGE ( 'NONE', *, *, #8729, .F. ) ;
#8760 = DIRECTION ( 'NONE',  ( 0.000000000000000000, -0.000000000000000000, 1.000000000000000000 ) ) ;
#8761 = ORIENTED_EDGE ( 'NONE', *, *, #12692, .T. ) ;
#8762 = DIRECTION ( 'NONE',  ( -0.000000000000000000, -0.000000000000000000, 1.000000000000000000 ) ) ;
#8763 = DIRECTION ( 'NONE',  ( -0.000000000000000000, 0.000000000000000000, -1.000000000000000000 ) ) ;
#8764 = PLANE ( 'NONE',  #12275 ) ;
#8765 = VERTEX_POINT ( 'NONE', #728 ) ;
#8766 = VECTOR ( 'NONE', #6997, 1000.000000000000114 ) ;
#8767 = AXIS2_PLACEMENT_3D ( 'NONE', #4848, #10716, #8685 ) ;
#8768 = VECTOR ( 'NONE', #5793, 1000.000000000000000 ) ;
#8769 = ORIENTED_EDGE ( 'NONE', *, *, #8897, .F. ) ;
#8770 = SURFACE_STYLE_USAGE ( .BOTH. , #9608 ) ;
#8771 = VERTEX_POINT ( 'NONE', #6816 ) ;
#8772 = ORIENTED_EDGE ( 'NONE', *, *, #2486, .F. ) ;
#8773 = DIRECTION ( 'NONE',  ( 0.000000000000000000, -0.000000000000000000, 1.000000000000000000 ) ) ;
#8774 = EDGE_CURVE ( 'NONE', #6564, #1115, #10524, .T. ) ;
#8775 = ORIENTED_EDGE ( 'NONE', *, *, #1068, .T. ) ;
#8776 = CARTESIAN_POINT ( 'NONE',  ( -1.125000000000000222, 0.000000000000000000, -0.9499999999999999556 ) ) ;
#8777 = LINE ( 'NONE', #3589, #8690 ) ;
#8778 = ORIENTED_EDGE ( 'NONE', *, *, #526, .T. ) ;
#8779 = DIRECTION ( 'NONE',  ( 1.275531967630008943E-16, -1.000000000000000000, 0.000000000000000000 ) ) ;
#8780 = EDGE_CURVE ( 'NONE', #12672, #829, #6143, .T. ) ;
#8781 = CARTESIAN_POINT ( 'NONE',  ( 3.200000000000000178, 1.075000000000010614, 1.350000000000000533 ) ) ;
#8782 = CARTESIAN_POINT ( 'NONE',  ( -1.324999999999999734, 0.2299999999999946254, -1.350000000000000533 ) ) ;
#8783 = VERTEX_POINT ( 'NONE', #1893 ) ;
#8784 = EDGE_CURVE ( 'NONE', #5836, #6339, #1756, .T. ) ;
#8785 = DIRECTION ( 'NONE',  ( 1.000000000000000000, -0.000000000000000000, -0.000000000000000000 ) ) ;
#8786 = LINE ( 'NONE', #2739, #3816 ) ;
#8787 = CARTESIAN_POINT ( 'NONE',  ( 0.4750000000000001443, 1.125000000000000222, -0.5500000000000018208 ) ) ;
#8788 = VERTEX_POINT ( 'NONE', #2553 ) ;
#8789 = LINE ( 'NONE', #1472, #13101 ) ;
#8790 = DIRECTION ( 'NONE',  ( 0.000000000000000000, 0.000000000000000000, 1.000000000000000000 ) ) ;
#8791 = DIRECTION ( 'NONE',  ( 1.000000000000000000, 0.000000000000000000, 0.000000000000000000 ) ) ;
#8792 = LINE ( 'NONE', #2409, #4273 ) ;
#8793 = ORIENTED_EDGE ( 'NONE', *, *, #6175, .F. ) ;
#8794 = ORIENTED_EDGE ( 'NONE', *, *, #3923, .F. ) ;
#8795 = AXIS2_PLACEMENT_3D ( 'NONE', #1936, #694, #782 ) ;
#8796 = ORIENTED_EDGE ( 'NONE', *, *, #9087, .T. ) ;
#8797 = CARTESIAN_POINT ( 'NONE',  ( -2.649999999999999023, 1.675000000000001377, -1.350000000000000533 ) ) ;
#8798 = VERTEX_POINT ( 'NONE', #10042 ) ;
#8799 = ADVANCED_FACE ( 'NONE', ( #10630 ), #7750, .F. ) ;
#8800 = ORIENTED_EDGE ( 'NONE', *, *, #11713, .T. ) ;
#8801 = VECTOR ( 'NONE', #6826, 1000.000000000000000 ) ;
#8802 = DIRECTION ( 'NONE',  ( 0.000000000000000000, 1.000000000000000000, 0.000000000000000000 ) ) ;
#8803 = DIRECTION ( 'NONE',  ( -1.000000000000000000, -3.614007241618339403E-16, 7.228014483236698528E-16 ) ) ;
#8804 = ORIENTED_EDGE ( 'NONE', *, *, #6285, .T. ) ;
#8805 = CARTESIAN_POINT ( 'NONE',  ( -0.4749999999999993672, 1.574999999999999734, -0.5500000000000017097 ) ) ;
#8806 = ORIENTED_EDGE ( 'NONE', *, *, #2417, .T. ) ;
#8807 = LINE ( 'NONE', #1658, #12853 ) ;
#8808 = EDGE_CURVE ( 'NONE', #13115, #5787, #1791, .T. ) ;
#8809 = DIRECTION ( 'NONE',  ( -0.000000000000000000, -1.000000000000000000, -0.000000000000000000 ) ) ;
#8810 = ORIENTED_EDGE ( 'NONE', *, *, #8027, .F. ) ;
#8811 = LINE ( 'NONE', #12670, #4171 ) ;
#8812 = FACE_OUTER_BOUND ( 'NONE', #3942, .T. ) ;
#8813 = ORIENTED_EDGE ( 'NONE', *, *, #1077, .F. ) ;
#8814 = ORIENTED_EDGE ( 'NONE', *, *, #2599, .F. ) ;
#8815 = ORIENTED_EDGE ( 'NONE', *, *, #128, .T. ) ;
#8816 = DIRECTION ( 'NONE',  ( 0.000000000000000000, 0.000000000000000000, -1.000000000000000000 ) ) ;
#8817 = ORIENTED_EDGE ( 'NONE', *, *, #8067, .T. ) ;
#8818 = AXIS2_PLACEMENT_3D ( 'NONE', #11591, #529, #7627 ) ;
#8819 = DIRECTION ( 'NONE',  ( 0.000000000000000000, -2.409338161078897701E-16, -1.000000000000000000 ) ) ;
#8820 = DIRECTION ( 'NONE',  ( -1.000000000000000000, 0.000000000000000000, 0.000000000000000000 ) ) ;
#8821 = ORIENTED_EDGE ( 'NONE', *, *, #11494, .T. ) ;
#8822 = ADVANCED_FACE ( 'NONE', ( #10652 ), #1643, .F. ) ;
#8823 = LINE ( 'NONE', #396, #4469 ) ;
#8824 = ORIENTED_EDGE ( 'NONE', *, *, #435, .F. ) ;
#8825 = ADVANCED_FACE ( 'NONE', ( #10280 ), #1729, .T. ) ;
#8826 = ORIENTED_EDGE ( 'NONE', *, *, #9207, .F. ) ;
#8827 = DIRECTION ( 'NONE',  ( 0.000000000000000000, -1.000000000000000000, 1.172110456741085828E-16 ) ) ;
#8828 = ADVANCED_FACE ( 'NONE', ( #1813 ), #3963, .F. ) ;
#8829 = DIRECTION ( 'NONE',  ( 0.000000000000000000, 0.000000000000000000, -1.000000000000000000 ) ) ;
#8830 = DIRECTION ( 'NONE',  ( 0.000000000000000000, 1.000000000000000000, 0.000000000000000000 ) ) ;
#8831 = ORIENTED_EDGE ( 'NONE', *, *, #6733, .T. ) ;
#8832 = VECTOR ( 'NONE', #1641, 1000.000000000000000 ) ;
#8833 = CARTESIAN_POINT ( 'NONE',  ( 1.925000000000000044, 0.7499999999999998890, -0.3999999999999999667 ) ) ;
#8834 = LINE ( 'NONE', #3722, #8292 ) ;
#8835 = VERTEX_POINT ( 'NONE', #3863 ) ;
#8836 = ORIENTED_EDGE ( 'NONE', *, *, #12878, .T. ) ;
#8837 = DIRECTION ( 'NONE',  ( -0.000000000000000000, 1.000000000000000000, 1.694065894508603883E-16 ) ) ;
#8838 = ORIENTED_EDGE ( 'NONE', *, *, #10135, .F. ) ;
#8839 = ORIENTED_EDGE ( 'NONE', *, *, #3902, .T. ) ;
#8840 = FILL_AREA_STYLE_COLOUR ( '', #1610 ) ;
#8841 = CARTESIAN_POINT ( 'NONE',  ( -3.200000000000000178, 0.3800000000000112732, 1.324999999999999956 ) ) ;
#8842 = FILL_AREA_STYLE ('',( #5269 ) ) ;
#8843 = ORIENTED_EDGE ( 'NONE', *, *, #1232, .F. ) ;
#8844 = DIRECTION ( 'NONE',  ( 0.000000000000000000, 0.000000000000000000, 1.000000000000000000 ) ) ;
#8845 = CYLINDRICAL_SURFACE ( 'NONE', #5206, 0.02999999999999997113 ) ;
#8846 = FILL_AREA_STYLE_COLOUR ( '', #13121 ) ;
#8847 = EDGE_LOOP ( 'NONE', ( #11425, #4485, #7208, #5107 ) ) ;
#8848 = CARTESIAN_POINT ( 'NONE',  ( 3.500000000000000000, 0.1250000000000055234, 1.350000000000000533 ) ) ;
#8849 = EDGE_LOOP ( 'NONE', ( #4713, #697, #445, #8815, #4276, #194 ) ) ;
#8850 = DIRECTION ( 'NONE',  ( 1.000000000000000000, 0.000000000000000000, -0.000000000000000000 ) ) ;
#8851 = CARTESIAN_POINT ( 'NONE',  ( -0.2000000000000000944, 3.600000000000000089, 0.5749999999999982903 ) ) ;
#8852 = ORIENTED_EDGE ( 'NONE', *, *, #4639, .T. ) ;
#8853 = VECTOR ( 'NONE', #2687, 1000.000000000000000 ) ;
#8854 = ORIENTED_EDGE ( 'NONE', *, *, #8554, .F. ) ;
#8855 = ORIENTED_EDGE ( 'NONE', *, *, #10570, .F. ) ;
#8856 = CARTESIAN_POINT ( 'NONE',  ( 2.574999999999999734, 1.750000000000000000, 1.350000000000000533 ) ) ;
#8857 = ORIENTED_EDGE ( 'NONE', *, *, #10297, .F. ) ;
#8858 = ORIENTED_EDGE ( 'NONE', *, *, #3303, .T. ) ;
#8859 = ORIENTED_EDGE ( 'NONE', *, *, #5665, .F. ) ;
#8860 = EDGE_CURVE ( 'NONE', #10466, #3486, #6224, .T. ) ;
#8861 = DIRECTION ( 'NONE',  ( 1.000000000000000000, 0.000000000000000000, -0.000000000000000000 ) ) ;
#8862 = DIRECTION ( 'NONE',  ( 0.000000000000000000, -5.421010862427604014E-16, 1.000000000000000000 ) ) ;
#8863 = DIRECTION ( 'NONE',  ( 0.7071067811865497932, -1.703659351870409300E-16, -0.7071067811865452413 ) ) ;
#8864 = DIRECTION ( 'NONE',  ( 0.000000000000000000, 1.000000000000000000, -0.000000000000000000 ) ) ;
#8865 = ORIENTED_EDGE ( 'NONE', *, *, #3818, .F. ) ;
#8866 = AXIS2_PLACEMENT_3D ( 'NONE', #10896, #5945, #11057 ) ;
#8867 = CARTESIAN_POINT ( 'NONE',  ( 1.399999999999999911, 3.600000000000000089, 0.5749999999999982903 ) ) ;
#8868 = LINE ( 'NONE', #6571, #8914 ) ;
#8869 = PLANE ( 'NONE',  #6900 ) ;
#8870 = ORIENTED_EDGE ( 'NONE', *, *, #2347, .T. ) ;
#8871 = VECTOR ( 'NONE', #2806, 1000.000000000000000 ) ;
#8872 = CARTESIAN_POINT ( 'NONE',  ( 3.500000000000003553, 1.149999999999999911, -1.349999999999989653 ) ) ;
#8873 = DIRECTION ( 'NONE',  ( 0.000000000000000000, 1.000000000000000000, -2.409338161078897701E-16 ) ) ;
#8874 = LINE ( 'NONE', #12927, #8853 ) ;
#8875 = VERTEX_POINT ( 'NONE', #13061 ) ;
#8876 = AXIS2_PLACEMENT_3D ( 'NONE', #1257, #4525, #12923 ) ;
#8877 = DIRECTION ( 'NONE',  ( -1.445602896647340100E-15, 1.000000000000000000, 0.000000000000000000 ) ) ;
#8878 = VERTEX_POINT ( 'NONE', #818 ) ;
#8879 = ORIENTED_EDGE ( 'NONE', *, *, #4089, .T. ) ;
#8880 = DIRECTION ( 'NONE',  ( 1.000000000000000000, 4.818676322157797375E-16, 0.000000000000000000 ) ) ;
#8881 = ORIENTED_EDGE ( 'NONE', *, *, #4128, .F. ) ;
#8882 = EDGE_CURVE ( 'NONE', #6484, #12888, #1836, .T. ) ;
#8883 = ADVANCED_FACE ( 'NONE', ( #10696 ), #1808, .F. ) ;
#8884 = ORIENTED_EDGE ( 'NONE', *, *, #901, .F. ) ;
#8885 = AXIS2_PLACEMENT_3D ( 'NONE', #2917, #4865, #1845 ) ;
#8886 = EDGE_CURVE ( 'NONE', #2526, #5301, #1457, .T. ) ;
#8887 = SURFACE_STYLE_FILL_AREA ( #8601 ) ;
#8888 = EDGE_CURVE ( 'NONE', #5539, #5254, #5871, .T. ) ;
#8889 = DIRECTION ( 'NONE',  ( 0.000000000000000000, -0.000000000000000000, 1.000000000000000000 ) ) ;
#8890 = PLANE ( 'NONE',  #8739 ) ;
#8891 = EDGE_CURVE ( 'NONE', #7442, #5961, #6354, .T. ) ;
#8892 = PLANE ( 'NONE',  #5358 ) ;
#8893 = EDGE_LOOP ( 'NONE', ( #5638, #720, #10024, #5469 ) ) ;
#8894 = LINE ( 'NONE', #9793, #4636 ) ;
#8895 = PLANE ( 'NONE',  #5086 ) ;
#8896 = ORIENTED_EDGE ( 'NONE', *, *, #13231, .F. ) ;
#8897 = EDGE_CURVE ( 'NONE', #6217, #8878, #2181, .T. ) ;
#8898 = SURFACE_STYLE_FILL_AREA ( #726 ) ;
#8899 = LINE ( 'NONE', #1206, #88 ) ;
#8900 = ORIENTED_EDGE ( 'NONE', *, *, #6365, .T. ) ;
#8901 = ORIENTED_EDGE ( 'NONE', *, *, #6283, .F. ) ;
#8902 = ORIENTED_EDGE ( 'NONE', *, *, #4089, .F. ) ;
#8903 = DIRECTION ( 'NONE',  ( -1.000000000000000000, 0.000000000000000000, 0.000000000000000000 ) ) ;
#8904 = ORIENTED_EDGE ( 'NONE', *, *, #12231, .F. ) ;
#8905 = CARTESIAN_POINT ( 'NONE',  ( 2.574999999999999734, 0.6500000000000001332, 1.350000000000000533 ) ) ;
#8906 = AXIS2_PLACEMENT_3D ( 'NONE', #5270, #6250, #8421 ) ;
#8907 = ORIENTED_EDGE ( 'NONE', *, *, #3730, .T. ) ;
#8908 = DIRECTION ( 'NONE',  ( 1.000000000000000000, 0.000000000000000000, -0.000000000000000000 ) ) ;
#8909 = DIRECTION ( 'NONE',  ( 0.000000000000000000, -1.000000000000000000, 0.000000000000000000 ) ) ;
#8910 = EDGE_CURVE ( 'NONE', #9983, #4591, #1956, .T. ) ;
#8911 = ORIENTED_EDGE ( 'NONE', *, *, #3723, .T. ) ;
#8912 = DIRECTION ( 'NONE',  ( 0.000000000000000000, -1.000000000000000000, 0.000000000000000000 ) ) ;
#8913 = EDGE_CURVE ( 'NONE', #6530, #7968, #2286, .T. ) ;
#8914 = VECTOR ( 'NONE', #7590, 1000.000000000000000 ) ;
#8915 = PLANE ( 'NONE',  #3931 ) ;
#8916 = CLOSED_SHELL ( 'NONE', ( #1215, #6598, #5914, #1399, #3170, #9993, #7066, #4769, #7465, #7878, #10719, #8825, #7853, #9962, #4240, #7283, #6960, #7035, #9368, #8991, #12894, #4988, #1033, #10981, #4779, #8273, #11246, #5695, #8032, #12523, #7462, #8934, #4406, #3491, #1506, #6619, #9959, #11985, #10830, #6720, #2885, #3255, #9331, #9883, #3369, #490, #10100, #11252, #5604, #1642, #10450, #8305, #9012, #6022, #2061, #9749, #2566, #1532, #11521, #9655, #12408, #932, #13234, #8547, #706, #6281, #10823, #9635, #9309, #12317, #11553, #487, #9661, #7356, #7795, #3203, #10426, #12401, #11658, #11306, #8716, #2451, #598, #2676, #7569, #5380, #11037, #7577, #8799, #1928, #5703, #3856, #6410, #11031, #97, #2128, #9151, #9040, #9781, #1750, #8828, #7256, #9522, #2542, #2310, #3349, #11135, #9420, #7667, #3289, #5091, #592, #5119, #6405, #2881, #2200, #1094, #8359, #4644, #9943, #9511, #12889, #3766, #2095, #11981, #10922, #1432, #5387, #4096, #6338, #9255, #7919, #11104, #5598, #12771, #6841, #7226, #12200, #5356, #12088, #10728, #5593, #1042, #13194, #8686, #8883, #4550, #8710, #4129, #7998, #7563, #3174, #6029, #4775, #3517, #12518, #5841, #7913, #3619, #2419, #12763, #10325, #11442, #5462, #10583, #3401, #12060, #6956, #7249, #8454, #5489, #11357, #5282, #4045, #146, #11412, #277, #10055, #13224, #12439, #2992, #8614, #3522, #768, #6122, #1853, #3643, #12204, #816, #2345, #8354, #1427, #3731, #6258, #12041, #8705, #6729, #9775, #12096, #712, #10833, #7802, #3062, #7177, #8152, #13239, #7673, #4319, #3772, #8158, #3833, #567, #9362, #9045, #2996, #252, #5870, #10320, #13125, #12492, #9127, #4441, #4676, #9556, #7064 ) ) ;
#8917 = LINE ( 'NONE', #3670, #8639 ) ;
#8918 = DIRECTION ( 'NONE',  ( 0.000000000000000000, -0.000000000000000000, -1.000000000000000000 ) ) ;
#8919 = LINE ( 'NONE', #3950, #350 ) ;
#8920 = ORIENTED_EDGE ( 'NONE', *, *, #5557, .F. ) ;
#8921 = EDGE_CURVE ( 'NONE', #2934, #2572, #6373, .T. ) ;
#8922 = ORIENTED_EDGE ( 'NONE', *, *, #587, .F. ) ;
#8923 = EDGE_CURVE ( 'NONE', #8555, #4492, #10821, .T. ) ;
#8924 = DIRECTION ( 'NONE',  ( 1.000000000000000000, 0.000000000000000000, 0.000000000000000000 ) ) ;
#8925 = ORIENTED_EDGE ( 'NONE', *, *, #8882, .F. ) ;
#8926 = EDGE_CURVE ( 'NONE', #11732, #7442, #11150, .T. ) ;
#8927 = EDGE_LOOP ( 'NONE', ( #4286, #13022, #4264, #8263 ) ) ;
#8928 = CARTESIAN_POINT ( 'NONE',  ( -2.075000000000000622, 1.474999999999999867, -0.9749999999999905409 ) ) ;
#8929 = PLANE ( 'NONE',  #576 ) ;
#8930 = EDGE_LOOP ( 'NONE', ( #13206, #9196, #163, #3965, #12823, #5320 ) ) ;
#8931 = DIRECTION ( 'NONE',  ( -4.818676322157797375E-16, 1.000000000000000000, 0.000000000000000000 ) ) ;
#8932 = AXIS2_PLACEMENT_3D ( 'NONE', #36, #1041, #5221 ) ;
#8933 = PLANE ( 'NONE',  #5198 ) ;
#8934 = ADVANCED_FACE ( 'NONE', ( #10840 ), #246, .F. ) ;
#8935 = DIRECTION ( 'NONE',  ( 1.000000000000000000, 0.000000000000000000, 0.000000000000000000 ) ) ;
#8936 = CLOSED_SHELL ( 'NONE', ( #7765, #2338, #5781, #7315, #1951, #10502, #5737, #5483, #2681, #13075, #5575, #11436, #1535, #11002, #12312, #10403, #91, #1188, #4353, #1753, #5094, #703, #205, #358, #5673 ) ) ;
#8937 = DIRECTION ( 'NONE',  ( 0.000000000000000000, 1.000000000000000000, -2.409338161078897701E-16 ) ) ;
#8938 = DIRECTION ( 'NONE',  ( 1.000000000000000000, -0.000000000000000000, -0.000000000000000000 ) ) ;
#8939 = VECTOR ( 'NONE', #3688, 1000.000000000000000 ) ;
#8940 = ADVANCED_FACE ( 'NONE', ( #6413 ), #11200, .F. ) ;
#8941 = DIRECTION ( 'NONE',  ( 1.000000000000000000, 1.275531967630008943E-16, -0.000000000000000000 ) ) ;
#8942 = EDGE_CURVE ( 'NONE', #783, #1569, #11024, .T. ) ;
#8943 = ORIENTED_EDGE ( 'NONE', *, *, #2768, .F. ) ;
#8944 = VECTOR ( 'NONE', #13026, 1000.000000000000000 ) ;
#8945 = ORIENTED_EDGE ( 'NONE', *, *, #2624, .F. ) ;
#8946 = ORIENTED_EDGE ( 'NONE', *, *, #13189, .F. ) ;
#8947 = ORIENTED_EDGE ( 'NONE', *, *, #4838, .F. ) ;
#8948 = ORIENTED_EDGE ( 'NONE', *, *, #7325, .T. ) ;
#8949 = EDGE_CURVE ( 'NONE', #927, #2339, #10861, .T. ) ;
#8950 = EDGE_CURVE ( 'NONE', #6662, #9153, #6602, .T. ) ;
#8951 = DIRECTION ( 'NONE',  ( 0.7071067811865521247, 3.407318703740853605E-16, 0.7071067811865430208 ) ) ;
#8952 = EDGE_LOOP ( 'NONE', ( #8470, #4036, #7677, #9592 ) ) ;
#8953 = DIRECTION ( 'NONE',  ( 0.000000000000000000, -0.000000000000000000, 1.000000000000000000 ) ) ;
#8954 = CIRCLE ( 'NONE', #3559, 0.2236160714285718720 ) ;
#8955 = PLANE ( 'NONE',  #12775 ) ;
#8956 = CARTESIAN_POINT ( 'NONE',  ( 1.125000000000000222, 1.575000000000000178, 0.5500000000000003775 ) ) ;
#8957 = PLANE ( 'NONE',  #4889 ) ;
#8958 = AXIS2_PLACEMENT_3D ( 'NONE', #10378, #8503, #12496 ) ;
#8959 = ORIENTED_EDGE ( 'NONE', *, *, #11451, .F. ) ;
#8960 = DIRECTION ( 'NONE',  ( -4.818676322157797375E-16, 1.000000000000000000, 0.000000000000000000 ) ) ;
#8961 = FACE_OUTER_BOUND ( 'NONE', #9629, .T. ) ;
#8962 = PLANE ( 'NONE',  #2595 ) ;
#8963 = VERTEX_POINT ( 'NONE', #4241 ) ;
#8964 = LINE ( 'NONE', #11959, #8766 ) ;
#8965 = CARTESIAN_POINT ( 'NONE',  ( -3.200000000000000178, 0.2750000000000112355, 1.350000000000000533 ) ) ;
#8966 = CARTESIAN_POINT ( 'NONE',  ( 1.925000000000000044, 1.125000000000000222, -0.5500000000000018208 ) ) ;
#8967 = LINE ( 'NONE', #5314, #9306 ) ;
#8968 = VERTEX_POINT ( 'NONE', #4159 ) ;
#8969 = CARTESIAN_POINT ( 'NONE',  ( 3.200000000000000178, 0.6950000000000109424, 1.275000000000000133 ) ) ;
#8970 = ORIENTED_EDGE ( 'NONE', *, *, #4503, .F. ) ;
#8971 = ORIENTED_EDGE ( 'NONE', *, *, #2659, .T. ) ;
#8972 = CARTESIAN_POINT ( 'NONE',  ( 3.500000000000000000, 1.150000000000011013, 1.250000000000001110 ) ) ;
#8973 = EDGE_LOOP ( 'NONE', ( #12974, #9099, #8673, #9589 ) ) ;
#8974 = ORIENTED_EDGE ( 'NONE', *, *, #5864, .F. ) ;
#8975 = FACE_OUTER_BOUND ( 'NONE', #7851, .T. ) ;
#8976 = EDGE_CURVE ( 'NONE', #9179, #354, #2021, .T. ) ;
#8977 = DIRECTION ( 'NONE',  ( -3.833233541708442001E-16, -0.7071067811865474617, -0.7071067811865474617 ) ) ;
#8978 = CARTESIAN_POINT ( 'NONE',  ( 3.500000000000000000, 1.574999999999999734, 1.350000000000000533 ) ) ;
#8979 = ORIENTED_EDGE ( 'NONE', *, *, #12011, .F. ) ;
#8980 = LINE ( 'NONE', #7190, #402 ) ;
#8981 = DIRECTION ( 'NONE',  ( 1.000000000000000000, 3.614007241618339403E-16, -0.000000000000000000 ) ) ;
#8982 = EDGE_LOOP ( 'NONE', ( #2512, #8055, #8595, #4041 ) ) ;
#8983 = CARTESIAN_POINT ( 'NONE',  ( 1.925000000000000044, 0.1000000000000000056, -0.9499999999999999556 ) ) ;
#8984 = VECTOR ( 'NONE', #899, 1000.000000000000000 ) ;
#8985 = VECTOR ( 'NONE', #4291, 1000.000000000000114 ) ;
#8986 = ORIENTED_EDGE ( 'NONE', *, *, #5755, .F. ) ;
#8987 = ORIENTED_EDGE ( 'NONE', *, *, #10246, .T. ) ;
#8988 = ORIENTED_EDGE ( 'NONE', *, *, #8034, .T. ) ;
#8989 = PLANE ( 'NONE',  #7916 ) ;
#8990 = ORIENTED_EDGE ( 'NONE', *, *, #944, .T. ) ;
#8991 = ADVANCED_FACE ( 'NONE', ( #1899 ), #5170, .F. ) ;
#8992 = EDGE_LOOP ( 'NONE', ( #2141, #98, #10810, #10824, #11447, #6766 ) ) ;
#8993 = VECTOR ( 'NONE', #2727, 1000.000000000000000 ) ;
#8994 = DIRECTION ( 'NONE',  ( 1.000000000000000000, -0.000000000000000000, -0.000000000000000000 ) ) ;
#8995 = DIRECTION ( 'NONE',  ( 1.000000000000000000, 3.614007241618339403E-16, -0.000000000000000000 ) ) ;
#8996 = ORIENTED_EDGE ( 'NONE', *, *, #6765, .T. ) ;
#8997 = CARTESIAN_POINT ( 'NONE',  ( -3.000000000000000444, 0.6200000000000113198, 1.324999999999999956 ) ) ;
#8998 = VECTOR ( 'NONE', #1011, 1000.000000000000000 ) ;
#8999 = DIRECTION ( 'NONE',  ( 1.000000000000000000, -0.000000000000000000, -0.000000000000000000 ) ) ;
#9000 = ORIENTED_EDGE ( 'NONE', *, *, #9988, .T. ) ;
#9001 = VECTOR ( 'NONE', #8026, 1000.000000000000114 ) ;
#9002 = DIRECTION ( 'NONE',  ( 0.000000000000000000, 0.000000000000000000, -1.000000000000000000 ) ) ;
#9003 = FACE_OUTER_BOUND ( 'NONE', #5802, .T. ) ;
#9004 = VERTEX_POINT ( 'NONE', #8517 ) ;
#9005 = ORIENTED_EDGE ( 'NONE', *, *, #5501, .F. ) ;
#9006 = CARTESIAN_POINT ( 'NONE',  ( -1.275000000000000133, 1.474999999999999867, -0.9749999999999905409 ) ) ;
#9007 = ORIENTED_EDGE ( 'NONE', *, *, #8910, .F. ) ;
#9008 = VERTEX_POINT ( 'NONE', #7178 ) ;
#9009 = CARTESIAN_POINT ( 'NONE',  ( -3.200000000000000178, 1.150000000000011235, 0.3500000000000004219 ) ) ;
#9010 = PLANE ( 'NONE',  #8137 ) ;
#9011 = DIRECTION ( 'NONE',  ( -1.000000000000000000, -0.000000000000000000, 0.000000000000000000 ) ) ;
#9012 = ADVANCED_FACE ( 'NONE', ( #1919 ), #7263, .F. ) ;
#9013 = DIRECTION ( 'NONE',  ( -0.000000000000000000, -0.000000000000000000, 1.000000000000000000 ) ) ;
#9014 = ORIENTED_EDGE ( 'NONE', *, *, #1251, .T. ) ;
#9015 = LINE ( 'NONE', #3780, #13213 ) ;
#9016 = DIRECTION ( 'NONE',  ( -1.275531967630008943E-16, -1.000000000000000000, 0.000000000000000000 ) ) ;
#9017 = DIRECTION ( 'NONE',  ( -0.000000000000000000, 1.000000000000000000, -0.000000000000000000 ) ) ;
#9018 = VERTEX_POINT ( 'NONE', #12505 ) ;
#9019 = CARTESIAN_POINT ( 'NONE',  ( 2.700000000000000178, 0.2299999999999944866, -0.5500000000000018208 ) ) ;
#9020 = CARTESIAN_POINT ( 'NONE',  ( 3.200000000000000178, 0.7250000000000111910, 1.350000000000000533 ) ) ;
#9021 = VECTOR ( 'NONE', #566, 1000.000000000000000 ) ;
#9022 = ORIENTED_EDGE ( 'NONE', *, *, #12719, .T. ) ;
#9023 = VECTOR ( 'NONE', #10972, 1000.000000000000000 ) ;
#9024 = CYLINDRICAL_SURFACE ( 'NONE', #5895, 0.2236160714285718720 ) ;
#9025 = EDGE_CURVE ( 'NONE', #1869, #8615, #10776, .T. ) ;
#9026 = ORIENTED_EDGE ( 'NONE', *, *, #59, .T. ) ;
#9027 = ORIENTED_EDGE ( 'NONE', *, *, #737, .T. ) ;
#9028 = EDGE_CURVE ( 'NONE', #10284, #7374, #2263, .T. ) ;
#9029 = ORIENTED_EDGE ( 'NONE', *, *, #6149, .T. ) ;
#9030 = VERTEX_POINT ( 'NONE', #2216 ) ;
#9031 = CARTESIAN_POINT ( 'NONE',  ( 3.200000000000000178, 1.150000000000011235, 0.3500000000000004219 ) ) ;
#9032 = PLANE ( 'NONE',  #1267 ) ;
#9033 = AXIS2_PLACEMENT_3D ( 'NONE', #6538, #4093, #7127 ) ;
#9034 = ORIENTED_EDGE ( 'NONE', *, *, #2346, .T. ) ;
#9035 = CARTESIAN_POINT ( 'NONE',  ( -0.3250000000000000111, 0.4499999999999999556, -0.9499999999999999556 ) ) ;
#9036 = LINE ( 'NONE', #6179, #4734 ) ;
#9037 = DIRECTION ( 'NONE',  ( 1.156482317317871725E-15, 0.000000000000000000, -1.000000000000000000 ) ) ;
#9038 = EDGE_CURVE ( 'NONE', #11296, #4631, #2040, .T. ) ;
#9039 = CARTESIAN_POINT ( 'NONE',  ( -1.875000000000000444, 1.675000000000001377, -1.350000000000000533 ) ) ;
#9040 = ADVANCED_FACE ( 'NONE', ( #10897 ), #3323, .T. ) ;
#9041 = DIRECTION ( 'NONE',  ( 0.5773502691896250649, 0.5773502691896261751, -0.5773502691896261751 ) ) ;
#9042 = EDGE_LOOP ( 'NONE', ( #8288, #7270, #7578, #7809 ) ) ;
#9043 = CARTESIAN_POINT ( 'NONE',  ( 1.125000000000000222, 0.000000000000000000, -1.300000000000000044 ) ) ;
#9044 = LINE ( 'NONE', #13247, #363 ) ;
#9045 = ADVANCED_FACE ( 'NONE', ( #2063 ), #7780, .F. ) ;
#9046 = EDGE_CURVE ( 'NONE', #13186, #12258, #1937, .T. ) ;
#9047 = CARTESIAN_POINT ( 'NONE',  ( 0.3250000000000001776, 0.9750000000000004219, -1.229999999999999760 ) ) ;
#9048 = VERTEX_POINT ( 'NONE', #7681 ) ;
#9049 = VERTEX_POINT ( 'NONE', #7868 ) ;
#9050 = FACE_OUTER_BOUND ( 'NONE', #3951, .T. ) ;
#9051 = DIRECTION ( 'NONE',  ( -1.000000000000000000, -0.000000000000000000, 0.000000000000000000 ) ) ;
#9052 = CARTESIAN_POINT ( 'NONE',  ( -1.924999999999999378, -9.275951920153757309E-16, -0.3499999999999994227 ) ) ;
#9053 = VECTOR ( 'NONE', #5138, 1000.000000000000000 ) ;
#9054 = VERTEX_POINT ( 'NONE', #10645 ) ;
#9055 = PLANE ( 'NONE',  #9448 ) ;
#9056 = ORIENTED_EDGE ( 'NONE', *, *, #6962, .T. ) ;
#9057 = EDGE_CURVE ( 'NONE', #11405, #5922, #10914, .T. ) ;
#9058 = EDGE_CURVE ( 'NONE', #4108, #5036, #2077, .T. ) ;
#9059 = ORIENTED_EDGE ( 'NONE', *, *, #10868, .T. ) ;
#9060 = CARTESIAN_POINT ( 'NONE',  ( -2.949999999999999734, 1.714999999999999858, 0.5500000000000004885 ) ) ;
#9061 = ORIENTED_EDGE ( 'NONE', *, *, #1560, .F. ) ;
#9062 = EDGE_CURVE ( 'NONE', #2311, #9906, #2111, .T. ) ;
#9063 = LINE ( 'NONE', #4013, #5012 ) ;
#9064 = EDGE_CURVE ( 'NONE', #3924, #2005, #2160, .T. ) ;
#9065 = DIRECTION ( 'NONE',  ( 0.7071067811865474617, -0.000000000000000000, 0.7071067811865474617 ) ) ;
#9066 = CARTESIAN_POINT ( 'NONE',  ( -3.200000000000000178, -1.254149897585988891E-16, 0.4750000000000064171 ) ) ;
#9067 = ORIENTED_EDGE ( 'NONE', *, *, #5540, .F. ) ;
#9068 = FACE_OUTER_BOUND ( 'NONE', #12784, .T. ) ;
#9069 = CARTESIAN_POINT ( 'NONE',  ( -1.275000000000000133, 1.499999999999999334, -0.3499999999999994227 ) ) ;
#9070 = ORIENTED_EDGE ( 'NONE', *, *, #5102, .F. ) ;
#9071 = ORIENTED_EDGE ( 'NONE', *, *, #9887, .T. ) ;
#9072 = VECTOR ( 'NONE', #4699, 1000.000000000000000 ) ;
#9073 = AXIS2_PLACEMENT_3D ( 'NONE', #6207, #8269, #2434 ) ;
#9074 = LINE ( 'NONE', #3563, #427 ) ;
#9075 = ORIENTED_EDGE ( 'NONE', *, *, #4922, .T. ) ;
#9076 = ORIENTED_EDGE ( 'NONE', *, *, #4274, .T. ) ;
#9077 = ORIENTED_EDGE ( 'NONE', *, *, #1473, .T. ) ;
#9078 = EDGE_CURVE ( 'NONE', #5062, #12609, #2093, .T. ) ;
#9079 = DIRECTION ( 'NONE',  ( -4.818676322157797375E-16, 1.000000000000000000, -6.965892449317257782E-31 ) ) ;
#9080 = VERTEX_POINT ( 'NONE', #12810 ) ;
#9081 = CARTESIAN_POINT ( 'NONE',  ( 2.875000000000002220, 1.750000000000000000, -0.3000000000000006550 ) ) ;
#9082 = FACE_OUTER_BOUND ( 'NONE', #4087, .T. ) ;
#9083 = CARTESIAN_POINT ( 'NONE',  ( -1.125000000000000222, 1.474999999999999867, -0.9749999999999897637 ) ) ;
#9084 = DIRECTION ( 'NONE',  ( 1.000000000000000000, 0.000000000000000000, 0.000000000000000000 ) ) ;
#9085 = EDGE_CURVE ( 'NONE', #1762, #964, #6521, .T. ) ;
#9086 = ORIENTED_EDGE ( 'NONE', *, *, #7945, .F. ) ;
#9087 = EDGE_CURVE ( 'NONE', #11907, #2339, #2198, .T. ) ;
#9088 = AXIS2_PLACEMENT_3D ( 'NONE', #7680, #1585, #245 ) ;
#9089 = FACE_OUTER_BOUND ( 'NONE', #12925, .T. ) ;
#9090 = ORIENTED_EDGE ( 'NONE', *, *, #8034, .F. ) ;
#9091 = CARTESIAN_POINT ( 'NONE',  ( 0.3250000000000001776, 0.4499999999999999556, -0.3499999999999998113 ) ) ;
#9092 = LINE ( 'NONE', #4332, #4870 ) ;
#9093 = CARTESIAN_POINT ( 'NONE',  ( -2.124999999999999556, 0.2299999999999946254, -1.350000000000000533 ) ) ;
#9094 = LINE ( 'NONE', #4662, #134 ) ;
#9095 = ORIENTED_EDGE ( 'NONE', *, *, #2503, .T. ) ;
#9096 = VERTEX_POINT ( 'NONE', #12702 ) ;
#9097 = AXIS2_PLACEMENT_3D ( 'NONE', #6522, #8636, #11838 ) ;
#9098 = CARTESIAN_POINT ( 'NONE',  ( -1.275000000000000133, 0.7499999999999991118, -0.5500000000000018208 ) ) ;
#9099 = ORIENTED_EDGE ( 'NONE', *, *, #10328, .F. ) ;
#9100 = CARTESIAN_POINT ( 'NONE',  ( 2.075000000000000178, 1.574999999999999956, -1.300000000000000044 ) ) ;
#9101 = DIRECTION ( 'NONE',  ( -0.7071067811865462405, -0.7071067811865489050, 0.000000000000000000 ) ) ;
#9102 = PLANE ( 'NONE',  #3436 ) ;
#9103 = CARTESIAN_POINT ( 'NONE',  ( -3.200000000000000178, -1.254149897585988891E-16, 0.4750000000000064171 ) ) ;
#9104 = ORIENTED_EDGE ( 'NONE', *, *, #10615, .F. ) ;
#9105 = AXIS2_PLACEMENT_3D ( 'NONE', #8031, #11113, #12128 ) ;
#9106 = VECTOR ( 'NONE', #8525, 1000.000000000000000 ) ;
#9107 = CARTESIAN_POINT ( 'NONE',  ( 0.3250000000000001776, 0.2000000000000000111, -0.9499999999999999556 ) ) ;
#9108 = DIRECTION ( 'NONE',  ( 0.000000000000000000, 1.000000000000000000, 8.673617379884030542E-16 ) ) ;
#9109 = DIRECTION ( 'NONE',  ( 0.000000000000000000, 1.000000000000000000, 0.000000000000000000 ) ) ;
#9110 = ORIENTED_EDGE ( 'NONE', *, *, #9686, .T. ) ;
#9111 = CARTESIAN_POINT ( 'NONE',  ( 2.075000000000000178, 0.7499999999999998890, -0.3999999999999999667 ) ) ;
#9112 = DIRECTION ( 'NONE',  ( 0.000000000000000000, 0.7071067811865420216, 0.7071067811865531239 ) ) ;
#9113 = LINE ( 'NONE', #11311, #4809 ) ;
#9114 = EDGE_CURVE ( 'NONE', #1335, #2526, #2138, .T. ) ;
#9115 = ORIENTED_EDGE ( 'NONE', *, *, #12790, .T. ) ;
#9116 = EDGE_CURVE ( 'NONE', #843, #2523, #11041, .T. ) ;
#9117 = DIRECTION ( 'NONE',  ( 1.000000000000000000, -0.000000000000000000, -0.000000000000000000 ) ) ;
#9118 = LINE ( 'NONE', #10733, #559 ) ;
#9119 = LINE ( 'NONE', #4206, #69 ) ;
#9120 = DIRECTION ( 'NONE',  ( 1.000000000000000000, 0.000000000000000000, 0.000000000000000000 ) ) ;
#9121 = ORIENTED_EDGE ( 'NONE', *, *, #8923, .F. ) ;
#9122 = ORIENTED_EDGE ( 'NONE', *, *, #11763, .T. ) ;
#9123 = CARTESIAN_POINT ( 'NONE',  ( 0.3250000000000001776, 0.9750000000000004219, -1.229999999999999760 ) ) ;
#9124 = ORIENTED_EDGE ( 'NONE', *, *, #2661, .F. ) ;
#9125 = AXIS2_PLACEMENT_3D ( 'NONE', #11883, #11205, #2137 ) ;
#9126 = CARTESIAN_POINT ( 'NONE',  ( 0.000000000000000000, 1.149999999999999911, 0.000000000000000000 ) ) ;
#9127 = ADVANCED_FACE ( 'NONE', ( #11059 ), #11563, .F. ) ;
#9128 = VERTEX_POINT ( 'NONE', #508 ) ;
#9129 = DIRECTION ( 'NONE',  ( 0.000000000000000000, 0.000000000000000000, 1.000000000000000000 ) ) ;
#9130 = LINE ( 'NONE', #9152, #320 ) ;
#9131 = DIRECTION ( 'NONE',  ( -4.818676322157797375E-16, 1.000000000000000000, 0.000000000000000000 ) ) ;
#9132 = PLANE ( 'NONE',  #11709 ) ;
#9133 = ORIENTED_EDGE ( 'NONE', *, *, #10409, .F. ) ;
#9134 = CARTESIAN_POINT ( 'NONE',  ( -1.125000000000000222, 1.125000000000000222, 0.4999999999999996669 ) ) ;
#9135 = VECTOR ( 'NONE', #2731, 1000.000000000000000 ) ;
#9136 = DIRECTION ( 'NONE',  ( 0.000000000000000000, 0.000000000000000000, -1.000000000000000000 ) ) ;
#9137 = ORIENTED_EDGE ( 'NONE', *, *, #8462, .T. ) ;
#9138 = VECTOR ( 'NONE', #4920, 1000.000000000000000 ) ;
#9139 = DIRECTION ( 'NONE',  ( -1.000000000000000000, -0.000000000000000000, 0.000000000000000000 ) ) ;
#9140 = CARTESIAN_POINT ( 'NONE',  ( 2.500000000000000888, 1.499999999999999334, 1.275000000000000133 ) ) ;
#9141 = VECTOR ( 'NONE', #1718, 1000.000000000000000 ) ;
#9142 = ORIENTED_EDGE ( 'NONE', *, *, #6, .T. ) ;
#9143 = PLANE ( 'NONE',  #2062 ) ;
#9144 = ORIENTED_EDGE ( 'NONE', *, *, #2314, .F. ) ;
#9145 = EDGE_CURVE ( 'NONE', #8788, #10075, #2220, .T. ) ;
#9146 = ORIENTED_EDGE ( 'NONE', *, *, #7238, .F. ) ;
#9147 = CARTESIAN_POINT ( 'NONE',  ( 3.000000000000000000, 1.150000000000011013, 0.3500000000000004219 ) ) ;
#9148 = CIRCLE ( 'NONE', #12521, 0.2236160714285718720 ) ;
#9149 = CARTESIAN_POINT ( 'NONE',  ( -0.2749999999999994116, 0.2299999999999920164, -1.350000000000000533 ) ) ;
#9150 = DIRECTION ( 'NONE',  ( -1.000000000000000000, 0.000000000000000000, 0.000000000000000000 ) ) ;
#9151 = ADVANCED_FACE ( 'NONE', ( #6669 ), #5774, .F. ) ;
#9152 = CARTESIAN_POINT ( 'NONE',  ( -3.200000000000000178, 0.6950000000000109424, 1.275000000000000133 ) ) ;
#9153 = VERTEX_POINT ( 'NONE', #2579 ) ;
#9155 = DIRECTION ( 'NONE',  ( 1.000000000000000000, 0.000000000000000000, 0.000000000000000000 ) ) ;
#9154 = LINE ( 'NONE', #5532, #473 ) ;
#9156 = CARTESIAN_POINT ( 'NONE',  ( 1.516666666666615981, 2.071666666666662771, -3.141666666666639962 ) ) ;
#9157 = ADVANCED_FACE ( 'NONE', ( #6687 ), #10893, .F. ) ;
#9158 = ORIENTED_EDGE ( 'NONE', *, *, #1070, .F. ) ;
#9159 = DIRECTION ( 'NONE',  ( -1.000000000000000000, 0.000000000000000000, 7.228014483236698528E-16 ) ) ;
#9160 = VECTOR ( 'NONE', #3223, 1000.000000000000000 ) ;
#9161 = LINE ( 'NONE', #2357, #181 ) ;
#9162 = VERTEX_POINT ( 'NONE', #2392 ) ;
#9163 = ORIENTED_EDGE ( 'NONE', *, *, #6279, .F. ) ;
#9164 = ORIENTED_EDGE ( 'NONE', *, *, #659, .T. ) ;
#9165 = DIRECTION ( 'NONE',  ( 0.000000000000000000, 0.000000000000000000, 1.000000000000000000 ) ) ;
#9166 = PLANE ( 'NONE',  #6011 ) ;
#9167 = CARTESIAN_POINT ( 'NONE',  ( -3.200000000000000178, 0.2750000000000111799, 1.305000000000000160 ) ) ;
#9168 = CARTESIAN_POINT ( 'NONE',  ( 0.000000000000000000, 1.714999999999999858, 0.000000000000000000 ) ) ;
#9169 = VECTOR ( 'NONE', #9234, 1000.000000000000000 ) ;
#9170 = DIRECTION ( 'NONE',  ( 0.000000000000000000, -0.7071067811865490160, -0.7071067811865460184 ) ) ;
#9171 = CARTESIAN_POINT ( 'NONE',  ( 1.125000000000000222, 0.4499999999999991784, -1.350000000000000533 ) ) ;
#9172 = ORIENTED_EDGE ( 'NONE', *, *, #11126, .T. ) ;
#9173 = VECTOR ( 'NONE', #12058, 1000.000000000000000 ) ;
#9174 = EDGE_LOOP ( 'NONE', ( #413, #795, #9402, #9607 ) ) ;
#9175 = DIRECTION ( 'NONE',  ( 0.000000000000000000, 1.000000000000000000, 8.673617379884030542E-16 ) ) ;
#9176 = VECTOR ( 'NONE', #4837, 1000.000000000000000 ) ;
#9177 = PLANE ( 'NONE',  #5424 ) ;
#9178 = VECTOR ( 'NONE', #3754, 1000.000000000000000 ) ;
#9179 = VERTEX_POINT ( 'NONE', #11906 ) ;
#9180 = ORIENTED_EDGE ( 'NONE', *, *, #5241, .F. ) ;
#9181 = CARTESIAN_POINT ( 'NONE',  ( 1.125000000000000222, 1.175000000000000488, 0.5500000000000004885 ) ) ;
#9182 = ORIENTED_EDGE ( 'NONE', *, *, #12858, .F. ) ;
#9183 = CARTESIAN_POINT ( 'NONE',  ( -0.4749999999999999223, 1.575000000000000178, 0.4999999999999997780 ) ) ;
#9184 = CARTESIAN_POINT ( 'NONE',  ( -3.000000000000000444, 1.150000000000011235, 1.275000000000000133 ) ) ;
#9185 = CARTESIAN_POINT ( 'NONE',  ( -1.925000000000000044, 1.312500000000000222, -1.300000000000000044 ) ) ;
#9186 = AXIS2_PLACEMENT_3D ( 'NONE', #6815, #5087, #9278 ) ;
#9187 = EDGE_CURVE ( 'NONE', #6155, #6303, #11128, .T. ) ;
#9188 = DIRECTION ( 'NONE',  ( 1.000000000000000000, 4.818676322157797375E-16, 0.000000000000000000 ) ) ;
#9189 = LINE ( 'NONE', #10397, #302 ) ;
#9190 = CARTESIAN_POINT ( 'NONE',  ( -1.125000000000000000, 1.149999999999999911, -0.9749999999999965361 ) ) ;
#9191 = EDGE_CURVE ( 'NONE', #5706, #12372, #10737, .T. ) ;
#9192 = VERTEX_POINT ( 'NONE', #2745 ) ;
#9193 = EDGE_CURVE ( 'NONE', #5582, #5813, #6333, .T. ) ;
#9194 = DIRECTION ( 'NONE',  ( -0.000000000000000000, -0.000000000000000000, 1.000000000000000000 ) ) ;
#9195 = FACE_OUTER_BOUND ( 'NONE', #347, .T. ) ;
#9196 = ORIENTED_EDGE ( 'NONE', *, *, #13113, .T. ) ;
#9197 = CARTESIAN_POINT ( 'NONE',  ( 0.3333333333333334814, 1.133333333333333526, 0.5083333333333335258 ) ) ;
#9198 = EDGE_CURVE ( 'NONE', #8487, #2995, #7002, .T. ) ;
#9199 = LINE ( 'NONE', #11559, #4812 ) ;
#9200 = LINE ( 'NONE', #5815, #9676 ) ;
#9201 = DIRECTION ( 'NONE',  ( 1.000000000000000000, 0.000000000000000000, 0.000000000000000000 ) ) ;
#9202 = EDGE_LOOP ( 'NONE', ( #6464, #4963, #8725, #292 ) ) ;
#9203 = ORIENTED_EDGE ( 'NONE', *, *, #12014, .F. ) ;
#9204 = CARTESIAN_POINT ( 'NONE',  ( 0.3250000000000001776, 1.150000000000000133, -1.453616071428571743 ) ) ;
#9205 = ORIENTED_EDGE ( 'NONE', *, *, #10293, .T. ) ;
#9206 = EDGE_CURVE ( 'NONE', #9244, #6680, #2396, .T. ) ;
#9207 = EDGE_CURVE ( 'NONE', #806, #2012, #11505, .T. ) ;
#9208 = AXIS2_PLACEMENT_3D ( 'NONE', #9761, #10770, #11781 ) ;
#9209 = DIRECTION ( 'NONE',  ( -1.000000000000000000, 0.000000000000000000, 0.000000000000000000 ) ) ;
#9210 = CIRCLE ( 'NONE', #8876, 0.1000000000000000472 ) ;
#9211 = CARTESIAN_POINT ( 'NONE',  ( -1.841666666666666341, 0.6833333333333344584, -0.1666666666666662688 ) ) ;
#9212 = CARTESIAN_POINT ( 'NONE',  ( -1.125000000000000222, 1.750000000000000888, -0.5500000000000018208 ) ) ;
#9213 = ORIENTED_EDGE ( 'NONE', *, *, #11914, .T. ) ;
#9214 = EDGE_CURVE ( 'NONE', #2766, #5466, #6818, .T. ) ;
#9215 =( NAMED_UNIT ( * ) PLANE_ANGLE_UNIT ( ) SI_UNIT ( $, .RADIAN. ) );
#9216 = LINE ( 'NONE', #8237, #4615 ) ;
#9217 = ORIENTED_EDGE ( 'NONE', *, *, #8729, .T. ) ;
#9218 = FACE_OUTER_BOUND ( 'NONE', #5646, .T. ) ;
#9219 = DIRECTION ( 'NONE',  ( 0.000000000000000000, 1.000000000000000000, 8.673617379884030542E-16 ) ) ;
#9220 = CARTESIAN_POINT ( 'NONE',  ( 1.925000000000000044, 1.574999999999999956, -1.300000000000000044 ) ) ;
#9221 = VECTOR ( 'NONE', #7390, 1000.000000000000000 ) ;
#9222 = EDGE_LOOP ( 'NONE', ( #8959, #5089, #940, #12638, #4202, #8947, #13149, #3817, #9086, #9740, #9657, #5363, #4897, #953, #9980 ) ) ;
#9223 = EDGE_CURVE ( 'NONE', #2735, #7501, #2443, .T. ) ;
#9224 = CARTESIAN_POINT ( 'NONE',  ( -1.925000000000000044, 0.7499999999999998890, -0.5500000000000020428 ) ) ;
#9225 = VERTEX_POINT ( 'NONE', #7026 ) ;
#9226 = EDGE_CURVE ( 'NONE', #9008, #8749, #11597, .T. ) ;
#9227 = ORIENTED_EDGE ( 'NONE', *, *, #11259, .T. ) ;
#9228 = CARTESIAN_POINT ( 'NONE',  ( -0.4749999999999999223, 0.4499999999999991784, -1.350000000000000533 ) ) ;
#9229 = PLANE ( 'NONE',  #10767 ) ;
#9230 = LINE ( 'NONE', #10306, #661 ) ;
#9231 = AXIS2_PLACEMENT_3D ( 'NONE', #7471, #8657, #1539 ) ;
#9232 = DIRECTION ( 'NONE',  ( 1.000000000000000000, -0.000000000000000000, -0.000000000000000000 ) ) ;
#9233 = CARTESIAN_POINT ( 'NONE',  ( -2.875000000000002220, 1.750000000000000000, -0.3000000000000006550 ) ) ;
#9234 = DIRECTION ( 'NONE',  ( 1.000000000000000000, -0.000000000000000000, -0.000000000000000000 ) ) ;
#9235 = ORIENTED_EDGE ( 'NONE', *, *, #8575, .F. ) ;
#9236 = VECTOR ( 'NONE', #421, 1000.000000000000000 ) ;
#9237 = CARTESIAN_POINT ( 'NONE',  ( 3.500000000000003109, 1.474999999999999867, -0.9749999999999897637 ) ) ;
#9238 = ORIENTED_EDGE ( 'NONE', *, *, #12014, .T. ) ;
#9239 = EDGE_CURVE ( 'NONE', #5476, #20, #2330, .T. ) ;
#9240 = DIRECTION ( 'NONE',  ( -4.818676322157797375E-16, 1.000000000000000000, 0.000000000000000000 ) ) ;
#9241 = LINE ( 'NONE', #12501, #4707 ) ;
#9242 = CIRCLE ( 'NONE', #6351, 0.2236160714285718720 ) ;
#9243 = VERTEX_POINT ( 'NONE', #11054 ) ;
#9244 = VERTEX_POINT ( 'NONE', #5382 ) ;
#9245 = EDGE_LOOP ( 'NONE', ( #3900, #1611, #1064, #6212 ) ) ;
#9246 = EDGE_CURVE ( 'NONE', #1268, #1390, #11367, .T. ) ;
#9247 = CARTESIAN_POINT ( 'NONE',  ( 2.075000000000000178, 1.574999999999999734, -1.350000000000000533 ) ) ;
#9248 = EDGE_CURVE ( 'NONE', #5306, #8180, #11552, .T. ) ;
#9249 = MECHANICAL_DESIGN_GEOMETRIC_PRESENTATION_REPRESENTATION (  '', ( #1261 ), #1733 ) ;
#9250 = CARTESIAN_POINT ( 'NONE',  ( 1.925000000000000044, 0.9750000000000004219, -1.453616071428571521 ) ) ;
#9251 = DIRECTION ( 'NONE',  ( 1.000000000000000000, 0.000000000000000000, 0.000000000000000000 ) ) ;
#9252 = LINE ( 'NONE', #11389, #9106 ) ;
#9253 = DIRECTION ( 'NONE',  ( 0.000000000000000000, 1.000000000000000000, 0.000000000000000000 ) ) ;
#9254 = CARTESIAN_POINT ( 'NONE',  ( -3.000000000000000444, 0.6200000000000113198, 1.324999999999999956 ) ) ;
#9255 = ADVANCED_FACE ( 'NONE', ( #11417 ), #12451, .F. ) ;
#9256 = AXIS2_PLACEMENT_3D ( 'NONE', #7387, #7218, #6213 ) ;
#9257 = ORIENTED_EDGE ( 'NONE', *, *, #13187, .T. ) ;
#9258 = FACE_OUTER_BOUND ( 'NONE', #9371, .T. ) ;
#9259 = ADVANCED_FACE ( 'NONE', ( #2751 ), #4951, .F. ) ;
#9260 = ORIENTED_EDGE ( 'NONE', *, *, #6601, .F. ) ;
#9261 = CARTESIAN_POINT ( 'NONE',  ( 3.200000000000000178, 0.6500000000000112355, 1.275000000000000133 ) ) ;
#9262 = LINE ( 'NONE', #7866, #9455 ) ;
#9263 = CARTESIAN_POINT ( 'NONE',  ( -1.925000000000000044, 0.2000000000000000111, -0.9499999999999999556 ) ) ;
#9264 = FACE_OUTER_BOUND ( 'NONE', #1844, .T. ) ;
#9265 = EDGE_LOOP ( 'NONE', ( #3342, #3336, #8075, #3637 ) ) ;
#9266 = ORIENTED_EDGE ( 'NONE', *, *, #1407, .F. ) ;
#9267 = ORIENTED_EDGE ( 'NONE', *, *, #8625, .T. ) ;
#9268 = DIRECTION ( 'NONE',  ( 5.421010862427530059E-16, 1.694065894508603143E-16, -1.000000000000000000 ) ) ;
#9269 = VERTEX_POINT ( 'NONE', #12074 ) ;
#9270 = CARTESIAN_POINT ( 'NONE',  ( 0.000000000000000000, 0.7499999999999991118, -0.3499999999999994227 ) ) ;
#9271 = DIRECTION ( 'NONE',  ( 0.000000000000000000, 0.000000000000000000, -1.000000000000000000 ) ) ;
#9272 = CARTESIAN_POINT ( 'NONE',  ( -0.3249999999999997891, 1.474999999999999867, -0.9749999999999897637 ) ) ;
#9273 = CARTESIAN_POINT ( 'NONE',  ( 2.075000000000000178, 1.149999999999999911, -1.299999999999999822 ) ) ;
#9274 = EDGE_CURVE ( 'NONE', #8399, #5214, #2376, .T. ) ;
#9275 = EDGE_CURVE ( 'NONE', #918, #5024, #6752, .T. ) ;
#9276 = CARTESIAN_POINT ( 'NONE',  ( -2.075000000000000178, 0.2000000000000000111, -0.9499999999999999556 ) ) ;
#9277 = FACE_OUTER_BOUND ( 'NONE', #4254, .T. ) ;
#9278 = DIRECTION ( 'NONE',  ( -0.000000000000000000, 0.000000000000000000, -1.000000000000000000 ) ) ;
#9279 = DIRECTION ( 'NONE',  ( 0.000000000000000000, -1.172110456741085828E-16, -1.000000000000000000 ) ) ;
#9280 = DIRECTION ( 'NONE',  ( -0.5773502691896240657, -0.5773502691896253980, 0.5773502691896279515 ) ) ;
#9281 = ORIENTED_EDGE ( 'NONE', *, *, #6631, .F. ) ;
#9282 = CARTESIAN_POINT ( 'NONE',  ( 1.925000000000000044, 0.9750000000000004219, -1.229999999999999760 ) ) ;
#9283 = LINE ( 'NONE', #5103, #8998 ) ;
#9284 = AXIS2_PLACEMENT_3D ( 'NONE', #7254, #11101, #5336 ) ;
#9285 = ORIENTED_EDGE ( 'NONE', *, *, #11776, .T. ) ;
#9286 = CARTESIAN_POINT ( 'NONE',  ( -1.275000000000000133, 1.575000000000000178, 0.5500000000000003775 ) ) ;
#9287 = VECTOR ( 'NONE', #10890, 1000.000000000000000 ) ;
#9288 = LINE ( 'NONE', #10171, #9053 ) ;
#9289 = DIRECTION ( 'NONE',  ( -4.818676322157797375E-16, 1.000000000000000000, 0.000000000000000000 ) ) ;
#9290 = VERTEX_POINT ( 'NONE', #1361 ) ;
#9291 = ORIENTED_EDGE ( 'NONE', *, *, #6053, .T. ) ;
#9292 = ORIENTED_EDGE ( 'NONE', *, *, #900, .T. ) ;
#9293 = DIRECTION ( 'NONE',  ( -0.5773502691896242878, 0.5773502691896251759, 0.5773502691896278405 ) ) ;
#9294 = ORIENTED_EDGE ( 'NONE', *, *, #8587, .F. ) ;
#9295 = DIRECTION ( 'NONE',  ( 7.228014483236698528E-16, -1.694065894508603636E-16, 1.000000000000000000 ) ) ;
#9296 = DIRECTION ( 'NONE',  ( 0.000000000000000000, -1.000000000000000000, 0.000000000000000000 ) ) ;
#9297 = VECTOR ( 'NONE', #2764, 1000.000000000000000 ) ;
#9298 = DIRECTION ( 'NONE',  ( 1.000000000000000000, -0.000000000000000000, -0.000000000000000000 ) ) ;
#9299 = CARTESIAN_POINT ( 'NONE',  ( -3.500000000000000000, 0.1500000000000054623, 0.07500000000000120459 ) ) ;
#9300 = ORIENTED_EDGE ( 'NONE', *, *, #7409, .T. ) ;
#9301 = EDGE_CURVE ( 'NONE', #6652, #9983, #11578, .T. ) ;
#9302 = CARTESIAN_POINT ( 'NONE',  ( -0.4249999999999998224, 1.125000000000000222, 0.5500000000000004885 ) ) ;
#9303 = ORIENTED_EDGE ( 'NONE', *, *, #8396, .F. ) ;
#9304 = VECTOR ( 'NONE', #12902, 1000.000000000000000 ) ;
#9305 = DIRECTION ( 'NONE',  ( 1.000000000000000000, 1.275531967630008943E-16, -0.000000000000000000 ) ) ;
#9306 = VECTOR ( 'NONE', #2092, 1000.000000000000114 ) ;
#9307 = ORIENTED_EDGE ( 'NONE', *, *, #7540, .F. ) ;
#9308 = DIRECTION ( 'NONE',  ( -0.000000000000000000, -1.000000000000000000, -1.694065894508603636E-16 ) ) ;
#9309 = ADVANCED_FACE ( 'NONE', ( #11441 ), #5116, .F. ) ;
#9310 = ORIENTED_EDGE ( 'NONE', *, *, #3567, .T. ) ;
#9311 = ORIENTED_EDGE ( 'NONE', *, *, #10955, .T. ) ;
#9312 = VERTEX_POINT ( 'NONE', #3259 ) ;
#9313 = CARTESIAN_POINT ( 'NONE',  ( 3.000000000000000444, -9.990435040599876449E-17, 0.4750000000000064171 ) ) ;
#9314 = DIRECTION ( 'NONE',  ( -0.000000000000000000, -1.000000000000000000, -1.694065894508603636E-16 ) ) ;
#9315 = PLANE ( 'NONE',  #1051 ) ;
#9316 = LINE ( 'NONE', #6349, #568 ) ;
#9317 = DIRECTION ( 'NONE',  ( -0.000000000000000000, -0.000000000000000000, 1.000000000000000000 ) ) ;
#9318 = DIRECTION ( 'NONE',  ( -1.275531967630008943E-16, -1.000000000000000000, 0.000000000000000000 ) ) ;
#9319 = DIRECTION ( 'NONE',  ( 0.000000000000000000, 0.000000000000000000, 1.000000000000000000 ) ) ;
#9320 = ORIENTED_EDGE ( 'NONE', *, *, #4752, .F. ) ;
#9322 =( NAMED_UNIT ( * ) SI_UNIT ( $, .STERADIAN. ) SOLID_ANGLE_UNIT ( ) );
#9321 = CYLINDRICAL_SURFACE ( 'NONE', #10342, 0.2236160714285718720 ) ;
#9323 = DIRECTION ( 'NONE',  ( -0.000000000000000000, -0.000000000000000000, 1.000000000000000000 ) ) ;
#9324 = ORIENTED_EDGE ( 'NONE', *, *, #2516, .F. ) ;
#9325 = CARTESIAN_POINT ( 'NONE',  ( -1.125000000000000222, 1.499999999999999334, -0.3499999999999994227 ) ) ;
#9326 = VECTOR ( 'NONE', #11110, 1000.000000000000000 ) ;
#9327 = FACE_OUTER_BOUND ( 'NONE', #11184, .T. ) ;
#9328 = ORIENTED_EDGE ( 'NONE', *, *, #8784, .T. ) ;
#9329 = ORIENTED_EDGE ( 'NONE', *, *, #766, .F. ) ;
#9330 = VERTEX_POINT ( 'NONE', #1837 ) ;
#9331 = ADVANCED_FACE ( 'NONE', ( #6958 ), #1024, .F. ) ;
#9332 = ORIENTED_EDGE ( 'NONE', *, *, #12339, .F. ) ;
#9333 = CARTESIAN_POINT ( 'NONE',  ( -2.075000000000000178, 0.4499999999999992339, -0.5500000000000018208 ) ) ;
#9334 = ADVANCED_FACE ( 'NONE', ( #2414 ), #8160, .F. ) ;
#9335 = CARTESIAN_POINT ( 'NONE',  ( -3.000000000000000444, 0.2750000000000112355, 1.350000000000000533 ) ) ;
#9336 = CARTESIAN_POINT ( 'NONE',  ( -1.125000000000000666, 1.750000000000000888, -1.350000000000000311 ) ) ;
#9337 = CARTESIAN_POINT ( 'NONE',  ( 1.224999999999999867, 0.7499999999999998890, -0.3499999999999998113 ) ) ;
#9338 = FACE_OUTER_BOUND ( 'NONE', #6758, .T. ) ;
#9339 = DIRECTION ( 'NONE',  ( 0.000000000000000000, 0.000000000000000000, 1.000000000000000000 ) ) ;
#9340 = AXIS2_PLACEMENT_3D ( 'NONE', #4393, #3676, #8763 ) ;
#9341 = VECTOR ( 'NONE', #8977, 1000.000000000000114 ) ;
#9342 = EDGE_CURVE ( 'NONE', #5326, #1132, #6979, .T. ) ;
#9343 = ORIENTED_EDGE ( 'NONE', *, *, #4810, .F. ) ;
#9344 = DIRECTION ( 'NONE',  ( -0.000000000000000000, 0.000000000000000000, -1.000000000000000000 ) ) ;
#9345 = VECTOR ( 'NONE', #504, 1000.000000000000000 ) ;
#9346 = CARTESIAN_POINT ( 'NONE',  ( -1.125000000000000222, 1.750000000000000888, -0.5500000000000018208 ) ) ;
#9347 = LINE ( 'NONE', #10282, #5341 ) ;
#9348 = AXIS2_PLACEMENT_3D ( 'NONE', #1663, #671, #3797 ) ;
#9349 = ORIENTED_EDGE ( 'NONE', *, *, #2152, .T. ) ;
#9350 = EDGE_CURVE ( 'NONE', #4938, #12627, #6840, .T. ) ;
#9351 = ORIENTED_EDGE ( 'NONE', *, *, #10153, .F. ) ;
#9352 = EDGE_CURVE ( 'NONE', #13168, #1742, #6911, .T. ) ;
#9353 = EDGE_LOOP ( 'NONE', ( #12354, #8120, #11995, #3744 ) ) ;
#9354 = EDGE_CURVE ( 'NONE', #1028, #11035, #11288, .T. ) ;
#9355 = CARTESIAN_POINT ( 'NONE',  ( 1.224999999999999867, 0.6999999999999995115, -0.3499999999999998113 ) ) ;
#9356 = ORIENTED_EDGE ( 'NONE', *, *, #4257, .F. ) ;
#9357 = CARTESIAN_POINT ( 'NONE',  ( -1.125000000000000222, 1.150000000000000133, -1.453616071428571743 ) ) ;
#9358 = EDGE_CURVE ( 'NONE', #11996, #12883, #6862, .T. ) ;
#9359 = DIRECTION ( 'NONE',  ( 0.7071067811865475727, 0.000000000000000000, 0.7071067811865475727 ) ) ;
#9360 = DIRECTION ( 'NONE',  ( 0.7071067811865474617, -0.000000000000000000, 0.7071067811865474617 ) ) ;
#9361 = DIRECTION ( 'NONE',  ( 0.000000000000000000, -0.000000000000000000, 1.000000000000000000 ) ) ;
#9362 = ADVANCED_FACE ( 'NONE', ( #11312 ), #10757, .F. ) ;
#9363 = EDGE_CURVE ( 'NONE', #1103, #4368, #2603, .T. ) ;
#9364 = CARTESIAN_POINT ( 'NONE',  ( 0.3250000000000007883, 1.124999999999999778, -0.5500000000000018208 ) ) ;
#9365 = LINE ( 'NONE', #1092, #4633 ) ;
#9366 = DIRECTION ( 'NONE',  ( 0.000000000000000000, -0.000000000000000000, 1.000000000000000000 ) ) ;
#9367 = DIRECTION ( 'NONE',  ( 1.000000000000000000, 0.000000000000000000, -7.228014483236699514E-16 ) ) ;
#9368 = ADVANCED_FACE ( 'NONE', ( #7022 ), #6700, .F. ) ;
#9369 = DIRECTION ( 'NONE',  ( 0.000000000000000000, 1.000000000000000000, 0.000000000000000000 ) ) ;
#9370 = LINE ( 'NONE', #7696, #5015 ) ;
#9371 = EDGE_LOOP ( 'NONE', ( #1040, #955, #9205, #4703, #9788, #5101 ) ) ;
#9372 = FILL_AREA_STYLE ('',( #10301 ) ) ;
#9373 = VECTOR ( 'NONE', #3317, 1000.000000000000000 ) ;
#9374 = AXIS2_PLACEMENT_3D ( 'NONE', #5308, #6291, #7303 ) ;
#9375 = LINE ( 'NONE', #7080, #882 ) ;
#9376 = DIRECTION ( 'NONE',  ( 1.000000000000000000, 0.000000000000000000, -0.000000000000000000 ) ) ;
#9377 = ORIENTED_EDGE ( 'NONE', *, *, #4356, .F. ) ;
#9378 = ORIENTED_EDGE ( 'NONE', *, *, #4334, .F. ) ;
#9379 = ORIENTED_EDGE ( 'NONE', *, *, #11272, .T. ) ;
#9380 = CARTESIAN_POINT ( 'NONE',  ( -3.500000000000000000, 1.714999999999999858, 1.350000000000000533 ) ) ;
#9381 = ORIENTED_EDGE ( 'NONE', *, *, #6206, .F. ) ;
#9382 = DIRECTION ( 'NONE',  ( -0.000000000000000000, -0.000000000000000000, 1.000000000000000000 ) ) ;
#9383 = EDGE_CURVE ( 'NONE', #7911, #4580, #6775, .T. ) ;
#9384 = DIRECTION ( 'NONE',  ( 0.000000000000000000, 0.7071067811865490160, -0.7071067811865460184 ) ) ;
#9385 = PLANE ( 'NONE',  #9400 ) ;
#9386 = LINE ( 'NONE', #13021, #4843 ) ;
#9387 = CARTESIAN_POINT ( 'NONE',  ( 1.125000000000000222, 1.574999999999999734, -1.350000000000000533 ) ) ;
#9388 = EDGE_CURVE ( 'NONE', #3185, #2380, #11527, .T. ) ;
#9389 = EDGE_CURVE ( 'NONE', #319, #7235, #11331, .T. ) ;
#9390 = EDGE_CURVE ( 'NONE', #564, #3987, #2470, .T. ) ;
#9391 =( LENGTH_UNIT ( ) NAMED_UNIT ( * ) SI_UNIT ( .MILLI., .METRE. ) );
#9392 = LINE ( 'NONE', #11336, #9669 ) ;
#9393 = VERTEX_POINT ( 'NONE', #4648 ) ;
#9394 = VECTOR ( 'NONE', #8617, 1000.000000000000114 ) ;
#9395 = DIRECTION ( 'NONE',  ( 0.7071067811865497932, 1.703659351870409300E-16, 0.7071067811865452413 ) ) ;
#9396 = LINE ( 'NONE', #1633, #692 ) ;
#9397 = ORIENTED_EDGE ( 'NONE', *, *, #10659, .T. ) ;
#9398 = CARTESIAN_POINT ( 'NONE',  ( 1.125000000000000222, 1.124999999999999778, -0.3499999999999998113 ) ) ;
#9399 = EDGE_LOOP ( 'NONE', ( #6886, #2678, #5004, #7204 ) ) ;
#9400 = AXIS2_PLACEMENT_3D ( 'NONE', #10406, #6355, #11131 ) ;
#9401 = ORIENTED_EDGE ( 'NONE', *, *, #5868, .F. ) ;
#9402 = ORIENTED_EDGE ( 'NONE', *, *, #10929, .F. ) ;
#9403 = CARTESIAN_POINT ( 'NONE',  ( 2.700000000000000178, 1.725000000000000977, -1.300000000000000711 ) ) ;
#9404 = CARTESIAN_POINT ( 'NONE',  ( 1.925000000000000044, 1.312500000000000222, -1.300000000000000044 ) ) ;
#9405 = EDGE_CURVE ( 'NONE', #9963, #1569, #2497, .T. ) ;
#9406 = VECTOR ( 'NONE', #7889, 1000.000000000000000 ) ;
#9407 = PLANE ( 'NONE',  #8229 ) ;
#9408 = CARTESIAN_POINT ( 'NONE',  ( 3.500000000000003553, 1.149999999999999911, -1.349999999999989653 ) ) ;
#9409 = CARTESIAN_POINT ( 'NONE',  ( -3.500000000000000000, 1.150000000000011013, 1.274999999999999245 ) ) ;
#9411 = DIRECTION ( 'NONE',  ( 0.000000000000000000, 1.000000000000000000, -2.409338161078897701E-16 ) ) ;
#9410 = LINE ( 'NONE', #5447, #686 ) ;
#9412 = DIRECTION ( 'NONE',  ( -4.818676322157797375E-16, 1.000000000000000000, 0.000000000000000000 ) ) ;
#9413 = ORIENTED_EDGE ( 'NONE', *, *, #5799, .F. ) ;
#9414 = EDGE_CURVE ( 'NONE', #4004, #8175, #7065, .T. ) ;
#9415 = DIRECTION ( 'NONE',  ( -1.000000000000000000, 0.000000000000000000, -0.000000000000000000 ) ) ;
#9416 = FACE_OUTER_BOUND ( 'NONE', #1546, .T. ) ;
#9417 = CARTESIAN_POINT ( 'NONE',  ( 1.275000000000000133, 1.312500000000000222, -1.300000000000000044 ) ) ;
#9418 = LINE ( 'NONE', #11461, #9744 ) ;
#9419 = ORIENTED_EDGE ( 'NONE', *, *, #756, .F. ) ;
#9420 = ADVANCED_FACE ( 'NONE', ( #11191 ), #12838, .F. ) ;
#9421 = ORIENTED_EDGE ( 'NONE', *, *, #3916, .F. ) ;
#9422 = DIRECTION ( 'NONE',  ( -0.7071067811865430208, 0.000000000000000000, 0.7071067811865521247 ) ) ;
#9423 = ORIENTED_EDGE ( 'NONE', *, *, #7089, .F. ) ;
#9424 = EDGE_LOOP ( 'NONE', ( #1381, #1739, #10272, #6403 ) ) ;
#9425 = CARTESIAN_POINT ( 'NONE',  ( 3.500000000000000000, 0.2299999999999946254, -1.350000000000000533 ) ) ;
#9426 = AXIS2_PLACEMENT_3D ( 'NONE', #7618, #3530, #6690 ) ;
#9427 = CARTESIAN_POINT ( 'NONE',  ( -1.925000000000000044, 1.574999999999999956, -1.300000000000000044 ) ) ;
#9428 = DIRECTION ( 'NONE',  ( 7.228014483236698528E-16, -1.694065894508603636E-16, 1.000000000000000000 ) ) ;
#9429 = CARTESIAN_POINT ( 'NONE',  ( -3.225000000000000533, 1.750000000000000000, -0.4500000000000006217 ) ) ;
#9430 = VECTOR ( 'NONE', #4103, 1000.000000000000000 ) ;
#9431 = CARTESIAN_POINT ( 'NONE',  ( 3.000000000000000444, 0.3800000000000112732, 1.324999999999999956 ) ) ;
#9432 = FACE_OUTER_BOUND ( 'NONE', #13175, .T. ) ;
#9433 = VERTEX_POINT ( 'NONE', #11770 ) ;
#9434 = CARTESIAN_POINT ( 'NONE',  ( -1.074999999999999512, 1.149999999999999911, -1.349999999999997424 ) ) ;
#9435 = LINE ( 'NONE', #8787, #450 ) ;
#9436 = VECTOR ( 'NONE', #12599, 1000.000000000000000 ) ;
#9437 = ORIENTED_EDGE ( 'NONE', *, *, #8425, .F. ) ;
#9438 = ORIENTED_EDGE ( 'NONE', *, *, #12294, .T. ) ;
#9439 = ORIENTED_EDGE ( 'NONE', *, *, #1360, .T. ) ;
#9440 = ADVANCED_FACE ( 'NONE', ( #7093 ), #9754, .F. ) ;
#9441 = PLANE ( 'NONE',  #808 ) ;
#9442 = EDGE_LOOP ( 'NONE', ( #6786, #2448, #7784, #2615 ) ) ;
#9443 = DIRECTION ( 'NONE',  ( -1.000000000000000000, -0.000000000000000000, 0.000000000000000000 ) ) ;
#9444 = FILL_AREA_STYLE_COLOUR ( '', #4109 ) ;
#9445 = DIRECTION ( 'NONE',  ( -0.7071067811865414665, 0.000000000000000000, 0.7071067811865536790 ) ) ;
#9446 = ADVANCED_FACE ( 'NONE', ( #2691 ), #4546, .F. ) ;
#9447 = CARTESIAN_POINT ( 'NONE',  ( -3.000000000000000000, 0.08750000000000526801, 0.07500000000000117684 ) ) ;
#9448 = AXIS2_PLACEMENT_3D ( 'NONE', #679, #6762, #5944 ) ;
#9449 = VECTOR ( 'NONE', #5954, 1000.000000000000000 ) ;
#9450 = CARTESIAN_POINT ( 'NONE',  ( -3.000000000000000444, 0.1250000000000052180, 0.3500000000000004774 ) ) ;
#9451 = CARTESIAN_POINT ( 'NONE',  ( -0.8333333333333495796, 3.316666666666661545, 3.441666666666674423 ) ) ;
#9452 = DIRECTION ( 'NONE',  ( -1.000000000000000000, 0.000000000000000000, 0.000000000000000000 ) ) ;
#9453 = VECTOR ( 'NONE', #1930, 1000.000000000000000 ) ;
#9454 = ORIENTED_EDGE ( 'NONE', *, *, #6772, .F. ) ;
#9455 = VECTOR ( 'NONE', #10812, 1000.000000000000000 ) ;
#9456 = DIRECTION ( 'NONE',  ( 0.000000000000000000, -1.172110456741085828E-16, -1.000000000000000000 ) ) ;
#9457 = VERTEX_POINT ( 'NONE', #7907 ) ;
#9458 = ORIENTED_EDGE ( 'NONE', *, *, #10179, .F. ) ;
#9459 = ORIENTED_EDGE ( 'NONE', *, *, #6133, .F. ) ;
#9460 = PLANE ( 'NONE',  #2903 ) ;
#9461 = ORIENTED_EDGE ( 'NONE', *, *, #11776, .F. ) ;
#9462 = VERTEX_POINT ( 'NONE', #7547 ) ;
#9463 = CARTESIAN_POINT ( 'NONE',  ( 2.700000000000000178, 0.05000000000000490163, -1.050000000000000488 ) ) ;
#9464 = DIRECTION ( 'NONE',  ( 0.000000000000000000, -1.000000000000000000, 0.000000000000000000 ) ) ;
#9465 = FACE_OUTER_BOUND ( 'NONE', #5554, .T. ) ;
#9466 = CARTESIAN_POINT ( 'NONE',  ( -1.275000000000000133, 1.150000000000000133, -1.229999999999999760 ) ) ;
#9467 = DIRECTION ( 'NONE',  ( -0.000000000000000000, -1.000000000000000000, 0.000000000000000000 ) ) ;
#9468 = VECTOR ( 'NONE', #4875, 1000.000000000000000 ) ;
#9469 = VERTEX_POINT ( 'NONE', #12648 ) ;
#9470 = FACE_OUTER_BOUND ( 'NONE', #1906, .T. ) ;
#9471 = DIRECTION ( 'NONE',  ( 1.000000000000000000, 0.000000000000000000, -0.000000000000000000 ) ) ;
#9472 = VECTOR ( 'NONE', #2796, 1000.000000000000000 ) ;
#9473 = ORIENTED_EDGE ( 'NONE', *, *, #2283, .T. ) ;
#9474 = DIRECTION ( 'NONE',  ( 1.000000000000000000, -1.275531967630008943E-16, -0.000000000000000000 ) ) ;
#9475 = ORIENTED_EDGE ( 'NONE', *, *, #1414, .F. ) ;
#9476 = CARTESIAN_POINT ( 'NONE',  ( -3.200000000000000178, 0.1250000000000056344, 1.350000000000000533 ) ) ;
#9477 = EDGE_LOOP ( 'NONE', ( #10442, #1443, #8745, #1800 ) ) ;
#9478 = ORIENTED_EDGE ( 'NONE', *, *, #6905, .F. ) ;
#9479 = DIRECTION ( 'NONE',  ( 0.000000000000000000, -0.7071067811865475727, 0.7071067811865475727 ) ) ;
#9480 = CARTESIAN_POINT ( 'NONE',  ( -1.125000000000000222, 0.4499999999999999556, -0.3999999999999999667 ) ) ;
#9481 = ORIENTED_EDGE ( 'NONE', *, *, #7843, .T. ) ;
#9482 = DIRECTION ( 'NONE',  ( 0.000000000000000000, 0.000000000000000000, 1.000000000000000000 ) ) ;
#9483 = LINE ( 'NONE', #2353, #9641 ) ;
#9484 = CARTESIAN_POINT ( 'NONE',  ( -2.875000000000002220, 1.750000000000000000, -1.350000000000000533 ) ) ;
#9485 = DIRECTION ( 'NONE',  ( 1.000000000000000000, -1.275531967630008943E-16, -0.000000000000000000 ) ) ;
#9486 = EDGE_CURVE ( 'NONE', #6155, #12476, #7116, .T. ) ;
#9488 = DIRECTION ( 'NONE',  ( 1.000000000000000000, 0.000000000000000000, -0.000000000000000000 ) ) ;
#9487 = LINE ( 'NONE', #13017, #750 ) ;
#9489 = DIRECTION ( 'NONE',  ( -0.000000000000000000, 1.000000000000000000, -0.000000000000000000 ) ) ;
#9490 = ORIENTED_EDGE ( 'NONE', *, *, #2659, .F. ) ;
#9491 = DIRECTION ( 'NONE',  ( 1.000000000000000000, 3.614007241618339403E-16, 0.000000000000000000 ) ) ;
#9492 = AXIS2_PLACEMENT_3D ( 'NONE', #6977, #1787, #617 ) ;
#9493 = VECTOR ( 'NONE', #12544, 1000.000000000000000 ) ;
#9494 = FACE_OUTER_BOUND ( 'NONE', #1202, .T. ) ;
#9495 = VERTEX_POINT ( 'NONE', #1702 ) ;
#9496 = ORIENTED_EDGE ( 'NONE', *, *, #10629, .T. ) ;
#9497 = DIRECTION ( 'NONE',  ( 0.000000000000000000, 0.000000000000000000, 1.000000000000000000 ) ) ;
#9498 = ORIENTED_EDGE ( 'NONE', *, *, #3101, .F. ) ;
#9499 = ORIENTED_EDGE ( 'NONE', *, *, #7238, .T. ) ;
#9500 = EDGE_CURVE ( 'NONE', #6636, #12391, #2728, .T. ) ;
#9501 = CARTESIAN_POINT ( 'NONE',  ( 2.500000000000000888, 1.299999999999999378, 0.1500000000000006051 ) ) ;
#9502 = CARTESIAN_POINT ( 'NONE',  ( 1.925000000000000044, 1.125000000000000222, 0.4999999999999998890 ) ) ;
#9503 = ORIENTED_EDGE ( 'NONE', *, *, #6946, .F. ) ;
#9504 = EDGE_CURVE ( 'NONE', #2433, #2086, #2358, .T. ) ;
#9505 = DIRECTION ( 'NONE',  ( -0.000000000000000000, -0.000000000000000000, 1.000000000000000000 ) ) ;
#9506 = PLANE ( 'NONE',  #3202 ) ;
#9507 = VECTOR ( 'NONE', #13210, 1000.000000000000000 ) ;
#9508 = AXIS2_PLACEMENT_3D ( 'NONE', #4465, #1455, #6454 ) ;
#9509 = DIRECTION ( 'NONE',  ( -0.7071067811865475727, 0.000000000000000000, 0.7071067811865475727 ) ) ;
#9510 = EDGE_CURVE ( 'NONE', #7235, #12152, #3212, .T. ) ;
#9511 = ADVANCED_FACE ( 'NONE', ( #11751 ), #219, .F. ) ;
#9512 = EDGE_CURVE ( 'NONE', #5254, #13161, #12066, .T. ) ;
#9513 = EDGE_CURVE ( 'NONE', #11849, #11296, #3083, .T. ) ;
#9514 = LINE ( 'NONE', #11065, #518 ) ;
#9515 = ORIENTED_EDGE ( 'NONE', *, *, #4973, .F. ) ;
#9516 =( NAMED_UNIT ( * ) PLANE_ANGLE_UNIT ( ) SI_UNIT ( $, .RADIAN. ) );
#9517 = VECTOR ( 'NONE', #3933, 1000.000000000000000 ) ;
#9518 = ORIENTED_EDGE ( 'NONE', *, *, #7574, .T. ) ;
#9519 = VECTOR ( 'NONE', #7251, 1000.000000000000114 ) ;
#9520 = VERTEX_POINT ( 'NONE', #3025 ) ;
#9521 = EDGE_CURVE ( 'NONE', #13242, #6682, #12022, .T. ) ;
#9522 = ADVANCED_FACE ( 'NONE', ( #2959 ), #5235, .F. ) ;
#9523 = ORIENTED_EDGE ( 'NONE', *, *, #4946, .T. ) ;
#9524 = ORIENTED_EDGE ( 'NONE', *, *, #109, .T. ) ;
#9525 = ORIENTED_EDGE ( 'NONE', *, *, #8097, .F. ) ;
#9526 = DIRECTION ( 'NONE',  ( 0.000000000000000000, -1.000000000000000000, 0.000000000000000000 ) ) ;
#9527 = EDGE_LOOP ( 'NONE', ( #11606, #11398, #11338, #5936 ) ) ;
#9528 = DIRECTION ( 'NONE',  ( -1.000000000000000000, -1.275531967630008943E-16, 0.000000000000000000 ) ) ;
#9529 = DIRECTION ( 'NONE',  ( -1.000000000000000000, 0.000000000000000000, 0.000000000000000000 ) ) ;
#9530 = CARTESIAN_POINT ( 'NONE',  ( -1.125000000000000666, 1.499999999999999334, 1.275000000000000133 ) ) ;
#9531 = DIRECTION ( 'NONE',  ( -0.000000000000000000, 1.000000000000000000, -0.000000000000000000 ) ) ;
#9532 = AXIS2_PLACEMENT_3D ( 'NONE', #6759, #9896, #4861 ) ;
#9533 = CARTESIAN_POINT ( 'NONE',  ( 1.125000000000000222, 1.125000000000000222, -0.5500000000000018208 ) ) ;
#9534 = CARTESIAN_POINT ( 'NONE',  ( 2.075000000000000178, 0.7499999999999991118, -0.5500000000000021538 ) ) ;
#9535 = DIRECTION ( 'NONE',  ( -4.818676322157797375E-16, 1.000000000000000000, 0.000000000000000000 ) ) ;
#9536 = EDGE_CURVE ( 'NONE', #8197, #887, #7197, .T. ) ;
#9537 = DIRECTION ( 'NONE',  ( -1.000000000000000000, 0.000000000000000000, 0.000000000000000000 ) ) ;
#9538 = CIRCLE ( 'NONE', #3407, 0.03000000000000007869 ) ;
#9539 = VERTEX_POINT ( 'NONE', #12383 ) ;
#9540 = DIRECTION ( 'NONE',  ( 0.7071067811865475727, 0.000000000000000000, -0.7071067811865475727 ) ) ;
#9541 = EDGE_CURVE ( 'NONE', #9548, #5487, #11702, .T. ) ;
#9542 = LINE ( 'NONE', #6450, #9630 ) ;
#9543 = VERTEX_POINT ( 'NONE', #10184 ) ;
#9544 = FACE_OUTER_BOUND ( 'NONE', #1401, .T. ) ;
#9545 = PLANE ( 'NONE',  #11229 ) ;
#9546 = VERTEX_POINT ( 'NONE', #47 ) ;
#9547 = ORIENTED_EDGE ( 'NONE', *, *, #10606, .T. ) ;
#9548 = VERTEX_POINT ( 'NONE', #9081 ) ;
#9549 = ADVANCED_FACE ( 'NONE', ( #7326 ), #4982, .F. ) ;
#9550 = CARTESIAN_POINT ( 'NONE',  ( 1.125000000000000888, 1.574999999999999734, -0.5500000000000017097 ) ) ;
#9551 = VERTEX_POINT ( 'NONE', #873 ) ;
#9552 = EDGE_CURVE ( 'NONE', #2125, #8556, #2892, .T. ) ;
#9553 = ORIENTED_EDGE ( 'NONE', *, *, #10929, .T. ) ;
#9554 = EDGE_CURVE ( 'NONE', #5979, #759, #3171, .T. ) ;
#9555 = EDGE_CURVE ( 'NONE', #9495, #5920, #7557, .T. ) ;
#9556 = ADVANCED_FACE ( 'NONE', ( #3152 ), #10095, .F. ) ;
#9557 = FACE_OUTER_BOUND ( 'NONE', #8367, .T. ) ;
#9558 = PLANE ( 'NONE',  #5278 ) ;
#9559 = DIRECTION ( 'NONE',  ( 4.818676322157797375E-16, -1.000000000000000000, 0.000000000000000000 ) ) ;
#9560 = AXIS2_PLACEMENT_3D ( 'NONE', #9585, #5401, #6298 ) ;
#9561 = FACE_OUTER_BOUND ( 'NONE', #524, .T. ) ;
#9562 = ORIENTED_EDGE ( 'NONE', *, *, #3586, .T. ) ;
#9563 = VECTOR ( 'NONE', #3716, 1000.000000000000000 ) ;
#9564 = CARTESIAN_POINT ( 'NONE',  ( 1.125000000000000222, 0.9750000000000004219, -1.453616071428571521 ) ) ;
#9565 = ORIENTED_EDGE ( 'NONE', *, *, #11494, .F. ) ;
#9566 = FACE_OUTER_BOUND ( 'NONE', #10094, .T. ) ;
#9567 = AXIS2_PLACEMENT_3D ( 'NONE', #2388, #4604, #5263 ) ;
#9568 = EDGE_CURVE ( 'NONE', #3032, #1316, #11773, .T. ) ;
#9569 = ORIENTED_EDGE ( 'NONE', *, *, #12026, .T. ) ;
#9570 = DIRECTION ( 'NONE',  ( 1.000000000000000000, 0.000000000000000000, 0.000000000000000000 ) ) ;
#9571 = ORIENTED_EDGE ( 'NONE', *, *, #5826, .F. ) ;
#9572 = CARTESIAN_POINT ( 'NONE',  ( 2.075000000000000178, 1.125000000000000222, -0.5500000000000018208 ) ) ;
#9573 = EDGE_LOOP ( 'NONE', ( #9294, #8238, #7740, #8857 ) ) ;
#9574 = ORIENTED_EDGE ( 'NONE', *, *, #35, .F. ) ;
#9575 = DIRECTION ( 'NONE',  ( -1.445602896647340100E-15, 1.000000000000000000, 0.000000000000000000 ) ) ;
#9576 = DIRECTION ( 'NONE',  ( -3.833233541708442001E-16, -0.7071067811865474617, -0.7071067811865474617 ) ) ;
#9577 = ORIENTED_EDGE ( 'NONE', *, *, #13059, .T. ) ;
#9578 = CARTESIAN_POINT ( 'NONE',  ( 3.000000000000000444, 0.1250000000000063005, 0.07500000000000119071 ) ) ;
#9579 = CIRCLE ( 'NONE', #7859, 0.1000000000000000472 ) ;
#9580 = PLANE ( 'NONE',  #784 ) ;
#9581 = CARTESIAN_POINT ( 'NONE',  ( -2.925000000000000266, 1.225000000000011413, 1.350000000000000533 ) ) ;
#9582 = PLANE ( 'NONE',  #2107 ) ;
#9584 = CARTESIAN_POINT ( 'NONE',  ( -0.3250000000000000111, 1.150000000000000133, -1.229999999999999760 ) ) ;
#9583 = VECTOR ( 'NONE', #3521, 1000.000000000000000 ) ;
#9585 = CARTESIAN_POINT ( 'NONE',  ( 1.925000000000000044, 1.125000000000000222, -0.5500000000000018208 ) ) ;
#9586 = AXIS2_PLACEMENT_3D ( 'NONE', #10030, #989, #1963 ) ;
#9587 = ORIENTED_EDGE ( 'NONE', *, *, #8124, .F. ) ;
#9588 = VECTOR ( 'NONE', #13, 1000.000000000000000 ) ;
#9589 = ORIENTED_EDGE ( 'NONE', *, *, #8886, .F. ) ;
#9590 = DIRECTION ( 'NONE',  ( 1.000000000000000000, 0.000000000000000000, 0.000000000000000000 ) ) ;
#9591 = LINE ( 'NONE', #12688, #780 ) ;
#9592 = ORIENTED_EDGE ( 'NONE', *, *, #2758, .F. ) ;
#9593 = ORIENTED_EDGE ( 'NONE', *, *, #1712, .T. ) ;
#9594 = CARTESIAN_POINT ( 'NONE',  ( 1.925000000000000488, 0.7499999999999991118, -1.350000000000000533 ) ) ;
#9595 = EDGE_LOOP ( 'NONE', ( #12465, #9227, #8727, #9356 ) ) ;
#9596 = VERTEX_POINT ( 'NONE', #12018 ) ;
#9597 = CARTESIAN_POINT ( 'NONE',  ( 1.275000000000000355, 1.149999999999999911, -0.9749999999999929834 ) ) ;
#9598 = DIRECTION ( 'NONE',  ( -0.000000000000000000, -0.000000000000000000, 1.000000000000000000 ) ) ;
#9599 = VERTEX_POINT ( 'NONE', #9167 ) ;
#9600 = CARTESIAN_POINT ( 'NONE',  ( -0.4749999999999997558, 1.149999999999999911, -0.9749999999999955369 ) ) ;
#9601 = CARTESIAN_POINT ( 'NONE',  ( 2.075000000000000178, 0.7499999999999991118, -1.350000000000000533 ) ) ;
#9602 = CARTESIAN_POINT ( 'NONE',  ( -0.5249999999999996891, 0.2299999999999946254, -1.350000000000000533 ) ) ;
#9603 = VECTOR ( 'NONE', #9319, 1000.000000000000000 ) ;
#9604 = CARTESIAN_POINT ( 'NONE',  ( -1.275000000000000133, 0.7499999999999998890, -0.5500000000000020428 ) ) ;
#9605 = EDGE_CURVE ( 'NONE', #1103, #9858, #7411, .T. ) ;
#9606 = LINE ( 'NONE', #595, #4932 ) ;
#9607 = ORIENTED_EDGE ( 'NONE', *, *, #4330, .F. ) ;
#9608 = SURFACE_SIDE_STYLE ('',( #8887 ) ) ;
#9609 = VECTOR ( 'NONE', #3169, 1000.000000000000000 ) ;
#9610 = ORIENTED_EDGE ( 'NONE', *, *, #2760, .F. ) ;
#9611 = VECTOR ( 'NONE', #7926, 1000.000000000000000 ) ;
#9612 = CARTESIAN_POINT ( 'NONE',  ( 1.275000000000000577, 0.4499999999999992339, -0.3499999999999998113 ) ) ;
#9613 = ORIENTED_EDGE ( 'NONE', *, *, #10455, .T. ) ;
#9614 = ORIENTED_EDGE ( 'NONE', *, *, #1874, .T. ) ;
#9615 = EDGE_LOOP ( 'NONE', ( #2085, #11248, #2812, #315 ) ) ;
#9616 = DIRECTION ( 'NONE',  ( 0.000000000000000000, 0.000000000000000000, -1.000000000000000000 ) ) ;
#9617 = ORIENTED_EDGE ( 'NONE', *, *, #2123, .T. ) ;
#9618 = CARTESIAN_POINT ( 'NONE',  ( 1.925000000000001155, 0.7499999999999991118, -0.5500000000000018208 ) ) ;
#9619 = EDGE_LOOP ( 'NONE', ( #7752, #736, #12286, #677 ) ) ;
#9620 = SURFACE_SIDE_STYLE ('',( #13012 ) ) ;
#9621 = PLANE ( 'NONE',  #11283 ) ;
#9622 = PLANE ( 'NONE',  #7676 ) ;
#9623 = CARTESIAN_POINT ( 'NONE',  ( 2.700000000000000178, 0.05000000000000490163, -1.300000000000000711 ) ) ;
#9624 = VECTOR ( 'NONE', #7304, 1000.000000000000000 ) ;
#9625 = CARTESIAN_POINT ( 'NONE',  ( -1.125000000000000222, 1.575000000000000178, 0.5500000000000003775 ) ) ;
#9626 = DIRECTION ( 'NONE',  ( 1.000000000000000000, -0.000000000000000000, -0.000000000000000000 ) ) ;
#9627 = DIRECTION ( 'NONE',  ( 0.000000000000000000, -0.000000000000000000, -1.000000000000000000 ) ) ;
#9628 = VECTOR ( 'NONE', #5700, 1000.000000000000000 ) ;
#9629 = EDGE_LOOP ( 'NONE', ( #5237, #11033, #11088, #1821, #11179, #2403 ) ) ;
#9630 = VECTOR ( 'NONE', #6280, 1000.000000000000000 ) ;
#9631 = ORIENTED_EDGE ( 'NONE', *, *, #3784, .T. ) ;
#9632 = FACE_OUTER_BOUND ( 'NONE', #2165, .T. ) ;
#9633 = CARTESIAN_POINT ( 'NONE',  ( -0.3250000000000000111, 1.124999999999999778, -0.5500000000000018208 ) ) ;
#9634 = VERTEX_POINT ( 'NONE', #12196 ) ;
#9635 = ADVANCED_FACE ( 'NONE', ( #7287 ), #3932, .F. ) ;
#9636 = ORIENTED_EDGE ( 'NONE', *, *, #5352, .T. ) ;
#9637 = ORIENTED_EDGE ( 'NONE', *, *, #10772, .F. ) ;
#9638 = ORIENTED_EDGE ( 'NONE', *, *, #2763, .F. ) ;
#9639 = ORIENTED_EDGE ( 'NONE', *, *, #2734, .T. ) ;
#9640 = DIRECTION ( 'NONE',  ( 0.000000000000000000, -1.000000000000000000, 2.409338161078897701E-16 ) ) ;
#9641 = VECTOR ( 'NONE', #10596, 1000.000000000000000 ) ;
#9642 = LINE ( 'NONE', #2014, #9453 ) ;
#9643 = VERTEX_POINT ( 'NONE', #10364 ) ;
#9644 = ADVANCED_FACE ( 'NONE', ( #11666 ), #6311, .F. ) ;
#9645 = LINE ( 'NONE', #6534, #5207 ) ;
#9646 = ORIENTED_EDGE ( 'NONE', *, *, #3818, .T. ) ;
#9647 = LINE ( 'NONE', #12303, #5322 ) ;
#9648 = ORIENTED_EDGE ( 'NONE', *, *, #9085, .F. ) ;
#9649 = CARTESIAN_POINT ( 'NONE',  ( -3.000000000000000444, 1.150000000000011458, 1.274999999999999245 ) ) ;
#9650 = EDGE_CURVE ( 'NONE', #10116, #1577, #7265, .T. ) ;
#9651 = CARTESIAN_POINT ( 'NONE',  ( 0.000000000000000000, 0.7499999999999991118, -0.3499999999999994227 ) ) ;
#9652 = ORIENTED_EDGE ( 'NONE', *, *, #9028, .F. ) ;
#9653 = DIRECTION ( 'NONE',  ( 0.000000000000000000, -0.000000000000000000, 1.000000000000000000 ) ) ;
#9654 = VERTEX_POINT ( 'NONE', #10791 ) ;
#9655 = ADVANCED_FACE ( 'NONE', ( #7513 ), #558, .F. ) ;
#9656 = EDGE_CURVE ( 'NONE', #10405, #9243, #3020, .T. ) ;
#9657 = ORIENTED_EDGE ( 'NONE', *, *, #8616, .F. ) ;
#9658 = CARTESIAN_POINT ( 'NONE',  ( 0.4750000000000001443, 1.750000000000000888, -0.5500000000000018208 ) ) ;
#9659 = ORIENTED_EDGE ( 'NONE', *, *, #1093, .T. ) ;
#9660 = EDGE_CURVE ( 'NONE', #11759, #6809, #7452, .T. ) ;
#9661 = ADVANCED_FACE ( 'NONE', ( #11728 ), #5748, .F. ) ;
#9662 = DIRECTION ( 'NONE',  ( 1.000000000000000000, 0.000000000000000000, -7.228014483236698528E-16 ) ) ;
#9663 = AXIS2_PLACEMENT_3D ( 'NONE', #7774, #9802, #3885 ) ;
#9664 = LINE ( 'NONE', #5477, #5481 ) ;
#9665 = DIRECTION ( 'NONE',  ( 0.000000000000000000, 0.7071067811865515695, -0.7071067811865434649 ) ) ;
#9666 = DIRECTION ( 'NONE',  ( 0.000000000000000000, 8.673617379884030542E-16, -1.000000000000000000 ) ) ;
#9667 = DIRECTION ( 'NONE',  ( 0.000000000000000000, 0.7071067811865420216, 0.7071067811865531239 ) ) ;
#9668 = EDGE_CURVE ( 'NONE', #10438, #527, #11797, .T. ) ;
#9669 = VECTOR ( 'NONE', #3010, 1000.000000000000000 ) ;
#9670 = CARTESIAN_POINT ( 'NONE',  ( 0.3250000000000001776, 1.125000000000000222, -0.5500000000000018208 ) ) ;
#9671 = VERTEX_POINT ( 'NONE', #2369 ) ;
#9672 = VECTOR ( 'NONE', #4272, 1000.000000000000000 ) ;
#9673 = VERTEX_POINT ( 'NONE', #3378 ) ;
#9674 = CARTESIAN_POINT ( 'NONE',  ( 2.500000000000000888, 1.499999999999999334, 1.275000000000000133 ) ) ;
#9675 = EDGE_CURVE ( 'NONE', #10923, #5733, #2819, .T. ) ;
#9676 = VECTOR ( 'NONE', #7643, 1000.000000000000000 ) ;
#9677 = EDGE_LOOP ( 'NONE', ( #10056, #7525, #5304, #4437 ) ) ;
#9678 = ORIENTED_EDGE ( 'NONE', *, *, #11640, .F. ) ;
#9679 = DIRECTION ( 'NONE',  ( 0.000000000000000000, 0.000000000000000000, 1.000000000000000000 ) ) ;
#9680 = ORIENTED_EDGE ( 'NONE', *, *, #11255, .T. ) ;
#9681 = ORIENTED_EDGE ( 'NONE', *, *, #13094, .F. ) ;
#9682 = DIRECTION ( 'NONE',  ( -0.000000000000000000, -0.000000000000000000, 1.000000000000000000 ) ) ;
#9683 = DIRECTION ( 'NONE',  ( 1.000000000000000000, 0.000000000000000000, 0.000000000000000000 ) ) ;
#9684 = EDGE_CURVE ( 'NONE', #12284, #11907, #3035, .T. ) ;
#9685 = ORIENTED_EDGE ( 'NONE', *, *, #2797, .T. ) ;
#9686 = EDGE_CURVE ( 'NONE', #5440, #7946, #2798, .T. ) ;
#9687 = CARTESIAN_POINT ( 'NONE',  ( 0.000000000000000000, 0.000000000000000000, 0.7500000000000005551 ) ) ;
#9688 = CARTESIAN_POINT ( 'NONE',  ( -3.500000000000000000, 1.750000000000000000, -0.4500000000000006217 ) ) ;
#9689 = CARTESIAN_POINT ( 'NONE',  ( 3.200000000000000178, 1.075000000000010614, 1.350000000000000533 ) ) ;
#9690 = LINE ( 'NONE', #4902, #9785 ) ;
#9691 = CARTESIAN_POINT ( 'NONE',  ( 0.3250000000000001776, 1.150000000000000133, -1.453616071428571743 ) ) ;
#9692 = EDGE_CURVE ( 'NONE', #10335, #3635, #11835, .T. ) ;
#9693 = EDGE_CURVE ( 'NONE', #4741, #2732, #7305, .T. ) ;
#9694 = LINE ( 'NONE', #8173, #9763 ) ;
#9695 = ORIENTED_EDGE ( 'NONE', *, *, #7115, .T. ) ;
#9696 = CARTESIAN_POINT ( 'NONE',  ( 3.212499999999996803, 0.3375000000000050737, -0.5500000000000018208 ) ) ;
#9697 = LINE ( 'NONE', #1357, #9790 ) ;
#9698 = ORIENTED_EDGE ( 'NONE', *, *, #4475, .T. ) ;
#9699 = VECTOR ( 'NONE', #6238, 1000.000000000000000 ) ;
#9700 = CARTESIAN_POINT ( 'NONE',  ( 3.000000000000000000, 0.1500000000000054623, 0.07500000000000120459 ) ) ;
#9701 = ORIENTED_EDGE ( 'NONE', *, *, #6660, .T. ) ;
#9702 = EDGE_LOOP ( 'NONE', ( #6738, #9266, #7009, #7188 ) ) ;
#9703 = AXIS2_PLACEMENT_3D ( 'NONE', #1947, #4122, #2945 ) ;
#9704 = EDGE_LOOP ( 'NONE', ( #7953, #10690, #3447, #8793, #7857, #12817, #8355, #2534, #10769, #2054, #8563, #13077, #10387, #12647, #5983 ) ) ;
#9705 = CARTESIAN_POINT ( 'NONE',  ( 2.649999999999999467, 1.474999999999999867, -1.349999999999990985 ) ) ;
#9706 = ORIENTED_EDGE ( 'NONE', *, *, #167, .F. ) ;
#9707 = VERTEX_POINT ( 'NONE', #3579 ) ;
#9708 = DIRECTION ( 'NONE',  ( 1.000000000000000000, -0.000000000000000000, -0.000000000000000000 ) ) ;
#9709 = CARTESIAN_POINT ( 'NONE',  ( -2.700000000000000178, 1.474999999999999867, -1.350000000000000533 ) ) ;
#9710 = CARTESIAN_POINT ( 'NONE',  ( 0.4333333333333376780, -1.216666666666666785, 2.741666666666667584 ) ) ;
#9711 = EDGE_CURVE ( 'NONE', #12600, #1553, #7475, .T. ) ;
#9712 = DIRECTION ( 'NONE',  ( 0.000000000000000000, -1.000000000000000000, 0.000000000000000000 ) ) ;
#9713 = VECTOR ( 'NONE', #1792, 1000.000000000000000 ) ;
#9714 = CARTESIAN_POINT ( 'NONE',  ( -0.3249999999999996225, 1.149999999999999911, -0.9749999999999953149 ) ) ;
#9715 = CARTESIAN_POINT ( 'NONE',  ( 0.3250000000000007883, 1.574999999999999734, -0.5500000000000017097 ) ) ;
#9716 = DIRECTION ( 'NONE',  ( 0.000000000000000000, 0.000000000000000000, 1.000000000000000000 ) ) ;
#9717 = EDGE_CURVE ( 'NONE', #6366, #8268, #11961, .T. ) ;
#9718 = DIRECTION ( 'NONE',  ( -0.5773502691896257311, -0.5773502691896257311, -0.5773502691896257311 ) ) ;
#9719 = LINE ( 'NONE', #4198, #5317 ) ;
#9720 = VERTEX_POINT ( 'NONE', #6646 ) ;
#9721 = EDGE_CURVE ( 'NONE', #11837, #10656, #7533, .T. ) ;
#9722 = AXIS2_PLACEMENT_3D ( 'NONE', #6994, #8024, #4153 ) ;
#9723 = VECTOR ( 'NONE', #11846, 1000.000000000000000 ) ;
#9724 = VERTEX_POINT ( 'NONE', #12674 ) ;
#9725 = VECTOR ( 'NONE', #8608, 1000.000000000000000 ) ;
#9726 = DIRECTION ( 'NONE',  ( 0.7071067811865521247, 3.407318703740853605E-16, 0.7071067811865430208 ) ) ;
#9727 = ORIENTED_EDGE ( 'NONE', *, *, #13060, .T. ) ;
#9728 = ORIENTED_EDGE ( 'NONE', *, *, #8396, .T. ) ;
#9729 = EDGE_LOOP ( 'NONE', ( #2491, #4141, #4617, #4168 ) ) ;
#9730 = EDGE_LOOP ( 'NONE', ( #10829, #6632, #4146, #206 ) ) ;
#9731 = EDGE_CURVE ( 'NONE', #9906, #12284, #11980, .T. ) ;
#9732 = AXIS2_PLACEMENT_3D ( 'NONE', #1574, #7664, #9879 ) ;
#9733 = ORIENTED_EDGE ( 'NONE', *, *, #889, .T. ) ;
#9734 = DIRECTION ( 'NONE',  ( 1.000000000000000000, 0.000000000000000000, 0.000000000000000000 ) ) ;
#9735 = DIRECTION ( 'NONE',  ( 1.000000000000000000, 0.000000000000000000, 0.000000000000000000 ) ) ;
#9736 = VECTOR ( 'NONE', #9002, 1000.000000000000000 ) ;
#9737 = AXIS2_PLACEMENT_3D ( 'NONE', #4974, #12934, #11844 ) ;
#9738 = DIRECTION ( 'NONE',  ( -1.000000000000000000, 0.000000000000000000, 0.000000000000000000 ) ) ;
#9739 = LINE ( 'NONE', #7213, #951 ) ;
#9740 = ORIENTED_EDGE ( 'NONE', *, *, #11587, .F. ) ;
#9741 = LINE ( 'NONE', #11765, #9588 ) ;
#9742 = ORIENTED_EDGE ( 'NONE', *, *, #4905, .T. ) ;
#9743 = EDGE_CURVE ( 'NONE', #481, #1048, #3059, .T. ) ;
#9744 = VECTOR ( 'NONE', #322, 1000.000000000000000 ) ;
#9745 = EDGE_CURVE ( 'NONE', #10312, #2742, #11941, .T. ) ;
#9746 = ORIENTED_EDGE ( 'NONE', *, *, #9887, .F. ) ;
#9747 = PLANE ( 'NONE',  #7309 ) ;
#9748 = CARTESIAN_POINT ( 'NONE',  ( 0.4749999999999997558, 1.750000000000000888, -1.350000000000000311 ) ) ;
#9749 = ADVANCED_FACE ( 'NONE', ( #12000 ), #4678, .F. ) ;
#9750 = VERTEX_POINT ( 'NONE', #1645 ) ;
#9751 = PLANE ( 'NONE',  #7394 ) ;
#9752 = ORIENTED_EDGE ( 'NONE', *, *, #789, .T. ) ;
#9753 = ORIENTED_EDGE ( 'NONE', *, *, #5201, .F. ) ;
#9754 = PLANE ( 'NONE',  #4929 ) ;
#9755 = DIRECTION ( 'NONE',  ( -1.000000000000000000, 0.000000000000000000, 0.000000000000000000 ) ) ;
#9756 = EDGE_LOOP ( 'NONE', ( #8083, #16, #2509, #11966 ) ) ;
#9757 = AXIS2_PLACEMENT_3D ( 'NONE', #5272, #763, #4953 ) ;
#9758 = CARTESIAN_POINT ( 'NONE',  ( 2.075000000000000622, 1.124999999999999778, -0.3499999999999998113 ) ) ;
#9759 = VECTOR ( 'NONE', #10427, 1000.000000000000000 ) ;
#9760 = CARTESIAN_POINT ( 'NONE',  ( -1.275000000000000133, 0.4499999999999991784, -1.350000000000000533 ) ) ;
#9761 = CARTESIAN_POINT ( 'NONE',  ( 1.125000000000000222, 1.150000000000000133, -1.453616071428571743 ) ) ;
#9762 = PLANE ( 'NONE',  #10921 ) ;
#9763 = VECTOR ( 'NONE', #9232, 1000.000000000000000 ) ;
#9764 = DIRECTION ( 'NONE',  ( 0.000000000000000000, -1.000000000000000000, 0.000000000000000000 ) ) ;
#9765 = VERTEX_POINT ( 'NONE', #9688 ) ;
#9766 = DIRECTION ( 'NONE',  ( -0.000000000000000000, -1.000000000000000000, 0.000000000000000000 ) ) ;
#9767 = VECTOR ( 'NONE', #4722, 1000.000000000000000 ) ;
#9768 = EDGE_LOOP ( 'NONE', ( #5366, #3686, #9752, #204 ) ) ;
#9769 = DIRECTION ( 'NONE',  ( -1.000000000000000000, 0.000000000000000000, 0.000000000000000000 ) ) ;
#9770 = ORIENTED_EDGE ( 'NONE', *, *, #5777, .F. ) ;
#9771 = ORIENTED_EDGE ( 'NONE', *, *, #6429, .T. ) ;
#9772 = CARTESIAN_POINT ( 'NONE',  ( 1.275000000000000133, 1.750000000000000888, -0.5500000000000018208 ) ) ;
#9773 = CARTESIAN_POINT ( 'NONE',  ( -0.3250000000000000111, 1.750000000000000888, -0.5500000000000018208 ) ) ;
#9774 = ORIENTED_EDGE ( 'NONE', *, *, #9536, .T. ) ;
#9775 = ADVANCED_FACE ( 'NONE', ( #7606 ), #1563, .F. ) ;
#9776 = VERTEX_POINT ( 'NONE', #4925 ) ;
#9777 = DIRECTION ( 'NONE',  ( -0.000000000000000000, -0.000000000000000000, 1.000000000000000000 ) ) ;
#9778 = CARTESIAN_POINT ( 'NONE',  ( 1.925000000000000044, 0.7499999999999991118, -0.5500000000000018208 ) ) ;
#9779 = VERTEX_POINT ( 'NONE', #9111 ) ;
#9780 = EDGE_CURVE ( 'NONE', #11917, #9599, #12047, .T. ) ;
#9781 = ADVANCED_FACE ( 'NONE', ( #3260 ), #2882, .T. ) ;
#9782 = DIRECTION ( 'NONE',  ( 1.000000000000000000, -0.000000000000000000, -0.000000000000000000 ) ) ;
#9783 = DIRECTION ( 'NONE',  ( -0.5773502691896242878, -0.5773502691896251759, -0.5773502691896278405 ) ) ;
#9784 = CARTESIAN_POINT ( 'NONE',  ( 3.500000000000000000, 1.750000000000000000, -0.4500000000000006217 ) ) ;
#9785 = VECTOR ( 'NONE', #886, 1000.000000000000000 ) ;
#9786 = DIRECTION ( 'NONE',  ( -0.000000000000000000, -0.000000000000000000, 1.000000000000000000 ) ) ;
#9787 = LINE ( 'NONE', #289, #5551 ) ;
#9788 = ORIENTED_EDGE ( 'NONE', *, *, #7380, .F. ) ;
#9789 = DIRECTION ( 'NONE',  ( 0.000000000000000000, 1.000000000000000000, -0.000000000000000000 ) ) ;
#9790 = VECTOR ( 'NONE', #3347, 1000.000000000000114 ) ;
#9791 = EDGE_LOOP ( 'NONE', ( #3587, #2558, #10407, #12450, #6035, #3373, #4066, #5522, #8186, #8467, #4221, #12706, #3682, #12365, #4268 ) ) ;
#9792 = LINE ( 'NONE', #722, #651 ) ;
#9793 = CARTESIAN_POINT ( 'NONE',  ( 3.500000000000000000, 1.750000000000000000, -1.275000000000001910 ) ) ;
#9794 = ORIENTED_EDGE ( 'NONE', *, *, #1120, .F. ) ;
#9795 = EDGE_LOOP ( 'NONE', ( #5689, #11345, #12793, #12980 ) ) ;
#9796 = ORIENTED_EDGE ( 'NONE', *, *, #6906, .T. ) ;
#9797 = ORIENTED_EDGE ( 'NONE', *, *, #10517, .T. ) ;
#9798 = CARTESIAN_POINT ( 'NONE',  ( -0.4749999999999999223, 0.7499999999999998890, -0.3999999999999999667 ) ) ;
#9799 = EDGE_LOOP ( 'NONE', ( #8911, #493, #12762, #8971 ) ) ;
#9800 = CARTESIAN_POINT ( 'NONE',  ( -0.3250000000000000111, 0.7499999999999998890, -0.3499999999999998113 ) ) ;
#9801 = DIRECTION ( 'NONE',  ( -1.000000000000000000, -0.000000000000000000, -1.445602896647338917E-15 ) ) ;
#9802 = DIRECTION ( 'NONE',  ( 0.000000000000000000, 1.000000000000000000, -0.000000000000000000 ) ) ;
#9803 = DIRECTION ( 'NONE',  ( 1.000000000000000000, -0.000000000000000000, -0.000000000000000000 ) ) ;
#9804 = VECTOR ( 'NONE', #2090, 1000.000000000000000 ) ;
#9805 = DIRECTION ( 'NONE',  ( 1.000000000000000000, -7.228014483236696555E-16, 0.000000000000000000 ) ) ;
#9806 = CARTESIAN_POINT ( 'NONE',  ( -0.4749999999999999223, 1.149999999999999911, 0.000000000000000000 ) ) ;
#9807 = CARTESIAN_POINT ( 'NONE',  ( 1.925000000000000044, 0.4499999999999999556, -0.9499999999999999556 ) ) ;
#9808 = VECTOR ( 'NONE', #3930, 1000.000000000000000 ) ;
#9809 = EDGE_LOOP ( 'NONE', ( #1124, #537, #1318, #917 ) ) ;
#9810 = CARTESIAN_POINT ( 'NONE',  ( 2.500000000000000888, 1.499999999999999334, 1.275000000000000133 ) ) ;
#9811 = LINE ( 'NONE', #6888, #9563 ) ;
#9812 = ORIENTED_EDGE ( 'NONE', *, *, #2456, .T. ) ;
#9813 = PRESENTATION_STYLE_ASSIGNMENT (( #3757 ) ) ;
#9814 = CARTESIAN_POINT ( 'NONE',  ( 1.125000000000000666, 0.7499999999999991118, -1.350000000000000533 ) ) ;
#9815 = ORIENTED_EDGE ( 'NONE', *, *, #278, .T. ) ;
#9816 = ORIENTED_EDGE ( 'NONE', *, *, #10046, .F. ) ;
#9817 = ORIENTED_EDGE ( 'NONE', *, *, #7372, .F. ) ;
#9818 = EDGE_LOOP ( 'NONE', ( #3485, #13132, #7710, #11539, #7564, #2459 ) ) ;
#9819 = VERTEX_POINT ( 'NONE', #2722 ) ;
#9820 = DIRECTION ( 'NONE',  ( -0.5773502691896249539, -0.5773502691896272854, 0.5773502691896249539 ) ) ;
#9821 = CARTESIAN_POINT ( 'NONE',  ( 1.900000000000000577, 0.2499999999999991396, 0.7500000000000005551 ) ) ;
#9822 = DIRECTION ( 'NONE',  ( -0.5773502691896249539, 0.5773502691896272854, -0.5773502691896249539 ) ) ;
#9823 = LINE ( 'NONE', #10022, #813 ) ;
#9824 = AXIS2_PLACEMENT_3D ( 'NONE', #555, #2548, #4388 ) ;
#9825 = DIRECTION ( 'NONE',  ( 0.000000000000000000, 0.000000000000000000, -1.000000000000000000 ) ) ;
#9826 = EDGE_CURVE ( 'NONE', #7968, #1303, #12173, .T. ) ;
#9827 = EDGE_CURVE ( 'NONE', #5329, #804, #12585, .T. ) ;
#9828 = FACE_OUTER_BOUND ( 'NONE', #2963, .T. ) ;
#9829 = ORIENTED_EDGE ( 'NONE', *, *, #6182, .F. ) ;
#9830 = EDGE_CURVE ( 'NONE', #11420, #3707, #12292, .T. ) ;
#9831 = VECTOR ( 'NONE', #1449, 1000.000000000000000 ) ;
#9832 = DIRECTION ( 'NONE',  ( 0.000000000000000000, -1.000000000000000000, 0.000000000000000000 ) ) ;
#9833 = ORIENTED_EDGE ( 'NONE', *, *, #10809, .F. ) ;
#9834 = ORIENTED_EDGE ( 'NONE', *, *, #5225, .F. ) ;
#9835 = EDGE_CURVE ( 'NONE', #70, #11569, #3307, .T. ) ;
#9836 = DIRECTION ( 'NONE',  ( 0.7071067811865475727, 0.000000000000000000, -0.7071067811865475727 ) ) ;
#9837 = DIRECTION ( 'NONE',  ( 1.000000000000000000, 0.000000000000000000, -0.000000000000000000 ) ) ;
#9838 = ORIENTED_EDGE ( 'NONE', *, *, #2550, .T. ) ;
#9839 = ORIENTED_EDGE ( 'NONE', *, *, #3902, .F. ) ;
#9840 = CARTESIAN_POINT ( 'NONE',  ( 3.500000000000003553, 1.474999999999999867, -1.349999999999989653 ) ) ;
#9841 = CARTESIAN_POINT ( 'NONE',  ( 3.500000000000000000, 0.2299999999999945699, -1.050000000000000488 ) ) ;
#9842 = ORIENTED_EDGE ( 'NONE', *, *, #12422, .T. ) ;
#9843 = EDGE_CURVE ( 'NONE', #3067, #394, #12224, .T. ) ;
#9844 = VECTOR ( 'NONE', #112, 1000.000000000000000 ) ;
#9845 = EDGE_CURVE ( 'NONE', #759, #4710, #3689, .T. ) ;
#9846 = AXIS2_PLACEMENT_3D ( 'NONE', #4010, #3271, #4282 ) ;
#9847 = CARTESIAN_POINT ( 'NONE',  ( -3.500000000000000000, 0.3500000000000021982, 0.9499999999999959588 ) ) ;
#9848 = DIRECTION ( 'NONE',  ( 0.000000000000000000, 0.000000000000000000, 1.000000000000000000 ) ) ;
#9849 = APPLICATION_CONTEXT ( 'automotive_design' ) ;
#9850 = DIRECTION ( 'NONE',  ( 0.000000000000000000, -1.000000000000000000, 0.000000000000000000 ) ) ;
#9851 = FACE_OUTER_BOUND ( 'NONE', #1908, .T. ) ;
#9852 = VERTEX_POINT ( 'NONE', #6817 ) ;
#9853 = EDGE_CURVE ( 'NONE', #5121, #4193, #7973, .T. ) ;
#9854 = DIRECTION ( 'NONE',  ( 0.000000000000000000, 0.000000000000000000, -1.000000000000000000 ) ) ;
#9855 = VECTOR ( 'NONE', #2607, 1000.000000000000000 ) ;
#9856 = VERTEX_POINT ( 'NONE', #5918 ) ;
#9857 =( NAMED_UNIT ( * ) PLANE_ANGLE_UNIT ( ) SI_UNIT ( $, .RADIAN. ) );
#9858 = VERTEX_POINT ( 'NONE', #8035 ) ;
#9859 = ADVANCED_FACE ( 'NONE', ( #12438 ), #3771, .F. ) ;
#9860 = DIRECTION ( 'NONE',  ( 0.000000000000000000, 0.000000000000000000, 1.000000000000000000 ) ) ;
#9861 = ORIENTED_EDGE ( 'NONE', *, *, #13214, .F. ) ;
#9862 = ORIENTED_EDGE ( 'NONE', *, *, #1061, .F. ) ;
#9863 = EDGE_CURVE ( 'NONE', #3185, #5664, #7992, .T. ) ;
#9864 = CARTESIAN_POINT ( 'NONE',  ( -3.000000000000000444, 0.1250000000000056621, 1.350000000000000533 ) ) ;
#9865 = DIRECTION ( 'NONE',  ( 0.000000000000000000, -6.377659838150027460E-17, -1.000000000000000000 ) ) ;
#9866 = VERTEX_POINT ( 'NONE', #10948 ) ;
#9867 = EDGE_CURVE ( 'NONE', #12070, #1395, #3669, .T. ) ;
#9868 = CARTESIAN_POINT ( 'NONE',  ( 3.500000000000000000, 1.150000000000011013, 1.250000000000001110 ) ) ;
#9869 = DIRECTION ( 'NONE',  ( -4.818676322157797375E-16, 1.000000000000000000, 0.000000000000000000 ) ) ;
#9870 = DIRECTION ( 'NONE',  ( -0.5773502691896257311, -0.5773502691896257311, -0.5773502691896257311 ) ) ;
#9871 = VECTOR ( 'NONE', #4201, 1000.000000000000000 ) ;
#9872 = AXIS2_PLACEMENT_3D ( 'NONE', #7522, #1431, #12718 ) ;
#9873 = VECTOR ( 'NONE', #7903, 999.9999999999998863 ) ;
#9874 = ORIENTED_EDGE ( 'NONE', *, *, #12010, .T. ) ;
#9875 = DIRECTION ( 'NONE',  ( -0.000000000000000000, 1.000000000000000000, 0.000000000000000000 ) ) ;
#9876 = LINE ( 'NONE', #1530, #9831 ) ;
#9877 = ORIENTED_EDGE ( 'NONE', *, *, #6491, .F. ) ;
#9878 = DIRECTION ( 'NONE',  ( 0.000000000000000000, 0.000000000000000000, 1.000000000000000000 ) ) ;
#9879 = DIRECTION ( 'NONE',  ( 0.000000000000000000, -0.000000000000000000, 1.000000000000000000 ) ) ;
#9880 = EDGE_CURVE ( 'NONE', #6590, #1289, #7845, .T. ) ;
#9881 = ORIENTED_EDGE ( 'NONE', *, *, #4191, .T. ) ;
#9882 = ORIENTED_EDGE ( 'NONE', *, *, #9891, .F. ) ;
#9883 = ADVANCED_FACE ( 'NONE', ( #12268 ), #11848, .F. ) ;
#9884 = VERTEX_POINT ( 'NONE', #12545 ) ;
#9885 = ORIENTED_EDGE ( 'NONE', *, *, #12937, .T. ) ;
#9886 = DIRECTION ( 'NONE',  ( -1.000000000000000000, 9.035018104045878829E-16, 0.000000000000000000 ) ) ;
#9887 = EDGE_CURVE ( 'NONE', #11886, #9128, #3445, .T. ) ;
#9888 = CARTESIAN_POINT ( 'NONE',  ( 1.175000000000000266, 1.175000000000000488, 0.5500000000000004885 ) ) ;
#9889 = ADVANCED_FACE ( 'NONE', ( #3424 ), #9751, .F. ) ;
#9890 = CARTESIAN_POINT ( 'NONE',  ( 1.125000000000000222, 1.150000000000000577, 0.5000000000000000000 ) ) ;
#9891 = EDGE_CURVE ( 'NONE', #1767, #3660, #12362, .T. ) ;
#9892 = ADVANCED_FACE ( 'NONE', ( #12504 ), #4645, .F. ) ;
#9893 = LINE ( 'NONE', #12656, #9804 ) ;
#9894 = DIRECTION ( 'NONE',  ( 1.000000000000000000, -0.000000000000000000, -0.000000000000000000 ) ) ;
#9895 = PLANE ( 'NONE',  #3795 ) ;
#9896 = DIRECTION ( 'NONE',  ( -1.000000000000000000, 0.000000000000000000, -0.000000000000000000 ) ) ;
#9897 = CARTESIAN_POINT ( 'NONE',  ( -3.500000000000000000, 1.714999999999999858, 1.350000000000000533 ) ) ;
#9898 = VECTOR ( 'NONE', #5798, 1000.000000000000000 ) ;
#9899 =( GEOMETRIC_REPRESENTATION_CONTEXT ( 3 ) GLOBAL_UNCERTAINTY_ASSIGNED_CONTEXT ( ( #10951 ) ) GLOBAL_UNIT_ASSIGNED_CONTEXT ( ( #10936, #9857, #6076 ) ) REPRESENTATION_CONTEXT ( 'NONE', 'WORKASPACE' ) );
#9900 = VERTEX_POINT ( 'NONE', #2609 ) ;
#9901 = DIRECTION ( 'NONE',  ( -4.818676322157797375E-16, 1.000000000000000000, 0.000000000000000000 ) ) ;
#9902 = LINE ( 'NONE', #1617, #9767 ) ;
#9903 = ORIENTED_EDGE ( 'NONE', *, *, #468, .F. ) ;
#9904 = LINE ( 'NONE', #2381, #10230 ) ;
#9905 = DIRECTION ( 'NONE',  ( -1.000000000000000000, -0.000000000000000000, -0.000000000000000000 ) ) ;
#9906 = VERTEX_POINT ( 'NONE', #9572 ) ;
#9907 = ORIENTED_EDGE ( 'NONE', *, *, #4235, .F. ) ;
#9908 = ORIENTED_EDGE ( 'NONE', *, *, #13055, .T. ) ;
#9909 = ORIENTED_EDGE ( 'NONE', *, *, #1445, .F. ) ;
#9910 = CARTESIAN_POINT ( 'NONE',  ( 0.000000000000000000, 1.124999999999999778, -0.3499999999999994227 ) ) ;
#9911 = DIRECTION ( 'NONE',  ( -0.000000000000000000, 1.000000000000000000, 1.694065894508603883E-16 ) ) ;
#9912 = EDGE_CURVE ( 'NONE', #12461, #1869, #7782, .T. ) ;
#9913 = FACE_OUTER_BOUND ( 'NONE', #6984, .T. ) ;
#9914 = CARTESIAN_POINT ( 'NONE',  ( 0.3250000000000001776, 0.000000000000000000, -1.300000000000000044 ) ) ;
#9915 = EDGE_CURVE ( 'NONE', #1867, #783, #3329, .T. ) ;
#9916 = LINE ( 'NONE', #4822, #998 ) ;
#9917 = ADVANCED_FACE ( 'NONE', ( #7804 ), #3285, .F. ) ;
#9918 = ORIENTED_EDGE ( 'NONE', *, *, #8211, .T. ) ;
#9919 = FACE_OUTER_BOUND ( 'NONE', #5515, .T. ) ;
#9920 = CARTESIAN_POINT ( 'NONE',  ( -2.649999999999999023, 0.2299999999999946254, -1.350000000000000533 ) ) ;
#9921 = ORIENTED_EDGE ( 'NONE', *, *, #4614, .F. ) ;
#9922 = AXIS2_PLACEMENT_3D ( 'NONE', #2372, #1055, #10367 ) ;
#9923 = EDGE_LOOP ( 'NONE', ( #373, #4120, #4095, #4349, #5144, #248, #388, #8806, #13158, #4737, #823, #4716, #238, #208, #424 ) ) ;
#9924 = DIRECTION ( 'NONE',  ( 1.000000000000000000, 0.000000000000000000, 0.000000000000000000 ) ) ;
#9925 = ORIENTED_EDGE ( 'NONE', *, *, #11721, .T. ) ;
#9926 = ORIENTED_EDGE ( 'NONE', *, *, #6736, .T. ) ;
#9927 = CARTESIAN_POINT ( 'NONE',  ( 3.200000000000000178, 0.2750000000000112355, 1.350000000000000533 ) ) ;
#9928 = CARTESIAN_POINT ( 'NONE',  ( 2.500000000000000888, 1.299999999999999378, -0.3499999999999994227 ) ) ;
#9929 = EDGE_LOOP ( 'NONE', ( #9727, #8945, #7819, #239 ) ) ;
#9930 = CARTESIAN_POINT ( 'NONE',  ( -0.3750000000000001110, 0.4499999999999999556, -0.3499999999999998113 ) ) ;
#9931 = LINE ( 'NONE', #5901, #5423 ) ;
#9932 = CARTESIAN_POINT ( 'NONE',  ( -1.175000000000000266, 1.524999999999999911, 0.5500000000000003775 ) ) ;
#9933 = LINE ( 'NONE', #10167, #9808 ) ;
#9934 = ORIENTED_EDGE ( 'NONE', *, *, #5821, .T. ) ;
#9935 = EDGE_CURVE ( 'NONE', #3588, #8505, #3398, .T. ) ;
#9936 = VECTOR ( 'NONE', #1873, 1000.000000000000000 ) ;
#9937 = ORIENTED_EDGE ( 'NONE', *, *, #3002, .T. ) ;
#9938 = CARTESIAN_POINT ( 'NONE',  ( -3.000000000000000000, 0.1500000000000054623, 0.2749999999999981348 ) ) ;
#9939 = VECTOR ( 'NONE', #9411, 1000.000000000000000 ) ;
#9940 = EDGE_LOOP ( 'NONE', ( #4495, #3561, #4389, #3228 ) ) ;
#9941 = CARTESIAN_POINT ( 'NONE',  ( 2.700000000000000178, 1.474999999999999867, -1.300000000000000711 ) ) ;
#9942 = CARTESIAN_POINT ( 'NONE',  ( 0.5249999999999999112, 1.675000000000001377, -1.350000000000000533 ) ) ;
#9943 = ADVANCED_FACE ( 'NONE', ( #8069 ), #3348, .T. ) ;
#9944 = ORIENTED_EDGE ( 'NONE', *, *, #6642, .F. ) ;
#9945 = ORIENTED_EDGE ( 'NONE', *, *, #9193, .F. ) ;
#9946 = CARTESIAN_POINT ( 'NONE',  ( 1.925000000000000044, 0.4499999999999999556, -0.3499999999999998113 ) ) ;
#9947 = DIRECTION ( 'NONE',  ( -1.000000000000000000, 1.275531967630008943E-16, 0.000000000000000000 ) ) ;
#9948 = ORIENTED_EDGE ( 'NONE', *, *, #10967, .T. ) ;
#9949 = DIRECTION ( 'NONE',  ( 0.000000000000000000, 1.000000000000000000, -0.000000000000000000 ) ) ;
#9950 = CARTESIAN_POINT ( 'NONE',  ( -3.200000000000000178, 0.2750000000000112355, 1.305000000000000382 ) ) ;
#9951 = DIRECTION ( 'NONE',  ( 0.000000000000000000, 0.000000000000000000, 1.000000000000000000 ) ) ;
#9952 = COLOUR_RGB ( '',0.7921568627450980005, 0.8196078431372548767, 0.9333333333333333481 ) ;
#9953 = CARTESIAN_POINT ( 'NONE',  ( -1.258333333333333526, 0.6166666666666658081, -0.2666666666666664964 ) ) ;
#9954 = LINE ( 'NONE', #8468, #10126 ) ;
#9955 = VERTEX_POINT ( 'NONE', #11500 ) ;
#9956 = DIRECTION ( 'NONE',  ( 0.000000000000000000, 0.000000000000000000, 1.000000000000000000 ) ) ;
#9957 = VECTOR ( 'NONE', #11006, 1000.000000000000000 ) ;
#9958 = VERTEX_POINT ( 'NONE', #7544 ) ;
#9959 = ADVANCED_FACE ( 'NONE', ( #7756 ), #6699, .F. ) ;
#9960 = CARTESIAN_POINT ( 'NONE',  ( 1.125000000000000222, 1.750000000000000888, -0.5500000000000017097 ) ) ;
#9961 = VERTEX_POINT ( 'NONE', #1619 ) ;
#9962 = ADVANCED_FACE ( 'NONE', ( #7870 ), #2521, .F. ) ;
#9963 = VERTEX_POINT ( 'NONE', #11766 ) ;
#9964 = ORIENTED_EDGE ( 'NONE', *, *, #9693, .F. ) ;
#9965 = DIRECTION ( 'NONE',  ( 0.7071067811865497932, -1.703659351870409300E-16, -0.7071067811865452413 ) ) ;
#9966 = ORIENTED_EDGE ( 'NONE', *, *, #3138, .F. ) ;
#9967 = CARTESIAN_POINT ( 'NONE',  ( -1.275000000000000133, 0.7499999999999998890, -0.3999999999999999667 ) ) ;
#9968 = CARTESIAN_POINT ( 'NONE',  ( 3.500000000000003109, 1.474999999999999867, -0.9749999999999897637 ) ) ;
#9969 = CARTESIAN_POINT ( 'NONE',  ( 2.649999999999999467, 1.675000000000001377, -1.350000000000000533 ) ) ;
#9970 = DIRECTION ( 'NONE',  ( 0.000000000000000000, 0.000000000000000000, 1.000000000000000000 ) ) ;
#9971 = LINE ( 'NONE', #4140, #5869 ) ;
#9972 = CARTESIAN_POINT ( 'NONE',  ( 1.275000000000000133, 0.7499999999999998890, -0.5500000000000020428 ) ) ;
#9973 = PLANE ( 'NONE',  #2496 ) ;
#9974 = DIRECTION ( 'NONE',  ( -1.275531967630008943E-16, 1.000000000000000000, 0.000000000000000000 ) ) ;
#9975 = EDGE_CURVE ( 'NONE', #285, #6952, #8114, .T. ) ;
#9976 = CARTESIAN_POINT ( 'NONE',  ( 2.075000000000001066, 2.999626010543232221E-15, -0.3499999999999994227 ) ) ;
#9977 = LINE ( 'NONE', #5395, #1160 ) ;
#9978 = ORIENTED_EDGE ( 'NONE', *, *, #3387, .T. ) ;
#9979 = LINE ( 'NONE', #7655, #5657 ) ;
#9980 = ORIENTED_EDGE ( 'NONE', *, *, #4624, .F. ) ;
#9981 = EDGE_CURVE ( 'NONE', #4158, #1392, #3518, .T. ) ;
#9982 = VECTOR ( 'NONE', #7306, 1000.000000000000000 ) ;
#9983 = VERTEX_POINT ( 'NONE', #4723 ) ;
#9984 = ORIENTED_EDGE ( 'NONE', *, *, #384, .F. ) ;
#9985 = AXIS2_PLACEMENT_3D ( 'NONE', #9594, #552, #7483 ) ;
#9986 = VERTEX_POINT ( 'NONE', #3393 ) ;
#9987 = EDGE_CURVE ( 'NONE', #6150, #1468, #12556, .T. ) ;
#9988 = EDGE_CURVE ( 'NONE', #10685, #11886, #7659, .T. ) ;
#9989 = ORIENTED_EDGE ( 'NONE', *, *, #7106, .T. ) ;
#9990 = CARTESIAN_POINT ( 'NONE',  ( 0.4750000000000001443, 1.150000000000000133, -1.229999999999999982 ) ) ;
#9991 = DIRECTION ( 'NONE',  ( 0.000000000000000000, -0.000000000000000000, 1.000000000000000000 ) ) ;
#9992 = EDGE_CURVE ( 'NONE', #11580, #9048, #12148, .T. ) ;
#9993 = ADVANCED_FACE ( 'NONE', ( #3709 ), #3711, .F. ) ;
#9994 = PLANE ( 'NONE',  #11865 ) ;
#9995 = AXIS2_PLACEMENT_3D ( 'NONE', #12835, #9836, #7713 ) ;
#9996 = DIRECTION ( 'NONE',  ( 0.000000000000000000, 0.7071067811865463515, -0.7071067811865487940 ) ) ;
#9997 = DIRECTION ( 'NONE',  ( 0.000000000000000000, -0.000000000000000000, 1.000000000000000000 ) ) ;
#9998 = ADVANCED_FACE ( 'NONE', ( #8140 ), #4799, .F. ) ;
#9999 = LINE ( 'NONE', #9773, #5779 ) ;
#10000 = CARTESIAN_POINT ( 'NONE',  ( 0.3250000000000001776, 1.574999999999999734, -0.5500000000000017097 ) ) ;
#10001 = EDGE_CURVE ( 'NONE', #11535, #1692, #7922, .T. ) ;
#10002 = LINE ( 'NONE', #11688, #5697 ) ;
#10003 = EDGE_LOOP ( 'NONE', ( #1464, #9834, #1467, #8277 ) ) ;
#10004 = FACE_OUTER_BOUND ( 'NONE', #12452, .T. ) ;
#10005 = CARTESIAN_POINT ( 'NONE',  ( 0.3250000000000001776, 1.574999999999999956, -1.300000000000000044 ) ) ;
#10006 = VERTEX_POINT ( 'NONE', #13018 ) ;
#10007 = LINE ( 'NONE', #3396, #5726 ) ;
#10008 = EDGE_LOOP ( 'NONE', ( #3089, #4026, #3143, #11659 ) ) ;
#10009 = CARTESIAN_POINT ( 'NONE',  ( 3.200000000000000178, 0.3800000000000113287, 1.305000000000000160 ) ) ;
#10010 = AXIS2_PLACEMENT_3D ( 'NONE', #9140, #5464, #3997 ) ;
#10011 = ORIENTED_EDGE ( 'NONE', *, *, #9675, .F. ) ;
#10012 = ORIENTED_EDGE ( 'NONE', *, *, #1388, .T. ) ;
#10013 = CARTESIAN_POINT ( 'NONE',  ( 3.500000000000003553, 1.474999999999999867, -1.349999999999989653 ) ) ;
#10014 = CARTESIAN_POINT ( 'NONE',  ( 1.875000000000000444, 0.2299999999999946254, -1.350000000000000533 ) ) ;
#10015 = PLANE ( 'NONE',  #13193 ) ;
#10016 = VERTEX_POINT ( 'NONE', #5701 ) ;
#10017 = CARTESIAN_POINT ( 'NONE',  ( -0.4749999999999999223, 0.7499999999999998890, -0.3499999999999998113 ) ) ;
#10018 = DIRECTION ( 'NONE',  ( -0.000000000000000000, -0.000000000000000000, 1.000000000000000000 ) ) ;
#10019 = EDGE_CURVE ( 'NONE', #8372, #11450, #12459, .T. ) ;
#10020 = VECTOR ( 'NONE', #8303, 1000.000000000000000 ) ;
#10021 = PLANE ( 'NONE',  #11082 ) ;
#10022 = CARTESIAN_POINT ( 'NONE',  ( -2.075000000000000178, 1.150000000000000133, -0.3999999999999999667 ) ) ;
#10023 = EDGE_CURVE ( 'NONE', #7108, #1006, #3620, .T. ) ;
#10024 = ORIENTED_EDGE ( 'NONE', *, *, #8888, .F. ) ;
#10025 = EDGE_CURVE ( 'NONE', #1115, #5476, #12482, .T. ) ;
#10026 = EDGE_CURVE ( 'NONE', #9599, #11455, #12087, .T. ) ;
#10027 = DIRECTION ( 'NONE',  ( 1.000000000000000000, -0.000000000000000000, -0.000000000000000000 ) ) ;
#10028 = VECTOR ( 'NONE', #822, 1000.000000000000000 ) ;
#10029 = EDGE_LOOP ( 'NONE', ( #4483, #3925, #1848, #12728 ) ) ;
#10030 = CARTESIAN_POINT ( 'NONE',  ( 1.125000000000000222, 1.124999999999999778, -1.350000000000000533 ) ) ;
#10031 = VECTOR ( 'NONE', #3014, 1000.000000000000000 ) ;
#10032 = ORIENTED_EDGE ( 'NONE', *, *, #3621, .F. ) ;
#10033 = DIRECTION ( 'NONE',  ( 0.000000000000000000, -1.000000000000000000, 0.000000000000000000 ) ) ;
#10034 = DIRECTION ( 'NONE',  ( 4.818676322157797375E-16, -1.000000000000000000, 0.000000000000000000 ) ) ;
#10035 = DIRECTION ( 'NONE',  ( -1.000000000000000000, -3.614007241618339403E-16, 7.228014483236698528E-16 ) ) ;
#10036 = ORIENTED_EDGE ( 'NONE', *, *, #10992, .F. ) ;
#10037 = ORIENTED_EDGE ( 'NONE', *, *, #4759, .T. ) ;
#10038 = CARTESIAN_POINT ( 'NONE',  ( 1.975000000000000089, 1.524999999999999911, 0.5500000000000003775 ) ) ;
#10039 = AXIS2_PLACEMENT_3D ( 'NONE', #7480, #7392, #3190 ) ;
#10040 =( NAMED_UNIT ( * ) PLANE_ANGLE_UNIT ( ) SI_UNIT ( $, .RADIAN. ) );
#10041 = VERTEX_POINT ( 'NONE', #11066 ) ;
#10042 = CARTESIAN_POINT ( 'NONE',  ( 1.224999999999999867, 1.524999999999999911, 0.5500000000000003775 ) ) ;
#10043 = CARTESIAN_POINT ( 'NONE',  ( 1.925000000000000044, 0.9750000000000004219, -1.453616071428571521 ) ) ;
#10044 = LINE ( 'NONE', #3034, #10410 ) ;
#10045 = SURFACE_STYLE_USAGE ( .BOTH. , #2219 ) ;
#10046 = EDGE_CURVE ( 'NONE', #9776, #12559, #12110, .T. ) ;
#10047 = LINE ( 'NONE', #11780, #5637 ) ;
#10048 = ORIENTED_EDGE ( 'NONE', *, *, #2172, .T. ) ;
#10049 = CARTESIAN_POINT ( 'NONE',  ( 3.500000000000000000, 0.2299999999999944866, -0.5500000000000018208 ) ) ;
#10050 = VECTOR ( 'NONE', #13122, 1000.000000000000000 ) ;
#10051 = ORIENTED_EDGE ( 'NONE', *, *, #7705, .F. ) ;
#10052 = LINE ( 'NONE', #1039, #10089 ) ;
#10053 = PLANE ( 'NONE',  #3258 ) ;
#10054 = ORIENTED_EDGE ( 'NONE', *, *, #4934, .F. ) ;
#10055 = ADVANCED_FACE ( 'NONE', ( #12129 ), #12086, .F. ) ;
#10056 = ORIENTED_EDGE ( 'NONE', *, *, #1735, .F. ) ;
#10057 = ORIENTED_EDGE ( 'NONE', *, *, #6156, .F. ) ;
#10058 = CARTESIAN_POINT ( 'NONE',  ( 2.500000000000000888, 1.499999999999999334, -0.3499999999999994227 ) ) ;
#10059 = ORIENTED_EDGE ( 'NONE', *, *, #2284, .T. ) ;
#10060 = DIRECTION ( 'NONE',  ( 0.000000000000000000, -1.000000000000000000, 0.000000000000000000 ) ) ;
#10061 = CARTESIAN_POINT ( 'NONE',  ( -2.024999999999999911, 0.6999999999999995115, -0.3499999999999998113 ) ) ;
#10062 = MECHANICAL_DESIGN_GEOMETRIC_PRESENTATION_REPRESENTATION (  '', ( #7925 ), #10530 ) ;
#10063 = CARTESIAN_POINT ( 'NONE',  ( 1.125000000000000222, 0.8125000000000003331, -1.300000000000000044 ) ) ;
#10064 = CARTESIAN_POINT ( 'NONE',  ( 0.4750000000000001443, 1.150000000000000133, -1.453616071428571743 ) ) ;
#10065 = DIRECTION ( 'NONE',  ( 0.000000000000000000, -1.000000000000000000, 0.000000000000000000 ) ) ;
#10066 = CARTESIAN_POINT ( 'NONE',  ( -1.275000000000000799, 1.843143693225359116E-15, -0.3499999999999994227 ) ) ;
#10067 = CARTESIAN_POINT ( 'NONE',  ( 0.5999999999999999778, 3.600000000000000089, 0.5749999999999982903 ) ) ;
#10068 = CIRCLE ( 'NONE', #3778, 0.2236160714285718720 ) ;
#10069 = VERTEX_POINT ( 'NONE', #13179 ) ;
#10070 = DIRECTION ( 'NONE',  ( 0.000000000000000000, -1.000000000000000000, 0.000000000000000000 ) ) ;
#10071 = VECTOR ( 'NONE', #1308, 1000.000000000000000 ) ;
#10072 = ORIENTED_EDGE ( 'NONE', *, *, #356, .F. ) ;
#10073 = LINE ( 'NONE', #13183, #10031 ) ;
#10074 = DIRECTION ( 'NONE',  ( -1.000000000000000000, -3.614007241618339403E-16, 7.228014483236698528E-16 ) ) ;
#10075 = VERTEX_POINT ( 'NONE', #2762 ) ;
#10076 = VERTEX_POINT ( 'NONE', #4627 ) ;
#10077 = ORIENTED_EDGE ( 'NONE', *, *, #3765, .F. ) ;
#10078 = ORIENTED_EDGE ( 'NONE', *, *, #4917, .F. ) ;
#10079 = CARTESIAN_POINT ( 'NONE',  ( 1.125000000000000222, 1.499999999999999334, -0.3499999999999994227 ) ) ;
#10080 = DIRECTION ( 'NONE',  ( 0.000000000000000000, 0.000000000000000000, -1.000000000000000000 ) ) ;
#10081 = DIRECTION ( 'NONE',  ( 1.000000000000000000, 0.000000000000000000, -0.000000000000000000 ) ) ;
#10082 = CARTESIAN_POINT ( 'NONE',  ( -0.5249999999999996891, 1.149999999999999911, -1.349999999999997868 ) ) ;
#10083 = LINE ( 'NONE', #4225, #1433 ) ;
#10084 =( GEOMETRIC_REPRESENTATION_CONTEXT ( 3 ) GLOBAL_UNCERTAINTY_ASSIGNED_CONTEXT ( ( #11771 ) ) GLOBAL_UNIT_ASSIGNED_CONTEXT ( ( #11726, #12799, #6578 ) ) REPRESENTATION_CONTEXT ( 'NONE', 'WORKASPACE' ) );
#10085 = LINE ( 'NONE', #4121, #5741 ) ;
#10086 = ORIENTED_EDGE ( 'NONE', *, *, #5966, .F. ) ;
#10087 = LINE ( 'NONE', #6480, #5875 ) ;
#10088 = ORIENTED_EDGE ( 'NONE', *, *, #10545, .T. ) ;
#10089 = VECTOR ( 'NONE', #3097, 1000.000000000000000 ) ;
#10090 = ORIENTED_EDGE ( 'NONE', *, *, #139, .F. ) ;
#10091 = PLANE ( 'NONE',  #12371 ) ;
#10092 = ORIENTED_EDGE ( 'NONE', *, *, #2119, .F. ) ;
#10093 = ADVANCED_FACE ( 'NONE', ( #8351 ), #855, .F. ) ;
#10094 = EDGE_LOOP ( 'NONE', ( #2597, #12941, #8340, #8698 ) ) ;
#10095 = PLANE ( 'NONE',  #6456 ) ;
#10096 = CARTESIAN_POINT ( 'NONE',  ( -3.500000000000000000, 1.149999999999999911, -0.4500000000000006217 ) ) ;
#10097 = ORIENTED_EDGE ( 'NONE', *, *, #6677, .F. ) ;
#10098 = DIRECTION ( 'NONE',  ( 0.000000000000000000, 0.000000000000000000, -1.000000000000000000 ) ) ;
#10099 = ADVANCED_FACE ( 'NONE', ( #8304 ), #7793, .F. ) ;
#10100 = ADVANCED_FACE ( 'NONE', ( #3734 ), #8890, .F. ) ;
#10101 = VECTOR ( 'NONE', #4744, 1000.000000000000000 ) ;
#10102 = PLANE ( 'NONE',  #6302 ) ;
#10103 = CARTESIAN_POINT ( 'NONE',  ( -2.075000000000000178, 0.1000000000000000056, -0.9499999999999999556 ) ) ;
#10104 = VECTOR ( 'NONE', #11263, 1000.000000000000000 ) ;
#10105 = EDGE_LOOP ( 'NONE', ( #3157, #9090, #9182, #9029 ) ) ;
#10106 = DIRECTION ( 'NONE',  ( 0.000000000000000000, 0.000000000000000000, 1.000000000000000000 ) ) ;
#10107 = LINE ( 'NONE', #3379, #5913 ) ;
#10108 = ORIENTED_EDGE ( 'NONE', *, *, #10452, .T. ) ;
#10109 = CARTESIAN_POINT ( 'NONE',  ( 1.925000000000000044, 0.2000000000000000111, -0.9499999999999999556 ) ) ;
#10110 = VECTOR ( 'NONE', #295, 1000.000000000000000 ) ;
#10111 = ORIENTED_EDGE ( 'NONE', *, *, #4404, .F. ) ;
#10112 = CARTESIAN_POINT ( 'NONE',  ( -1.925000000000000044, 1.499999999999999334, 1.275000000000000133 ) ) ;
#10113 = CARTESIAN_POINT ( 'NONE',  ( 2.500000000000000888, 1.499999999999999334, 1.275000000000000133 ) ) ;
#10114 = CARTESIAN_POINT ( 'NONE',  ( 3.200000000000000178, 0.6200000000000113198, 1.324999999999999956 ) ) ;
#10115 = ORIENTED_EDGE ( 'NONE', *, *, #37, .F. ) ;
#10116 = VERTEX_POINT ( 'NONE', #2591 ) ;
#10117 = DIRECTION ( 'NONE',  ( 0.000000000000000000, -2.409338161078897701E-16, -1.000000000000000000 ) ) ;
#10118 = CARTESIAN_POINT ( 'NONE',  ( -0.3250000000000000111, 1.575000000000000178, 0.5500000000000003775 ) ) ;
#10119 = ORIENTED_EDGE ( 'NONE', *, *, #10570, .T. ) ;
#10120 = CARTESIAN_POINT ( 'NONE',  ( -0.5249999999999996891, 0.2799999999999950862, -1.350000000000000533 ) ) ;
#10121 = CARTESIAN_POINT ( 'NONE',  ( 3.200000000000000178, 1.150000000000011235, 1.275000000000000133 ) ) ;
#10122 = VECTOR ( 'NONE', #2956, 1000.000000000000000 ) ;
#10123 = CARTESIAN_POINT ( 'NONE',  ( -2.500000000000000888, 1.299999999999999378, -0.3499999999999994227 ) ) ;
#10124 = CARTESIAN_POINT ( 'NONE',  ( -3.000000000000000444, 1.150000000000011235, 0.3500000000000004219 ) ) ;
#10125 = EDGE_CURVE ( 'NONE', #10236, #7911, #4179, .T. ) ;
#10126 = VECTOR ( 'NONE', #6290, 1000.000000000000114 ) ;
#10127 = ORIENTED_EDGE ( 'NONE', *, *, #8432, .T. ) ;
#10128 = EDGE_CURVE ( 'NONE', #9961, #2335, #3908, .T. ) ;
#10129 = CARTESIAN_POINT ( 'NONE',  ( 1.925000000000000044, 0.5000000000000002220, -0.3499999999999998113 ) ) ;
#10130 = FACE_OUTER_BOUND ( 'NONE', #9477, .T. ) ;
#10131 = VERTEX_POINT ( 'NONE', #5874 ) ;
#10132 = VECTOR ( 'NONE', #10428, 1000.000000000000000 ) ;
#10133 = DIRECTION ( 'NONE',  ( -0.000000000000000000, 0.000000000000000000, 1.000000000000000000 ) ) ;
#10134 = ORIENTED_EDGE ( 'NONE', *, *, #5406, .F. ) ;
#10135 = EDGE_CURVE ( 'NONE', #909, #5065, #8646, .T. ) ;
#10136 = ORIENTED_EDGE ( 'NONE', *, *, #6441, .F. ) ;
#10137 = ORIENTED_EDGE ( 'NONE', *, *, #10997, .T. ) ;
#10138 = VERTEX_POINT ( 'NONE', #9233 ) ;
#10139 = CARTESIAN_POINT ( 'NONE',  ( 0.5250000000000006883, 0.2299999999999920164, -1.350000000000000533 ) ) ;
#10140 = EDGE_CURVE ( 'NONE', #10366, #6564, #3835, .T. ) ;
#10141 = DIRECTION ( 'NONE',  ( 0.000000000000000000, -1.000000000000000000, -0.000000000000000000 ) ) ;
#10142 = DIRECTION ( 'NONE',  ( 0.000000000000000000, 1.000000000000000000, -0.000000000000000000 ) ) ;
#10143 = LINE ( 'NONE', #7244, #10020 ) ;
#10144 = EDGE_CURVE ( 'NONE', #2186, #7911, #8544, .T. ) ;
#10145 = DIRECTION ( 'NONE',  ( 0.5773502691896175154, 0.5773502691896343908, -0.5773502691896253980 ) ) ;
#10146 = CARTESIAN_POINT ( 'NONE',  ( 1.175000000000000266, 1.524999999999999911, 0.5500000000000003775 ) ) ;
#10147 = DIRECTION ( 'NONE',  ( -0.000000000000000000, -1.000000000000000000, -1.694065894508603636E-16 ) ) ;
#10148 = AXIS2_PLACEMENT_3D ( 'NONE', #1397, #11634, #5452 ) ;
#10149 = CARTESIAN_POINT ( 'NONE',  ( 1.125000000000000222, 0.4499999999999991784, -1.350000000000000533 ) ) ;
#10150 = EDGE_CURVE ( 'NONE', #12987, #1989, #4218, .T. ) ;
#10151 = FACE_OUTER_BOUND ( 'NONE', #8600, .T. ) ;
#10152 = ORIENTED_EDGE ( 'NONE', *, *, #10511, .F. ) ;
#10153 = EDGE_CURVE ( 'NONE', #8006, #10569, #8330, .T. ) ;
#10154 = EDGE_CURVE ( 'NONE', #30, #5960, #13042, .T. ) ;
#10155 = DIRECTION ( 'NONE',  ( 1.000000000000000000, -0.000000000000000000, -0.000000000000000000 ) ) ;
#10156 = CYLINDRICAL_SURFACE ( 'NONE', #1362, 0.09999999999999993616 ) ;
#10157 = ORIENTED_EDGE ( 'NONE', *, *, #9743, .F. ) ;
#10158 = LINE ( 'NONE', #2568, #5470 ) ;
#10159 = ORIENTED_EDGE ( 'NONE', *, *, #10762, .F. ) ;
#10160 = ORIENTED_EDGE ( 'NONE', *, *, #9, .F. ) ;
#10161 = ORIENTED_EDGE ( 'NONE', *, *, #11439, .F. ) ;
#10162 = EDGE_CURVE ( 'NONE', #8502, #9643, #8402, .T. ) ;
#10163 = VERTEX_POINT ( 'NONE', #10258 ) ;
#10164 = EDGE_CURVE ( 'NONE', #4256, #5306, #8523, .T. ) ;
#10165 = CARTESIAN_POINT ( 'NONE',  ( -1.125000000000000222, 1.750000000000000888, -0.5500000000000018208 ) ) ;
#10166 = CARTESIAN_POINT ( 'NONE',  ( 3.200000000000000178, 0.3800000000000113287, 1.305000000000000160 ) ) ;
#10167 = CARTESIAN_POINT ( 'NONE',  ( 3.116666666666616070, 2.071666666666662771, -3.141666666666639962 ) ) ;
#10168 = DIRECTION ( 'NONE',  ( -0.000000000000000000, 0.000000000000000000, 1.000000000000000000 ) ) ;
#10169 = CARTESIAN_POINT ( 'NONE',  ( 0.3750000000000003331, 1.175000000000000488, 0.5500000000000004885 ) ) ;
#10170 = PRESENTATION_STYLE_ASSIGNMENT (( #8133 ) ) ;
#10171 = CARTESIAN_POINT ( 'NONE',  ( -3.500000000000000000, 0.000000000000000000, -1.050000000000000488 ) ) ;
#10172 = AXIS2_PLACEMENT_3D ( 'NONE', #1587, #3508, #4516 ) ;
#10173 = LINE ( 'NONE', #4813, #9898 ) ;
#10174 = EDGE_LOOP ( 'NONE', ( #4139, #11616, #12666, #2978 ) ) ;
#10175 = VECTOR ( 'NONE', #5749, 1000.000000000000000 ) ;
#10176 = CARTESIAN_POINT ( 'NONE',  ( -2.024999999999999911, 1.125000000000000222, 0.5500000000000004885 ) ) ;
#10177 = CLOSED_SHELL ( 'NONE', ( #4936, #9998, #11878, #9549, #8607, #9259, #12649, #5805, #11636, #1243, #6520, #1953, #9917, #13019, #10697, #9334, #380, #4989, #11847, #11769, #4880 ) ) ;
#10178 = LINE ( 'NONE', #2091, #1004 ) ;
#10179 = EDGE_CURVE ( 'NONE', #12672, #7581, #8256, .T. ) ;
#10180 = ORIENTED_EDGE ( 'NONE', *, *, #2468, .F. ) ;
#10181 = PLANE ( 'NONE',  #7261 ) ;
#10182 = ORIENTED_EDGE ( 'NONE', *, *, #6, .F. ) ;
#10183 = ORIENTED_EDGE ( 'NONE', *, *, #2950, .T. ) ;
#10184 = CARTESIAN_POINT ( 'NONE',  ( 2.740000000000000213, 0.6500000000000001332, 1.350000000000000533 ) ) ;
#10185 = DIRECTION ( 'NONE',  ( -1.000000000000000000, 1.275531967630008943E-16, 0.000000000000000000 ) ) ;
#10186 = ORIENTED_EDGE ( 'NONE', *, *, #9555, .T. ) ;
#10187 = PLANE ( 'NONE',  #8654 ) ;
#10188 = EDGE_CURVE ( 'NONE', #1576, #5016, #8231, .T. ) ;
#10189 = EDGE_CURVE ( 'NONE', #6253, #7648, #13027, .T. ) ;
#10190 = AXIS2_PLACEMENT_3D ( 'NONE', #2690, #2602, #5714 ) ;
#10191 = EDGE_CURVE ( 'NONE', #7665, #5446, #12809, .T. ) ;
#10192 = CIRCLE ( 'NONE', #175, 0.1000000000000000472 ) ;
#10193 = CARTESIAN_POINT ( 'NONE',  ( -0.4749999999999997558, 1.474999999999999867, -0.9749999999999905409 ) ) ;
#10194 = CARTESIAN_POINT ( 'NONE',  ( 0.4750000000000001443, 1.499999999999999334, 1.275000000000000133 ) ) ;
#10195 = VECTOR ( 'NONE', #5889, 1000.000000000000000 ) ;
#10196 = AXIS2_PLACEMENT_3D ( 'NONE', #9237, #6128, #9997 ) ;
#10197 = ORIENTED_EDGE ( 'NONE', *, *, #594, .F. ) ;
#10198 = PLANE ( 'NONE',  #11137 ) ;
#10199 = LINE ( 'NONE', #1948, #10376 ) ;
#10200 = ORIENTED_EDGE ( 'NONE', *, *, #8950, .F. ) ;
#10201 =( LENGTH_UNIT ( ) NAMED_UNIT ( * ) SI_UNIT ( .MILLI., .METRE. ) );
#10202 = LINE ( 'NONE', #5400, #5789 ) ;
#10203 = ORIENTED_EDGE ( 'NONE', *, *, #12819, .F. ) ;
#10204 = CARTESIAN_POINT ( 'NONE',  ( -0.3250000000000001776, 1.499999999999999334, -0.3499999999999994227 ) ) ;
#10205 = DIRECTION ( 'NONE',  ( 1.000000000000000000, -0.000000000000000000, -0.000000000000000000 ) ) ;
#10206 = DIRECTION ( 'NONE',  ( 0.000000000000000000, -2.710505431213783173E-15, 1.000000000000000000 ) ) ;
#10207 = EDGE_LOOP ( 'NONE', ( #2941, #12493, #5219, #5271, #9553, #3063, #2296, #2989, #885, #7125, #7440, #7490, #937, #4649, #11317, #6966, #11470, #12511, #9636 ) ) ;
#10208 = AXIS2_PLACEMENT_3D ( 'NONE', #9564, #2159, #11589 ) ;
#10209 = EDGE_CURVE ( 'NONE', #8505, #1009, #12782, .T. ) ;
#10210 = EDGE_LOOP ( 'NONE', ( #7351, #1189, #10059, #5151 ) ) ;
#10211 = DIRECTION ( 'NONE',  ( 0.000000000000000000, 1.000000000000000000, 0.000000000000000000 ) ) ;
#10212 = CARTESIAN_POINT ( 'NONE',  ( -2.740000000000000213, 0.6999999999999991784, 1.300000000000000711 ) ) ;
#10213 = ORIENTED_EDGE ( 'NONE', *, *, #7619, .F. ) ;
#10214 = DIRECTION ( 'NONE',  ( 9.019373039313985022E-17, 0.7071067811865471286, -0.7071067811865480168 ) ) ;
#10215 = ADVANCED_FACE ( 'NONE', ( #3859 ), #8630, .F. ) ;
#10216 = CARTESIAN_POINT ( 'NONE',  ( 1.275000000000000799, 6.143812310751195080E-16, -0.3499999999999994227 ) ) ;
#10217 = CARTESIAN_POINT ( 'NONE',  ( -1.125000000000000666, 0.2299999999999944866, -0.5499999999999993783 ) ) ;
#10218 = EDGE_CURVE ( 'NONE', #9643, #1797, #12827, .T. ) ;
#10219 = ADVANCED_FACE ( 'NONE', ( #13068 ), #12458, .F. ) ;
#10220 = FACE_OUTER_BOUND ( 'NONE', #10766, .T. ) ;
#10221 = EDGE_CURVE ( 'NONE', #2742, #354, #12904, .T. ) ;
#10222 = DIRECTION ( 'NONE',  ( -0.5773502691896242878, -0.5773502691896251759, -0.5773502691896278405 ) ) ;
#10223 = CARTESIAN_POINT ( 'NONE',  ( 3.500000000000000000, 1.750000000000000000, -1.350000000000000533 ) ) ;
#10224 = FACE_OUTER_BOUND ( 'NONE', #4187, .T. ) ;
#10225 = VERTEX_POINT ( 'NONE', #11337 ) ;
#10226 = CARTESIAN_POINT ( 'NONE',  ( 3.612500000000000711, 1.149999999999999911, 0.3874999999999995670 ) ) ;
#10227 = LINE ( 'NONE', #9429, #10175 ) ;
#10228 = ORIENTED_EDGE ( 'NONE', *, *, #5886, .T. ) ;
#10229 = AXIS2_PLACEMENT_3D ( 'NONE', #11491, #5709, #11673 ) ;
#10230 = VECTOR ( 'NONE', #10720, 1000.000000000000000 ) ;
#10231 = CARTESIAN_POINT ( 'NONE',  ( 3.200000000000000178, 0.1250000000000051903, 0.3500000000000004774 ) ) ;
#10232 = VERTEX_POINT ( 'NONE', #12554 ) ;
#10233 = ORIENTED_EDGE ( 'NONE', *, *, #316, .F. ) ;
#10234 = VERTEX_POINT ( 'NONE', #6119 ) ;
#10235 = CARTESIAN_POINT ( 'NONE',  ( 0.4750000000000001443, 1.499999999999998890, 1.274999999999999689 ) ) ;
#10236 = VERTEX_POINT ( 'NONE', #12267 ) ;
#10237 = CARTESIAN_POINT ( 'NONE',  ( -2.950000000000000622, 1.149999999999999911, -0.3000000000000006550 ) ) ;
#10238 = DIRECTION ( 'NONE',  ( 0.000000000000000000, -0.000000000000000000, -1.000000000000000000 ) ) ;
#10239 = CARTESIAN_POINT ( 'NONE',  ( 3.200000000000000178, 0.3800000000000112732, 1.324999999999999956 ) ) ;
#10240 = LINE ( 'NONE', #11030, #1406 ) ;
#10241 = DIRECTION ( 'NONE',  ( 7.228014483236698528E-16, -1.694065894508603636E-16, 1.000000000000000000 ) ) ;
#10242 = CARTESIAN_POINT ( 'NONE',  ( -2.950000000000000622, 1.149999999999999911, -0.3000000000000006550 ) ) ;
#10243 = CARTESIAN_POINT ( 'NONE',  ( -1.612500000000012257, 1.149999999999999911, -1.612499999999991385 ) ) ;
#10244 = FACE_OUTER_BOUND ( 'NONE', #9399, .T. ) ;
#10245 = ORIENTED_EDGE ( 'NONE', *, *, #6369, .F. ) ;
#10246 = EDGE_CURVE ( 'NONE', #4631, #3726, #12633, .T. ) ;
#10247 = CARTESIAN_POINT ( 'NONE',  ( 2.950000000000000622, 1.474999999999999867, -0.9749999999999905409 ) ) ;
#10248 = LINE ( 'NONE', #4579, #5828 ) ;
#10249 = EDGE_LOOP ( 'NONE', ( #9235, #511, #4884, #9478 ) ) ;
#10250 = VECTOR ( 'NONE', #4829, 1000.000000000000000 ) ;
#10251 = CARTESIAN_POINT ( 'NONE',  ( -0.4749999999999999223, 0.2000000000000000111, -0.9499999999999999556 ) ) ;
#10252 = EDGE_LOOP ( 'NONE', ( #1333, #5217, #10481, #5132 ) ) ;
#10253 = CARTESIAN_POINT ( 'NONE',  ( 0.2750000000000005218, 1.474999999999999867, -1.349999999999997868 ) ) ;
#10254 = VERTEX_POINT ( 'NONE', #1195 ) ;
#10255 = ORIENTED_EDGE ( 'NONE', *, *, #5596, .T. ) ;
#10256 = ORIENTED_EDGE ( 'NONE', *, *, #5402, .T. ) ;
#10257 = CARTESIAN_POINT ( 'NONE',  ( -2.124999999999999556, 1.474999999999999867, -1.350000000000000533 ) ) ;
#10258 = CARTESIAN_POINT ( 'NONE',  ( -1.925000000000000044, 1.124999999999999778, -0.5500000000000018208 ) ) ;
#10259 = DIRECTION ( 'NONE',  ( 1.000000000000000000, 0.000000000000000000, 0.000000000000000000 ) ) ;
#10260 = CARTESIAN_POINT ( 'NONE',  ( 3.500000000000000000, 0.2299999999999946254, -1.350000000000000533 ) ) ;
#10261 = DIRECTION ( 'NONE',  ( 1.000000000000000000, -0.000000000000000000, -0.000000000000000000 ) ) ;
#10262 = CARTESIAN_POINT ( 'NONE',  ( -1.925000000000000044, 1.750000000000000444, -0.5500000000000018208 ) ) ;
#10263 = LINE ( 'NONE', #4215, #10476 ) ;
#10264 = ORIENTED_EDGE ( 'NONE', *, *, #7210, .F. ) ;
#10265 = VECTOR ( 'NONE', #1138, 1000.000000000000000 ) ;
#10266 = CARTESIAN_POINT ( 'NONE',  ( -0.3250000000000000111, 0.4499999999999992339, -0.5500000000000019318 ) ) ;
#10267 = ORIENTED_EDGE ( 'NONE', *, *, #7299, .T. ) ;
#10268 = COLOUR_RGB ( '',0.7921568627450980005, 0.8196078431372548767, 0.9333333333333333481 ) ;
#10269 = ORIENTED_EDGE ( 'NONE', *, *, #2503, .F. ) ;
#10270 = CARTESIAN_POINT ( 'NONE',  ( 1.274999999999999689, 1.750000000000000888, -1.350000000000000311 ) ) ;
#10271 = ORIENTED_EDGE ( 'NONE', *, *, #12350, .T. ) ;
#10272 = ORIENTED_EDGE ( 'NONE', *, *, #9843, .F. ) ;
#10273 = CARTESIAN_POINT ( 'NONE',  ( -1.275000000000000133, 0.7499999999999998890, -0.3999999999999999667 ) ) ;
#10274 = CARTESIAN_POINT ( 'NONE',  ( 3.000000000000000000, 1.150000000000011013, 0.3500000000000004219 ) ) ;
#10275 = ORIENTED_EDGE ( 'NONE', *, *, #10179, .T. ) ;
#10276 = CARTESIAN_POINT ( 'NONE',  ( 2.500000000000000444, 0.6999999999999991784, 1.275000000000001910 ) ) ;
#10277 = LINE ( 'NONE', #11279, #5887 ) ;
#10278 = CARTESIAN_POINT ( 'NONE',  ( 2.700000000000000178, 0.05000000000000490163, -1.300000000000000711 ) ) ;
#10279 = DIRECTION ( 'NONE',  ( -1.000000000000000000, 1.275531967630008943E-16, 0.000000000000000000 ) ) ;
#10280 = FACE_OUTER_BOUND ( 'NONE', #6745, .T. ) ;
#10281 = FACE_OUTER_BOUND ( 'NONE', #6048, .T. ) ;
#10282 = CARTESIAN_POINT ( 'NONE',  ( 3.225000000000000533, 1.750000000000000000, -0.4500000000000006217 ) ) ;
#10283 = FACE_OUTER_BOUND ( 'NONE', #12061, .T. ) ;
#10284 = VERTEX_POINT ( 'NONE', #7134 ) ;
#10285 = DIRECTION ( 'NONE',  ( 0.7071067811865497932, 1.703659351870409300E-16, 0.7071067811865452413 ) ) ;
#10286 = EDGE_LOOP ( 'NONE', ( #6178, #8810, #13033, #8443 ) ) ;
#10287 = PLANE ( 'NONE',  #2693 ) ;
#10288 = CARTESIAN_POINT ( 'NONE',  ( 2.158333333333333659, 0.6833333333333344584, -0.1666666666666662688 ) ) ;
#10289 = ADVANCED_FACE ( 'NONE', ( #12849 ), #3182, .F. ) ;
#10290 = CARTESIAN_POINT ( 'NONE',  ( 0.2916666666666670737, 1.391666666666666829, 0.6833333333333341253 ) ) ;
#10291 = EDGE_LOOP ( 'NONE', ( #4692, #12410, #3973, #9613 ) ) ;
#10292 = EDGE_LOOP ( 'NONE', ( #10905, #7184, #2163, #2378, #13023, #39, #2244, #6346, #2049, #4442, #6543, #230, #1670, #1959, #6595, #10731, #13211, #8858, #11092 ) ) ;
#10293 = EDGE_CURVE ( 'NONE', #6427, #2335, #4052, .T. ) ;
#10294 = DIRECTION ( 'NONE',  ( -1.000000000000000000, 0.000000000000000000, -0.000000000000000000 ) ) ;
#10295 = CARTESIAN_POINT ( 'NONE',  ( -0.4749999999999999223, 1.125000000000000222, 0.5500000000000004885 ) ) ;
#10296 = ORIENTED_EDGE ( 'NONE', *, *, #1990, .F. ) ;
#10297 = EDGE_CURVE ( 'NONE', #5437, #6678, #4007, .T. ) ;
#10298 = DIRECTION ( 'NONE',  ( 0.000000000000000000, 0.7071067811865479058, 0.7071067811865470176 ) ) ;
#10299 = EDGE_CURVE ( 'NONE', #4853, #8798, #12953, .T. ) ;
#10300 = DIRECTION ( 'NONE',  ( 1.000000000000000000, -0.000000000000000000, -0.000000000000000000 ) ) ;
#10301 = FILL_AREA_STYLE_COLOUR ( '', #7812 ) ;
#10302 = AXIS2_PLACEMENT_3D ( 'NONE', #3791, #8864, #751 ) ;
#10303 = CARTESIAN_POINT ( 'NONE',  ( 3.500000000000000000, 0.2299999999999946254, -1.300000000000000711 ) ) ;
#10304 = LINE ( 'NONE', #5491, #1625 ) ;
#10305 = FACE_OUTER_BOUND ( 'NONE', #10249, .T. ) ;
#10306 = CARTESIAN_POINT ( 'NONE',  ( -1.125000000000000222, 0.4499999999999999556, -0.3999999999999999667 ) ) ;
#10307 = EDGE_CURVE ( 'NONE', #114, #1151, #12612, .T. ) ;
#10308 = LINE ( 'NONE', #10014, #5724 ) ;
#10309 = ORIENTED_EDGE ( 'NONE', *, *, #9248, .T. ) ;
#10310 = LINE ( 'NONE', #9618, #1693 ) ;
#10311 = DIRECTION ( 'NONE',  ( 1.000000000000000000, 0.000000000000000000, -7.228014483236698528E-16 ) ) ;
#10312 = VERTEX_POINT ( 'NONE', #8741 ) ;
#10313 = EDGE_CURVE ( 'NONE', #8963, #4710, #3785, .T. ) ;
#10314 = AXIS2_PLACEMENT_3D ( 'NONE', #5718, #6617, #2336 ) ;
#10315 = VERTEX_POINT ( 'NONE', #802 ) ;
#10316 = EDGE_LOOP ( 'NONE', ( #5881, #4174, #1089, #13062 ) ) ;
#10317 = DIRECTION ( 'NONE',  ( -4.818676322157797375E-16, 1.000000000000000000, -6.965892449317257782E-31 ) ) ;
#10318 = ORIENTED_EDGE ( 'NONE', *, *, #10646, .T. ) ;
#10319 = DIRECTION ( 'NONE',  ( 1.000000000000000000, 4.818676322157797375E-16, 0.000000000000000000 ) ) ;
#10320 = ADVANCED_FACE ( 'NONE', ( #8430 ), #8915, .F. ) ;
#10321 = DIRECTION ( 'NONE',  ( -0.000000000000000000, -1.000000000000000000, -1.694065894508603636E-16 ) ) ;
#10322 = EDGE_CURVE ( 'NONE', #43, #3677, #12725, .T. ) ;
#10323 = EDGE_CURVE ( 'NONE', #1797, #8437, #12876, .T. ) ;
#10324 = PLANE ( 'NONE',  #2485 ) ;
#10325 = ADVANCED_FACE ( 'NONE', ( #12928 ), #4468, .F. ) ;
#10326 = FACE_OUTER_BOUND ( 'NONE', #10702, .T. ) ;
#10327 = CARTESIAN_POINT ( 'NONE',  ( -2.950000000000000622, 1.149999999999999911, -0.3000000000000006550 ) ) ;
#10328 = EDGE_CURVE ( 'NONE', #11299, #10470, #4072, .T. ) ;
#10329 = DIRECTION ( 'NONE',  ( -1.000000000000000000, 1.275531967630008943E-16, 0.000000000000000000 ) ) ;
#10330 = VECTOR ( 'NONE', #12580, 1000.000000000000000 ) ;
#10331 = VECTOR ( 'NONE', #9905, 1000.000000000000000 ) ;
#10332 = EDGE_CURVE ( 'NONE', #5730, #13154, #3411, .T. ) ;
#10333 = DIRECTION ( 'NONE',  ( -1.000000000000000000, -0.000000000000000000, -1.445602896647338917E-15 ) ) ;
#10334 = VECTOR ( 'NONE', #13199, 1000.000000000000000 ) ;
#10335 = VERTEX_POINT ( 'NONE', #3359 ) ;
#10336 = LINE ( 'NONE', #8309, #10549 ) ;
#10337 = PLANE ( 'NONE',  #6435 ) ;
#10338 = VERTEX_POINT ( 'NONE', #9932 ) ;
#10339 = CARTESIAN_POINT ( 'NONE',  ( -2.075000000000000178, 1.574999999999999956, -1.300000000000000044 ) ) ;
#10340 = VERTEX_POINT ( 'NONE', #6542 ) ;
#10341 = ORIENTED_EDGE ( 'NONE', *, *, #12194, .T. ) ;
#10342 = AXIS2_PLACEMENT_3D ( 'NONE', #2846, #5041, #1121 ) ;
#10343 = VERTEX_POINT ( 'NONE', #4555 ) ;
#10344 = CARTESIAN_POINT ( 'NONE',  ( -3.000000000000000444, 1.150000000000011235, 1.275000000000000133 ) ) ;
#10345 = CARTESIAN_POINT ( 'NONE',  ( 3.500000000000003109, 1.149999999999999911, -0.9749999999999897637 ) ) ;
#10346 = DIRECTION ( 'NONE',  ( 0.000000000000000000, 0.000000000000000000, 1.000000000000000000 ) ) ;
#10347 = FILL_AREA_STYLE ('',( #8746 ) ) ;
#10348 = CYLINDRICAL_SURFACE ( 'NONE', #3110, 0.03000000000000007869 ) ;
#10349 = EDGE_CURVE ( 'NONE', #829, #10016, #7832, .T. ) ;
#10350 = DIRECTION ( 'NONE',  ( -0.000000000000000000, 0.000000000000000000, 1.000000000000000000 ) ) ;
#10351 = LINE ( 'NONE', #9427, #10330 ) ;
#10352 = VECTOR ( 'NONE', #1007, 1000.000000000000000 ) ;
#10353 = EDGE_CURVE ( 'NONE', #3975, #1184, #12541, .T. ) ;
#10354 = LINE ( 'NONE', #5587, #1519 ) ;
#10355 = CARTESIAN_POINT ( 'NONE',  ( -1.275000000000000133, 0.4499999999999991784, -1.350000000000000533 ) ) ;
#10356 = ORIENTED_EDGE ( 'NONE', *, *, #4804, .F. ) ;
#10357 = FACE_OUTER_BOUND ( 'NONE', #1299, .T. ) ;
#10358 = EDGE_CURVE ( 'NONE', #5024, #111, #8022, .T. ) ;
#10359 = ORIENTED_EDGE ( 'NONE', *, *, #8196, .F. ) ;
#10360 = AXIS2_PLACEMENT_3D ( 'NONE', #1557, #1471, #1726 ) ;
#10361 = CARTESIAN_POINT ( 'NONE',  ( 1.865000000000000435, 0.2149999999999987477, 0.7500000000000005551 ) ) ;
#10362 = ORIENTED_EDGE ( 'NONE', *, *, #8559, .F. ) ;
#10363 = ORIENTED_EDGE ( 'NONE', *, *, #3788, .T. ) ;
#10364 = CARTESIAN_POINT ( 'NONE',  ( -3.199999999999999289, 0.3500000000000023093, 0.3500000000000004774 ) ) ;
#10365 = DIRECTION ( 'NONE',  ( 0.7071067811865497932, 1.703659351870409300E-16, 0.7071067811865452413 ) ) ;
#10366 = VERTEX_POINT ( 'NONE', #9581 ) ;
#10367 = DIRECTION ( 'NONE',  ( 0.000000000000000000, 0.000000000000000000, 1.000000000000000000 ) ) ;
#10368 = AXIS2_PLACEMENT_3D ( 'NONE', #2204, #6326, #7335 ) ;
#10369 = LINE ( 'NONE', #8113, #5946 ) ;
#10370 = CARTESIAN_POINT ( 'NONE',  ( 1.125000000000000222, 1.150000000000000133, -1.453616071428571743 ) ) ;
#10371 = CARTESIAN_POINT ( 'NONE',  ( -0.3249999999999997335, 1.149999999999999911, -1.300000000000000044 ) ) ;
#10372 = FACE_BOUND ( 'NONE', #2032, .T. ) ;
#10373 = ADVANCED_FACE ( 'NONE', ( #3433 ), #6459, .F. ) ;
#10374 = VECTOR ( 'NONE', #12514, 999.9999999999998863 ) ;
#10375 = DIRECTION ( 'NONE',  ( 1.000000000000000000, 0.000000000000000000, -0.000000000000000000 ) ) ;
#10376 = VECTOR ( 'NONE', #8389, 1000.000000000000000 ) ;
#10377 = VERTEX_POINT ( 'NONE', #10930 ) ;
#10378 = CARTESIAN_POINT ( 'NONE',  ( 3.200000000000000178, 0.3050000000000112066, 1.305000000000000160 ) ) ;
#10379 = VECTOR ( 'NONE', #6717, 1000.000000000000000 ) ;
#10380 = VERTEX_POINT ( 'NONE', #7554 ) ;
#10381 = DIRECTION ( 'NONE',  ( -0.000000000000000000, -1.000000000000000000, 0.000000000000000000 ) ) ;
#10382 = DIRECTION ( 'NONE',  ( 0.000000000000000000, 1.000000000000000000, 0.000000000000000000 ) ) ;
#10383 = VERTEX_POINT ( 'NONE', #5812 ) ;
#10384 = ORIENTED_EDGE ( 'NONE', *, *, #6319, .F. ) ;
#10385 = CARTESIAN_POINT ( 'NONE',  ( 1.224999999999999867, 0.5000000000000002220, -0.3499999999999998113 ) ) ;
#10386 = DIRECTION ( 'NONE',  ( 0.000000000000000000, -0.000000000000000000, 1.000000000000000000 ) ) ;
#10387 = ORIENTED_EDGE ( 'NONE', *, *, #5059, .T. ) ;
#10388 = CARTESIAN_POINT ( 'NONE',  ( -2.075000000000000178, 0.000000000000000000, -1.300000000000000044 ) ) ;
#10389 = DIRECTION ( 'NONE',  ( 0.000000000000000000, -0.000000000000000000, 1.000000000000000000 ) ) ;
#10390 = LINE ( 'NONE', #4055, #5736 ) ;
#10391 = AXIS2_PLACEMENT_3D ( 'NONE', #7203, #10495, #1113 ) ;
#10392 = CARTESIAN_POINT ( 'NONE',  ( -1.275000000000000133, 1.575000000000000178, 0.4999999999999997780 ) ) ;
#10393 = CARTESIAN_POINT ( 'NONE',  ( -2.075000000000000178, 0.9750000000000004219, -1.453616071428571521 ) ) ;
#10394 = VECTOR ( 'NONE', #5746, 1000.000000000000000 ) ;
#10395 = LINE ( 'NONE', #7269, #10435 ) ;
#10396 = ADVANCED_FACE ( 'NONE', ( #3361 ), #10594, .F. ) ;
#10397 = CARTESIAN_POINT ( 'NONE',  ( 0.3250000000000001776, 1.750000000000000888, -0.5500000000000017097 ) ) ;
#10398 = LINE ( 'NONE', #13066, #1568 ) ;
#10399 = VERTEX_POINT ( 'NONE', #13041 ) ;
#10400 = CIRCLE ( 'NONE', #6512, 0.2236160714285718720 ) ;
#10401 = CARTESIAN_POINT ( 'NONE',  ( 1.275000000000001243, 1.843143693225360299E-15, -0.3499999999999994227 ) ) ;
#10402 = VERTEX_POINT ( 'NONE', #6707 ) ;
#10403 = ADVANCED_FACE ( 'NONE', ( #3748 ), #7637, .F. ) ;
#10404 = ORIENTED_EDGE ( 'NONE', *, *, #834, .F. ) ;
#10405 = VERTEX_POINT ( 'NONE', #12848 ) ;
#10406 = CARTESIAN_POINT ( 'NONE',  ( -3.200000000000000178, 0.6200000000000113198, 1.324999999999999956 ) ) ;
#10407 = ORIENTED_EDGE ( 'NONE', *, *, #3912, .T. ) ;
#10408 = CARTESIAN_POINT ( 'NONE',  ( 1.999999999999977129, 1.149999999999999911, -2.000000000000011546 ) ) ;
#10409 = EDGE_CURVE ( 'NONE', #10513, #8653, #3555, .T. ) ;
#10410 = VECTOR ( 'NONE', #3123, 1000.000000000000000 ) ;
#10411 = DIRECTION ( 'NONE',  ( 0.000000000000000000, -1.000000000000000000, 2.409338161078897701E-16 ) ) ;
#10412 = PLANE ( 'NONE',  #3145 ) ;
#10413 = FACE_OUTER_BOUND ( 'NONE', #12709, .T. ) ;
#10414 = PLANE ( 'NONE',  #1969 ) ;
#10415 = VECTOR ( 'NONE', #11660, 1000.000000000000000 ) ;
#10416 = FACE_OUTER_BOUND ( 'NONE', #12689, .T. ) ;
#10417 = ORIENTED_EDGE ( 'NONE', *, *, #201, .F. ) ;
#10418 = LINE ( 'NONE', #4147, #1593 ) ;
#10419 = VERTEX_POINT ( 'NONE', #3747 ) ;
#10420 = CARTESIAN_POINT ( 'NONE',  ( 0.3750000000000003331, 0.4499999999999999556, -0.3499999999999998113 ) ) ;
#10421 = EDGE_LOOP ( 'NONE', ( #1211, #7963, #10834, #1233 ) ) ;
#10422 = EDGE_LOOP ( 'NONE', ( #12124, #11168, #3893, #5106 ) ) ;
#10423 = ORIENTED_EDGE ( 'NONE', *, *, #1232, .T. ) ;
#10424 = CARTESIAN_POINT ( 'NONE',  ( 2.500000000000000888, 1.499999999999999334, -0.3499999999999994227 ) ) ;
#10425 = DIRECTION ( 'NONE',  ( -1.000000000000000000, -0.000000000000000000, -1.445602896647338917E-15 ) ) ;
#10426 = ADVANCED_FACE ( 'NONE', ( #3456 ), #6152, .F. ) ;
#10427 = DIRECTION ( 'NONE',  ( -1.000000000000000000, 0.000000000000000000, 0.000000000000000000 ) ) ;
#10428 = DIRECTION ( 'NONE',  ( -1.000000000000000000, 0.000000000000000000, 0.000000000000000000 ) ) ;
#10429 = PLANE ( 'NONE',  #12078 ) ;
#10430 = FACE_OUTER_BOUND ( 'NONE', #5146, .T. ) ;
#10431 = DIRECTION ( 'NONE',  ( 0.000000000000000000, -1.000000000000000000, 0.000000000000000000 ) ) ;
#10432 = CARTESIAN_POINT ( 'NONE',  ( 1.925000000000000044, 0.7499999999999998890, -0.3999999999999999667 ) ) ;
#10433 = FACE_BOUND ( 'NONE', #12468, .T. ) ;
#10434 = DIRECTION ( 'NONE',  ( 0.000000000000000000, 1.000000000000000000, 0.000000000000000000 ) ) ;
#10435 = VECTOR ( 'NONE', #1253, 1000.000000000000000 ) ;
#10436 = LINE ( 'NONE', #11302, #6336 ) ;
#10437 = CARTESIAN_POINT ( 'NONE',  ( 3.225000000000000533, 1.750000000000000000, -0.4500000000000006217 ) ) ;
#10438 = VERTEX_POINT ( 'NONE', #6882 ) ;
#10439 = VECTOR ( 'NONE', #2871, 1000.000000000000000 ) ;
#10440 = ORIENTED_EDGE ( 'NONE', *, *, #5531, .T. ) ;
#10441 = CARTESIAN_POINT ( 'NONE',  ( -1.874999999999999778, 1.474999999999999867, -1.350000000000000755 ) ) ;
#10442 = ORIENTED_EDGE ( 'NONE', *, *, #3274, .F. ) ;
#10443 = ORIENTED_EDGE ( 'NONE', *, *, #10019, .F. ) ;
#10444 = DIRECTION ( 'NONE',  ( 0.000000000000000000, 0.7071067811865475727, -0.7071067811865475727 ) ) ;
#10445 = CARTESIAN_POINT ( 'NONE',  ( -0.3250000000000000111, 0.7499999999999998890, -0.3999999999999999667 ) ) ;
#10446 = ORIENTED_EDGE ( 'NONE', *, *, #1996, .T. ) ;
#10447 = CARTESIAN_POINT ( 'NONE',  ( -0.4249999999999998224, 0.6999999999999995115, -0.3499999999999998113 ) ) ;
#10448 = VECTOR ( 'NONE', #9051, 1000.000000000000000 ) ;
#10449 = CARTESIAN_POINT ( 'NONE',  ( 0.4750000000000001443, 0.7499999999999998890, -0.5500000000000020428 ) ) ;
#10450 = ADVANCED_FACE ( 'NONE', ( #12569 ), #13131, .F. ) ;
#10451 = AXIS2_PLACEMENT_3D ( 'NONE', #1754, #1834, #2743 ) ;
#10452 = EDGE_CURVE ( 'NONE', #4232, #7773, #3338, .T. ) ;
#10453 = LINE ( 'NONE', #474, #1647 ) ;
#10454 = LINE ( 'NONE', #12290, #1667 ) ;
#10455 = EDGE_CURVE ( 'NONE', #9469, #2186, #7767, .T. ) ;
#10456 = CARTESIAN_POINT ( 'NONE',  ( 2.075000000000000178, 1.750000000000000888, -0.5500000000000018208 ) ) ;
#10457 = VECTOR ( 'NONE', #3142, 1000.000000000000000 ) ;
#10458 = EDGE_LOOP ( 'NONE', ( #585, #5368, #3056, #5436 ) ) ;
#10459 = CARTESIAN_POINT ( 'NONE',  ( -1.865000000000000213, 0.2149999999999987477, 0.7500000000000005551 ) ) ;
#10460 = EDGE_CURVE ( 'NONE', #11070, #8006, #7719, .T. ) ;
#10461 = ORIENTED_EDGE ( 'NONE', *, *, #7393, .F. ) ;
#10462 = CARTESIAN_POINT ( 'NONE',  ( -2.075000000000000178, 0.000000000000000000, -1.300000000000000044 ) ) ;
#10463 = DIRECTION ( 'NONE',  ( -0.000000000000000000, 0.000000000000000000, -1.000000000000000000 ) ) ;
#10464 = DIRECTION ( 'NONE',  ( -0.000000000000000000, 1.000000000000000000, -0.000000000000000000 ) ) ;
#10465 = ORIENTED_EDGE ( 'NONE', *, *, #4290, .F. ) ;
#10466 = VERTEX_POINT ( 'NONE', #1954 ) ;
#10467 = EDGE_CURVE ( 'NONE', #6384, #1268, #7936, .T. ) ;
#10468 = DIRECTION ( 'NONE',  ( -1.000000000000000000, 0.000000000000000000, 7.228014483236698528E-16 ) ) ;
#10469 = CARTESIAN_POINT ( 'NONE',  ( -2.949999999999999289, 1.474999999999999867, -1.050000000000000488 ) ) ;
#10470 = VERTEX_POINT ( 'NONE', #11093 ) ;
#10471 = DIRECTION ( 'NONE',  ( -1.000000000000000000, -0.000000000000000000, -0.000000000000000000 ) ) ;
#10472 = PLANE ( 'NONE',  #11237 ) ;
#10473 = LINE ( 'NONE', #3412, #10796 ) ;
#10474 = CARTESIAN_POINT ( 'NONE',  ( -2.924999999999999378, 0.05000000000000501266, 0.2999999999999981570 ) ) ;
#10475 = AXIS2_PLACEMENT_3D ( 'NONE', #9066, #11921, #2680 ) ;
#10476 = VECTOR ( 'NONE', #5232, 1000.000000000000000 ) ;
#10477 = ADVANCED_FACE ( 'NONE', ( #12235 ), #10102, .F. ) ;
#10478 = LINE ( 'NONE', #9814, #5892 ) ;
#10479 = CARTESIAN_POINT ( 'NONE',  ( 1.125000000000000222, 0.4499999999999999556, -0.3499999999999998113 ) ) ;
#10480 = LINE ( 'NONE', #2811, #6227 ) ;
#10481 = ORIENTED_EDGE ( 'NONE', *, *, #2327, .T. ) ;
#10482 = LINE ( 'NONE', #6989, #1651 ) ;
#10483 = CARTESIAN_POINT ( 'NONE',  ( 1.125000000000000222, 0.7499999999999998890, -0.5500000000000020428 ) ) ;
#10484 = EDGE_CURVE ( 'NONE', #12070, #7121, #12374, .T. ) ;
#10485 = ORIENTED_EDGE ( 'NONE', *, *, #2636, .T. ) ;
#10486 = ORIENTED_EDGE ( 'NONE', *, *, #9987, .T. ) ;
#10487 = EDGE_LOOP ( 'NONE', ( #459, #4586, #448, #755 ) ) ;
#10488 = CARTESIAN_POINT ( 'NONE',  ( 3.000000000000000444, 0.7250000000000111910, 1.305000000000000160 ) ) ;
#10489 = ORIENTED_EDGE ( 'NONE', *, *, #2179, .F. ) ;
#10490 = EDGE_CURVE ( 'NONE', #4436, #10366, #3482, .T. ) ;
#10491 = DIRECTION ( 'NONE',  ( -0.000000000000000000, -0.000000000000000000, 1.000000000000000000 ) ) ;
#10492 = EDGE_CURVE ( 'NONE', #5318, #12111, #7813, .T. ) ;
#10493 = VECTOR ( 'NONE', #1999, 1000.000000000000000 ) ;
#10494 = PLANE ( 'NONE',  #3630 ) ;
#10495 = DIRECTION ( 'NONE',  ( 1.000000000000000000, -0.000000000000000000, -0.000000000000000000 ) ) ;
#10496 = LINE ( 'NONE', #2721, #10394 ) ;
#10497 = DIRECTION ( 'NONE',  ( 0.000000000000000000, -0.000000000000000000, 1.000000000000000000 ) ) ;
#10498 = DIRECTION ( 'NONE',  ( 0.7071067811865513475, -0.7071067811865436870, 4.509686519656959231E-17 ) ) ;
#10499 = EDGE_CURVE ( 'NONE', #217, #5214, #3383, .T. ) ;
#10500 = AXIS2_PLACEMENT_3D ( 'NONE', #1909, #9295, #10311 ) ;
#10501 = ORIENTED_EDGE ( 'NONE', *, *, #5096, .T. ) ;
#10502 = ADVANCED_FACE ( 'NONE', ( #3529 ), #7881, .F. ) ;
#10503 = DIRECTION ( 'NONE',  ( -1.000000000000000000, -1.275531967630008943E-16, 0.000000000000000000 ) ) ;
#10504 = LINE ( 'NONE', #12419, #6102 ) ;
#10505 = ORIENTED_EDGE ( 'NONE', *, *, #4866, .F. ) ;
#10506 = CARTESIAN_POINT ( 'NONE',  ( 1.125000000000000222, 1.750000000000000888, -0.5500000000000017097 ) ) ;
#10507 = ORIENTED_EDGE ( 'NONE', *, *, #737, .F. ) ;
#10508 = ADVANCED_FACE ( 'NONE', ( #12623 ), #12297, .F. ) ;
#10509 = CARTESIAN_POINT ( 'NONE',  ( 1.125000000000000222, 0.000000000000000000, -1.300000000000000044 ) ) ;
#10510 = VERTEX_POINT ( 'NONE', #55 ) ;
#10511 = EDGE_CURVE ( 'NONE', #4232, #11027, #12323, .T. ) ;
#10512 = VERTEX_POINT ( 'NONE', #228 ) ;
#10513 = VERTEX_POINT ( 'NONE', #10193 ) ;
#10514 = DIRECTION ( 'NONE',  ( 0.000000000000000000, 0.000000000000000000, 1.000000000000000000 ) ) ;
#10515 = DIRECTION ( 'NONE',  ( -0.000000000000000000, -1.000000000000000000, 0.000000000000000000 ) ) ;
#10516 = DIRECTION ( 'NONE',  ( 1.000000000000000000, 0.000000000000000000, 0.000000000000000000 ) ) ;
#10517 = EDGE_CURVE ( 'NONE', #7615, #9049, #12346, .T. ) ;
#10518 = DIRECTION ( 'NONE',  ( 0.000000000000000000, -1.000000000000000000, 0.000000000000000000 ) ) ;
#10519 = PLANE ( 'NONE',  #9560 ) ;
#10520 = FACE_OUTER_BOUND ( 'NONE', #3318, .T. ) ;
#10521 = EDGE_CURVE ( 'NONE', #5016, #2227, #3505, .T. ) ;
#10522 = CARTESIAN_POINT ( 'NONE',  ( -3.225000000000000533, 1.750000000000000000, -0.4500000000000006217 ) ) ;
#10523 = CARTESIAN_POINT ( 'NONE',  ( -0.3249999999999995670, 0.4499999999999992339, -0.3499999999999998113 ) ) ;
#10524 = LINE ( 'NONE', #8848, #10565 ) ;
#10525 = CARTESIAN_POINT ( 'NONE',  ( -2.949999999999999734, 1.714999999999999858, 0.5500000000000004885 ) ) ;
#10526 = LINE ( 'NONE', #12425, #6205 ) ;
#10527 = LINE ( 'NONE', #4162, #1691 ) ;
#10528 = DIRECTION ( 'NONE',  ( 0.000000000000000000, 1.000000000000000000, 0.000000000000000000 ) ) ;
#10529 = ORIENTED_EDGE ( 'NONE', *, *, #1720, .F. ) ;
#10530 =( GEOMETRIC_REPRESENTATION_CONTEXT ( 3 ) GLOBAL_UNCERTAINTY_ASSIGNED_CONTEXT ( ( #11932 ) ) GLOBAL_UNIT_ASSIGNED_CONTEXT ( ( #2260, #4203, #9322 ) ) REPRESENTATION_CONTEXT ( 'NONE', 'WORKASPACE' ) );
#10531 = VECTOR ( 'NONE', #9526, 1000.000000000000000 ) ;
#10532 = ORIENTED_EDGE ( 'NONE', *, *, #9405, .F. ) ;
#10533 = CARTESIAN_POINT ( 'NONE',  ( 3.500000000000000000, 0.2299999999999944866, -0.5500000000000018208 ) ) ;
#10534 = VERTEX_POINT ( 'NONE', #1062 ) ;
#10535 = EDGE_LOOP ( 'NONE', ( #12282, #7807, #6741, #12091 ) ) ;
#10536 = CARTESIAN_POINT ( 'NONE',  ( -0.3250000000000003997, 1.750000000000000888, -1.350000000000000311 ) ) ;
#10537 = DIRECTION ( 'NONE',  ( -0.000000000000000000, 1.000000000000000000, -0.000000000000000000 ) ) ;
#10538 = EDGE_LOOP ( 'NONE', ( #6443, #3654, #3027, #12114, #3009, #8426, #3479, #13159, #7403, #12008, #3179, #7482, #8016, #13192, #7313, #255, #7597, #7398, #4910, #3405, #8386, #5392, #9238, #7548, #3629, #3380, #11927, #7611, #8925, #7523, #9816, #2975 ) ) ;
#10539 = DIRECTION ( 'NONE',  ( 1.000000000000000000, 0.000000000000000000, -0.000000000000000000 ) ) ;
#10540 = FACE_OUTER_BOUND ( 'NONE', #1675, .T. ) ;
#10541 = DIRECTION ( 'NONE',  ( -0.7071067811865474617, 6.388722569514064579E-16, -0.7071067811865474617 ) ) ;
#10542 = VECTOR ( 'NONE', #7579, 1000.000000000000000 ) ;
#10543 = CARTESIAN_POINT ( 'NONE',  ( 0.2750000000000005218, 0.2299999999999946254, -1.350000000000000533 ) ) ;
#10544 = VECTOR ( 'NONE', #6597, 1000.000000000000114 ) ;
#10545 = EDGE_CURVE ( 'NONE', #9096, #12679, #7960, .T. ) ;
#10546 = DIRECTION ( 'NONE',  ( 0.000000000000000000, 0.000000000000000000, -1.000000000000000000 ) ) ;
#10547 = VECTOR ( 'NONE', #3867, 1000.000000000000000 ) ;
#10548 = VERTEX_POINT ( 'NONE', #4138 ) ;
#10549 = VECTOR ( 'NONE', #6496, 1000.000000000000000 ) ;
#10550 = ORIENTED_EDGE ( 'NONE', *, *, #6139, .T. ) ;
#10551 = CARTESIAN_POINT ( 'NONE',  ( 3.225000000000000533, 1.149999999999999911, -0.4500000000000006217 ) ) ;
#10552 = DIRECTION ( 'NONE',  ( -0.000000000000000000, -0.000000000000000000, -1.000000000000000000 ) ) ;
#10553 = CARTESIAN_POINT ( 'NONE',  ( -2.500000000000000888, 1.299999999999999378, 1.275000000000000133 ) ) ;
#10554 = STYLED_ITEM ( 'NONE', ( #4137 ), #4775 ) ;
#10555 = ORIENTED_EDGE ( 'NONE', *, *, #7902, .T. ) ;
#10556 = VERTEX_POINT ( 'NONE', #5152 ) ;
#10557 = DIRECTION ( 'NONE',  ( -1.000000000000000000, 0.000000000000000000, -0.000000000000000000 ) ) ;
#10558 = DIRECTION ( 'NONE',  ( 0.000000000000000000, 1.000000000000000000, -0.000000000000000000 ) ) ;
#10559 = ORIENTED_EDGE ( 'NONE', *, *, #11235, .F. ) ;
#10560 = DIRECTION ( 'NONE',  ( 1.275531967630008943E-16, -1.000000000000000000, 0.000000000000000000 ) ) ;
#10561 = DIRECTION ( 'NONE',  ( -1.000000000000000000, -0.000000000000000000, -0.000000000000000000 ) ) ;
#10562 = DIRECTION ( 'NONE',  ( 0.000000000000000000, 0.000000000000000000, 1.000000000000000000 ) ) ;
#10563 = VECTOR ( 'NONE', #11199, 1000.000000000000000 ) ;
#10564 = CARTESIAN_POINT ( 'NONE',  ( 3.500000000000000000, 1.750000000000000000, -1.275000000000001910 ) ) ;
#10565 = VECTOR ( 'NONE', #8935, 1000.000000000000000 ) ;
#10566 = FACE_OUTER_BOUND ( 'NONE', #7828, .T. ) ;
#10567 = DIRECTION ( 'NONE',  ( -0.000000000000000000, -1.000000000000000000, -1.694065894508603636E-16 ) ) ;
#10568 = VECTOR ( 'NONE', #12131, 1000.000000000000000 ) ;
#10569 = VERTEX_POINT ( 'NONE', #9261 ) ;
#10570 = EDGE_CURVE ( 'NONE', #11884, #781, #7694, .T. ) ;
#10571 = CARTESIAN_POINT ( 'NONE',  ( -0.4749999999999999223, 1.574999999999999734, -0.5500000000000017097 ) ) ;
#10572 = ORIENTED_EDGE ( 'NONE', *, *, #6120, .T. ) ;
#10573 = EDGE_LOOP ( 'NONE', ( #6611, #2203, #11029, #3920 ) ) ;
#10574 = ORIENTED_EDGE ( 'NONE', *, *, #8596, .F. ) ;
#10575 = DIRECTION ( 'NONE',  ( 0.000000000000000000, 1.000000000000000000, -2.409338161078897701E-16 ) ) ;
#10576 = ORIENTED_EDGE ( 'NONE', *, *, #7592, .T. ) ;
#10577 = CARTESIAN_POINT ( 'NONE',  ( 2.500000000000000888, 1.499999999999999334, -0.3499999999999994227 ) ) ;
#10578 = LINE ( 'NONE', #5438, #6075 ) ;
#10579 = DIRECTION ( 'NONE',  ( 0.000000000000000000, 1.000000000000000000, -2.409338161078897701E-16 ) ) ;
#10580 = CARTESIAN_POINT ( 'NONE',  ( -1.275000000000000133, 1.125000000000000222, 0.4999999999999998890 ) ) ;
#10581 = VECTOR ( 'NONE', #5058, 1000.000000000000000 ) ;
#10582 = CARTESIAN_POINT ( 'NONE',  ( 3.200000000000000178, 1.150000000000011235, 1.275000000000000133 ) ) ;
#10583 = ADVANCED_FACE ( 'NONE', ( #3776 ), #10021, .F. ) ;
#10584 = LINE ( 'NONE', #12712, #10374 ) ;
#10585 = CARTESIAN_POINT ( 'NONE',  ( -0.4749999999999999223, 0.6999999999999995115, -0.3499999999999998113 ) ) ;
#10586 = LINE ( 'NONE', #6511, #10990 ) ;
#10587 = ORIENTED_EDGE ( 'NONE', *, *, #13145, .T. ) ;
#10588 = DIRECTION ( 'NONE',  ( 0.7071067811865430208, 0.000000000000000000, -0.7071067811865521247 ) ) ;
#10589 = EDGE_LOOP ( 'NONE', ( #9292, #5067, #9882, #916 ) ) ;
#10590 = ORIENTED_EDGE ( 'NONE', *, *, #960, .F. ) ;
#10591 = DIRECTION ( 'NONE',  ( 0.000000000000000000, 0.000000000000000000, 1.000000000000000000 ) ) ;
#10592 = ORIENTED_EDGE ( 'NONE', *, *, #11439, .T. ) ;
#10593 = ORIENTED_EDGE ( 'NONE', *, *, #8183, .F. ) ;
#10594 = PLANE ( 'NONE',  #1379 ) ;
#10595 = EDGE_CURVE ( 'NONE', #759, #4693, #12427, .T. ) ;
#10596 = DIRECTION ( 'NONE',  ( 0.000000000000000000, -1.000000000000000000, 0.000000000000000000 ) ) ;
#10597 = DIRECTION ( 'NONE',  ( 0.000000000000000000, 0.000000000000000000, 1.000000000000000000 ) ) ;
#10598 = CARTESIAN_POINT ( 'NONE',  ( 0.3250000000000001776, 1.575000000000000178, 0.4999999999999997780 ) ) ;
#10599 = VECTOR ( 'NONE', #3321, 1000.000000000000114 ) ;
#10600 = DIRECTION ( 'NONE',  ( 1.000000000000000000, 0.000000000000000000, -7.228014483236698528E-16 ) ) ;
#10601 = CARTESIAN_POINT ( 'NONE',  ( -2.500000000000000888, 1.299999999999999378, 1.275000000000000133 ) ) ;
#10602 = VECTOR ( 'NONE', #5830, 1000.000000000000000 ) ;
#10603 = CARTESIAN_POINT ( 'NONE',  ( 1.925000000000000044, 1.150000000000000133, -1.229999999999999760 ) ) ;
#10604 = VECTOR ( 'NONE', #6177, 999.9999999999998863 ) ;
#10605 = ADVANCED_FACE ( 'NONE', ( #8000 ), #3302, .F. ) ;
#10606 = EDGE_CURVE ( 'NONE', #8180, #13242, #3701, .T. ) ;
#10607 = CIRCLE ( 'NONE', #12103, 0.1000000000000000472 ) ;
#10608 = DIRECTION ( 'NONE',  ( 0.000000000000000000, -1.172110456741085828E-16, -1.000000000000000000 ) ) ;
#10609 = EDGE_LOOP ( 'NONE', ( #9574, #9332, #420, #4958 ) ) ;
#10610 = CARTESIAN_POINT ( 'NONE',  ( -0.4749999999999999223, 1.150000000000000133, -1.229999999999999982 ) ) ;
#10611 = VECTOR ( 'NONE', #5078, 1000.000000000000000 ) ;
#10612 = ORIENTED_EDGE ( 'NONE', *, *, #9191, .F. ) ;
#10613 = ADVANCED_FACE ( 'NONE', ( #12447 ), #7661, .F. ) ;
#10614 = PLANE ( 'NONE',  #1861 ) ;
#10615 = EDGE_CURVE ( 'NONE', #3975, #6217, #3609, .T. ) ;
#10616 = ORIENTED_EDGE ( 'NONE', *, *, #9915, .T. ) ;
#10617 = EDGE_LOOP ( 'NONE', ( #9401, #12852, #10559, #11147 ) ) ;
#10618 = DIRECTION ( 'NONE',  ( 0.000000000000000000, 0.000000000000000000, 1.000000000000000000 ) ) ;
#10619 = DIRECTION ( 'NONE',  ( 0.7071067811865474617, -0.000000000000000000, 0.7071067811865474617 ) ) ;
#10620 = ORIENTED_EDGE ( 'NONE', *, *, #7079, .F. ) ;
#10621 = AXIS2_PLACEMENT_3D ( 'NONE', #4383, #9679, #11522 ) ;
#10622 = DIRECTION ( 'NONE',  ( -0.000000000000000000, -0.000000000000000000, 1.000000000000000000 ) ) ;
#10623 = EDGE_CURVE ( 'NONE', #1145, #564, #3632, .T. ) ;
#10624 = EDGE_CURVE ( 'NONE', #8484, #5847, #12516, .T. ) ;
#10625 = EDGE_CURVE ( 'NONE', #1008, #3665, #8102, .T. ) ;
#10626 = VECTOR ( 'NONE', #9367, 1000.000000000000000 ) ;
#10627 = MECHANICAL_DESIGN_GEOMETRIC_PRESENTATION_REPRESENTATION (  '', ( #6266 ), #1819 ) ;
#10628 =( LENGTH_UNIT ( ) NAMED_UNIT ( * ) SI_UNIT ( .MILLI., .METRE. ) );
#10629 = EDGE_CURVE ( 'NONE', #8437, #3420, #12139, .T. ) ;
#10630 = FACE_OUTER_BOUND ( 'NONE', #8448, .T. ) ;
#10631 = VECTOR ( 'NONE', #48, 1000.000000000000000 ) ;
#10632 = CARTESIAN_POINT ( 'NONE',  ( -1.900000000000000577, 0.2499999999999991396, 0.7500000000000005551 ) ) ;
#10633 = LINE ( 'NONE', #7347, #6021 ) ;
#10634 = ORIENTED_EDGE ( 'NONE', *, *, #6332, .F. ) ;
#10635 = CARTESIAN_POINT ( 'NONE',  ( 1.125000000000000222, 0.000000000000000000, -0.3499999999999994227 ) ) ;
#10636 = FACE_OUTER_BOUND ( 'NONE', #1424, .T. ) ;
#10637 = ORIENTED_EDGE ( 'NONE', *, *, #10499, .T. ) ;
#10638 = DIRECTION ( 'NONE',  ( 0.000000000000000000, -1.000000000000000000, 2.409338161078897701E-16 ) ) ;
#10639 = CARTESIAN_POINT ( 'NONE',  ( 3.500000000000000000, 1.750000000000000000, -1.275000000000001910 ) ) ;
#10640 = ORIENTED_EDGE ( 'NONE', *, *, #1575, .T. ) ;
#10641 = VERTEX_POINT ( 'NONE', #12882 ) ;
#10642 = CARTESIAN_POINT ( 'NONE',  ( 1.125000000000000222, 0.000000000000000000, -1.300000000000000044 ) ) ;
#10643 = AXIS2_PLACEMENT_3D ( 'NONE', #4578, #11800, #7580 ) ;
#10644 = ORIENTED_EDGE ( 'NONE', *, *, #3923, .T. ) ;
#10645 = CARTESIAN_POINT ( 'NONE',  ( 1.125000000000000222, 0.9750000000000004219, -1.229999999999999760 ) ) ;
#10646 = EDGE_CURVE ( 'NONE', #4068, #8399, #5574, .T. ) ;
#10647 = CARTESIAN_POINT ( 'NONE',  ( 2.700000000000000178, 0.05000000000000490163, -1.300000000000000711 ) ) ;
#10648 = VECTOR ( 'NONE', #5687, 1000.000000000000000 ) ;
#10649 = DIRECTION ( 'NONE',  ( 0.000000000000000000, -0.7071067811865475727, 0.7071067811865475727 ) ) ;
#10650 = EDGE_CURVE ( 'NONE', #6678, #4150, #8823, .T. ) ;
#10651 = CARTESIAN_POINT ( 'NONE',  ( 1.125000000000000222, 1.175000000000000488, 0.5500000000000004885 ) ) ;
#10652 = FACE_OUTER_BOUND ( 'NONE', #3514, .T. ) ;
#10653 = FACE_OUTER_BOUND ( 'NONE', #1676, .T. ) ;
#10654 = EDGE_CURVE ( 'NONE', #887, #8875, #13188, .T. ) ;
#10655 = LINE ( 'NONE', #1590, #2124 ) ;
#10656 = VERTEX_POINT ( 'NONE', #2197 ) ;
#10657 = VECTOR ( 'NONE', #2382, 1000.000000000000000 ) ;
#10658 = EDGE_CURVE ( 'NONE', #1782, #5676, #4534, .T. ) ;
#10659 = EDGE_CURVE ( 'NONE', #8006, #6134, #4494, .T. ) ;
#10660 = PLANE ( 'NONE',  #7285 ) ;
#10661 = EDGE_LOOP ( 'NONE', ( #9547, #12230, #11784, #3135, #12431, #3462, #3334, #8695, #7652, #7914, #11628, #8290, #12591, #3684, #12157, #11655, #7145, #2228, #9571, #7225, #6488, #10961, #2120, #563, #5421, #2896, #11881, #11590, #7825, #12271, #7848, #850, #8223, #5647, #10576, #9639, #12716, #2411, #4022, #218, #1992, #8720 ) ) ;
#10662 = EDGE_CURVE ( 'NONE', #12391, #4653, #4029, .T. ) ;
#10663 = ORIENTED_EDGE ( 'NONE', *, *, #148, .F. ) ;
#10664 = ORIENTED_EDGE ( 'NONE', *, *, #9830, .T. ) ;
#10665 = CARTESIAN_POINT ( 'NONE',  ( -1.275000000000000133, 1.149999999999999911, -1.300000000000000711 ) ) ;
#10666 = VERTEX_POINT ( 'NONE', #6489 ) ;
#10667 = DIRECTION ( 'NONE',  ( 0.000000000000000000, 0.000000000000000000, -1.000000000000000000 ) ) ;
#10668 = AXIS2_PLACEMENT_3D ( 'NONE', #7772, #8863, #12893 ) ;
#10669 = FACE_OUTER_BOUND ( 'NONE', #1486, .T. ) ;
#10670 = DIRECTION ( 'NONE',  ( 1.000000000000000000, -1.275531967630008943E-16, 0.000000000000000000 ) ) ;
#10671 =( GEOMETRIC_REPRESENTATION_CONTEXT ( 3 ) GLOBAL_UNCERTAINTY_ASSIGNED_CONTEXT ( ( #1489 ) ) GLOBAL_UNIT_ASSIGNED_CONTEXT ( ( #9391, #9215, #95 ) ) REPRESENTATION_CONTEXT ( 'NONE', 'WORKASPACE' ) );
#10672 = EDGE_CURVE ( 'NONE', #10236, #2911, #8777, .T. ) ;
#10673 = DIRECTION ( 'NONE',  ( 0.000000000000000000, 1.000000000000000000, 0.000000000000000000 ) ) ;
#10674 = VECTOR ( 'NONE', #11032, 1000.000000000000000 ) ;
#10675 = DIRECTION ( 'NONE',  ( -1.000000000000000000, -0.000000000000000000, 0.000000000000000000 ) ) ;
#10676 = DIRECTION ( 'NONE',  ( -0.000000000000000000, -0.000000000000000000, 1.000000000000000000 ) ) ;
#10677 = LINE ( 'NONE', #4342, #1648 ) ;
#10678 = MANIFOLD_SOLID_BREP ( 'Pin 4', #8125 ) ;
#10679 = DIRECTION ( 'NONE',  ( -0.000000000000000000, 0.000000000000000000, 1.000000000000000000 ) ) ;
#10680 = LINE ( 'NONE', #11118, #10568 ) ;
#10681 = ORIENTED_EDGE ( 'NONE', *, *, #7715, .T. ) ;
#10682 = VECTOR ( 'NONE', #6408, 1000.000000000000000 ) ;
#10683 = DIRECTION ( 'NONE',  ( 0.7071067811865497932, 1.703659351870409300E-16, 0.7071067811865452413 ) ) ;
#10684 = ORIENTED_EDGE ( 'NONE', *, *, #10221, .F. ) ;
#10685 = VERTEX_POINT ( 'NONE', #5592 ) ;
#10686 = EDGE_CURVE ( 'NONE', #1780, #1009, #4610, .T. ) ;
#10687 = CARTESIAN_POINT ( 'NONE',  ( 1.125000000000000222, 1.574999999999999734, -1.350000000000000533 ) ) ;
#10688 = PRODUCT_DEFINITION_SHAPE ( 'NONE', 'NONE',  #2171 ) ;
#10689 = ORIENTED_EDGE ( 'NONE', *, *, #11869, .F. ) ;
#10690 = ORIENTED_EDGE ( 'NONE', *, *, #4917, .T. ) ;
#10691 = CARTESIAN_POINT ( 'NONE',  ( 1.124999999999999778, 1.474999999999999867, -1.300000000000000711 ) ) ;
#10692 = PLANE ( 'NONE',  #2164 ) ;
#10693 = LINE ( 'NONE', #9806, #5988 ) ;
#10694 = AXIS2_PLACEMENT_3D ( 'NONE', #232, #12119, #10375 ) ;
#10695 = CARTESIAN_POINT ( 'NONE',  ( 0.3250000000000001776, 1.750000000000000888, -0.5500000000000017097 ) ) ;
#10696 = FACE_OUTER_BOUND ( 'NONE', #7231, .T. ) ;
#10697 = ADVANCED_FACE ( 'NONE', ( #58 ), #8845, .F. ) ;
#10698 = CARTESIAN_POINT ( 'NONE',  ( -3.000000000000000444, 0.1250000000000056621, 1.350000000000000533 ) ) ;
#10699 = VECTOR ( 'NONE', #5175, 1000.000000000000000 ) ;
#10700 = LINE ( 'NONE', #8851, #10721 ) ;
#10701 = CARTESIAN_POINT ( 'NONE',  ( -1.924999999999999600, 1.474999999999997424, -0.9749999999999975353 ) ) ;
#10702 = EDGE_LOOP ( 'NONE', ( #9071, #6722, #5019, #9000 ) ) ;
#10703 = DIRECTION ( 'NONE',  ( -0.000000000000000000, -0.000000000000000000, 1.000000000000000000 ) ) ;
#10704 = LINE ( 'NONE', #3399, #10531 ) ;
#10705 = VERTEX_POINT ( 'NONE', #9434 ) ;
#10706 = ORIENTED_EDGE ( 'NONE', *, *, #7872, .T. ) ;
#10707 = ORIENTED_EDGE ( 'NONE', *, *, #3574, .F. ) ;
#10708 = CARTESIAN_POINT ( 'NONE',  ( -0.3250000000000000111, 1.750000000000000888, -0.5500000000000018208 ) ) ;
#10709 = ORIENTED_EDGE ( 'NONE', *, *, #4788, .T. ) ;
#10710 = CARTESIAN_POINT ( 'NONE',  ( 1.358333333333333837, 0.6833333333333344584, -0.1666666666666662688 ) ) ;
#10711 = EDGE_CURVE ( 'NONE', #10377, #9192, #4262, .T. ) ;
#10712 = LINE ( 'NONE', #4157, #10563 ) ;
#10713 = DIRECTION ( 'NONE',  ( -0.000000000000000000, -0.000000000000000000, -1.000000000000000000 ) ) ;
#10714 = ADVANCED_FACE ( 'NONE', ( #170 ), #10878, .F. ) ;
#10715 = SURFACE_SIDE_STYLE ('',( #3830 ) ) ;
#10716 = DIRECTION ( 'NONE',  ( 1.000000000000000000, -0.000000000000000000, -0.000000000000000000 ) ) ;
#10717 = VECTOR ( 'NONE', #2973, 1000.000000000000000 ) ;
#10718 = VECTOR ( 'NONE', #7517, 1000.000000000000000 ) ;
#10719 = ADVANCED_FACE ( 'NONE', ( #13243 ), #1741, .T. ) ;
#10720 = DIRECTION ( 'NONE',  ( -5.421010862427532031E-16, 1.694065894508603883E-16, -1.000000000000000000 ) ) ;
#10721 = VECTOR ( 'NONE', #9870, 1000.000000000000114 ) ;
#10722 = ORIENTED_EDGE ( 'NONE', *, *, #10358, .F. ) ;
#10723 = CARTESIAN_POINT ( 'NONE',  ( -1.274999999999999689, 0.2299999999999944866, -0.5500000000000044853 ) ) ;
#10724 = FACE_OUTER_BOUND ( 'NONE', #6320, .T. ) ;
#10725 = ORIENTED_EDGE ( 'NONE', *, *, #7456, .T. ) ;
#10726 = DIRECTION ( 'NONE',  ( 0.000000000000000000, 0.000000000000000000, -1.000000000000000000 ) ) ;
#10727 = DIRECTION ( 'NONE',  ( 0.000000000000000000, 0.000000000000000000, 1.000000000000000000 ) ) ;
#10728 = ADVANCED_FACE ( 'NONE', ( #8975 ), #13071, .F. ) ;
#10729 = DIRECTION ( 'NONE',  ( 0.000000000000000000, -1.694065894508603883E-16, 1.000000000000000000 ) ) ;
#10730 = EDGE_LOOP ( 'NONE', ( #10748, #3804, #3779, #4130 ) ) ;
#10731 = ORIENTED_EDGE ( 'NONE', *, *, #10624, .T. ) ;
#10732 = DIRECTION ( 'NONE',  ( -0.000000000000000000, -0.000000000000000000, -1.000000000000000000 ) ) ;
#10733 = CARTESIAN_POINT ( 'NONE',  ( 3.500000000000003109, 1.474999999999999867, -0.9749999999999897637 ) ) ;
#10734 = ORIENTED_EDGE ( 'NONE', *, *, #2288, .F. ) ;
#10735 = CARTESIAN_POINT ( 'NONE',  ( 3.500000000000000000, 1.750000000000000000, -1.275000000000001910 ) ) ;
#10736 = LINE ( 'NONE', #5773, #6390 ) ;
#10737 = LINE ( 'NONE', #13003, #6313 ) ;
#10738 = FACE_OUTER_BOUND ( 'NONE', #4370, .T. ) ;
#10739 = LINE ( 'NONE', #9282, #6358 ) ;
#10740 = VERTEX_POINT ( 'NONE', #6013 ) ;
#10741 = LINE ( 'NONE', #6928, #6398 ) ;
#10742 = CARTESIAN_POINT ( 'NONE',  ( 2.500000000000000888, 1.299999999999999378, 1.275000000000000133 ) ) ;
#10743 = DIRECTION ( 'NONE',  ( 0.000000000000000000, 1.000000000000000000, 0.000000000000000000 ) ) ;
#10744 = EDGE_LOOP ( 'NONE', ( #2592, #11084, #7070, #10991 ) ) ;
#10745 = ORIENTED_EDGE ( 'NONE', *, *, #4592, .T. ) ;
#10746 = ORIENTED_EDGE ( 'NONE', *, *, #11409, .T. ) ;
#10747 = CARTESIAN_POINT ( 'NONE',  ( 2.075000000000000178, 1.574999999999999734, -0.5500000000000020428 ) ) ;
#10748 = ORIENTED_EDGE ( 'NONE', *, *, #3912, .F. ) ;
#10749 = LINE ( 'NONE', #2909, #1854 ) ;
#10750 = CARTESIAN_POINT ( 'NONE',  ( -0.3583333333333335591, 1.158333333333333659, 0.5333333333333336590 ) ) ;
#10751 = CARTESIAN_POINT ( 'NONE',  ( -1.275000000000000133, 0.000000000000000000, -1.300000000000000044 ) ) ;
#10752 = VECTOR ( 'NONE', #6340, 1000.000000000000000 ) ;
#10753 = CARTESIAN_POINT ( 'NONE',  ( 1.925000000000000044, 0.4499999999999991784, -0.3499999999999994227 ) ) ;
#10754 = DIRECTION ( 'NONE',  ( 0.000000000000000000, -6.377659838150027460E-17, -1.000000000000000000 ) ) ;
#10755 = FACE_OUTER_BOUND ( 'NONE', #10458, .T. ) ;
#10756 = EDGE_CURVE ( 'NONE', #9548, #1008, #40, .T. ) ;
#10757 = PLANE ( 'NONE',  #6164 ) ;
#10758 = LINE ( 'NONE', #13237, #6247 ) ;
#10759 = ORIENTED_EDGE ( 'NONE', *, *, #2115, .T. ) ;
#10760 = VECTOR ( 'NONE', #10803, 1000.000000000000000 ) ;
#10761 = DIRECTION ( 'NONE',  ( 0.000000000000000000, -0.000000000000000000, -1.000000000000000000 ) ) ;
#10762 = EDGE_CURVE ( 'NONE', #10513, #544, #4448, .T. ) ;
#10763 = ORIENTED_EDGE ( 'NONE', *, *, #6908, .F. ) ;
#10764 = ORIENTED_EDGE ( 'NONE', *, *, #3267, .F. ) ;
#10765 = CARTESIAN_POINT ( 'NONE',  ( -2.949999999999999734, 1.750000000000000000, 0.5500000000000004885 ) ) ;
#10766 = EDGE_LOOP ( 'NONE', ( #9095, #4545, #9637, #7493 ) ) ;
#10767 = AXIS2_PLACEMENT_3D ( 'NONE', #1284, #2252, #12456 ) ;
#10768 = PLANE ( 'NONE',  #12527 ) ;
#10769 = ORIENTED_EDGE ( 'NONE', *, *, #4528, .F. ) ;
#10770 = DIRECTION ( 'NONE',  ( 1.000000000000000000, 0.000000000000000000, -0.000000000000000000 ) ) ;
#10771 = DIRECTION ( 'NONE',  ( -1.000000000000000000, 0.000000000000000000, 0.000000000000000000 ) ) ;
#10772 = EDGE_CURVE ( 'NONE', #6271, #10419, #8954, .T. ) ;
#10773 = FACE_OUTER_BOUND ( 'NONE', #12960, .T. ) ;
#10774 = DIRECTION ( 'NONE',  ( 0.000000000000000000, 0.000000000000000000, 1.000000000000000000 ) ) ;
#10775 = EDGE_CURVE ( 'NONE', #7581, #1446, #147, .T. ) ;
#10776 = LINE ( 'NONE', #11472, #10717 ) ;
#10777 = PLANE ( 'NONE',  #12344 ) ;
#10778 = SURFACE_SIDE_STYLE ('',( #1386 ) ) ;
#10779 = FACE_OUTER_BOUND ( 'NONE', #2677, .T. ) ;
#10780 = AXIS2_PLACEMENT_3D ( 'NONE', #7876, #2084, #3085 ) ;
#10781 = LINE ( 'NONE', #1164, #10457 ) ;
#10782 = CARTESIAN_POINT ( 'NONE',  ( -2.950000000000000622, 1.675000000000001377, -0.3000000000000006550 ) ) ;
#10783 = ORIENTED_EDGE ( 'NONE', *, *, #12533, .F. ) ;
#10784 = CARTESIAN_POINT ( 'NONE',  ( 0.4750000000000001443, 1.575000000000000178, 0.5500000000000003775 ) ) ;
#10785 = VECTOR ( 'NONE', #5108, 1000.000000000000000 ) ;
#10786 = EDGE_CURVE ( 'NONE', #3962, #7600, #9015, .T. ) ;
#10787 = ORIENTED_EDGE ( 'NONE', *, *, #7433, .T. ) ;
#10788 = CARTESIAN_POINT ( 'NONE',  ( 1.925000000000000044, 1.750000000000000888, -0.5500000000000017097 ) ) ;
#10789 = ORIENTED_EDGE ( 'NONE', *, *, #8071, .T. ) ;
#10790 = VERTEX_POINT ( 'NONE', #1820 ) ;
#10791 = CARTESIAN_POINT ( 'NONE',  ( 1.125000000000000222, 0.000000000000000000, -0.9499999999999999556 ) ) ;
#10792 = ORIENTED_EDGE ( 'NONE', *, *, #8625, .F. ) ;
#10793 = PLANE ( 'NONE',  #7004 ) ;
#10794 = EDGE_CURVE ( 'NONE', #4111, #4059, #4284, .T. ) ;
#10795 = EDGE_CURVE ( 'NONE', #2393, #12843, #13171, .T. ) ;
#10796 = VECTOR ( 'NONE', #7603, 1000.000000000000000 ) ;
#10797 = CARTESIAN_POINT ( 'NONE',  ( -3.200000000000000178, 0.6950000000000112754, 1.304999999999999938 ) ) ;
#10798 = CARTESIAN_POINT ( 'NONE',  ( -0.4749999999999999223, 1.150000000000000133, -0.3999999999999999667 ) ) ;
#10799 = VECTOR ( 'NONE', #5439, 1000.000000000000000 ) ;
#10800 = AXIS2_PLACEMENT_3D ( 'NONE', #4924, #6999, #6907 ) ;
#10801 = FACE_OUTER_BOUND ( 'NONE', #6299, .T. ) ;
#10802 = ORIENTED_EDGE ( 'NONE', *, *, #8644, .T. ) ;
#10803 = DIRECTION ( 'NONE',  ( -1.000000000000000000, 0.000000000000000000, 0.000000000000000000 ) ) ;
#10804 = LINE ( 'NONE', #8407, #11132 ) ;
#10805 = VERTEX_POINT ( 'NONE', #919 ) ;
#10806 = CARTESIAN_POINT ( 'NONE',  ( 3.000000000000000444, 1.075000000000010614, 1.350000000000000533 ) ) ;
#10807 = CARTESIAN_POINT ( 'NONE',  ( 2.700000000000000178, 1.474999999999999867, -1.050000000000000488 ) ) ;
#10808 = VERTEX_POINT ( 'NONE', #9123 ) ;
#10809 = EDGE_CURVE ( 'NONE', #9551, #6427, #8349, .T. ) ;
#10810 = ORIENTED_EDGE ( 'NONE', *, *, #1429, .T. ) ;
#10811 = DIRECTION ( 'NONE',  ( 0.7071067811865521247, 3.407318703740853605E-16, 0.7071067811865430208 ) ) ;
#10812 = DIRECTION ( 'NONE',  ( 0.000000000000000000, -1.000000000000000000, 2.409338161078897701E-16 ) ) ;
#10813 = ORIENTED_EDGE ( 'NONE', *, *, #9660, .T. ) ;
#10814 = CARTESIAN_POINT ( 'NONE',  ( 3.500000000000000000, 0.08750000000000569822, -0.5500000000000018208 ) ) ;
#10815 = DIRECTION ( 'NONE',  ( 0.000000000000000000, 0.000000000000000000, 1.000000000000000000 ) ) ;
#10816 = EDGE_CURVE ( 'NONE', #13174, #9096, #12807, .T. ) ;
#10817 = PLANE ( 'NONE',  #835 ) ;
#10818 = VECTOR ( 'NONE', #11562, 1000.000000000000000 ) ;
#10819 = EDGE_CURVE ( 'NONE', #7904, #4815, #4397, .T. ) ;
#10820 = AXIS2_PLACEMENT_3D ( 'NONE', #5248, #10279, #56 ) ;
#10821 = LINE ( 'NONE', #2302, #6394 ) ;
#10822 = LINE ( 'NONE', #2612, #11060 ) ;
#10823 = ADVANCED_FACE ( 'NONE', ( #12825 ), #12237, .F. ) ;
#10824 = ORIENTED_EDGE ( 'NONE', *, *, #9867, .T. ) ;
#10825 = AXIS2_PLACEMENT_3D ( 'NONE', #4204, #7043, #1773 ) ;
#10826 = LINE ( 'NONE', #12798, #2224 ) ;
#10827 = CARTESIAN_POINT ( 'NONE',  ( -0.3250000000000000111, 1.312500000000000222, -1.300000000000000044 ) ) ;
#10828 = CARTESIAN_POINT ( 'NONE',  ( 0.4750000000000001443, 0.4499999999999999556, -0.3999999999999999667 ) ) ;
#10829 = ORIENTED_EDGE ( 'NONE', *, *, #4577, .F. ) ;
#10830 = ADVANCED_FACE ( 'NONE', ( #3982 ), #4763, .F. ) ;
#10831 = ORIENTED_EDGE ( 'NONE', *, *, #5750, .F. ) ;
#10832 = EDGE_LOOP ( 'NONE', ( #12016, #3367, #9770, #4505 ) ) ;
#10833 = ADVANCED_FACE ( 'NONE', ( #8735 ), #7758, .F. ) ;
#10834 = ORIENTED_EDGE ( 'NONE', *, *, #3055, .F. ) ;
#10835 = AXIS2_PLACEMENT_3D ( 'NONE', #9425, #9165, #6219 ) ;
#10836 = DIRECTION ( 'NONE',  ( 0.000000000000000000, 8.673617379884030542E-16, -1.000000000000000000 ) ) ;
#10837 = FACE_OUTER_BOUND ( 'NONE', #22, .T. ) ;
#10838 = CARTESIAN_POINT ( 'NONE',  ( -3.500000000000000000, 1.150000000000011013, 1.250000000000001110 ) ) ;
#10839 = EDGE_CURVE ( 'NONE', #8556, #6845, #12846, .T. ) ;
#10840 = FACE_OUTER_BOUND ( 'NONE', #8927, .T. ) ;
#10841 = CARTESIAN_POINT ( 'NONE',  ( -3.500000000000000000, 1.714999999999999858, 0.5500000000000004885 ) ) ;
#10842 = CARTESIAN_POINT ( 'NONE',  ( -1.275000000000000133, 0.2000000000000000111, -0.9499999999999999556 ) ) ;
#10843 = LINE ( 'NONE', #6040, #2078 ) ;
#10844 = CARTESIAN_POINT ( 'NONE',  ( -0.3249999999999997891, 1.474999999999998090, -0.9749999999999953149 ) ) ;
#10845 = ORIENTED_EDGE ( 'NONE', *, *, #8950, .T. ) ;
#10846 = VECTOR ( 'NONE', #3596, 1000.000000000000000 ) ;
#10847 = CARTESIAN_POINT ( 'NONE',  ( -3.000000000000000444, 0.1250000000000054123, 1.274999999999999245 ) ) ;
#10848 = ORIENTED_EDGE ( 'NONE', *, *, #9064, .T. ) ;
#10849 = STYLED_ITEM ( 'NONE', ( #12076 ), #4309 ) ;
#10850 = ORIENTED_EDGE ( 'NONE', *, *, #11549, .T. ) ;
#10851 = CARTESIAN_POINT ( 'NONE',  ( -1.275000000000000133, 1.575000000000000178, 0.4999999999999997780 ) ) ;
#10852 = ORIENTED_EDGE ( 'NONE', *, *, #3105, .F. ) ;
#10853 = EDGE_LOOP ( 'NONE', ( #4350, #2367, #8817, #10707, #1505 ) ) ;
#10854 = CARTESIAN_POINT ( 'NONE',  ( 1.125000000000000222, 0.000000000000000000, -0.9499999999999999556 ) ) ;
#10855 = DIRECTION ( 'NONE',  ( -5.421010862427532031E-16, 1.694065894508603883E-16, -1.000000000000000000 ) ) ;
#10856 = CARTESIAN_POINT ( 'NONE',  ( 0.4750000000000003664, 1.124999999999999778, -0.3499999999999998113 ) ) ;
#10857 = CARTESIAN_POINT ( 'NONE',  ( -2.075000000000000622, 1.474999999999999867, -0.9749999999999897637 ) ) ;
#10858 = LINE ( 'NONE', #1918, #1875 ) ;
#10859 = CARTESIAN_POINT ( 'NONE',  ( 2.500000000000000444, 0.2499999999999991396, -0.3499999999999994227 ) ) ;
#10860 = SURFACE_SIDE_STYLE ('',( #1631 ) ) ;
#10861 = LINE ( 'NONE', #4335, #10956 ) ;
#10862 = DIRECTION ( 'NONE',  ( 1.000000000000000000, 0.000000000000000000, 0.000000000000000000 ) ) ;
#10863 = VECTOR ( 'NONE', #2841, 1000.000000000000000 ) ;
#10864 = DIRECTION ( 'NONE',  ( 1.000000000000000000, -0.000000000000000000, -0.000000000000000000 ) ) ;
#10865 = ORIENTED_EDGE ( 'NONE', *, *, #3237, .T. ) ;
#10866 = SURFACE_SIDE_STYLE ('',( #8898 ) ) ;
#10867 = VECTOR ( 'NONE', #9443, 1000.000000000000000 ) ;
#10868 = EDGE_CURVE ( 'NONE', #7946, #6871, #4006, .T. ) ;
#10869 = ORIENTED_EDGE ( 'NONE', *, *, #2605, .T. ) ;
#10870 = DIRECTION ( 'NONE',  ( 0.000000000000000000, 0.9363291775690438801, 0.3511234415883935367 ) ) ;
#10871 = ORIENTED_EDGE ( 'NONE', *, *, #6633, .F. ) ;
#10872 = VERTEX_POINT ( 'NONE', #7443 ) ;
#10873 = DIRECTION ( 'NONE',  ( 0.000000000000000000, 1.000000000000000000, 0.000000000000000000 ) ) ;
#10874 = CARTESIAN_POINT ( 'NONE',  ( -0.3249999999999997891, 1.124999999999999778, -1.350000000000000533 ) ) ;
#10875 = ORIENTED_EDGE ( 'NONE', *, *, #7402, .F. ) ;
#10876 = PLANE ( 'NONE',  #9125 ) ;
#10877 = LINE ( 'NONE', #10750, #6453 ) ;
#10878 = PLANE ( 'NONE',  #6591 ) ;
#10879 = CARTESIAN_POINT ( 'NONE',  ( -2.500000000000000888, 1.499999999999999334, 1.275000000000000133 ) ) ;
#10880 = VECTOR ( 'NONE', #12417, 1000.000000000000000 ) ;
#10881 = FACE_OUTER_BOUND ( 'NONE', #13005, .T. ) ;
#10882 = ORIENTED_EDGE ( 'NONE', *, *, #8774, .F. ) ;
#10883 = LINE ( 'NONE', #11315, #2044 ) ;
#10884 = ORIENTED_EDGE ( 'NONE', *, *, #8923, .T. ) ;
#10885 = DIRECTION ( 'NONE',  ( 0.000000000000000000, -1.000000000000000000, 0.000000000000000000 ) ) ;
#10886 = CARTESIAN_POINT ( 'NONE',  ( 1.925000000000000044, 1.499999999999999334, 1.275000000000000133 ) ) ;
#10887 = ORIENTED_EDGE ( 'NONE', *, *, #4329, .F. ) ;
#10888 = EDGE_LOOP ( 'NONE', ( #12495, #12444, #3798, #8528 ) ) ;
#10889 = DIRECTION ( 'NONE',  ( 0.000000000000000000, 0.000000000000000000, 1.000000000000000000 ) ) ;
#10890 = DIRECTION ( 'NONE',  ( -0.5773502691896251759, -0.5773502691896270633, -0.5773502691896251759 ) ) ;
#10891 = VERTEX_POINT ( 'NONE', #4252 ) ;
#10892 = DIRECTION ( 'NONE',  ( -1.000000000000000000, -0.000000000000000000, -1.445602896647338917E-15 ) ) ;
#10893 = PLANE ( 'NONE',  #12221 ) ;
#10894 = DIRECTION ( 'NONE',  ( -1.000000000000000000, -0.000000000000000000, 0.000000000000000000 ) ) ;
#10895 = VECTOR ( 'NONE', #10065, 1000.000000000000000 ) ;
#10896 = CARTESIAN_POINT ( 'NONE',  ( 3.000000000000000444, 0.3050000000000112066, 1.305000000000000160 ) ) ;
#10897 = FACE_OUTER_BOUND ( 'NONE', #3886, .T. ) ;
#10898 = VECTOR ( 'NONE', #1534, 1000.000000000000000 ) ;
#10899 = ORIENTED_EDGE ( 'NONE', *, *, #1266, .F. ) ;
#10900 = LINE ( 'NONE', #6186, #2081 ) ;
#10901 = CARTESIAN_POINT ( 'NONE',  ( -3.200000000000000178, 0.2750000000000112355, 1.350000000000000533 ) ) ;
#10902 = CARTESIAN_POINT ( 'NONE',  ( -1.925000000000000044, 0.2000000000000000111, -0.9499999999999999556 ) ) ;
#10903 = ORIENTED_EDGE ( 'NONE', *, *, #13189, .T. ) ;
#10904 = VERTEX_POINT ( 'NONE', #11309 ) ;
#10905 = ORIENTED_EDGE ( 'NONE', *, *, #12577, .T. ) ;
#10906 = CARTESIAN_POINT ( 'NONE',  ( -3.000000000000000000, 0.1500000000000054623, 0.2749999999999981348 ) ) ;
#10907 = DIRECTION ( 'NONE',  ( -4.818676322157797375E-16, 1.000000000000000000, 0.000000000000000000 ) ) ;
#10908 = EDGE_CURVE ( 'NONE', #12822, #5121, #4336, .T. ) ;
#10909 = EDGE_CURVE ( 'NONE', #7107, #4492, #9252, .T. ) ;
#10910 = LINE ( 'NONE', #12156, #2217 ) ;
#10911 = EDGE_CURVE ( 'NONE', #270, #11778, #417, .T. ) ;
#10912 = DIRECTION ( 'NONE',  ( 4.818676322157797375E-16, -1.000000000000000000, 0.000000000000000000 ) ) ;
#10913 = EDGE_CURVE ( 'NONE', #4214, #10343, #9189, .T. ) ;
#10914 = LINE ( 'NONE', #12905, #11001 ) ;
#10915 = DIRECTION ( 'NONE',  ( 0.000000000000000000, 0.000000000000000000, 1.000000000000000000 ) ) ;
#10916 = VECTOR ( 'NONE', #1764, 1000.000000000000000 ) ;
#10917 = EDGE_LOOP ( 'NONE', ( #328, #74, #8796, #979 ) ) ;
#10918 = LINE ( 'NONE', #8442, #6420 ) ;
#10919 = DIRECTION ( 'NONE',  ( -0.000000000000000000, -1.000000000000000000, -0.000000000000000000 ) ) ;
#10920 = VERTEX_POINT ( 'NONE', #7272 ) ;
#10921 = AXIS2_PLACEMENT_3D ( 'NONE', #9093, #7638, #9850 ) ;
#10922 = ADVANCED_FACE ( 'NONE', ( #397 ), #4173, .T. ) ;
#10923 = VERTEX_POINT ( 'NONE', #3328 ) ;
#10924 = CARTESIAN_POINT ( 'NONE',  ( 2.075000000000000178, 1.575000000000000178, 0.4999999999999998890 ) ) ;
#10925 = ORIENTED_EDGE ( 'NONE', *, *, #11716, .F. ) ;
#10926 = ADVANCED_FACE ( 'NONE', ( #214 ), #12429, .T. ) ;
#10927 = EDGE_CURVE ( 'NONE', #13172, #10641, #4824, .T. ) ;
#10928 = AXIS2_PLACEMENT_3D ( 'NONE', #2640, #9428, #5009 ) ;
#10929 = EDGE_CURVE ( 'NONE', #2349, #52, #4952, .T. ) ;
#10930 = CARTESIAN_POINT ( 'NONE',  ( 0.4750000000000001443, 0.7499999999999998890, -0.5500000000000020428 ) ) ;
#10931 = PLANE ( 'NONE',  #1719 ) ;
#10932 = FACE_OUTER_BOUND ( 'NONE', #8087, .T. ) ;
#10933 = EDGE_CURVE ( 'NONE', #9654, #12895, #9210, .T. ) ;
#10934 = EDGE_CURVE ( 'NONE', #3315, #9750, #4806, .T. ) ;
#10935 = DIRECTION ( 'NONE',  ( -0.000000000000000000, 0.7071067811865434649, 0.7071067811865515695 ) ) ;
#10936 =( LENGTH_UNIT ( ) NAMED_UNIT ( * ) SI_UNIT ( .MILLI., .METRE. ) );
#10937 = VECTOR ( 'NONE', #1666, 1000.000000000000000 ) ;
#10938 = DIRECTION ( 'NONE',  ( 0.000000000000000000, 0.000000000000000000, -1.000000000000000000 ) ) ;
#10939 = VECTOR ( 'NONE', #446, 1000.000000000000000 ) ;
#10940 = EDGE_CURVE ( 'NONE', #5046, #456, #9230, .T. ) ;
#10941 = DIRECTION ( 'NONE',  ( 0.5773502691896320593, -0.5773502691896257311, 0.5773502691896195138 ) ) ;
#10942 = EDGE_LOOP ( 'NONE', ( #11956, #12478, #10465, #8398 ) ) ;
#10943 = VECTOR ( 'NONE', #6159, 1000.000000000000000 ) ;
#10944 = EDGE_CURVE ( 'NONE', #7987, #10805, #4656, .T. ) ;
#10945 = ORIENTED_EDGE ( 'NONE', *, *, #11741, .T. ) ;
#10946 = ORIENTED_EDGE ( 'NONE', *, *, #4263, .F. ) ;
#10947 = ORIENTED_EDGE ( 'NONE', *, *, #7048, .T. ) ;
#10948 = CARTESIAN_POINT ( 'NONE',  ( 3.200000000000000178, -1.254149897585988891E-16, 0.4750000000000064171 ) ) ;
#10949 = CARTESIAN_POINT ( 'NONE',  ( 0.4750000000000001443, 1.750000000000000888, -0.5500000000000018208 ) ) ;
#10950 = AXIS2_PLACEMENT_3D ( 'NONE', #6939, #6452, #5942 ) ;
#10951 = UNCERTAINTY_MEASURE_WITH_UNIT (LENGTH_MEASURE( 1.000000000000000082E-05 ), #10936, 'distance_accuracy_value', 'NONE');
#10952 = VECTOR ( 'NONE', #10912, 1000.000000000000000 ) ;
#10953 = DIRECTION ( 'NONE',  ( 1.000000000000000000, -0.000000000000000000, -0.000000000000000000 ) ) ;
#10954 = CARTESIAN_POINT ( 'NONE',  ( -2.700000000000000178, 0.05000000000000490163, -1.050000000000000488 ) ) ;
#10955 = EDGE_CURVE ( 'NONE', #7259, #11849, #9365, .T. ) ;
#10956 = VECTOR ( 'NONE', #9280, 1000.000000000000000 ) ;
#10957 = FACE_OUTER_BOUND ( 'NONE', #2096, .T. ) ;
#10958 = VERTEX_POINT ( 'NONE', #9821 ) ;
#10959 = CARTESIAN_POINT ( 'NONE',  ( -3.000000000000000444, 0.6950000000000109424, 1.275000000000000133 ) ) ;
#10960 = LINE ( 'NONE', #12691, #11064 ) ;
#10961 = ORIENTED_EDGE ( 'NONE', *, *, #2797, .F. ) ;
#10962 = CARTESIAN_POINT ( 'NONE',  ( 3.500000000000003553, 1.149999999999999911, -1.349999999999989653 ) ) ;
#10963 = EDGE_CURVE ( 'NONE', #2344, #11378, #467, .T. ) ;
#10964 = CARTESIAN_POINT ( 'NONE',  ( 3.500000000000000000, 0.1500000000000054623, 0.2749999999999981348 ) ) ;
#10965 = CARTESIAN_POINT ( 'NONE',  ( 1.125000000000000222, 1.125000000000000222, 0.4999999999999996669 ) ) ;
#10966 = ORIENTED_EDGE ( 'NONE', *, *, #8575, .T. ) ;
#10967 = EDGE_CURVE ( 'NONE', #8615, #999, #9036, .T. ) ;
#10968 = CIRCLE ( 'NONE', #9757, 0.03000000000000007869 ) ;
#10969 = ORIENTED_EDGE ( 'NONE', *, *, #8397, .F. ) ;
#10970 = AXIS2_PLACEMENT_3D ( 'NONE', #7053, #5140, #303 ) ;
#10971 = CARTESIAN_POINT ( 'NONE',  ( -2.075000000000000178, 1.312500000000000222, -1.300000000000000044 ) ) ;
#10972 = DIRECTION ( 'NONE',  ( 1.000000000000000000, -0.000000000000000000, -0.000000000000000000 ) ) ;
#10973 = DIRECTION ( 'NONE',  ( 0.000000000000000000, -1.000000000000000000, 0.000000000000000000 ) ) ;
#10974 = DIRECTION ( 'NONE',  ( 1.000000000000000000, 0.000000000000000000, 0.000000000000000000 ) ) ;
#10975 = CARTESIAN_POINT ( 'NONE',  ( 1.125000000000000888, 1.124999999999999778, -0.5500000000000018208 ) ) ;
#10976 = VECTOR ( 'NONE', #9832, 1000.000000000000000 ) ;
#10977 = AXIS2_PLACEMENT_3D ( 'NONE', #8610, #6328, #7336 ) ;
#10978 = CARTESIAN_POINT ( 'NONE',  ( 2.074999999999999289, 1.725000000000001865, -1.300000000000000044 ) ) ;
#10979 = DIRECTION ( 'NONE',  ( -0.7071067811865474617, -0.000000000000000000, -0.7071067811865474617 ) ) ;
#10980 = VECTOR ( 'NONE', #8873, 1000.000000000000000 ) ;
#10981 = ADVANCED_FACE ( 'NONE', ( #443 ), #12519, .F. ) ;
#10982 = LINE ( 'NONE', #10506, #2022 ) ;
#10983 = ORIENTED_EDGE ( 'NONE', *, *, #6642, .T. ) ;
#10984 = FACE_OUTER_BOUND ( 'NONE', #7342, .T. ) ;
#10985 = CARTESIAN_POINT ( 'NONE',  ( -3.200000000000000178, 0.6200000000000113198, 1.324999999999999956 ) ) ;
#10986 = CARTESIAN_POINT ( 'NONE',  ( 3.200000000000000178, 1.150000000000011235, 1.275000000000000133 ) ) ;
#10987 = ORIENTED_EDGE ( 'NONE', *, *, #6133, .T. ) ;
#10988 = CARTESIAN_POINT ( 'NONE',  ( 3.500000000000000000, 0.3500000000000021982, 0.9499999999999959588 ) ) ;
#10989 = ORIENTED_EDGE ( 'NONE', *, *, #3221, .F. ) ;
#10990 = VECTOR ( 'NONE', #6252, 1000.000000000000000 ) ;
#10991 = ORIENTED_EDGE ( 'NONE', *, *, #10140, .F. ) ;
#10992 = EDGE_CURVE ( 'NONE', #584, #10399, #4760, .T. ) ;
#10993 = DIRECTION ( 'NONE',  ( 1.000000000000000000, 0.000000000000000000, 0.000000000000000000 ) ) ;
#10994 = CARTESIAN_POINT ( 'NONE',  ( -2.075000000000000178, 1.150000000000000133, -1.453616071428571743 ) ) ;
#10995 = EDGE_CURVE ( 'NONE', #3581, #1762, #4862, .T. ) ;
#10996 = DIRECTION ( 'NONE',  ( 0.000000000000000000, 1.000000000000000000, 8.673617379884030542E-16 ) ) ;
#10997 = EDGE_CURVE ( 'NONE', #5860, #4526, #9316, .T. ) ;
#10998 = VECTOR ( 'NONE', #11053, 1000.000000000000000 ) ;
#10999 = CARTESIAN_POINT ( 'NONE',  ( 0.4750000000000001443, 1.574999999999999734, -1.300000000000000044 ) ) ;
#11000 = AXIS2_PLACEMENT_3D ( 'NONE', #2493, #512, #9627 ) ;
#11001 = VECTOR ( 'NONE', #675, 1000.000000000000114 ) ;
#11002 = ADVANCED_FACE ( 'NONE', ( #9082 ), #9460, .F. ) ;
#11003 = DIRECTION ( 'NONE',  ( 0.000000000000000000, 0.000000000000000000, -1.000000000000000000 ) ) ;
#11004 = LINE ( 'NONE', #1191, #6585 ) ;
#11005 = DIRECTION ( 'NONE',  ( 0.000000000000000000, 0.000000000000000000, 1.000000000000000000 ) ) ;
#11006 = DIRECTION ( 'NONE',  ( 0.000000000000000000, 0.000000000000000000, 1.000000000000000000 ) ) ;
#11007 = ORIENTED_EDGE ( 'NONE', *, *, #7140, .T. ) ;
#11008 = LINE ( 'NONE', #4073, #11028 ) ;
#11009 = PLANE ( 'NONE',  #1065 ) ;
#11010 = CARTESIAN_POINT ( 'NONE',  ( -0.4749999999999999223, 0.4499999999999999556, -0.3499999999999998113 ) ) ;
#11011 = ORIENTED_EDGE ( 'NONE', *, *, #2890, .T. ) ;
#11012 = ORIENTED_EDGE ( 'NONE', *, *, #6448, .T. ) ;
#11013 = CARTESIAN_POINT ( 'NONE',  ( 1.125000000000000222, 1.499999999999999334, -0.3499999999999994227 ) ) ;
#11014 = VECTOR ( 'NONE', #13150, 1000.000000000000000 ) ;
#11015 = ORIENTED_EDGE ( 'NONE', *, *, #167, .T. ) ;
#11016 = DIRECTION ( 'NONE',  ( -0.000000000000000000, 1.000000000000000000, 1.694065894508603883E-16 ) ) ;
#11017 = CARTESIAN_POINT ( 'NONE',  ( -3.000000000000000444, 1.150000000000011013, 1.274999999999999245 ) ) ;
#11018 = VECTOR ( 'NONE', #7709, 1000.000000000000000 ) ;
#11019 = EDGE_CURVE ( 'NONE', #8663, #9243, #9386, .T. ) ;
#11020 = CARTESIAN_POINT ( 'NONE',  ( 3.225000000000000533, 1.149999999999999911, -0.3000000000000006550 ) ) ;
#11021 = SURFACE_SIDE_STYLE ('',( #5641 ) ) ;
#11022 = CARTESIAN_POINT ( 'NONE',  ( -3.500000000000000000, 0.1500000000000054623, 0.2749999999999981348 ) ) ;
#11023 = CARTESIAN_POINT ( 'NONE',  ( 0.000000000000000000, 1.149999999999999911, 0.000000000000000000 ) ) ;
#11024 = LINE ( 'NONE', #2058, #10799 ) ;
#11025 = LINE ( 'NONE', #5299, #10939 ) ;
#11026 = CARTESIAN_POINT ( 'NONE',  ( 3.200000000000000178, 0.7250000000000111910, 1.305000000000000160 ) ) ;
#11027 = VERTEX_POINT ( 'NONE', #1685 ) ;
#11028 = VECTOR ( 'NONE', #180, 1000.000000000000000 ) ;
#11029 = ORIENTED_EDGE ( 'NONE', *, *, #10662, .T. ) ;
#11030 = CARTESIAN_POINT ( 'NONE',  ( 0.3250000000000001776, 0.7499999999999998890, -0.3499999999999998113 ) ) ;
#11031 = ADVANCED_FACE ( 'NONE', ( #9277 ), #2682, .F. ) ;
#11032 = DIRECTION ( 'NONE',  ( 0.000000000000000000, -1.000000000000000000, 0.000000000000000000 ) ) ;
#11033 = ORIENTED_EDGE ( 'NONE', *, *, #1259, .T. ) ;
#11034 = LINE ( 'NONE', #10243, #11249 ) ;
#11035 = VERTEX_POINT ( 'NONE', #1855 ) ;
#11036 = DIRECTION ( 'NONE',  ( 0.000000000000000000, -1.694065894508603883E-16, 1.000000000000000000 ) ) ;
#11037 = ADVANCED_FACE ( 'NONE', ( #515 ), #8892, .F. ) ;
#11038 = DIRECTION ( 'NONE',  ( 1.000000000000000000, 3.614007241618339403E-16, -0.000000000000000000 ) ) ;
#11039 = FACE_OUTER_BOUND ( 'NONE', #8847, .T. ) ;
#11040 = DIRECTION ( 'NONE',  ( 0.000000000000000000, 1.000000000000000000, 4.336808689942004917E-16 ) ) ;
#11041 = LINE ( 'NONE', #8700, #6288 ) ;
#11042 = LINE ( 'NONE', #6950, #6671 ) ;
#11043 = EDGE_LOOP ( 'NONE', ( #9267, #1785, #12880, #11209 ) ) ;
#11044 = VECTOR ( 'NONE', #9129, 1000.000000000000000 ) ;
#11045 = ORIENTED_EDGE ( 'NONE', *, *, #5051, .F. ) ;
#11046 = CARTESIAN_POINT ( 'NONE',  ( 2.075000000000000178, 0.2299999999999945421, -0.5500000000000019318 ) ) ;
#11047 = DIRECTION ( 'NONE',  ( 1.000000000000000000, 0.000000000000000000, -0.000000000000000000 ) ) ;
#11048 = EDGE_LOOP ( 'NONE', ( #10946, #13205, #11138, #7050 ) ) ;
#11049 = VECTOR ( 'NONE', #5776, 1000.000000000000000 ) ;
#11050 = EDGE_LOOP ( 'NONE', ( #12933, #648, #400, #819 ) ) ;
#11051 = DIRECTION ( 'NONE',  ( 0.000000000000000000, 0.000000000000000000, 1.000000000000000000 ) ) ;
#11052 = DIRECTION ( 'NONE',  ( 0.000000000000000000, 0.000000000000000000, 1.000000000000000000 ) ) ;
#11053 = DIRECTION ( 'NONE',  ( 0.000000000000000000, 0.000000000000000000, 1.000000000000000000 ) ) ;
#11054 = CARTESIAN_POINT ( 'NONE',  ( -0.4749999999999999223, 1.125000000000000222, 0.4999999999999996669 ) ) ;
#11055 = CARTESIAN_POINT ( 'NONE',  ( -2.500000000000000888, 1.499999999999999334, 1.275000000000001910 ) ) ;
#11056 = VECTOR ( 'NONE', #269, 1000.000000000000114 ) ;
#11057 = DIRECTION ( 'NONE',  ( 0.000000000000000000, -1.000000000000000000, 0.000000000000000000 ) ) ;
#11058 = CARTESIAN_POINT ( 'NONE',  ( 3.500000000000000000, 0.3500000000000021982, 0.9499999999999959588 ) ) ;
#11059 = FACE_OUTER_BOUND ( 'NONE', #7381, .T. ) ;
#11060 = VECTOR ( 'NONE', #11940, 1000.000000000000000 ) ;
#11061 = AXIS2_PLACEMENT_3D ( 'NONE', #12806, #5345, #9366 ) ;
#11062 = EDGE_CURVE ( 'NONE', #5953, #9457, #614, .T. ) ;
#11063 = ORIENTED_EDGE ( 'NONE', *, *, #851, .T. ) ;
#11064 = VECTOR ( 'NONE', #492, 1000.000000000000000 ) ;
#11065 = CARTESIAN_POINT ( 'NONE',  ( 3.200000000000000178, 0.1250000000000056344, 1.350000000000000533 ) ) ;
#11066 = CARTESIAN_POINT ( 'NONE',  ( 2.075000000000000178, 1.474999999999999867, -1.300000000000000044 ) ) ;
#11067 = EDGE_CURVE ( 'NONE', #7690, #9866, #642, .T. ) ;
#11068 = EDGE_LOOP ( 'NONE', ( #12750, #1245, #5829, #1026 ) ) ;
#11069 = CARTESIAN_POINT ( 'NONE',  ( 3.225000000000000533, 1.149999999999999911, -0.4500000000000006217 ) ) ;
#11070 = VERTEX_POINT ( 'NONE', #3914 ) ;
#11071 = EDGE_CURVE ( 'NONE', #10891, #1864, #9130, .T. ) ;
#11072 = LINE ( 'NONE', #4270, #2366 ) ;
#11073 = ORIENTED_EDGE ( 'NONE', *, *, #4622, .T. ) ;
#11074 = CARTESIAN_POINT ( 'NONE',  ( 1.125000000000000222, 0.4499999999999999556, -0.3999999999999999667 ) ) ;
#11075 = CARTESIAN_POINT ( 'NONE',  ( 3.500000000000003553, 1.474999999999999867, -1.349999999999989653 ) ) ;
#11076 = EDGE_CURVE ( 'NONE', #12987, #2552, #4882, .T. ) ;
#11077 = EDGE_LOOP ( 'NONE', ( #5150, #4811, #294, #323 ) ) ;
#11078 = VECTOR ( 'NONE', #190, 1000.000000000000114 ) ;
#11079 = CARTESIAN_POINT ( 'NONE',  ( 3.000000000000000000, 1.150000000000011013, 0.3500000000000004219 ) ) ;
#11080 = VECTOR ( 'NONE', #5092, 1000.000000000000000 ) ;
#11081 = CARTESIAN_POINT ( 'NONE',  ( 1.325000000000000400, 1.474999999999999867, -1.350000000000000755 ) ) ;
#11082 = AXIS2_PLACEMENT_3D ( 'NONE', #1482, #1394, #11809 ) ;
#11083 = LINE ( 'NONE', #13011, #6649 ) ;
#11084 = ORIENTED_EDGE ( 'NONE', *, *, #3821, .F. ) ;
#11085 = VECTOR ( 'NONE', #2899, 1000.000000000000000 ) ;
#11086 = CARTESIAN_POINT ( 'NONE',  ( 1.125000000000000222, 1.575000000000000178, 0.4999999999999997780 ) ) ;
#11087 = CARTESIAN_POINT ( 'NONE',  ( -2.500000000000000444, 0.6999999999999991784, -0.3499999999999994227 ) ) ;
#11088 = ORIENTED_EDGE ( 'NONE', *, *, #11430, .T. ) ;
#11089 = ORIENTED_EDGE ( 'NONE', *, *, #12169, .T. ) ;
#11090 = FACE_OUTER_BOUND ( 'NONE', #4896, .T. ) ;
#11091 = EDGE_CURVE ( 'NONE', #5656, #217, #9063, .T. ) ;
#11092 = ORIENTED_EDGE ( 'NONE', *, *, #2814, .F. ) ;
#11093 = CARTESIAN_POINT ( 'NONE',  ( 1.125000000000000444, 1.725000000000000977, -1.300000000000000711 ) ) ;
#11094 = DIRECTION ( 'NONE',  ( 0.000000000000000000, 0.000000000000000000, -1.000000000000000000 ) ) ;
#11095 = EDGE_CURVE ( 'NONE', #3635, #10512, #553, .T. ) ;
#11096 = ORIENTED_EDGE ( 'NONE', *, *, #8154, .F. ) ;
#11097 = LINE ( 'NONE', #2329, #2257 ) ;
#11098 = EDGE_CURVE ( 'NONE', #6293, #2011, #4927, .T. ) ;
#11099 = CARTESIAN_POINT ( 'NONE',  ( -1.925000000000000044, 1.499999999999998224, 1.274999999999999023 ) ) ;
#11100 = DIRECTION ( 'NONE',  ( 0.000000000000000000, -0.000000000000000000, -1.000000000000000000 ) ) ;
#11101 = DIRECTION ( 'NONE',  ( 0.7071067811865515695, 0.000000000000000000, 0.7071067811865434649 ) ) ;
#11102 = DIRECTION ( 'NONE',  ( 0.000000000000000000, 3.336006684570795427E-16, -1.000000000000000000 ) ) ;
#11103 = VECTOR ( 'NONE', #10561, 1000.000000000000000 ) ;
#11104 = ADVANCED_FACE ( 'NONE', ( #9338 ), #5788, .F. ) ;
#11105 = CARTESIAN_POINT ( 'NONE',  ( 0.3250000000000001776, 0.000000000000000000, -0.3499999999999994227 ) ) ;
#11106 = VECTOR ( 'NONE', #10074, 1000.000000000000000 ) ;
#11107 = CARTESIAN_POINT ( 'NONE',  ( -0.4749999999999999223, 1.574999999999999734, -1.350000000000000533 ) ) ;
#11108 = ORIENTED_EDGE ( 'NONE', *, *, #11869, .T. ) ;
#11109 = AXIS2_PLACEMENT_3D ( 'NONE', #2822, #3490, #12986 ) ;
#11110 = DIRECTION ( 'NONE',  ( 0.000000000000000000, -1.172110456741085828E-16, -1.000000000000000000 ) ) ;
#11111 = FACE_OUTER_BOUND ( 'NONE', #9615, .T. ) ;
#11112 = ORIENTED_EDGE ( 'NONE', *, *, #3849, .F. ) ;
#11113 = DIRECTION ( 'NONE',  ( 1.000000000000000000, -0.000000000000000000, -0.000000000000000000 ) ) ;
#11114 = CARTESIAN_POINT ( 'NONE',  ( -2.075000000000000178, 1.150000000000000133, -1.453616071428571743 ) ) ;
#11115 = ORIENTED_EDGE ( 'NONE', *, *, #5526, .T. ) ;
#11116 = LINE ( 'NONE', #2749, #2551 ) ;
#11117 = ORIENTED_EDGE ( 'NONE', *, *, #10490, .F. ) ;
#11118 = CARTESIAN_POINT ( 'NONE',  ( -2.500000000000000888, 1.499999999999999334, -0.3499999999999994227 ) ) ;
#11119 =( NAMED_UNIT ( * ) PLANE_ANGLE_UNIT ( ) SI_UNIT ( $, .RADIAN. ) );
#11120 = EDGE_CURVE ( 'NONE', #3230, #1145, #532, .T. ) ;
#11121 = CARTESIAN_POINT ( 'NONE',  ( -1.925000000000000044, 1.750000000000000444, -0.5500000000000018208 ) ) ;
#11122 = ORIENTED_EDGE ( 'NONE', *, *, #13067, .F. ) ;
#11123 = VECTOR ( 'NONE', #4450, 1000.000000000000000 ) ;
#11124 = DIRECTION ( 'NONE',  ( 7.228014483236698528E-16, -1.694065894508603636E-16, 1.000000000000000000 ) ) ;
#11125 = EDGE_CURVE ( 'NONE', #12258, #1766, #4972, .T. ) ;
#11126 = EDGE_CURVE ( 'NONE', #4249, #3263, #9148, .T. ) ;
#11127 = CARTESIAN_POINT ( 'NONE',  ( -2.075000000000000178, 1.499999999999999334, -0.3499999999999994227 ) ) ;
#11128 = LINE ( 'NONE', #11825, #6704 ) ;
#11129 = VECTOR ( 'NONE', #875, 1000.000000000000000 ) ;
#11130 = EDGE_LOOP ( 'NONE', ( #8759, #344, #1002, #9137 ) ) ;
#11131 = DIRECTION ( 'NONE',  ( -1.000000000000000000, 0.000000000000000000, -0.000000000000000000 ) ) ;
#11132 = VECTOR ( 'NONE', #1072, 1000.000000000000000 ) ;
#11133 = ORIENTED_EDGE ( 'NONE', *, *, #9206, .T. ) ;
#11134 = DIRECTION ( 'NONE',  ( -0.000000000000000000, 1.000000000000000000, -0.000000000000000000 ) ) ;
#11135 = ADVANCED_FACE ( 'NONE', ( #341 ), #9994, .F. ) ;
#11136 = CARTESIAN_POINT ( 'NONE',  ( -3.200000000000000178, 0.7250000000000111910, 1.305000000000000160 ) ) ;
#11137 = AXIS2_PLACEMENT_3D ( 'NONE', #1321, #3211, #10106 ) ;
#11138 = ORIENTED_EDGE ( 'NONE', *, *, #2600, .T. ) ;
#11139 = VECTOR ( 'NONE', #8877, 1000.000000000000000 ) ;
#11140 = ORIENTED_EDGE ( 'NONE', *, *, #2152, .F. ) ;
#11141 = DIRECTION ( 'NONE',  ( 1.000000000000000000, 0.000000000000000000, 0.000000000000000000 ) ) ;
#11142 = ADVANCED_FACE ( 'NONE', ( #9465 ), #11159, .T. ) ;
#11143 = CARTESIAN_POINT ( 'NONE',  ( 3.500000000000000000, 0.1500000000000054623, 0.07500000000000120459 ) ) ;
#11144 = CARTESIAN_POINT ( 'NONE',  ( 1.125000000000000222, 1.312500000000000222, -1.300000000000000044 ) ) ;
#11145 = CARTESIAN_POINT ( 'NONE',  ( 1.925000000000000044, 1.750000000000000888, -0.5500000000000017097 ) ) ;
#11146 = CARTESIAN_POINT ( 'NONE',  ( -0.4749999999999999223, 1.574999999999999734, 1.349999999999999645 ) ) ;
#11147 = ORIENTED_EDGE ( 'NONE', *, *, #7106, .F. ) ;
#11148 = FACE_OUTER_BOUND ( 'NONE', #6130, .T. ) ;
#11149 = CARTESIAN_POINT ( 'NONE',  ( 3.500000000000000000, 1.574999999999999734, 1.350000000000000533 ) ) ;
#11150 = LINE ( 'NONE', #4057, #2240 ) ;
#11151 = EDGE_CURVE ( 'NONE', #11035, #4108, #253, .T. ) ;
#11152 = LINE ( 'NONE', #4194, #10863 ) ;
#11153 = EDGE_LOOP ( 'NONE', ( #7025, #2754, #13170, #2266 ) ) ;
#11154 = FACE_OUTER_BOUND ( 'NONE', #6857, .T. ) ;
#11155 = EDGE_CURVE ( 'NONE', #12214, #12304, #4682, .T. ) ;
#11156 = PLANE ( 'NONE',  #12054 ) ;
#11157 = DIRECTION ( 'NONE',  ( -8.673617379884035472E-16, -3.336006684570795427E-16, 1.000000000000000000 ) ) ;
#11158 = ORIENTED_EDGE ( 'NONE', *, *, #1407, .T. ) ;
#11159 = PLANE ( 'NONE',  #3370 ) ;
#11160 = ORIENTED_EDGE ( 'NONE', *, *, #7111, .T. ) ;
#11161 = VECTOR ( 'NONE', #3613, 999.9999999999998863 ) ;
#11162 = ORIENTED_EDGE ( 'NONE', *, *, #4748, .T. ) ;
#11163 = DIRECTION ( 'NONE',  ( 0.000000000000000000, 0.000000000000000000, 1.000000000000000000 ) ) ;
#11164 = DIRECTION ( 'NONE',  ( 1.000000000000000000, 0.000000000000000000, -0.000000000000000000 ) ) ;
#11165 = AXIS2_PLACEMENT_3D ( 'NONE', #10392, #7949, #77 ) ;
#11166 = DIRECTION ( 'NONE',  ( 1.000000000000000000, -0.000000000000000000, -0.000000000000000000 ) ) ;
#11167 = ORIENTED_EDGE ( 'NONE', *, *, #7912, .T. ) ;
#11168 = ORIENTED_EDGE ( 'NONE', *, *, #12875, .T. ) ;
#11169 = LINE ( 'NONE', #9920, #6518 ) ;
#11170 = CARTESIAN_POINT ( 'NONE',  ( 2.075000000000000178, 1.574999999999999734, -1.300000000000000044 ) ) ;
#11171 = VECTOR ( 'NONE', #12548, 1000.000000000000114 ) ;
#11172 = CARTESIAN_POINT ( 'NONE',  ( 2.740000000000000213, 0.6999999999999991784, 1.350000000000000533 ) ) ;
#11173 = LINE ( 'NONE', #9083, #2773 ) ;
#11174 = DIRECTION ( 'NONE',  ( 0.000000000000000000, 0.000000000000000000, 1.000000000000000000 ) ) ;
#11175 = ORIENTED_EDGE ( 'NONE', *, *, #5377, .T. ) ;
#11176 = VECTOR ( 'NONE', #9323, 1000.000000000000000 ) ;
#11177 = CARTESIAN_POINT ( 'NONE',  ( -3.200000000000000178, -1.254149897585988891E-16, 0.4750000000000064171 ) ) ;
#11178 = ORIENTED_EDGE ( 'NONE', *, *, #9668, .T. ) ;
#11179 = ORIENTED_EDGE ( 'NONE', *, *, #11900, .F. ) ;
#11180 = EDGE_CURVE ( 'NONE', #5664, #516, #4782, .T. ) ;
#11181 = LINE ( 'NONE', #192, #11403 ) ;
#11182 = EDGE_LOOP ( 'NONE', ( #10792, #11307, #11381, #11250, #1910, #7516, #6822, #5113 ) ) ;
#11183 = CARTESIAN_POINT ( 'NONE',  ( -2.075000000000000178, 0.5000000000000002220, -0.3499999999999998113 ) ) ;
#11184 = EDGE_LOOP ( 'NONE', ( #2342, #695, #10848, #1866 ) ) ;
#11185 = CARTESIAN_POINT ( 'NONE',  ( 3.200000000000000178, -1.254149897585988891E-16, 0.4750000000000064171 ) ) ;
#11186 = ORIENTED_EDGE ( 'NONE', *, *, #2915, .T. ) ;
#11187 = LINE ( 'NONE', #11144, #2108 ) ;
#11188 = DIRECTION ( 'NONE',  ( 0.000000000000000000, 1.000000000000000000, 0.000000000000000000 ) ) ;
#11189 = CARTESIAN_POINT ( 'NONE',  ( -2.962499999999999911, 0.08750000000000525413, 0.07500000000000117684 ) ) ;
#11190 = DIRECTION ( 'NONE',  ( 0.7071067811865474617, 0.7071067811865474617, -0.000000000000000000 ) ) ;
#11191 = FACE_OUTER_BOUND ( 'NONE', #12581, .T. ) ;
#11192 = CARTESIAN_POINT ( 'NONE',  ( 3.000000000000000444, 1.150000000000011013, 1.350000000000000533 ) ) ;
#11193 = LINE ( 'NONE', #9928, #11579 ) ;
#11194 = CARTESIAN_POINT ( 'NONE',  ( 3.200000000000000178, 0.3500000000000113021, 1.305000000000000160 ) ) ;
#11195 = ORIENTED_EDGE ( 'NONE', *, *, #11098, .F. ) ;
#11196 = CARTESIAN_POINT ( 'NONE',  ( 3.000000000000000444, 0.6950000000000109424, 1.275000000000000133 ) ) ;
#11197 = VECTOR ( 'NONE', #5021, 1000.000000000000000 ) ;
#11198 = ORIENTED_EDGE ( 'NONE', *, *, #5594, .T. ) ;
#11199 = DIRECTION ( 'NONE',  ( 0.000000000000000000, 1.000000000000000000, 5.421010862427604014E-16 ) ) ;
#11200 = PLANE ( 'NONE',  #5393 ) ;
#11201 = ORIENTED_EDGE ( 'NONE', *, *, #7535, .T. ) ;
#11202 = VECTOR ( 'NONE', #12907, 1000.000000000000000 ) ;
#11203 = ORIENTED_EDGE ( 'NONE', *, *, #7530, .F. ) ;
#11204 = DIRECTION ( 'NONE',  ( -0.7071067811865430208, 0.000000000000000000, 0.7071067811865521247 ) ) ;
#11205 = DIRECTION ( 'NONE',  ( -1.000000000000000000, 0.000000000000000000, -0.000000000000000000 ) ) ;
#11206 = VERTEX_POINT ( 'NONE', #11339 ) ;
#11207 = CARTESIAN_POINT ( 'NONE',  ( -2.075000000000000178, 1.150000000000000577, 0.5000000000000000000 ) ) ;
#11208 = EDGE_CURVE ( 'NONE', #7108, #4671, #9664, .T. ) ;
#11209 = ORIENTED_EDGE ( 'NONE', *, *, #5047, .T. ) ;
#11210 = LINE ( 'NONE', #11407, #11056 ) ;
#11211 = DIRECTION ( 'NONE',  ( -0.7071067811865474617, -0.000000000000000000, -0.7071067811865474617 ) ) ;
#11212 = DIRECTION ( 'NONE',  ( 0.000000000000000000, 1.000000000000000000, 8.673617379884030542E-16 ) ) ;
#11213 = AXIS2_PLACEMENT_3D ( 'NONE', #12123, #5993, #8123 ) ;
#11214 = VECTOR ( 'NONE', #7972, 1000.000000000000000 ) ;
#11215 = FACE_OUTER_BOUND ( 'NONE', #11267, .T. ) ;
#11216 = ORIENTED_EDGE ( 'NONE', *, *, #11272, .F. ) ;
#11217 = CARTESIAN_POINT ( 'NONE',  ( -2.075000000000000178, 0.4499999999999999556, -0.9499999999999999556 ) ) ;
#11218 = LINE ( 'NONE', #3335, #2422 ) ;
#11219 = VERTEX_POINT ( 'NONE', #6294 ) ;
#11220 = AXIS2_PLACEMENT_3D ( 'NONE', #12460, #9667, #1123 ) ;
#11221 = DIRECTION ( 'NONE',  ( 0.000000000000000000, 0.000000000000000000, 1.000000000000000000 ) ) ;
#11222 = ORIENTED_EDGE ( 'NONE', *, *, #2275, .T. ) ;
#11223 = FACE_OUTER_BOUND ( 'NONE', #3590, .T. ) ;
#11224 = ORIENTED_EDGE ( 'NONE', *, *, #6501, .F. ) ;
#11225 = CARTESIAN_POINT ( 'NONE',  ( 1.865000000000000435, 0.2149999999999987477, 1.310000000000002052 ) ) ;
#11226 = CARTESIAN_POINT ( 'NONE',  ( -2.075000000000000178, 1.499999999999999334, 1.275000000000000133 ) ) ;
#11227 = DIRECTION ( 'NONE',  ( -0.000000000000000000, 1.000000000000000000, -0.000000000000000000 ) ) ;
#11228 = ORIENTED_EDGE ( 'NONE', *, *, #11763, .F. ) ;
#11229 = AXIS2_PLACEMENT_3D ( 'NONE', #1596, #9726, #1336 ) ;
#11230 = CARTESIAN_POINT ( 'NONE',  ( -3.000000000000000444, -9.990435040599876449E-17, 0.4750000000000064171 ) ) ;
#11231 = EDGE_CURVE ( 'NONE', #7666, #5960, #5174, .T. ) ;
#11232 = EDGE_LOOP ( 'NONE', ( #9324, #9903, #9862, #4923 ) ) ;
#11233 = FACE_OUTER_BOUND ( 'NONE', #9704, .T. ) ;
#11234 = EDGE_CURVE ( 'NONE', #1006, #11334, #746, .T. ) ;
#11235 = EDGE_CURVE ( 'NONE', #1396, #10335, #5273, .T. ) ;
#11236 = CARTESIAN_POINT ( 'NONE',  ( -0.3250000000000000111, 0.4499999999999999556, -0.9499999999999999556 ) ) ;
#11237 = AXIS2_PLACEMENT_3D ( 'NONE', #11382, #11476, #1247 ) ;
#11238 = VECTOR ( 'NONE', #5862, 1000.000000000000000 ) ;
#11239 = LINE ( 'NONE', #1116, #6912 ) ;
#11240 = EDGE_CURVE ( 'NONE', #6564, #575, #994, .T. ) ;
#11241 = ORIENTED_EDGE ( 'NONE', *, *, #11019, .T. ) ;
#11242 = VECTOR ( 'NONE', #7989, 1000.000000000000000 ) ;
#11243 = DIRECTION ( 'NONE',  ( -4.818676322157797375E-16, 1.000000000000000000, 0.000000000000000000 ) ) ;
#11244 = CARTESIAN_POINT ( 'NONE',  ( 0.3250000000000001776, 1.125000000000000222, 0.4999999999999998890 ) ) ;
#11245 = ORIENTED_EDGE ( 'NONE', *, *, #1429, .F. ) ;
#11246 = ADVANCED_FACE ( 'NONE', ( #5376 ), #12557, .F. ) ;
#11247 = DIRECTION ( 'NONE',  ( 0.000000000000000000, 0.000000000000000000, 1.000000000000000000 ) ) ;
#11248 = ORIENTED_EDGE ( 'NONE', *, *, #9193, .T. ) ;
#11249 = VECTOR ( 'NONE', #3080, 999.9999999999998863 ) ;
#11250 = ORIENTED_EDGE ( 'NONE', *, *, #109, .F. ) ;
#11251 = CARTESIAN_POINT ( 'NONE',  ( 2.740000000000000213, 0.6999999999999991784, 1.300000000000000711 ) ) ;
#11252 = ADVANCED_FACE ( 'NONE', ( #5460 ), #4470, .F. ) ;
#11253 = CARTESIAN_POINT ( 'NONE',  ( -0.4749999999999999223, 0.2299999999999946254, -1.300000000000000711 ) ) ;
#11254 = EDGE_LOOP ( 'NONE', ( #6460, #8800, #76, #10983 ) ) ;
#11255 = EDGE_CURVE ( 'NONE', #20, #1462, #5331, .T. ) ;
#11256 = AXIS2_PLACEMENT_3D ( 'NONE', #11265, #12288, #4216 ) ;
#11257 = ORIENTED_EDGE ( 'NONE', *, *, #7079, .T. ) ;
#11258 = VECTOR ( 'NONE', #9219, 1000.000000000000000 ) ;
#11259 = EDGE_CURVE ( 'NONE', #1638, #4489, #1030, .T. ) ;
#11260 = PLANE ( 'NONE',  #2966 ) ;
#11261 = EDGE_CURVE ( 'NONE', #6809, #8226, #5153, .T. ) ;
#11262 = VECTOR ( 'NONE', #3350, 1000.000000000000000 ) ;
#11263 = DIRECTION ( 'NONE',  ( 7.228014483236696555E-16, 1.000000000000000000, 0.000000000000000000 ) ) ;
#11264 = VECTOR ( 'NONE', #4192, 1000.000000000000000 ) ;
#11265 = CARTESIAN_POINT ( 'NONE',  ( 2.500000000000000888, 1.499999999999999334, -0.3499999999999994227 ) ) ;
#11266 = CARTESIAN_POINT ( 'NONE',  ( 1.125000000000000222, 0.7499999999999991118, -0.5500000000000018208 ) ) ;
#11267 = EDGE_LOOP ( 'NONE', ( #13095, #7930, #8826, #383 ) ) ;
#11268 = FACE_OUTER_BOUND ( 'NONE', #4600, .T. ) ;
#11269 = CARTESIAN_POINT ( 'NONE',  ( 1.900000000000000577, 0.2499999999999992506, 1.275000000000001465 ) ) ;
#11270 = CARTESIAN_POINT ( 'NONE',  ( 1.925000000000000044, 1.574999999999999956, -1.300000000000000044 ) ) ;
#11271 = VERTEX_POINT ( 'NONE', #293 ) ;
#11272 = EDGE_CURVE ( 'NONE', #5318, #575, #9893, .T. ) ;
#11273 = ORIENTED_EDGE ( 'NONE', *, *, #6780, .T. ) ;
#11274 = FACE_OUTER_BOUND ( 'NONE', #3054, .T. ) ;
#11275 = VERTEX_POINT ( 'NONE', #9409 ) ;
#11276 = EDGE_CURVE ( 'NONE', #1091, #7447, #5072, .T. ) ;
#11277 = CARTESIAN_POINT ( 'NONE',  ( 2.500000000000000888, 1.499999999999999334, -0.3499999999999994227 ) ) ;
#11278 = ORIENTED_EDGE ( 'NONE', *, *, #4753, .F. ) ;
#11279 = CARTESIAN_POINT ( 'NONE',  ( -0.2749999999999985789, 0.2299999999999920164, -1.350000000000000533 ) ) ;
#11280 = ORIENTED_EDGE ( 'NONE', *, *, #7274, .T. ) ;
#11281 = ADVANCED_FACE ( 'NONE', ( #9557 ), #9582, .F. ) ;
#11282 = VECTOR ( 'NONE', #438, 1000.000000000000000 ) ;
#11283 = AXIS2_PLACEMENT_3D ( 'NONE', #8410, #6579, #325 ) ;
#11284 = CARTESIAN_POINT ( 'NONE',  ( 2.075000000000000178, 1.574999999999999956, -1.300000000000000044 ) ) ;
#11285 = DIRECTION ( 'NONE',  ( 0.000000000000000000, 1.000000000000000000, 0.000000000000000000 ) ) ;
#11286 = CARTESIAN_POINT ( 'NONE',  ( 3.000000000000000444, 0.7250000000000111910, 1.350000000000000533 ) ) ;
#11287 = PLANE ( 'NONE',  #11452 ) ;
#11288 = CIRCLE ( 'NONE', #4457, 0.2236160714285718720 ) ;
#11289 = CARTESIAN_POINT ( 'NONE',  ( 1.925000000000000044, 1.149999999999999911, 0.000000000000000000 ) ) ;
#11290 = VECTOR ( 'NONE', #12353, 1000.000000000000114 ) ;
#11291 = EDGE_CURVE ( 'NONE', #9955, #4851, #9483, .T. ) ;
#11292 = PLANE ( 'NONE',  #7277 ) ;
#11293 = VERTEX_POINT ( 'NONE', #3273 ) ;
#11294 = DIRECTION ( 'NONE',  ( 0.000000000000000000, -0.7071067811865530128, -0.7071067811865421326 ) ) ;
#11295 = VECTOR ( 'NONE', #1342, 1000.000000000000000 ) ;
#11296 = VERTEX_POINT ( 'NONE', #2438 ) ;
#11297 = CARTESIAN_POINT ( 'NONE',  ( 0.3250000000000001776, 0.1000000000000000056, -0.9499999999999999556 ) ) ;
#11298 = DIRECTION ( 'NONE',  ( -0.7071067811865474617, -0.000000000000000000, -0.7071067811865474617 ) ) ;
#11299 = VERTEX_POINT ( 'NONE', #10691 ) ;
#11300 = VECTOR ( 'NONE', #1187, 1000.000000000000114 ) ;
#11301 = ORIENTED_EDGE ( 'NONE', *, *, #621, .T. ) ;
#11302 = CARTESIAN_POINT ( 'NONE',  ( 2.983333333333339166, 2.008333333333335080, -1.016666666666666829 ) ) ;
#11303 = EDGE_CURVE ( 'NONE', #2227, #2874, #5404, .T. ) ;
#11304 = CARTESIAN_POINT ( 'NONE',  ( -0.4749999999999999223, 1.575000000000000178, 0.5500000000000003775 ) ) ;
#11305 = VERTEX_POINT ( 'NONE', #3459 ) ;
#11306 = ADVANCED_FACE ( 'NONE', ( #791 ), #5218, .F. ) ;
#11307 = ORIENTED_EDGE ( 'NONE', *, *, #1868, .T. ) ;
#11308 = FACE_OUTER_BOUND ( 'NONE', #13116, .T. ) ;
#11309 = CARTESIAN_POINT ( 'NONE',  ( -2.075000000000000178, 1.124999999999999778, -0.5500000000000018208 ) ) ;
#11310 = AXIS2_PLACEMENT_3D ( 'NONE', #2933, #1859, #2767 ) ;
#11311 = CARTESIAN_POINT ( 'NONE',  ( 2.925000000000000266, 0.05000000000000507511, 1.350000000000000533 ) ) ;
#11312 = FACE_OUTER_BOUND ( 'NONE', #8973, .T. ) ;
#11313 = LINE ( 'NONE', #3003, #11351 ) ;
#11314 = ORIENTED_EDGE ( 'NONE', *, *, #8891, .F. ) ;
#11315 = CARTESIAN_POINT ( 'NONE',  ( 3.500000000000000000, 0.2799999999999950862, -1.350000000000000533 ) ) ;
#11316 = LINE ( 'NONE', #1993, #6940 ) ;
#11317 = ORIENTED_EDGE ( 'NONE', *, *, #2259, .T. ) ;
#11318 = CARTESIAN_POINT ( 'NONE',  ( -1.125000000000000222, 0.7499999999999998890, -0.3999999999999999667 ) ) ;
#11319 = DIRECTION ( 'NONE',  ( -0.000000000000000000, 1.000000000000000000, -0.000000000000000000 ) ) ;
#11320 = EDGE_LOOP ( 'NONE', ( #2924, #8738, #12320, #3008 ) ) ;
#11321 = VECTOR ( 'NONE', #849, 1000.000000000000000 ) ;
#11322 = ORIENTED_EDGE ( 'NONE', *, *, #8124, .T. ) ;
#11323 = CARTESIAN_POINT ( 'NONE',  ( -1.275000000000000133, 1.574999999999999956, -1.300000000000000044 ) ) ;
#11324 = EDGE_LOOP ( 'NONE', ( #7484, #12055, #12136, #2098 ) ) ;
#11325 = PLANE ( 'NONE',  #4339 ) ;
#11326 = VERTEX_POINT ( 'NONE', #7215 ) ;
#11327 = LINE ( 'NONE', #8669, #2853 ) ;
#11328 = EDGE_CURVE ( 'NONE', #12868, #12304, #947, .T. ) ;
#11329 = CARTESIAN_POINT ( 'NONE',  ( -1.975000000000000089, 1.175000000000000488, 0.5500000000000004885 ) ) ;
#11330 = CARTESIAN_POINT ( 'NONE',  ( 0.4750000000000001443, 1.574999999999999512, 1.349999999999999867 ) ) ;
#11331 = LINE ( 'NONE', #2779, #7041 ) ;
#11332 = DIRECTION ( 'NONE',  ( 0.000000000000000000, 0.000000000000000000, 1.000000000000000000 ) ) ;
#11333 = VECTOR ( 'NONE', #709, 1000.000000000000000 ) ;
#11334 = VERTEX_POINT ( 'NONE', #7385 ) ;
#11335 = LINE ( 'NONE', #12926, #2450 ) ;
#11336 = CARTESIAN_POINT ( 'NONE',  ( -1.925000000000000044, 1.574999999999999734, -1.300000000000000044 ) ) ;
#11337 = CARTESIAN_POINT ( 'NONE',  ( -0.3249999999999997891, 1.474999999999999867, -1.300000000000000044 ) ) ;
#11338 = ORIENTED_EDGE ( 'NONE', *, *, #1106, .F. ) ;
#11339 = CARTESIAN_POINT ( 'NONE',  ( -1.125000000000000222, 0.8125000000000003331, -1.300000000000000044 ) ) ;
#11340 = VERTEX_POINT ( 'NONE', #8472 ) ;
#11341 = LINE ( 'NONE', #9976, #11139 ) ;
#11342 = EDGE_LOOP ( 'NONE', ( #2315, #2045, #9203, #4623 ) ) ;
#11343 = SURFACE_SIDE_STYLE ('',( #2824 ) ) ;
#11344 = PLANE ( 'NONE',  #1592 ) ;
#11345 = ORIENTED_EDGE ( 'NONE', *, *, #6572, .T. ) ;
#11346 = ORIENTED_EDGE ( 'NONE', *, *, #3081, .F. ) ;
#11347 = LINE ( 'NONE', #122, #7193 ) ;
#11348 = DIRECTION ( 'NONE',  ( -0.000000000000000000, -0.000000000000000000, 1.000000000000000000 ) ) ;
#11349 = VECTOR ( 'NONE', #13090, 1000.000000000000000 ) ;
#11350 = DIRECTION ( 'NONE',  ( 0.7071067811865467956, 0.7071067811865483499, 0.000000000000000000 ) ) ;
#11351 = VECTOR ( 'NONE', #10333, 1000.000000000000000 ) ;
#11352 = DIRECTION ( 'NONE',  ( 0.000000000000000000, -1.000000000000000000, 0.000000000000000000 ) ) ;
#11353 = ORIENTED_EDGE ( 'NONE', *, *, #3793, .T. ) ;
#11354 = LINE ( 'NONE', #1014, #7098 ) ;
#11355 = DIRECTION ( 'NONE',  ( 0.000000000000000000, 0.000000000000000000, -1.000000000000000000 ) ) ;
#11356 = ORIENTED_EDGE ( 'NONE', *, *, #434, .F. ) ;
#11357 = ADVANCED_FACE ( 'NONE', ( #5197 ), #9762, .F. ) ;
#11358 = EDGE_LOOP ( 'NONE', ( #9833, #317, #9413, #1292 ) ) ;
#11359 = VECTOR ( 'NONE', #2606, 1000.000000000000000 ) ;
#11360 = VERTEX_POINT ( 'NONE', #10856 ) ;
#11361 = DIRECTION ( 'NONE',  ( 0.000000000000000000, 0.000000000000000000, -1.000000000000000000 ) ) ;
#11362 = ORIENTED_EDGE ( 'NONE', *, *, #7410, .F. ) ;
#11363 = DIRECTION ( 'NONE',  ( -0.000000000000000000, -0.000000000000000000, 1.000000000000000000 ) ) ;
#11364 = ORIENTED_EDGE ( 'NONE', *, *, #1104, .F. ) ;
#11365 = VECTOR ( 'NONE', #9682, 1000.000000000000000 ) ;
#11366 = DIRECTION ( 'NONE',  ( -0.5773502691896327255, -0.5773502691896268413, 0.5773502691896177375 ) ) ;
#11367 = LINE ( 'NONE', #9052, #2539 ) ;
#11368 = DIRECTION ( 'NONE',  ( 0.000000000000000000, 0.000000000000000000, 1.000000000000000000 ) ) ;
#11369 = LINE ( 'NONE', #12652, #7117 ) ;
#11370 = DIRECTION ( 'NONE',  ( 1.000000000000000000, 0.000000000000000000, 0.000000000000000000 ) ) ;
#11371 = ORIENTED_EDGE ( 'NONE', *, *, #8723, .F. ) ;
#11372 = CARTESIAN_POINT ( 'NONE',  ( -1.175000000000000266, 0.6999999999999995115, -0.3499999999999998113 ) ) ;
#11373 = VECTOR ( 'NONE', #9822, 1000.000000000000114 ) ;
#11374 = EDGE_CURVE ( 'NONE', #8496, #12352, #9579, .T. ) ;
#11375 = ORIENTED_EDGE ( 'NONE', *, *, #7715, .F. ) ;
#11376 = CARTESIAN_POINT ( 'NONE',  ( -3.200000000000000178, 1.150000000000011235, 0.3500000000000004219 ) ) ;
#11377 = CARTESIAN_POINT ( 'NONE',  ( 3.200000000000000178, 1.075000000000010614, 1.350000000000000533 ) ) ;
#11378 = VERTEX_POINT ( 'NONE', #12954 ) ;
#11379 = EDGE_CURVE ( 'NONE', #9634, #1115, #5354, .T. ) ;
#11380 = VECTOR ( 'NONE', #2162, 1000.000000000000000 ) ;
#11381 = ORIENTED_EDGE ( 'NONE', *, *, #13007, .T. ) ;
#11382 = CARTESIAN_POINT ( 'NONE',  ( 3.200000000000000178, 0.6950000000000112754, 1.304999999999999938 ) ) ;
#11383 = CARTESIAN_POINT ( 'NONE',  ( 1.925000000000000488, 1.749999999999999556, -1.275000000000002354 ) ) ;
#11384 = AXIS2_PLACEMENT_3D ( 'NONE', #9228, #7549, #6622 ) ;
#11385 = EDGE_LOOP ( 'NONE', ( #752, #8490, #10088, #8408 ) ) ;
#11386 = CARTESIAN_POINT ( 'NONE',  ( 0.7874999999999878764, 1.149999999999999911, -1.612499999999991385 ) ) ;
#11387 = ORIENTED_EDGE ( 'NONE', *, *, #9390, .T. ) ;
#11388 = LINE ( 'NONE', #2270, #2747 ) ;
#11389 = CARTESIAN_POINT ( 'NONE',  ( -3.000000000000000000, 1.150000000000011013, 0.3500000000000004219 ) ) ;
#11390 = AXIS2_PLACEMENT_3D ( 'NONE', #11575, #2226, #6686 ) ;
#11391 = CARTESIAN_POINT ( 'NONE',  ( 1.275000000000000133, 1.574999999999999734, -1.300000000000000044 ) ) ;
#11392 = VECTOR ( 'NONE', #10147, 1000.000000000000000 ) ;
#11393 = EDGE_CURVE ( 'NONE', #2717, #3877, #9823, .T. ) ;
#11394 = VECTOR ( 'NONE', #1029, 1000.000000000000000 ) ;
#11395 = ORIENTED_EDGE ( 'NONE', *, *, #11875, .F. ) ;
#11396 = CARTESIAN_POINT ( 'NONE',  ( -2.075000000000000178, 1.312500000000000222, -1.300000000000000044 ) ) ;
#11397 = VECTOR ( 'NONE', #7703, 1000.000000000000000 ) ;
#11398 = ORIENTED_EDGE ( 'NONE', *, *, #8401, .F. ) ;
#11399 = DIRECTION ( 'NONE',  ( -0.7071067811865536790, -0.000000000000000000, -0.7071067811865414665 ) ) ;
#11400 = DIRECTION ( 'NONE',  ( -1.000000000000000000, 0.000000000000000000, 0.000000000000000000 ) ) ;
#11401 = VERTEX_POINT ( 'NONE', #11017 ) ;
#11402 = EDGE_CURVE ( 'NONE', #12051, #6716, #9931, .T. ) ;
#11403 = VECTOR ( 'NONE', #10329, 1000.000000000000000 ) ;
#11404 = EDGE_CURVE ( 'NONE', #8728, #3978, #1052, .T. ) ;
#11405 = VERTEX_POINT ( 'NONE', #6884 ) ;
#11406 = DIRECTION ( 'NONE',  ( 0.000000000000000000, -1.000000000000000000, 2.409338161078897701E-16 ) ) ;
#11407 = CARTESIAN_POINT ( 'NONE',  ( -0.3250000000000001776, 1.499999999999998668, 1.274999999999999467 ) ) ;
#11408 = ORIENTED_EDGE ( 'NONE', *, *, #5244, .T. ) ;
#11409 = EDGE_CURVE ( 'NONE', #9546, #1115, #836, .T. ) ;
#11410 = CARTESIAN_POINT ( 'NONE',  ( 1.925000000000000044, 0.4499999999999991784, -1.350000000000000533 ) ) ;
#11411 = CARTESIAN_POINT ( 'NONE',  ( -3.200000000000000178, 1.150000000000011235, 0.3500000000000004219 ) ) ;
#11412 = ADVANCED_FACE ( 'NONE', ( #5139 ), #3846, .F. ) ;
#11413 = ORIENTED_EDGE ( 'NONE', *, *, #11635, .T. ) ;
#11414 = FACE_OUTER_BOUND ( 'NONE', #8629, .T. ) ;
#11415 = EDGE_CURVE ( 'NONE', #9819, #10534, #5247, .T. ) ;
#11416 = CARTESIAN_POINT ( 'NONE',  ( 2.500000000000000888, 1.299999999999999378, 0.1500000000000006051 ) ) ;
#11417 = FACE_OUTER_BOUND ( 'NONE', #5213, .T. ) ;
#11418 = CARTESIAN_POINT ( 'NONE',  ( -0.3750000000000001110, 0.5000000000000002220, -0.3499999999999998113 ) ) ;
#11419 = VECTOR ( 'NONE', #6879, 1000.000000000000000 ) ;
#11420 = VERTEX_POINT ( 'NONE', #3659 ) ;
#11421 = AXIS2_PLACEMENT_3D ( 'NONE', #9250, #2942, #12940 ) ;
#11422 = VECTOR ( 'NONE', #10261, 1000.000000000000000 ) ;
#11423 = CARTESIAN_POINT ( 'NONE',  ( 2.387499999999987743, 1.149999999999999911, -1.612499999999991385 ) ) ;
#11424 = CARTESIAN_POINT ( 'NONE',  ( 1.325000000000000622, 0.2299999999999920164, -1.350000000000000533 ) ) ;
#11425 = ORIENTED_EDGE ( 'NONE', *, *, #2172, .F. ) ;
#11426 = ORIENTED_EDGE ( 'NONE', *, *, #138, .F. ) ;
#11427 = FACE_OUTER_BOUND ( 'NONE', #10744, .T. ) ;
#11428 = ORIENTED_EDGE ( 'NONE', *, *, #431, .T. ) ;
#11429 = DIRECTION ( 'NONE',  ( -0.000000000000000000, -0.000000000000000000, 1.000000000000000000 ) ) ;
#11430 = EDGE_CURVE ( 'NONE', #977, #270, #9690, .T. ) ;
#11431 = ORIENTED_EDGE ( 'NONE', *, *, #3073, .T. ) ;
#11432 = DIRECTION ( 'NONE',  ( -1.000000000000000000, 1.275531967630008943E-16, 0.000000000000000000 ) ) ;
#11433 = CARTESIAN_POINT ( 'NONE',  ( -1.275000000000000133, 1.750000000000000888, -0.5500000000000017097 ) ) ;
#11434 = EDGE_LOOP ( 'NONE', ( #5360, #9281, #4930, #470 ) ) ;
#11435 = LINE ( 'NONE', #554, #11365 ) ;
#11436 = ADVANCED_FACE ( 'NONE', ( #9913 ), #4735, .F. ) ;
#11437 = EDGE_CURVE ( 'NONE', #4063, #2742, #872, .T. ) ;
#11438 = DIRECTION ( 'NONE',  ( -1.000000000000000000, 1.275531967630008943E-16, 0.000000000000000000 ) ) ;
#11439 = EDGE_CURVE ( 'NONE', #6590, #11206, #895, .T. ) ;
#11440 = AXIS2_PLACEMENT_3D ( 'NONE', #3506, #6337, #12503 ) ;
#11441 = FACE_OUTER_BOUND ( 'NONE', #5902, .T. ) ;
#11442 = ADVANCED_FACE ( 'NONE', ( #5315 ), #10931, .F. ) ;
#11443 = DIRECTION ( 'NONE',  ( 0.7071067811865430208, 0.000000000000000000, -0.7071067811865521247 ) ) ;
#11444 = LINE ( 'NONE', #9578, #6777 ) ;
#11445 = DIRECTION ( 'NONE',  ( -0.000000000000000000, -0.000000000000000000, 1.000000000000000000 ) ) ;
#11446 = DIRECTION ( 'NONE',  ( 1.000000000000000000, 0.000000000000000000, 0.000000000000000000 ) ) ;
#11447 = ORIENTED_EDGE ( 'NONE', *, *, #569, .T. ) ;
#11448 = VECTOR ( 'NONE', #87, 1000.000000000000000 ) ;
#11449 = CARTESIAN_POINT ( 'NONE',  ( -2.500000000000000888, 1.299999999999999378, 1.350000000000000533 ) ) ;
#11450 = VERTEX_POINT ( 'NONE', #6802 ) ;
#11451 = EDGE_CURVE ( 'NONE', #5498, #3770, #5097, .T. ) ;
#11452 = AXIS2_PLACEMENT_3D ( 'NONE', #11023, #5991, #12308 ) ;
#11453 = VERTEX_POINT ( 'NONE', #12754 ) ;
#11454 = LINE ( 'NONE', #7605, #11495 ) ;
#11455 = VERTEX_POINT ( 'NONE', #2869 ) ;
#11456 = DIRECTION ( 'NONE',  ( 0.000000000000000000, 0.000000000000000000, 1.000000000000000000 ) ) ;
#11457 = VERTEX_POINT ( 'NONE', #3946 ) ;
#11458 = AXIS2_PLACEMENT_3D ( 'NONE', #10327, #5459, #6197 ) ;
#11459 = ORIENTED_EDGE ( 'NONE', *, *, #1559, .T. ) ;
#11460 = VECTOR ( 'NONE', #8903, 1000.000000000000000 ) ;
#11461 = CARTESIAN_POINT ( 'NONE',  ( 3.749999999999981792, -1.595000000000014184, 0.5249999999999792610 ) ) ;
#11462 = CARTESIAN_POINT ( 'NONE',  ( -1.865000000000000213, 0.2149999999999987477, 0.7500000000000005551 ) ) ;
#11463 = VECTOR ( 'NONE', #5550, 1000.000000000000000 ) ;
#11464 = EDGE_CURVE ( 'NONE', #11849, #1380, #1097, .T. ) ;
#11465 = VECTOR ( 'NONE', #879, 1000.000000000000114 ) ;
#11466 = CARTESIAN_POINT ( 'NONE',  ( 0.3750000000000003331, 0.5000000000000002220, -0.3499999999999998113 ) ) ;
#11467 = ORIENTED_EDGE ( 'NONE', *, *, #6600, .T. ) ;
#11468 = DIRECTION ( 'NONE',  ( 1.000000000000000000, 0.000000000000000000, 0.000000000000000000 ) ) ;
#11469 = LINE ( 'NONE', #4630, #11602 ) ;
#11470 = ORIENTED_EDGE ( 'NONE', *, *, #659, .F. ) ;
#11471 = CARTESIAN_POINT ( 'NONE',  ( -1.125000000000000222, 0.000000000000000000, -1.300000000000000044 ) ) ;
#11472 = CARTESIAN_POINT ( 'NONE',  ( -3.000000000000000444, 0.2750000000000112355, 1.350000000000000533 ) ) ;
#11473 = ORIENTED_EDGE ( 'NONE', *, *, #9038, .F. ) ;
#11474 = LINE ( 'NONE', #1950, #2901 ) ;
#11475 = ORIENTED_EDGE ( 'NONE', *, *, #1897, .T. ) ;
#11476 = DIRECTION ( 'NONE',  ( 1.000000000000000000, -1.275531967630008943E-16, 0.000000000000000000 ) ) ;
#11477 = AXIS2_PLACEMENT_3D ( 'NONE', #13138, #3952, #4997 ) ;
#11478 = CARTESIAN_POINT ( 'NONE',  ( -0.4749999999999999223, 1.524999999999999911, 0.5500000000000003775 ) ) ;
#11479 = VERTEX_POINT ( 'NONE', #6982 ) ;
#11480 = CARTESIAN_POINT ( 'NONE',  ( 2.074999999999999289, 0.2299999999999947364, -1.300000000000000711 ) ) ;
#11481 = EDGE_LOOP ( 'NONE', ( #11677, #12963, #7461, #7539 ) ) ;
#11482 = VECTOR ( 'NONE', #6389, 1000.000000000000000 ) ;
#11483 = DIRECTION ( 'NONE',  ( 0.7071067811865475727, 0.000000000000000000, 0.7071067811865475727 ) ) ;
#11484 = CARTESIAN_POINT ( 'NONE',  ( 0.4750000000000001443, 0.2299999999999944866, -0.5500000000000002665 ) ) ;
#11485 = VECTOR ( 'NONE', #5890, 1000.000000000000000 ) ;
#11486 = VECTOR ( 'NONE', #5728, 1000.000000000000000 ) ;
#11487 = ORIENTED_EDGE ( 'NONE', *, *, #11803, .F. ) ;
#11488 = DIRECTION ( 'NONE',  ( 0.5773502691896175154, 0.5773502691896343908, -0.5773502691896253980 ) ) ;
#11489 = FACE_OUTER_BOUND ( 'NONE', #635, .T. ) ;
#11490 = VERTEX_POINT ( 'NONE', #545 ) ;
#11491 = CARTESIAN_POINT ( 'NONE',  ( -1.275000000000000133, 1.574999999999999956, -1.300000000000000044 ) ) ;
#11492 = CARTESIAN_POINT ( 'NONE',  ( -1.275000000000000133, 1.499999999999999334, -0.3499999999999994227 ) ) ;
#11493 = ORIENTED_EDGE ( 'NONE', *, *, #2820, .T. ) ;
#11494 = EDGE_CURVE ( 'NONE', #2433, #11625, #5500, .T. ) ;
#11495 = VECTOR ( 'NONE', #8702, 1000.000000000000000 ) ;
#11496 = EDGE_LOOP ( 'NONE', ( #9144, #9771, #11949, #8987 ) ) ;
#11497 = DIRECTION ( 'NONE',  ( -1.445602896647339508E-15, -1.000000000000000000, 0.000000000000000000 ) ) ;
#11498 = ORIENTED_EDGE ( 'NONE', *, *, #10927, .T. ) ;
#11499 = CARTESIAN_POINT ( 'NONE',  ( 2.075000000000000178, 0.000000000000000000, -1.300000000000000044 ) ) ;
#11500 = CARTESIAN_POINT ( 'NONE',  ( -1.125000000000000222, 1.150000000000000133, -1.229999999999999982 ) ) ;
#11501 = EDGE_LOOP ( 'NONE', ( #2303, #6276, #11413, #4113 ) ) ;
#11502 = LINE ( 'NONE', #6136, #2581 ) ;
#11503 = CARTESIAN_POINT ( 'NONE',  ( 3.500000000000000000, 0.3500000000000024203, 0.2749999999999982458 ) ) ;
#11504 = CARTESIAN_POINT ( 'NONE',  ( -1.125000000000000222, 1.574999999999999734, -1.300000000000000044 ) ) ;
#11505 = LINE ( 'NONE', #11145, #11392 ) ;
#11506 = LINE ( 'NONE', #12948, #2960 ) ;
#11507 = ORIENTED_EDGE ( 'NONE', *, *, #2651, .F. ) ;
#11508 = LINE ( 'NONE', #2850, #11176 ) ;
#11509 = PLANE ( 'NONE',  #4279 ) ;
#11510 = DIRECTION ( 'NONE',  ( 1.000000000000000000, 3.614007241618339403E-16, -0.000000000000000000 ) ) ;
#11511 = ORIENTED_EDGE ( 'NONE', *, *, #12059, .F. ) ;
#11512 = DIRECTION ( 'NONE',  ( -0.5773502691896357231, 0.5773502691896207351, 0.5773502691896207351 ) ) ;
#11513 = ORIENTED_EDGE ( 'NONE', *, *, #286, .T. ) ;
#11514 = LINE ( 'NONE', #11449, #2880 ) ;
#11515 = ORIENTED_EDGE ( 'NONE', *, *, #9992, .T. ) ;
#11516 = CARTESIAN_POINT ( 'NONE',  ( -1.924999999999999600, 1.474999999999999867, -1.300000000000000044 ) ) ;
#11517 = DIRECTION ( 'NONE',  ( 0.000000000000000000, 0.000000000000000000, 1.000000000000000000 ) ) ;
#11518 = CARTESIAN_POINT ( 'NONE',  ( 1.925000000000000044, 0.9750000000000004219, -1.229999999999999760 ) ) ;
#11519 = ORIENTED_EDGE ( 'NONE', *, *, #9650, .T. ) ;
#11520 = CARTESIAN_POINT ( 'NONE',  ( -0.4749999999999999223, 0.9750000000000004219, -1.453616071428571521 ) ) ;
#11521 = ADVANCED_FACE ( 'NONE', ( #1118 ), #6628, .F. ) ;
#11522 = DIRECTION ( 'NONE',  ( 1.000000000000000000, 0.000000000000000000, -0.000000000000000000 ) ) ;
#11523 = ORIENTED_EDGE ( 'NONE', *, *, #8154, .T. ) ;
#11524 = LINE ( 'NONE', #9247, #11662 ) ;
#11525 = CARTESIAN_POINT ( 'NONE',  ( 2.950000000000000622, 1.149999999999999911, -0.9749999999999905409 ) ) ;
#11526 = DIRECTION ( 'NONE',  ( 1.000000000000000000, 0.000000000000000000, 0.000000000000000000 ) ) ;
#11527 = LINE ( 'NONE', #9658, #2625 ) ;
#11528 = CARTESIAN_POINT ( 'NONE',  ( 3.866666666666638275, -0.06666666666665824192, -3.091666666666660124 ) ) ;
#11529 = LINE ( 'NONE', #13123, #6980 ) ;
#11530 = CARTESIAN_POINT ( 'NONE',  ( 3.500000000000000000, 1.574999999999999734, 1.350000000000000533 ) ) ;
#11531 = CARTESIAN_POINT ( 'NONE',  ( -3.500000000000000000, 1.149999999999999911, -0.4500000000000006217 ) ) ;
#11532 = VERTEX_POINT ( 'NONE', #7071 ) ;
#11533 = VECTOR ( 'NONE', #5957, 1000.000000000000000 ) ;
#11534 = CARTESIAN_POINT ( 'NONE',  ( -2.124999999999999556, 0.2299999999999946254, -1.350000000000000533 ) ) ;
#11535 = VERTEX_POINT ( 'NONE', #9263 ) ;
#11536 = ORIENTED_EDGE ( 'NONE', *, *, #2029, .T. ) ;
#11537 = LINE ( 'NONE', #7062, #7317 ) ;
#11538 = DIRECTION ( 'NONE',  ( -1.000000000000000000, 1.275531967630008943E-16, 0.000000000000000000 ) ) ;
#11539 = ORIENTED_EDGE ( 'NONE', *, *, #6914, .F. ) ;
#11540 = PLANE ( 'NONE',  #2278 ) ;
#11541 = AXIS2_PLACEMENT_3D ( 'NONE', #11695, #9497, #12770 ) ;
#11542 = EDGE_CURVE ( 'NONE', #9866, #3311, #5525, .T. ) ;
#11543 = ORIENTED_EDGE ( 'NONE', *, *, #6400, .F. ) ;
#11544 = VECTOR ( 'NONE', #1050, 1000.000000000000000 ) ;
#11545 = ADVANCED_FACE ( 'NONE', ( #702 ), #1562, .F. ) ;
#11546 = EDGE_CURVE ( 'NONE', #1425, #8226, #10369, .T. ) ;
#11547 = CARTESIAN_POINT ( 'NONE',  ( -0.4749999999999999223, 1.750000000000000888, -0.5500000000000017097 ) ) ;
#11548 = CARTESIAN_POINT ( 'NONE',  ( -2.500000000000000888, 1.499999999999999334, 1.275000000000000133 ) ) ;
#11549 = EDGE_CURVE ( 'NONE', #12372, #52, #10044, .T. ) ;
#11550 = DIRECTION ( 'NONE',  ( -0.000000000000000000, 1.000000000000000000, -0.000000000000000000 ) ) ;
#11551 = DIRECTION ( 'NONE',  ( 1.000000000000000000, 0.000000000000000000, 0.000000000000000000 ) ) ;
#11552 = LINE ( 'NONE', #1280, #11171 ) ;
#11553 = ADVANCED_FACE ( 'NONE', ( #5965 ), #9177, .F. ) ;
#11554 = DIRECTION ( 'NONE',  ( -1.000000000000000000, -0.000000000000000000, -1.445602896647338917E-15 ) ) ;
#11555 = VECTOR ( 'NONE', #11853, 1000.000000000000000 ) ;
#11556 = EDGE_CURVE ( 'NONE', #4071, #11583, #10083, .T. ) ;
#11557 = CARTESIAN_POINT ( 'NONE',  ( -3.200000000000000178, 1.075000000000010614, 1.350000000000000533 ) ) ;
#11558 = ORIENTED_EDGE ( 'NONE', *, *, #7104, .F. ) ;
#11559 = CARTESIAN_POINT ( 'NONE',  ( -0.3583333333333335591, 0.4833333333333333925, -0.3666666666666666408 ) ) ;
#11560 = LINE ( 'NONE', #9069, #2337 ) ;
#11561 = ORIENTED_EDGE ( 'NONE', *, *, #4191, .F. ) ;
#11562 = DIRECTION ( 'NONE',  ( 0.000000000000000000, -0.000000000000000000, -1.000000000000000000 ) ) ;
#11563 = PLANE ( 'NONE',  #13076 ) ;
#11564 = ORIENTED_EDGE ( 'NONE', *, *, #12761, .F. ) ;
#11565 = LINE ( 'NONE', #4720, #7419 ) ;
#11566 = EDGE_CURVE ( 'NONE', #12895, #7666, #9971, .T. ) ;
#11567 = CARTESIAN_POINT ( 'NONE',  ( -1.275000000000000133, 1.750000000000000888, -0.5500000000000017097 ) ) ;
#11568 = DIRECTION ( 'NONE',  ( -0.000000000000000000, -0.000000000000000000, 1.000000000000000000 ) ) ;
#11569 = VERTEX_POINT ( 'NONE', #6154 ) ;
#11570 = EDGE_CURVE ( 'NONE', #12600, #5922, #5715, .T. ) ;
#11571 = AXIS2_PLACEMENT_3D ( 'NONE', #542, #2435, #3455 ) ;
#11572 = CARTESIAN_POINT ( 'NONE',  ( -2.075000000000000178, 1.175000000000000488, 0.5500000000000004885 ) ) ;
#11573 = ORIENTED_EDGE ( 'NONE', *, *, #2019, .T. ) ;
#11574 = VECTOR ( 'NONE', #11348, 1000.000000000000000 ) ;
#11575 = CARTESIAN_POINT ( 'NONE',  ( -3.000000000000000444, 0.1250000000000053291, -0.5500000000000018208 ) ) ;
#11576 = CARTESIAN_POINT ( 'NONE',  ( 3.000000000000000000, 0.1500000000000054623, 0.2749999999999981348 ) ) ;
#11577 = EDGE_CURVE ( 'NONE', #5415, #6344, #1453, .T. ) ;
#11578 = LINE ( 'NONE', #8457, #11214 ) ;
#11579 = VECTOR ( 'NONE', #6878, 1000.000000000000000 ) ;
#11580 = VERTEX_POINT ( 'NONE', #10194 ) ;
#11581 = CARTESIAN_POINT ( 'NONE',  ( -2.075000000000000178, 0.7499999999999998890, -0.3999999999999999667 ) ) ;
#11582 = LINE ( 'NONE', #5537, #11295 ) ;
#11583 = VERTEX_POINT ( 'NONE', #12208 ) ;
#11584 = EDGE_CURVE ( 'NONE', #4489, #1654, #10277, .T. ) ;
#11585 = CARTESIAN_POINT ( 'NONE',  ( 3.225000000000000533, 1.149999999999999911, -0.3000000000000006550 ) ) ;
#11586 = ORIENTED_EDGE ( 'NONE', *, *, #9046, .F. ) ;
#11587 = EDGE_CURVE ( 'NONE', #7076, #1303, #1474, .T. ) ;
#11588 = LINE ( 'NONE', #10017, #11931 ) ;
#11589 = DIRECTION ( 'NONE',  ( 0.000000000000000000, 0.000000000000000000, -1.000000000000000000 ) ) ;
#11590 = ORIENTED_EDGE ( 'NONE', *, *, #1990, .T. ) ;
#11591 = CARTESIAN_POINT ( 'NONE',  ( 0.2750000000000005218, 0.2299999999999946254, -1.350000000000000533 ) ) ;
#11592 = DIRECTION ( 'NONE',  ( 1.000000000000000000, 0.000000000000000000, -0.000000000000000000 ) ) ;
#11593 = CARTESIAN_POINT ( 'NONE',  ( -3.200000000000000178, 0.7250000000000111910, 1.350000000000000533 ) ) ;
#11594 = ORIENTED_EDGE ( 'NONE', *, *, #9780, .T. ) ;
#11595 = VECTOR ( 'NONE', #4386, 1000.000000000000000 ) ;
#11596 = AXIS2_PLACEMENT_3D ( 'NONE', #9868, #12048, #10870 ) ;
#11597 = LINE ( 'NONE', #2835, #6934 ) ;
#11598 = CIRCLE ( 'NONE', #9508, 0.03000000000000002318 ) ;
#11599 = CARTESIAN_POINT ( 'NONE',  ( 1.275000000000000133, 1.574999999999999956, -1.300000000000000044 ) ) ;
#11600 = EDGE_CURVE ( 'NONE', #11293, #7128, #10143, .T. ) ;
#11601 = ORIENTED_EDGE ( 'NONE', *, *, #7267, .T. ) ;
#11602 = VECTOR ( 'NONE', #8809, 1000.000000000000000 ) ;
#11603 = PLANE ( 'NONE',  #7716 ) ;
#11604 = DIRECTION ( 'NONE',  ( -1.000000000000000000, -0.000000000000000000, -0.000000000000000000 ) ) ;
#11605 = ORIENTED_EDGE ( 'NONE', *, *, #3079, .T. ) ;
#11606 = ORIENTED_EDGE ( 'NONE', *, *, #4969, .T. ) ;
#11607 = VECTOR ( 'NONE', #8995, 1000.000000000000000 ) ;
#11608 = EDGE_CURVE ( 'NONE', #6682, #8968, #5595, .T. ) ;
#11609 = DIRECTION ( 'NONE',  ( 1.000000000000000000, 0.000000000000000000, -0.000000000000000000 ) ) ;
#11610 = CARTESIAN_POINT ( 'NONE',  ( -2.649999999999999023, 0.2299999999999946254, -1.350000000000000533 ) ) ;
#11611 = CARTESIAN_POINT ( 'NONE',  ( -0.4749999999999999223, 0.4499999999999999556, -0.9499999999999999556 ) ) ;
#11612 = AXIS2_PLACEMENT_3D ( 'NONE', #5964, #2514, #2937 ) ;
#11613 = ORIENTED_EDGE ( 'NONE', *, *, #10934, .F. ) ;
#11614 = CARTESIAN_POINT ( 'NONE',  ( 3.500000000000000000, 0.2299999999999946254, -1.350000000000000533 ) ) ;
#11615 = CARTESIAN_POINT ( 'NONE',  ( 0.4250000000000000444, 1.524999999999999911, 0.5500000000000003775 ) ) ;
#11616 = ORIENTED_EDGE ( 'NONE', *, *, #2518, .F. ) ;
#11617 = LINE ( 'NONE', #4117, #7109 ) ;
#11618 = DIRECTION ( 'NONE',  ( -4.818676322157797375E-16, 1.000000000000000000, -6.965892449317257782E-31 ) ) ;
#11619 = AXIS2_PLACEMENT_3D ( 'NONE', #7045, #9415, #10350 ) ;
#11620 = VECTOR ( 'NONE', #3541, 1000.000000000000000 ) ;
#11621 = CARTESIAN_POINT ( 'NONE',  ( 0.000000000000000000, 0.000000000000000000, -0.3499999999999994227 ) ) ;
#11622 = VECTOR ( 'NONE', #4984, 1000.000000000000000 ) ;
#11623 = CARTESIAN_POINT ( 'NONE',  ( 2.700000000000000178, 1.750000000000000000, -1.275000000000001910 ) ) ;
#11624 = DIRECTION ( 'NONE',  ( -0.000000000000000000, -0.000000000000000000, 1.000000000000000000 ) ) ;
#11625 = VERTEX_POINT ( 'NONE', #10371 ) ;
#11626 = VECTOR ( 'NONE', #12095, 1000.000000000000000 ) ;
#11627 = DIRECTION ( 'NONE',  ( 0.000000000000000000, 5.421010862427604014E-16, -1.000000000000000000 ) ) ;
#11628 = ORIENTED_EDGE ( 'NONE', *, *, #12360, .T. ) ;
#11629 = ORIENTED_EDGE ( 'NONE', *, *, #3384, .F. ) ;
#11630 = FACE_OUTER_BOUND ( 'NONE', #10538, .T. ) ;
#11631 =( NAMED_UNIT ( * ) SI_UNIT ( $, .STERADIAN. ) SOLID_ANGLE_UNIT ( ) );
#11632 = ORIENTED_EDGE ( 'NONE', *, *, #590, .T. ) ;
#11633 = EDGE_CURVE ( 'NONE', #8875, #8268, #1536, .T. ) ;
#11634 = DIRECTION ( 'NONE',  ( 0.000000000000000000, -0.7071067811865461294, -0.7071067811865490160 ) ) ;
#11635 = EDGE_CURVE ( 'NONE', #8521, #8555, #5618, .T. ) ;
#11636 = ADVANCED_FACE ( 'NONE', ( #1306 ), #10348, .F. ) ;
#11637 = DIRECTION ( 'NONE',  ( -0.5773502691896240657, 0.5773502691896253980, -0.5773502691896279515 ) ) ;
#11638 = ORIENTED_EDGE ( 'NONE', *, *, #8370, .T. ) ;
#11639 = LINE ( 'NONE', #11170, #2689 ) ;
#11640 = EDGE_CURVE ( 'NONE', #8295, #4193, #10390, .T. ) ;
#11641 = DIRECTION ( 'NONE',  ( -0.000000000000000000, -0.000000000000000000, 1.000000000000000000 ) ) ;
#11642 = CARTESIAN_POINT ( 'NONE',  ( -2.075000000000000178, 0.2000000000000000111, -0.9499999999999999556 ) ) ;
#11643 = DIRECTION ( 'NONE',  ( 1.000000000000000000, -0.000000000000000000, -0.000000000000000000 ) ) ;
#11644 = PLANE ( 'NONE',  #11758 ) ;
#11645 = VECTOR ( 'NONE', #1387, 1000.000000000000000 ) ;
#11646 = DIRECTION ( 'NONE',  ( -1.000000000000000000, 0.000000000000000000, 0.000000000000000000 ) ) ;
#11647 = LINE ( 'NONE', #705, #2498 ) ;
#11648 = AXIS2_PLACEMENT_3D ( 'NONE', #5509, #8862, #12892 ) ;
#11649 = CARTESIAN_POINT ( 'NONE',  ( -3.000000000000000444, 0.6950000000000112754, 1.304999999999999938 ) ) ;
#11650 = EDGE_LOOP ( 'NONE', ( #8761, #9698, #9937, #8572, #4148, #3662, #12298, #12663, #6783, #9614, #12120, #8167, #7294, #4038, #8509 ) ) ;
#11651 = FACE_OUTER_BOUND ( 'NONE', #7777, .T. ) ;
#11652 = ORIENTED_EDGE ( 'NONE', *, *, #11231, .F. ) ;
#11653 = DIRECTION ( 'NONE',  ( 1.000000000000000000, -0.000000000000000000, -0.000000000000000000 ) ) ;
#11654 = CARTESIAN_POINT ( 'NONE',  ( 1.125000000000000222, 0.8125000000000003331, -1.300000000000000044 ) ) ;
#11655 = ORIENTED_EDGE ( 'NONE', *, *, #5540, .T. ) ;
#11656 = VECTOR ( 'NONE', #12676, 1000.000000000000000 ) ;
#11657 = DIRECTION ( 'NONE',  ( -0.7071067811865414665, 0.000000000000000000, 0.7071067811865536790 ) ) ;
#11658 = ADVANCED_FACE ( 'NONE', ( #5632 ), #7262, .F. ) ;
#11659 = ORIENTED_EDGE ( 'NONE', *, *, #1356, .F. ) ;
#11660 = DIRECTION ( 'NONE',  ( 1.000000000000000000, 0.000000000000000000, 0.000000000000000000 ) ) ;
#11661 = ORIENTED_EDGE ( 'NONE', *, *, #6429, .F. ) ;
#11662 = VECTOR ( 'NONE', #7318, 1000.000000000000000 ) ;
#11663 = ADVANCED_FACE ( 'NONE', ( #10326 ), #5693, .T. ) ;
#11664 = EDGE_CURVE ( 'NONE', #1274, #6693, #1175, .T. ) ;
#11665 = DIRECTION ( 'NONE',  ( 0.000000000000000000, 1.000000000000000000, 0.000000000000000000 ) ) ;
#11666 = FACE_OUTER_BOUND ( 'NONE', #10730, .T. ) ;
#11667 = ADVANCED_FACE ( 'NONE', ( #10220 ), #5816, .F. ) ;
#11668 = CIRCLE ( 'NONE', #8866, 0.03000000000000002318 ) ;
#11669 = VERTEX_POINT ( 'NONE', #11794 ) ;
#11670 = CARTESIAN_POINT ( 'NONE',  ( 0.000000000000000000, 1.124999999999999778, -0.3499999999999994227 ) ) ;
#11671 = FACE_OUTER_BOUND ( 'NONE', #8318, .T. ) ;
#11672 = ORIENTED_EDGE ( 'NONE', *, *, #6120, .F. ) ;
#11673 = DIRECTION ( 'NONE',  ( 1.000000000000000000, 0.000000000000000000, -0.000000000000000000 ) ) ;
#11674 = VERTEX_POINT ( 'NONE', #12311 ) ;
#11675 = VECTOR ( 'NONE', #2106, 1000.000000000000114 ) ;
#11676 = CARTESIAN_POINT ( 'NONE',  ( 3.500000000000000000, 1.750000000000000000, -1.050000000000000488 ) ) ;
#11677 = ORIENTED_EDGE ( 'NONE', *, *, #7077, .T. ) ;
#11678 = PLANE ( 'NONE',  #8818 ) ;
#11679 = CARTESIAN_POINT ( 'NONE',  ( 2.075000000000000178, 1.750000000000000888, -0.5500000000000018208 ) ) ;
#11680 = ORIENTED_EDGE ( 'NONE', *, *, #10455, .F. ) ;
#11681 = LINE ( 'NONE', #12773, #7038 ) ;
#11682 = CARTESIAN_POINT ( 'NONE',  ( 0.2750000000000005218, 1.474999999999999867, -1.350000000000000533 ) ) ;
#11683 = VECTOR ( 'NONE', #8762, 1000.000000000000000 ) ;
#11684 = VECTOR ( 'NONE', #4899, 1000.000000000000000 ) ;
#11685 = DIRECTION ( 'NONE',  ( -0.000000000000000000, 1.000000000000000000, 0.000000000000000000 ) ) ;
#11686 = ORIENTED_EDGE ( 'NONE', *, *, #12502, .F. ) ;
#11687 = VECTOR ( 'NONE', #461, 1000.000000000000000 ) ;
#11688 = CARTESIAN_POINT ( 'NONE',  ( -3.200000000000000178, 0.1250000000000051903, 0.3500000000000004774 ) ) ;
#11689 = ORIENTED_EDGE ( 'NONE', *, *, #8921, .F. ) ;
#11690 = ORIENTED_EDGE ( 'NONE', *, *, #2026, .T. ) ;
#11691 = CIRCLE ( 'NONE', #6059, 0.1000000000000000472 ) ;
#11692 = CARTESIAN_POINT ( 'NONE',  ( -2.500000000000000888, 1.299999999999999378, 0.1500000000000006051 ) ) ;
#11693 = PLANE ( 'NONE',  #4660 ) ;
#11694 = ORIENTED_EDGE ( 'NONE', *, *, #11872, .T. ) ;
#11695 = CARTESIAN_POINT ( 'NONE',  ( -0.4749999999999999223, 1.150000000000000133, -1.229999999999999760 ) ) ;
#11696 = ORIENTED_EDGE ( 'NONE', *, *, #11635, .F. ) ;
#11697 = LINE ( 'NONE', #10355, #11574 ) ;
#11698 = MANIFOLD_SOLID_BREP ( 'LPattern2[3]', #8221 ) ;
#11699 = AXIS2_PLACEMENT_3D ( 'NONE', #5010, #8135, #11965 ) ;
#11700 = CARTESIAN_POINT ( 'NONE',  ( 1.275000000000000133, 1.575000000000000178, 0.4999999999999998890 ) ) ;
#11701 = DIRECTION ( 'NONE',  ( -0.000000000000000000, -1.000000000000000000, -0.000000000000000000 ) ) ;
#11702 = LINE ( 'NONE', #6973, #7639 ) ;
#11703 = CARTESIAN_POINT ( 'NONE',  ( 3.500000000000000000, 0.2299999999999944866, -0.5500000000000018208 ) ) ;
#11704 = VECTOR ( 'NONE', #7033, 999.9999999999998863 ) ;
#11705 = CARTESIAN_POINT ( 'NONE',  ( -2.962500000000000355, 0.08750000000000569822, -1.350000000000000533 ) ) ;
#11706 = DIRECTION ( 'NONE',  ( 8.673617379884035472E-16, -0.000000000000000000, 1.000000000000000000 ) ) ;
#11707 = ORIENTED_EDGE ( 'NONE', *, *, #9830, .F. ) ;
#11708 = LINE ( 'NONE', #9670, #12071 ) ;
#11709 = AXIS2_PLACEMENT_3D ( 'NONE', #2993, #5290, #9467 ) ;
#11710 = ORIENTED_EDGE ( 'NONE', *, *, #3584, .T. ) ;
#11711 = EDGE_CURVE ( 'NONE', #9720, #10131, #10192, .T. ) ;
#11712 = ORIENTED_EDGE ( 'NONE', *, *, #11125, .T. ) ;
#11713 = EDGE_CURVE ( 'NONE', #4014, #9433, #5925, .T. ) ;
#11714 = LINE ( 'NONE', #7910, #11864 ) ;
#11715 = EDGE_CURVE ( 'NONE', #9290, #2393, #1363, .T. ) ;
#11716 = EDGE_CURVE ( 'NONE', #285, #7442, #9999, .T. ) ;
#11717 = CARTESIAN_POINT ( 'NONE',  ( -1.074999999999999512, 0.2299999999999920164, -1.350000000000000533 ) ) ;
#11718 = ORIENTED_EDGE ( 'NONE', *, *, #9992, .F. ) ;
#11719 = CARTESIAN_POINT ( 'NONE',  ( -3.000000000000000444, 0.6500000000000112355, 1.305000000000000160 ) ) ;
#11720 = DIRECTION ( 'NONE',  ( 0.000000000000000000, 4.336808689942004917E-16, -1.000000000000000000 ) ) ;
#11721 = EDGE_CURVE ( 'NONE', #12741, #867, #10240, .T. ) ;
#11722 = ORIENTED_EDGE ( 'NONE', *, *, #4466, .F. ) ;
#11723 = FACE_OUTER_BOUND ( 'NONE', #10832, .T. ) ;
#11724 = DIRECTION ( 'NONE',  ( 0.000000000000000000, -1.172110456741085828E-16, -1.000000000000000000 ) ) ;
#11725 = DIRECTION ( 'NONE',  ( 0.000000000000000000, -1.000000000000000000, 0.000000000000000000 ) ) ;
#11726 =( LENGTH_UNIT ( ) NAMED_UNIT ( * ) SI_UNIT ( .MILLI., .METRE. ) );
#11727 = DIRECTION ( 'NONE',  ( -4.818676322157797375E-16, 1.000000000000000000, 0.000000000000000000 ) ) ;
#11728 = FACE_OUTER_BOUND ( 'NONE', #5615, .T. ) ;
#11729 = PLANE ( 'NONE',  #2432 ) ;
#11730 = VECTOR ( 'NONE', #6286, 1000.000000000000000 ) ;
#11731 = DIRECTION ( 'NONE',  ( 0.000000000000000000, 1.000000000000000000, 0.000000000000000000 ) ) ;
#11732 = VERTEX_POINT ( 'NONE', #997 ) ;
#11733 = AXIS2_PLACEMENT_3D ( 'NONE', #8732, #1358, #9837 ) ;
#11734 = CARTESIAN_POINT ( 'NONE',  ( 1.925000000000000044, 1.574999999999999734, -0.5500000000000017097 ) ) ;
#11735 = LINE ( 'NONE', #10288, #3376 ) ;
#11736 = ORIENTED_EDGE ( 'NONE', *, *, #12231, .T. ) ;
#11737 = DIRECTION ( 'NONE',  ( 1.000000000000000000, 1.275531967630008943E-16, 0.000000000000000000 ) ) ;
#11738 = ORIENTED_EDGE ( 'NONE', *, *, #6192, .F. ) ;
#11739 = VECTOR ( 'NONE', #6226, 1000.000000000000000 ) ;
#11740 = DIRECTION ( 'NONE',  ( -1.000000000000000000, 0.000000000000000000, 0.000000000000000000 ) ) ;
#11741 = EDGE_CURVE ( 'NONE', #2564, #1891, #1704, .T. ) ;
#11742 = ORIENTED_EDGE ( 'NONE', *, *, #5176, .T. ) ;
#11743 = DIRECTION ( 'NONE',  ( 0.000000000000000000, -0.000000000000000000, -1.000000000000000000 ) ) ;
#11744 = ADVANCED_FACE ( 'NONE', ( #6239 ), #1974, .F. ) ;
#11745 = ORIENTED_EDGE ( 'NONE', *, *, #7239, .F. ) ;
#11746 = LINE ( 'NONE', #1695, #11460 ) ;
#11747 = EDGE_CURVE ( 'NONE', #6889, #11934, #6115, .T. ) ;
#11748 = EDGE_CURVE ( 'NONE', #1279, #3420, #10712, .T. ) ;
#11749 = PLANE ( 'NONE',  #8447 ) ;
#11750 = DIRECTION ( 'NONE',  ( 1.000000000000000000, 0.000000000000000000, 0.000000000000000000 ) ) ;
#11751 = FACE_OUTER_BOUND ( 'NONE', #13031, .T. ) ;
#11752 = VECTOR ( 'NONE', #6854, 999.9999999999998863 ) ;
#11753 = VERTEX_POINT ( 'NONE', #3140 ) ;
#11754 = DIRECTION ( 'NONE',  ( 0.7071067811865497932, 1.703659351870409300E-16, 0.7071067811865452413 ) ) ;
#11755 = LINE ( 'NONE', #211, #2986 ) ;
#11756 = ORIENTED_EDGE ( 'NONE', *, *, #276, .T. ) ;
#11757 = CARTESIAN_POINT ( 'NONE',  ( 3.500000000000000000, 0.08750000000000569822, -0.5500000000000020428 ) ) ;
#11758 = AXIS2_PLACEMENT_3D ( 'NONE', #4325, #9445, #3217 ) ;
#11759 = VERTEX_POINT ( 'NONE', #4239 ) ;
#11760 = LINE ( 'NONE', #9171, #11656 ) ;
#11761 = VERTEX_POINT ( 'NONE', #10120 ) ;
#11762 = STYLED_ITEM ( 'NONE', ( #3852 ), #12765 ) ;
#11763 = EDGE_CURVE ( 'NONE', #9457, #6150, #1660, .T. ) ;
#11764 = DIRECTION ( 'NONE',  ( 0.000000000000000000, 0.000000000000000000, -1.000000000000000000 ) ) ;
#11765 = CARTESIAN_POINT ( 'NONE',  ( 0.3250000000000001776, 1.312500000000000222, -1.300000000000000044 ) ) ;
#11766 = CARTESIAN_POINT ( 'NONE',  ( -3.500000000000000000, 1.714999999999999858, 0.5500000000000004885 ) ) ;
#11767 = EDGE_LOOP ( 'NONE', ( #5939, #5496, #6069, #9397 ) ) ;
#11768 = VECTOR ( 'NONE', #4484, 1000.000000000000000 ) ;
#11769 = ADVANCED_FACE ( 'NONE', ( #10540 ), #6506, .T. ) ;
#11770 = CARTESIAN_POINT ( 'NONE',  ( -1.274999999999999689, 0.2299999999999946809, -1.300000000000000711 ) ) ;
#11771 = UNCERTAINTY_MEASURE_WITH_UNIT (LENGTH_MEASURE( 1.000000000000000082E-05 ), #11726, 'distance_accuracy_value', 'NONE');
#11772 = PLANE ( 'NONE',  #8374 ) ;
#11773 = LINE ( 'NONE', #8293, #3107 ) ;
#11774 = ADVANCED_FACE ( 'NONE', ( #6284 ), #1327, .F. ) ;
#11775 = VECTOR ( 'NONE', #5867, 1000.000000000000114 ) ;
#11776 = EDGE_CURVE ( 'NONE', #5811, #11219, #1730, .T. ) ;
#11777 = CARTESIAN_POINT ( 'NONE',  ( -1.924999999999999600, 1.474999999999999867, -0.9749999999999897637 ) ) ;
#11778 = VERTEX_POINT ( 'NONE', #8516 ) ;
#11779 = FACE_OUTER_BOUND ( 'NONE', #5732, .T. ) ;
#11780 = CARTESIAN_POINT ( 'NONE',  ( -1.275000000000000133, 1.750000000000000888, -0.5500000000000017097 ) ) ;
#11781 = DIRECTION ( 'NONE',  ( -0.000000000000000000, 0.000000000000000000, -1.000000000000000000 ) ) ;
#11782 = ORIENTED_EDGE ( 'NONE', *, *, #10624, .F. ) ;
#11783 = CARTESIAN_POINT ( 'NONE',  ( 3.500000000000000000, 0.2299999999999944866, -0.5500000000000018208 ) ) ;
#11784 = ORIENTED_EDGE ( 'NONE', *, *, #5202, .T. ) ;
#11785 = FACE_OUTER_BOUND ( 'NONE', #2300, .T. ) ;
#11786 = PLANE ( 'NONE',  #321 ) ;
#11787 = AXIS2_PLACEMENT_3D ( 'NONE', #10262, #3365, #10600 ) ;
#11788 = PLANE ( 'NONE',  #4955 ) ;
#11789 = ORIENTED_EDGE ( 'NONE', *, *, #2794, .F. ) ;
#11790 = CARTESIAN_POINT ( 'NONE',  ( -2.700000000000000622, 1.725000000000000977, -1.300000000000000711 ) ) ;
#11791 = CARTESIAN_POINT ( 'NONE',  ( 1.925000000000000044, 0.000000000000000000, -0.9499999999999999556 ) ) ;
#11792 = ORIENTED_EDGE ( 'NONE', *, *, #10711, .T. ) ;
#11793 = LINE ( 'NONE', #4749, #6903 ) ;
#11794 = CARTESIAN_POINT ( 'NONE',  ( -1.125000000000000222, 0.4499999999999992339, -0.5500000000000019318 ) ) ;
#11795 = CARTESIAN_POINT ( 'NONE',  ( 2.075000000000000178, 1.150000000000000133, -1.453616071428571743 ) ) ;
#11796 = CARTESIAN_POINT ( 'NONE',  ( -0.3250000000000000111, 1.125000000000000222, -0.5500000000000018208 ) ) ;
#11797 = LINE ( 'NONE', #8388, #11645 ) ;
#11798 = CARTESIAN_POINT ( 'NONE',  ( -2.700000000000000178, 1.149999999999999911, -1.350000000000000533 ) ) ;
#11799 = VECTOR ( 'NONE', #8360, 1000.000000000000000 ) ;
#11800 = DIRECTION ( 'NONE',  ( 0.000000000000000000, 1.000000000000000000, 0.000000000000000000 ) ) ;
#11801 = DIRECTION ( 'NONE',  ( 0.000000000000000000, 0.000000000000000000, -1.000000000000000000 ) ) ;
#11802 = ORIENTED_EDGE ( 'NONE', *, *, #7540, .T. ) ;
#11803 = EDGE_CURVE ( 'NONE', #905, #9048, #10578, .T. ) ;
#11804 = FACE_OUTER_BOUND ( 'NONE', #4347, .T. ) ;
#11805 = PLANE ( 'NONE',  #1907 ) ;
#11806 = ORIENTED_EDGE ( 'NONE', *, *, #7571, .T. ) ;
#11807 = ORIENTED_EDGE ( 'NONE', *, *, #4163, .F. ) ;
#11808 = FACE_OUTER_BOUND ( 'NONE', #2683, .T. ) ;
#11809 = DIRECTION ( 'NONE',  ( -0.000000000000000000, 1.000000000000000000, 0.000000000000000000 ) ) ;
#11810 = ORIENTED_EDGE ( 'NONE', *, *, #9352, .F. ) ;
#11811 = PRESENTATION_LAYER_ASSIGNMENT (  '', '', ( #10849 ) ) ;
#11812 = CARTESIAN_POINT ( 'NONE',  ( 1.924999999999999600, 1.474999999999999867, -1.300000000000000711 ) ) ;
#11813 = EDGE_LOOP ( 'NONE', ( #3693, #1677, #9349, #5285, #454, #4647, #506, #5183, #2769, #9498, #7300, #2725, #4538, #5040, #8900, #9861, #9311, #7862, #11661 ) ) ;
#11814 = VECTOR ( 'NONE', #2487, 1000.000000000000000 ) ;
#11815 = CARTESIAN_POINT ( 'NONE',  ( -3.200000000000000178, 0.6500000000000112355, 1.275000000000000133 ) ) ;
#11816 = VECTOR ( 'NONE', #9505, 1000.000000000000000 ) ;
#11817 = CARTESIAN_POINT ( 'NONE',  ( -3.500000000000000000, 0.05000000000000495715, -0.5500000000000018208 ) ) ;
#11818 = LINE ( 'NONE', #2087, #11963 ) ;
#11819 = CARTESIAN_POINT ( 'NONE',  ( 0.4750000000000005884, 0.4499999999999992339, -0.3499999999999998113 ) ) ;
#11820 = ORIENTED_EDGE ( 'NONE', *, *, #1517, .F. ) ;
#11821 = CARTESIAN_POINT ( 'NONE',  ( 0.3250000000000001776, 0.000000000000000000, -1.300000000000000044 ) ) ;
#11822 = LINE ( 'NONE', #3186, #7352 ) ;
#11823 = ORIENTED_EDGE ( 'NONE', *, *, #7267, .F. ) ;
#11824 = CARTESIAN_POINT ( 'NONE',  ( 0.3250000000000001776, 0.4499999999999991784, -1.350000000000000533 ) ) ;
#11825 = CARTESIAN_POINT ( 'NONE',  ( 3.500000000000000000, 0.6500000000000001332, 1.350000000000000533 ) ) ;
#11826 = ORIENTED_EDGE ( 'NONE', *, *, #6416, .T. ) ;
#11827 = VECTOR ( 'NONE', #1811, 1000.000000000000000 ) ;
#11828 = CARTESIAN_POINT ( 'NONE',  ( 1.125000000000000222, 0.4499999999999991784, -0.3499999999999994227 ) ) ;
#11829 = DIRECTION ( 'NONE',  ( -1.000000000000000000, 0.000000000000000000, 0.000000000000000000 ) ) ;
#11830 = ORIENTED_EDGE ( 'NONE', *, *, #1556, .T. ) ;
#11831 = CARTESIAN_POINT ( 'NONE',  ( 2.500000000000000888, 1.499999999999999334, -0.3499999999999994227 ) ) ;
#11832 = ORIENTED_EDGE ( 'NONE', *, *, #9414, .F. ) ;
#11833 = VECTOR ( 'NONE', #6502, 1000.000000000000000 ) ;
#11834 = CARTESIAN_POINT ( 'NONE',  ( 3.200000000000000178, 0.6200000000000112088, 1.305000000000000160 ) ) ;
#11835 = LINE ( 'NONE', #4490, #2981 ) ;
#11836 = LINE ( 'NONE', #7975, #2856 ) ;
#11837 = VERTEX_POINT ( 'NONE', #9534 ) ;
#11838 = DIRECTION ( 'NONE',  ( 0.000000000000000000, 0.000000000000000000, 1.000000000000000000 ) ) ;
#11839 = VECTOR ( 'NONE', #5568, 1000.000000000000000 ) ;
#11840 = EDGE_LOOP ( 'NONE', ( #370, #4872, #7361, #607 ) ) ;
#11841 = DIRECTION ( 'NONE',  ( 0.000000000000000000, -0.000000000000000000, -1.000000000000000000 ) ) ;
#11842 = ORIENTED_EDGE ( 'NONE', *, *, #12213, .T. ) ;
#11843 = LINE ( 'NONE', #7237, #11739 ) ;
#11844 = DIRECTION ( 'NONE',  ( -0.000000000000000000, 0.000000000000000000, -1.000000000000000000 ) ) ;
#11845 = ORIENTED_EDGE ( 'NONE', *, *, #5594, .F. ) ;
#11846 = DIRECTION ( 'NONE',  ( -1.000000000000000000, -0.000000000000000000, -0.000000000000000000 ) ) ;
#11847 = ADVANCED_FACE ( 'NONE', ( #10520 ), #507, .F. ) ;
#11848 = PLANE ( 'NONE',  #11733 ) ;
#11849 = VERTEX_POINT ( 'NONE', #5349 ) ;
#11850 = FACE_OUTER_BOUND ( 'NONE', #600, .T. ) ;
#11851 = EDGE_CURVE ( 'NONE', #10366, #11401, #1751, .T. ) ;
#11852 = DIRECTION ( 'NONE',  ( -4.818676322157797375E-16, 1.000000000000000000, -6.965892449317257782E-31 ) ) ;
#11853 = DIRECTION ( 'NONE',  ( -1.000000000000000000, -0.000000000000000000, -1.445602896647338917E-15 ) ) ;
#11854 = VECTOR ( 'NONE', #9783, 1000.000000000000114 ) ;
#11855 = LINE ( 'NONE', #11994, #7534 ) ;
#11856 = AXIS2_PLACEMENT_3D ( 'NONE', #9930, #12842, #1623 ) ;
#11857 = ORIENTED_EDGE ( 'NONE', *, *, #5244, .F. ) ;
#11858 = VECTOR ( 'NONE', #5136, 1000.000000000000000 ) ;
#11859 = PLANE ( 'NONE',  #7894 ) ;
#11860 = CARTESIAN_POINT ( 'NONE',  ( -0.4749999999999997558, 1.474999999999999867, -0.9749999999999955369 ) ) ;
#11861 = ORIENTED_EDGE ( 'NONE', *, *, #8435, .F. ) ;
#11862 = DIRECTION ( 'NONE',  ( 0.000000000000000000, 0.000000000000000000, 1.000000000000000000 ) ) ;
#11863 = ORIENTED_EDGE ( 'NONE', *, *, #7489, .T. ) ;
#11864 = VECTOR ( 'NONE', #9084, 1000.000000000000000 ) ;
#11865 = AXIS2_PLACEMENT_3D ( 'NONE', #857, #13107, #1035 ) ;
#11866 = CARTESIAN_POINT ( 'NONE',  ( 0.4750000000000001443, 1.574999999999999734, -0.5500000000000020428 ) ) ;
#11867 = ORIENTED_EDGE ( 'NONE', *, *, #3133, .T. ) ;
#11868 = SURFACE_STYLE_USAGE ( .BOTH. , #10860 ) ;
#11869 = EDGE_CURVE ( 'NONE', #715, #2294, #1952, .T. ) ;
#11870 = ORIENTED_EDGE ( 'NONE', *, *, #11328, .T. ) ;
#11871 = AXIS2_PLACEMENT_3D ( 'NONE', #1405, #8314, #9361 ) ;
#11872 = EDGE_CURVE ( 'NONE', #1354, #2570, #6096, .T. ) ;
#11873 = DIRECTION ( 'NONE',  ( 1.000000000000000000, 1.275531967630008943E-16, -0.000000000000000000 ) ) ;
#11874 = PLANE ( 'NONE',  #2114 ) ;
#11875 = EDGE_CURVE ( 'NONE', #5283, #2070, #1771, .T. ) ;
#11876 = EDGE_CURVE ( 'NONE', #9080, #6293, #6039, .T. ) ;
#11877 = VECTOR ( 'NONE', #6141, 1000.000000000000000 ) ;
#11878 = ADVANCED_FACE ( 'NONE', ( #6181 ), #2490, .F. ) ;
#11879 = LINE ( 'NONE', #6767, #7586 ) ;
#11880 = DIRECTION ( 'NONE',  ( -0.000000000000000000, -0.000000000000000000, 1.000000000000000000 ) ) ;
#11881 = ORIENTED_EDGE ( 'NONE', *, *, #938, .T. ) ;
#11882 = ADVANCED_FACE ( 'NONE', ( #10430 ), #8420, .F. ) ;
#11883 = CARTESIAN_POINT ( 'NONE',  ( 1.125000000000000222, 1.574999999999999734, -1.350000000000000533 ) ) ;
#11884 = VERTEX_POINT ( 'NONE', #6586 ) ;
#11885 = EDGE_CURVE ( 'NONE', #5234, #5664, #6407, .T. ) ;
#11886 = VERTEX_POINT ( 'NONE', #2578 ) ;
#11887 = VECTOR ( 'NONE', #12584, 1000.000000000000000 ) ;
#11888 = DIRECTION ( 'NONE',  ( 0.000000000000000000, 1.000000000000000000, -0.000000000000000000 ) ) ;
#11889 = ORIENTED_EDGE ( 'NONE', *, *, #8882, .T. ) ;
#11890 = PLANE ( 'NONE',  #9732 ) ;
#11891 = ORIENTED_EDGE ( 'NONE', *, *, #12596, .F. ) ;
#11892 = VECTOR ( 'NONE', #4331, 1000.000000000000000 ) ;
#11893 = AXIS2_PLACEMENT_3D ( 'NONE', #130, #1219, #2103 ) ;
#11894 = CARTESIAN_POINT ( 'NONE',  ( 1.925000000000000044, 0.2000000000000000111, -0.9499999999999999556 ) ) ;
#11895 = EDGE_CURVE ( 'NONE', #1888, #603, #10473, .T. ) ;
#11896 = CARTESIAN_POINT ( 'NONE',  ( -3.000000000000000444, 0.6950000000000112754, 1.304999999999999938 ) ) ;
#11897 = VECTOR ( 'NONE', #12479, 1000.000000000000000 ) ;
#11898 = CARTESIAN_POINT ( 'NONE',  ( -3.212500000000001243, 1.412500000000000533, -0.3000000000000006550 ) ) ;
#11899 = FACE_OUTER_BOUND ( 'NONE', #8533, .T. ) ;
#11900 = EDGE_CURVE ( 'NONE', #1069, #6249, #1976, .T. ) ;
#11901 = DIRECTION ( 'NONE',  ( 0.000000000000000000, -0.7071067811865475727, 0.7071067811865475727 ) ) ;
#11902 = ORIENTED_EDGE ( 'NONE', *, *, #9354, .T. ) ;
#11903 = LINE ( 'NONE', #5480, #2921 ) ;
#11904 = ORIENTED_EDGE ( 'NONE', *, *, #12727, .F. ) ;
#11905 = CARTESIAN_POINT ( 'NONE',  ( 0.3250000000000001776, 1.574999999999999956, -1.300000000000000044 ) ) ;
#11906 = CARTESIAN_POINT ( 'NONE',  ( 2.075000000000000178, 0.4499999999999992339, -0.5500000000000019318 ) ) ;
#11907 = VERTEX_POINT ( 'NONE', #5520 ) ;
#11908 = VECTOR ( 'NONE', #8941, 1000.000000000000000 ) ;
#11909 = EDGE_CURVE ( 'NONE', #4014, #12051, #6307, .T. ) ;
#11910 = DIRECTION ( 'NONE',  ( 1.000000000000000000, -0.000000000000000000, -0.000000000000000000 ) ) ;
#11911 = ADVANCED_FACE ( 'NONE', ( #10837 ), #8699, .F. ) ;
#11912 = EDGE_CURVE ( 'NONE', #9819, #13174, #1603, .T. ) ;
#11913 = DIRECTION ( 'NONE',  ( -1.000000000000000000, 0.000000000000000000, 0.000000000000000000 ) ) ;
#11914 = EDGE_CURVE ( 'NONE', #8771, #927, #10858, .T. ) ;
#11915 = ORIENTED_EDGE ( 'NONE', *, *, #5986, .T. ) ;
#11916 = CARTESIAN_POINT ( 'NONE',  ( 1.925000000000000044, 0.000000000000000000, -1.300000000000000044 ) ) ;
#11917 = VERTEX_POINT ( 'NONE', #8965 ) ;
#11918 = LINE ( 'NONE', #9364, #11892 ) ;
#11919 = AXIS2_PLACEMENT_3D ( 'NONE', #6830, #8951, #5926 ) ;
#11920 = PLANE ( 'NONE',  #7097 ) ;
#11921 = DIRECTION ( 'NONE',  ( -9.019373039314010907E-17, 0.7071067811865492381, 0.7071067811865457964 ) ) ;
#11922 = VECTOR ( 'NONE', #6726, 1000.000000000000000 ) ;
#11923 = DIRECTION ( 'NONE',  ( -0.000000000000000000, 1.000000000000000000, 3.336006684570795427E-16 ) ) ;
#11924 = FACE_OUTER_BOUND ( 'NONE', #1162, .T. ) ;
#11925 = ORIENTED_EDGE ( 'NONE', *, *, #7130, .T. ) ;
#11926 = DIRECTION ( 'NONE',  ( 1.000000000000000000, 0.000000000000000000, 0.000000000000000000 ) ) ;
#11927 = ORIENTED_EDGE ( 'NONE', *, *, #9827, .T. ) ;
#11928 = EDGE_CURVE ( 'NONE', #7946, #8653, #10693, .T. ) ;
#11929 = CARTESIAN_POINT ( 'NONE',  ( -1.924999999999999378, 1.149999999999999911, -0.9749999999999975353 ) ) ;
#11930 = ORIENTED_EDGE ( 'NONE', *, *, #9504, .T. ) ;
#11931 = VECTOR ( 'NONE', #10098, 1000.000000000000000 ) ;
#11932 = UNCERTAINTY_MEASURE_WITH_UNIT (LENGTH_MEASURE( 1.000000000000000082E-05 ), #2260, 'distance_accuracy_value', 'NONE');
#11933 = CARTESIAN_POINT ( 'NONE',  ( -1.075000000000000400, 1.474999999999999867, -1.349999999999997424 ) ) ;
#11934 = VERTEX_POINT ( 'NONE', #11905 ) ;
#11935 = EDGE_CURVE ( 'NONE', #6012, #9243, #10736, .T. ) ;
#11936 = CARTESIAN_POINT ( 'NONE',  ( -3.000000000000000000, 0.1500000000000054623, 0.2749999999999981348 ) ) ;
#11937 = ORIENTED_EDGE ( 'NONE', *, *, #10467, .T. ) ;
#11938 = LINE ( 'NONE', #1408, #7635 ) ;
#11939 = CARTESIAN_POINT ( 'NONE',  ( 0.3250000000000001776, 0.7499999999999998890, -0.3999999999999999667 ) ) ;
#11940 = DIRECTION ( 'NONE',  ( -0.000000000000000000, -1.000000000000000000, -1.694065894508603636E-16 ) ) ;
#11941 = LINE ( 'NONE', #8674, #3126 ) ;
#11942 = LINE ( 'NONE', #12079, #7241 ) ;
#11943 = PRESENTATION_LAYER_ASSIGNMENT (  '', '', ( #7148 ) ) ;
#11944 = ORIENTED_EDGE ( 'NONE', *, *, #9853, .F. ) ;
#11945 = LINE ( 'NONE', #10906, #3156 ) ;
#11946 = DIRECTION ( 'NONE',  ( 0.000000000000000000, 1.000000000000000000, 8.673617379884030542E-16 ) ) ;
#11947 = ORIENTED_EDGE ( 'NONE', *, *, #4587, .F. ) ;
#11948 = CARTESIAN_POINT ( 'NONE',  ( -1.925000000000000044, 0.7499999999999998890, -0.3499999999999998113 ) ) ;
#11949 = ORIENTED_EDGE ( 'NONE', *, *, #9038, .T. ) ;
#11950 = LINE ( 'NONE', #2416, #7485 ) ;
#11951 = CARTESIAN_POINT ( 'NONE',  ( -1.308333333333333126, 1.391666666666666829, 0.6833333333333341253 ) ) ;
#11952 = EDGE_LOOP ( 'NONE', ( #6106, #1169, #8423, #8970 ) ) ;
#11953 = FILL_AREA_STYLE ('',( #5905 ) ) ;
#11954 = CARTESIAN_POINT ( 'NONE',  ( 0.4250000000000000444, 0.5000000000000002220, -0.3499999999999998113 ) ) ;
#11955 = CARTESIAN_POINT ( 'NONE',  ( 2.649999999999999467, 0.2799999999999950862, -1.350000000000000533 ) ) ;
#11956 = ORIENTED_EDGE ( 'NONE', *, *, #139, .T. ) ;
#11957 = CYLINDRICAL_SURFACE ( 'NONE', #638, 0.03000000000000007869 ) ;
#11958 = CARTESIAN_POINT ( 'NONE',  ( 2.075000000000000178, 0.2000000000000000111, -0.9499999999999999556 ) ) ;
#11959 = CARTESIAN_POINT ( 'NONE',  ( 1.125000000000000222, 0.7499999999999998890, -0.3999999999999999667 ) ) ;
#11960 = EDGE_CURVE ( 'NONE', #6952, #5900, #1995, .T. ) ;
#11961 = LINE ( 'NONE', #8591, #7585 ) ;
#11962 = CARTESIAN_POINT ( 'NONE',  ( 2.500000000000000888, 1.499999999999999334, -0.3499999999999994227 ) ) ;
#11963 = VECTOR ( 'NONE', #12264, 1000.000000000000000 ) ;
#11964 = DIRECTION ( 'NONE',  ( -0.000000000000000000, 0.000000000000000000, -1.000000000000000000 ) ) ;
#11965 = DIRECTION ( 'NONE',  ( 0.000000000000000000, -1.000000000000000000, -4.336808689942004917E-16 ) ) ;
#11966 = ORIENTED_EDGE ( 'NONE', *, *, #4395, .T. ) ;
#11967 = LINE ( 'NONE', #7388, #12027 ) ;
#11968 = CARTESIAN_POINT ( 'NONE',  ( 2.500000000000000888, 0.6999999999999991784, 0.1500000000000006051 ) ) ;
#11969 = ORIENTED_EDGE ( 'NONE', *, *, #4898, .F. ) ;
#11970 = ORIENTED_EDGE ( 'NONE', *, *, #3615, .F. ) ;
#11971 = VECTOR ( 'NONE', #2977, 1000.000000000000114 ) ;
#11972 = DIRECTION ( 'NONE',  ( 0.000000000000000000, 0.000000000000000000, -1.000000000000000000 ) ) ;
#11973 = VERTEX_POINT ( 'NONE', #2997 ) ;
#11974 = CARTESIAN_POINT ( 'NONE',  ( 3.500000000000000000, 1.150000000000011013, 1.350000000000000533 ) ) ;
#11975 = ORIENTED_EDGE ( 'NONE', *, *, #5543, .T. ) ;
#11976 = VECTOR ( 'NONE', #10211, 1000.000000000000000 ) ;
#11977 = CARTESIAN_POINT ( 'NONE',  ( -2.949999999999999734, 1.714999999999999858, 1.350000000000000533 ) ) ;
#11978 = CARTESIAN_POINT ( 'NONE',  ( 2.075000000000000178, 1.574999999999999734, -1.350000000000000533 ) ) ;
#11979 = CARTESIAN_POINT ( 'NONE',  ( -1.125000000000000222, 1.574999999999999956, -1.300000000000000044 ) ) ;
#11980 = LINE ( 'NONE', #4756, #7217 ) ;
#11981 = ADVANCED_FACE ( 'NONE', ( #10773 ), #9895, .T. ) ;
#11982 = LINE ( 'NONE', #5029, #11704 ) ;
#11983 = CARTESIAN_POINT ( 'NONE',  ( -2.075000000000000178, 0.2299999999999944866, -0.5500000000000049294 ) ) ;
#11984 = VERTEX_POINT ( 'NONE', #5861 ) ;
#11985 = ADVANCED_FACE ( 'NONE', ( #10669 ), #9973, .F. ) ;
#11986 = FACE_OUTER_BOUND ( 'NONE', #1109, .T. ) ;
#11987 = ORIENTED_EDGE ( 'NONE', *, *, #11125, .F. ) ;
#11988 = CARTESIAN_POINT ( 'NONE',  ( -3.500000000000000000, 1.149999999999999911, -1.050000000000000488 ) ) ;
#11989 = DIRECTION ( 'NONE',  ( 1.000000000000000000, 0.000000000000000000, 0.000000000000000000 ) ) ;
#11990 = CARTESIAN_POINT ( 'NONE',  ( -0.4749999999999999223, 0.000000000000000000, -0.9499999999999999556 ) ) ;
#11991 = VERTEX_POINT ( 'NONE', #6110 ) ;
#11992 = FACE_OUTER_BOUND ( 'NONE', #5795, .T. ) ;
#11993 = CARTESIAN_POINT ( 'NONE',  ( 1.125000000000000222, 1.524999999999999911, 0.5500000000000003775 ) ) ;
#11994 = CARTESIAN_POINT ( 'NONE',  ( -1.275000000000000133, 0.6999999999999995115, -0.3499999999999998113 ) ) ;
#11995 = ORIENTED_EDGE ( 'NONE', *, *, #8913, .F. ) ;
#11996 = VERTEX_POINT ( 'NONE', #12073 ) ;
#11997 = FACE_OUTER_BOUND ( 'NONE', #3628, .T. ) ;
#11998 = DIRECTION ( 'NONE',  ( 7.228014483236698528E-16, -1.694065894508603636E-16, 1.000000000000000000 ) ) ;
#11999 = DIRECTION ( 'NONE',  ( 0.000000000000000000, 0.7071067811865485719, -0.7071067811865465735 ) ) ;
#12000 = FACE_OUTER_BOUND ( 'NONE', #1272, .T. ) ;
#12001 = LINE ( 'NONE', #10509, #7412 ) ;
#12002 = EDGE_LOOP ( 'NONE', ( #4996, #5535, #9146, #5168 ) ) ;
#12003 = DIRECTION ( 'NONE',  ( -0.000000000000000000, 0.000000000000000000, -1.000000000000000000 ) ) ;
#12004 = COLOUR_RGB ( '',0.7921568627450980005, 0.8196078431372548767, 0.9333333333333333481 ) ;
#12005 = ORIENTED_EDGE ( 'NONE', *, *, #7376, .T. ) ;
#12006 = DIRECTION ( 'NONE',  ( -0.000000000000000000, -1.000000000000000000, -0.000000000000000000 ) ) ;
#12007 = EDGE_CURVE ( 'NONE', #6871, #10705, #2016, .T. ) ;
#12008 = ORIENTED_EDGE ( 'NONE', *, *, #3303, .F. ) ;
#12009 = LINE ( 'NONE', #1898, #3160 ) ;
#12010 = EDGE_CURVE ( 'NONE', #1783, #371, #1894, .T. ) ;
#12011 = EDGE_CURVE ( 'NONE', #3845, #4921, #10749, .T. ) ;
#12012 = CARTESIAN_POINT ( 'NONE',  ( -2.075000000000000178, 0.2000000000000000111, -0.9499999999999999556 ) ) ;
#12013 = VERTEX_POINT ( 'NONE', #10146 ) ;
#12014 = EDGE_CURVE ( 'NONE', #5192, #3975, #6260, .T. ) ;
#12015 = CARTESIAN_POINT ( 'NONE',  ( -3.199999999999999289, 1.150000000000011013, 0.3500000000000004774 ) ) ;
#12016 = ORIENTED_EDGE ( 'NONE', *, *, #3442, .F. ) ;
#12017 = LINE ( 'NONE', #1971, #7448 ) ;
#12018 = CARTESIAN_POINT ( 'NONE',  ( -1.224999999999999867, 0.6999999999999995115, -0.3499999999999998113 ) ) ;
#12019 = CARTESIAN_POINT ( 'NONE',  ( -3.225000000000000533, 1.149999999999999911, -0.3000000000000006550 ) ) ;
#12020 = DIRECTION ( 'NONE',  ( 0.000000000000000000, 0.000000000000000000, 1.000000000000000000 ) ) ;
#12021 = AXIS2_PLACEMENT_3D ( 'NONE', #6910, #1810, #8036 ) ;
#12022 = LINE ( 'NONE', #9336, #2938 ) ;
#12023 = LINE ( 'NONE', #9031, #3153 ) ;
#12024 = CARTESIAN_POINT ( 'NONE',  ( -0.3249999999999989009, -4.698209414103839400E-16, -0.3499999999999994227 ) ) ;
#12025 = VERTEX_POINT ( 'NONE', #1755 ) ;
#12026 = EDGE_CURVE ( 'NONE', #8175, #187, #1915, .T. ) ;
#12027 = VECTOR ( 'NONE', #296, 1000.000000000000000 ) ;
#12028 = ORIENTED_EDGE ( 'NONE', *, *, #2734, .F. ) ;
#12029 = DIRECTION ( 'NONE',  ( -4.818676322157797375E-16, 1.000000000000000000, 0.000000000000000000 ) ) ;
#12030 = ORIENTED_EDGE ( 'NONE', *, *, #11374, .F. ) ;
#12031 = VECTOR ( 'NONE', #6424, 1000.000000000000000 ) ;
#12032 = EDGE_CURVE ( 'NONE', #7235, #9330, #1622, .T. ) ;
#12033 = EDGE_CURVE ( 'NONE', #7329, #9520, #1932, .T. ) ;
#12034 = CARTESIAN_POINT ( 'NONE',  ( 3.500000000000000000, 0.2299999999999944866, -0.5500000000000018208 ) ) ;
#12035 = ORIENTED_EDGE ( 'NONE', *, *, #8724, .T. ) ;
#12036 =( NAMED_UNIT ( * ) PLANE_ANGLE_UNIT ( ) SI_UNIT ( $, .RADIAN. ) );
#12037 = DIRECTION ( 'NONE',  ( 0.000000000000000000, -2.409338161078897701E-16, -1.000000000000000000 ) ) ;
#12038 = DIRECTION ( 'NONE',  ( 0.5773502691896293948, -0.5773502691896285066, 0.5773502691896195138 ) ) ;
#12039 = CARTESIAN_POINT ( 'NONE',  ( 0.4750000000000001443, 1.124999999999999778, -0.5500000000000018208 ) ) ;
#12040 = ORIENTED_EDGE ( 'NONE', *, *, #12356, .T. ) ;
#12041 = ADVANCED_FACE ( 'NONE', ( #6350 ), #3892, .F. ) ;
#12042 = LINE ( 'NONE', #7427, #3281 ) ;
#12043 = EDGE_CURVE ( 'NONE', #3773, #7499, #11187, .T. ) ;
#12044 = CARTESIAN_POINT ( 'NONE',  ( 0.4750000000000001443, 0.9750000000000004219, -1.229999999999999760 ) ) ;
#12045 = EDGE_CURVE ( 'NONE', #11219, #4249, #6747, .T. ) ;
#12046 = CARTESIAN_POINT ( 'NONE',  ( 3.500000000000000000, 0.2799999999999950862, -1.350000000000000533 ) ) ;
#12047 = LINE ( 'NONE', #9950, #7620 ) ;
#12048 = DIRECTION ( 'NONE',  ( 0.000000000000000000, 0.3511234415883935367, -0.9363291775690438801 ) ) ;
#12049 = FACE_OUTER_BOUND ( 'NONE', #11153, .T. ) ;
#12050 = CARTESIAN_POINT ( 'NONE',  ( 1.925000000000000044, 0.000000000000000000, -1.300000000000000044 ) ) ;
#12051 = VERTEX_POINT ( 'NONE', #12903 ) ;
#12052 = CARTESIAN_POINT ( 'NONE',  ( 1.175000000000000266, 1.125000000000000222, 0.5500000000000004885 ) ) ;
#12053 = ORIENTED_EDGE ( 'NONE', *, *, #11126, .F. ) ;
#12054 = AXIS2_PLACEMENT_3D ( 'NONE', #9149, #13104, #11243 ) ;
#12055 = ORIENTED_EDGE ( 'NONE', *, *, #6202, .T. ) ;
#12056 = VECTOR ( 'NONE', #12319, 1000.000000000000000 ) ;
#12057 = ORIENTED_EDGE ( 'NONE', *, *, #1370, .T. ) ;
#12058 = DIRECTION ( 'NONE',  ( -0.000000000000000000, 1.000000000000000000, -0.000000000000000000 ) ) ;
#12059 = EDGE_CURVE ( 'NONE', #6447, #4719, #6575, .T. ) ;
#12060 = ADVANCED_FACE ( 'NONE', ( #2237 ), #936, .F. ) ;
#12061 = EDGE_LOOP ( 'NONE', ( #8478, #8529, #13108, #280 ) ) ;
#12062 = LINE ( 'NONE', #13141, #11976 ) ;
#12063 = CARTESIAN_POINT ( 'NONE',  ( 1.125000000000000222, 1.150000000000000133, -0.3999999999999999667 ) ) ;
#12064 = CARTESIAN_POINT ( 'NONE',  ( -1.324999999999999734, 1.474999999999999867, -1.349999999999997868 ) ) ;
#12065 = EDGE_CURVE ( 'NONE', #2344, #6713, #10910, .T. ) ;
#12066 = LINE ( 'NONE', #2193, #3004 ) ;
#12067 = LINE ( 'NONE', #3087, #7327 ) ;
#12068 = AXIS2_PLACEMENT_3D ( 'NONE', #2547, #3569, #2633 ) ;
#12069 = CARTESIAN_POINT ( 'NONE',  ( -1.275000000000000133, 1.125000000000000222, -0.5500000000000018208 ) ) ;
#12070 = VERTEX_POINT ( 'NONE', #2665 ) ;
#12071 = VECTOR ( 'NONE', #4288, 1000.000000000000000 ) ;
#12072 = EDGE_LOOP ( 'NONE', ( #1635, #5772, #10077, #1349 ) ) ;
#12073 = CARTESIAN_POINT ( 'NONE',  ( 1.275000000000000133, 0.2299999999999945421, -0.5500000000000019318 ) ) ;
#12074 = CARTESIAN_POINT ( 'NONE',  ( 0.3250000000000001776, 0.000000000000000000, -1.300000000000000044 ) ) ;
#12075 = EDGE_LOOP ( 'NONE', ( #7278, #2970, #12300, #3069 ) ) ;
#12076 = PRESENTATION_STYLE_ASSIGNMENT (( #10045 ) ) ;
#12077 = DIRECTION ( 'NONE',  ( 0.000000000000000000, -0.000000000000000000, -1.000000000000000000 ) ) ;
#12078 = AXIS2_PLACEMENT_3D ( 'NONE', #10598, #12463, #7559 ) ;
#12079 = CARTESIAN_POINT ( 'NONE',  ( 0.2874999999999640066, -3.162499999999994760, -0.5500000000000018208 ) ) ;
#12080 = ORIENTED_EDGE ( 'NONE', *, *, #3723, .F. ) ;
#12081 = CARTESIAN_POINT ( 'NONE',  ( 3.200000000000000178, 0.6500000000000112355, 1.305000000000000160 ) ) ;
#12082 = ORIENTED_EDGE ( 'NONE', *, *, #2468, .T. ) ;
#12083 = LINE ( 'NONE', #5517, #7582 ) ;
#12084 = AXIS2_PLACEMENT_3D ( 'NONE', #1806, #10941, #6080 ) ;
#12085 = DIRECTION ( 'NONE',  ( 0.5773502691896257311, 0.5773502691896257311, -0.5773502691896257311 ) ) ;
#12086 = PLANE ( 'NONE',  #1538 ) ;
#12087 = CIRCLE ( 'NONE', #6754, 0.03000000000000002318 ) ;
#12088 = ADVANCED_FACE ( 'NONE', ( #2135 ), #7454, .F. ) ;
#12089 = DIRECTION ( 'NONE',  ( -1.000000000000000000, 0.000000000000000000, 0.000000000000000000 ) ) ;
#12090 = VECTOR ( 'NONE', #690, 1000.000000000000000 ) ;
#12091 = ORIENTED_EDGE ( 'NONE', *, *, #12558, .T. ) ;
#12092 = CARTESIAN_POINT ( 'NONE',  ( 2.500000000000000888, 1.499999999999999334, 1.275000000000000133 ) ) ;
#12093 = EDGE_CURVE ( 'NONE', #9243, #10234, #2394, .T. ) ;
#12094 = CARTESIAN_POINT ( 'NONE',  ( -1.125000000000000222, 1.125000000000000222, 0.5000000000000000000 ) ) ;
#12095 = DIRECTION ( 'NONE',  ( -1.000000000000000000, -0.000000000000000000, -1.445602896647338917E-15 ) ) ;
#12096 = ADVANCED_FACE ( 'NONE', ( #11308 ), #7199, .F. ) ;
#12097 = VECTOR ( 'NONE', #9489, 1000.000000000000000 ) ;
#12098 = EDGE_LOOP ( 'NONE', ( #12396, #4313, #12279, #12277 ) ) ;
#12099 = ORIENTED_EDGE ( 'NONE', *, *, #2314, .T. ) ;
#12100 = FACE_OUTER_BOUND ( 'NONE', #8930, .T. ) ;
#12101 = DIRECTION ( 'NONE',  ( -0.000000000000000000, -0.000000000000000000, 1.000000000000000000 ) ) ;
#12102 = ORIENTED_EDGE ( 'NONE', *, *, #4898, .T. ) ;
#12103 = AXIS2_PLACEMENT_3D ( 'NONE', #8422, #9537, #10562 ) ;
#12104 = ORIENTED_EDGE ( 'NONE', *, *, #9660, .F. ) ;
#12105 = LINE ( 'NONE', #12864, #7702 ) ;
#12106 = CARTESIAN_POINT ( 'NONE',  ( 3.500000000000000000, 1.150000000000011013, 1.274999999999999245 ) ) ;
#12107 = CARTESIAN_POINT ( 'NONE',  ( 3.500000000000000000, 0.2799999999999950862, -1.350000000000000533 ) ) ;
#12108 = DIRECTION ( 'NONE',  ( -0.000000000000000000, -0.000000000000000000, 1.000000000000000000 ) ) ;
#12109 = DIRECTION ( 'NONE',  ( 1.000000000000000000, -0.000000000000000000, -0.000000000000000000 ) ) ;
#12110 = LINE ( 'NONE', #6685, #7684 ) ;
#12111 = VERTEX_POINT ( 'NONE', #3250 ) ;
#12112 = VECTOR ( 'NONE', #3692, 1000.000000000000000 ) ;
#12113 = DIRECTION ( 'NONE',  ( 0.000000000000000000, 1.000000000000000000, 4.336808689942004424E-16 ) ) ;
#12114 = ORIENTED_EDGE ( 'NONE', *, *, #6796, .T. ) ;
#12115 = DIRECTION ( 'NONE',  ( 0.000000000000000000, 0.000000000000000000, -1.000000000000000000 ) ) ;
#12116 = ORIENTED_EDGE ( 'NONE', *, *, #9684, .T. ) ;
#12117 = FACE_OUTER_BOUND ( 'NONE', #10291, .T. ) ;
#12118 = EDGE_CURVE ( 'NONE', #9054, #13186, #2175, .T. ) ;
#12119 = DIRECTION ( 'NONE',  ( 0.000000000000000000, 0.000000000000000000, 1.000000000000000000 ) ) ;
#12120 = ORIENTED_EDGE ( 'NONE', *, *, #8465, .T. ) ;
#12121 = CARTESIAN_POINT ( 'NONE',  ( 1.275000000000000133, 0.7499999999999998890, -0.3499999999999998113 ) ) ;
#12122 = DIRECTION ( 'NONE',  ( 0.000000000000000000, 0.000000000000000000, -1.000000000000000000 ) ) ;
#12123 = CARTESIAN_POINT ( 'NONE',  ( -0.4749999999999999223, 0.000000000000000000, -1.300000000000000044 ) ) ;
#12124 = ORIENTED_EDGE ( 'NONE', *, *, #1130, .T. ) ;
#12125 = LINE ( 'NONE', #11107, #3148 ) ;
#12126 = CARTESIAN_POINT ( 'NONE',  ( 0.4750000000000003109, 1.149999999999999911, -0.9749999999999940936 ) ) ;
#12127 = DIRECTION ( 'NONE',  ( -1.000000000000000000, -9.042264237094587925E-32, 2.710505431213771932E-16 ) ) ;
#12128 = DIRECTION ( 'NONE',  ( 0.000000000000000000, 0.000000000000000000, -1.000000000000000000 ) ) ;
#12129 = FACE_OUTER_BOUND ( 'NONE', #9245, .T. ) ;
#12130 = VECTOR ( 'NONE', #3041, 1000.000000000000000 ) ;
#12131 = DIRECTION ( 'NONE',  ( 0.000000000000000000, -1.000000000000000000, 0.000000000000000000 ) ) ;
#12132 = ORIENTED_EDGE ( 'NONE', *, *, #7232, .F. ) ;
#12133 = VECTOR ( 'NONE', #11551, 1000.000000000000000 ) ;
#12134 = PLANE ( 'NONE',  #4017 ) ;
#12135 = ORIENTED_EDGE ( 'NONE', *, *, #5458, .T. ) ;
#12136 = ORIENTED_EDGE ( 'NONE', *, *, #9721, .T. ) ;
#12137 = DIRECTION ( 'NONE',  ( -0.5773502691896240657, 0.5773502691896253980, -0.5773502691896279515 ) ) ;
#12138 = LINE ( 'NONE', #4926, #7570 ) ;
#12139 = LINE ( 'NONE', #7413, #3299 ) ;
#12140 = VECTOR ( 'NONE', #7748, 1000.000000000000000 ) ;
#12141 = DIRECTION ( 'NONE',  ( 1.000000000000000000, 0.000000000000000000, -7.228014483236698528E-16 ) ) ;
#12142 = ORIENTED_EDGE ( 'NONE', *, *, #9554, .F. ) ;
#12143 = DIRECTION ( 'NONE',  ( 0.000000000000000000, 1.000000000000000000, -0.000000000000000000 ) ) ;
#12144 = VERTEX_POINT ( 'NONE', #11226 ) ;
#12145 = LINE ( 'NONE', #7650, #3206 ) ;
#12146 = CARTESIAN_POINT ( 'NONE',  ( -1.275000000000000133, 0.000000000000000000, -1.300000000000000044 ) ) ;
#12147 = DIRECTION ( 'NONE',  ( 0.000000000000000000, 1.000000000000000000, 0.000000000000000000 ) ) ;
#12148 = LINE ( 'NONE', #685, #12199 ) ;
#12149 = DIRECTION ( 'NONE',  ( -5.421010862427530059E-16, -1.694065894508603883E-16, 1.000000000000000000 ) ) ;
#12150 = VECTOR ( 'NONE', #4914, 1000.000000000000000 ) ;
#12151 = DIRECTION ( 'NONE',  ( 1.000000000000000000, 0.000000000000000000, -0.000000000000000000 ) ) ;
#12152 = VERTEX_POINT ( 'NONE', #5196 ) ;
#12153 = PLANE ( 'NONE',  #10451 ) ;
#12154 = LINE ( 'NONE', #6930, #12112 ) ;
#12155 = EDGE_LOOP ( 'NONE', ( #6853, #7662, #1451, #658 ) ) ;
#12156 = CARTESIAN_POINT ( 'NONE',  ( 1.925000000000000711, 1.574999999999999734, -0.5500000000000017097 ) ) ;
#12157 = ORIENTED_EDGE ( 'NONE', *, *, #3073, .F. ) ;
#12158 = VECTOR ( 'NONE', #11568, 1000.000000000000000 ) ;
#12159 = VECTOR ( 'NONE', #8200, 1000.000000000000000 ) ;
#12160 = DIRECTION ( 'NONE',  ( 1.000000000000000000, 3.614007241618339403E-16, 0.000000000000000000 ) ) ;
#12161 = VECTOR ( 'NONE', #5405, 1000.000000000000000 ) ;
#12162 = PLANE ( 'NONE',  #8885 ) ;
#12163 = VERTEX_POINT ( 'NONE', #3076 ) ;
#12164 = CARTESIAN_POINT ( 'NONE',  ( -2.950000000000000622, 1.149999999999999911, -0.3000000000000006550 ) ) ;
#12165 = ADVANCED_FACE ( 'NONE', ( #10932 ), #10494, .T. ) ;
#12166 = ORIENTED_EDGE ( 'NONE', *, *, #1259, .F. ) ;
#12167 = VECTOR ( 'NONE', #10732, 1000.000000000000000 ) ;
#12168 = AXIS2_PLACEMENT_3D ( 'NONE', #4751, #382, #8757 ) ;
#12169 = EDGE_CURVE ( 'NONE', #2122, #4358, #2196, .T. ) ;
#12170 = CARTESIAN_POINT ( 'NONE',  ( -0.4749999999999995892, 1.750000000000000888, -1.275000000000001910 ) ) ;
#12171 = DIRECTION ( 'NONE',  ( 1.000000000000000000, -0.000000000000000000, -0.000000000000000000 ) ) ;
#12172 = EDGE_CURVE ( 'NONE', #6951, #8875, #6641, .T. ) ;
#12173 = LINE ( 'NONE', #6007, #12530 ) ;
#12174 = DIRECTION ( 'NONE',  ( 1.000000000000000000, 0.000000000000000000, -0.000000000000000000 ) ) ;
#12175 = VECTOR ( 'NONE', #11368, 1000.000000000000000 ) ;
#12176 = EDGE_CURVE ( 'NONE', #5539, #5710, #6814, .T. ) ;
#12177 = ORIENTED_EDGE ( 'NONE', *, *, #632, .F. ) ;
#12178 = CARTESIAN_POINT ( 'NONE',  ( -0.3250000000000000111, 0.7499999999999991118, -0.3499999999999998113 ) ) ;
#12179 = DIRECTION ( 'NONE',  ( -0.000000000000000000, -1.000000000000000000, -1.694065894508603636E-16 ) ) ;
#12180 = FACE_OUTER_BOUND ( 'NONE', #10316, .T. ) ;
#12181 = ORIENTED_EDGE ( 'NONE', *, *, #9363, .T. ) ;
#12182 = DIRECTION ( 'NONE',  ( 1.000000000000000000, -0.000000000000000000, -0.000000000000000000 ) ) ;
#12183 = EDGE_CURVE ( 'NONE', #12163, #3865, #6536, .T. ) ;
#12184 = ORIENTED_EDGE ( 'NONE', *, *, #4263, .T. ) ;
#12185 = LINE ( 'NONE', #5095, #7935 ) ;
#12186 = VECTOR ( 'NONE', #1540, 1000.000000000000000 ) ;
#12187 = VECTOR ( 'NONE', #6391, 1000.000000000000000 ) ;
#12188 = AXIS2_PLACEMENT_3D ( 'NONE', #5564, #6461, #207 ) ;
#12189 = DIRECTION ( 'NONE',  ( 4.818676322157797375E-16, -1.000000000000000000, 0.000000000000000000 ) ) ;
#12190 = ORIENTED_EDGE ( 'NONE', *, *, #501, .F. ) ;
#12191 = DIRECTION ( 'NONE',  ( -0.000000000000000000, -1.000000000000000000, 0.000000000000000000 ) ) ;
#12192 = ORIENTED_EDGE ( 'NONE', *, *, #796, .F. ) ;
#12193 = FACE_OUTER_BOUND ( 'NONE', #104, .T. ) ;
#12194 = EDGE_CURVE ( 'NONE', #11334, #10512, #11210, .T. ) ;
#12195 = AXIS2_PLACEMENT_3D ( 'NONE', #5131, #8270, #9318 ) ;
#12196 = CARTESIAN_POINT ( 'NONE',  ( 3.000000000000000444, 0.1250000000000063005, 1.274999999999999245 ) ) ;
#12197 = CARTESIAN_POINT ( 'NONE',  ( 0.3250000000000001776, 1.524999999999999911, 0.5500000000000003775 ) ) ;
#12198 = DIRECTION ( 'NONE',  ( 0.000000000000000000, 0.000000000000000000, 1.000000000000000000 ) ) ;
#12199 = VECTOR ( 'NONE', #10080, 1000.000000000000000 ) ;
#12200 = ADVANCED_FACE ( 'NONE', ( #6599 ), #1273, .F. ) ;
#12201 = LINE ( 'NONE', #11105, #3330 ) ;
#12202 = EDGE_CURVE ( 'NONE', #11457, #8835, #6723, .T. ) ;
#12203 = EDGE_LOOP ( 'NONE', ( #10831, #1964, #5879, #5020 ) ) ;
#12204 = ADVANCED_FACE ( 'NONE', ( #11039 ), #1444, .F. ) ;
#12205 = LINE ( 'NONE', #5256, #12562 ) ;
#12206 = DIRECTION ( 'NONE',  ( 1.000000000000000000, 0.000000000000000000, 0.000000000000000000 ) ) ;
#12207 = ORIENTED_EDGE ( 'NONE', *, *, #8199, .T. ) ;
#12208 = CARTESIAN_POINT ( 'NONE',  ( 3.500000000000000000, 1.149999999999999911, -0.4500000000000006217 ) ) ;
#12209 = ORIENTED_EDGE ( 'NONE', *, *, #3079, .F. ) ;
#12210 = VECTOR ( 'NONE', #4990, 1000.000000000000000 ) ;
#12211 = EDGE_CURVE ( 'NONE', #9179, #5024, #2437, .T. ) ;
#12212 = LINE ( 'NONE', #9772, #3610 ) ;
#12213 = EDGE_CURVE ( 'NONE', #2732, #9983, #2282, .T. ) ;
#12214 = VERTEX_POINT ( 'NONE', #5544 ) ;
#12215 = ORIENTED_EDGE ( 'NONE', *, *, #12202, .F. ) ;
#12216 = CARTESIAN_POINT ( 'NONE',  ( 3.200000000000000178, 0.1250000000000051903, 0.3500000000000004774 ) ) ;
#12217 = CARTESIAN_POINT ( 'NONE',  ( -0.5249999999999996891, 0.2299999999999946254, -1.350000000000000533 ) ) ;
#12218 = CARTESIAN_POINT ( 'NONE',  ( -1.275000000000000133, 0.000000000000000000, -1.300000000000000044 ) ) ;
#12219 = ORIENTED_EDGE ( 'NONE', *, *, #2940, .T. ) ;
#12220 = FACE_OUTER_BOUND ( 'NONE', #2184, .T. ) ;
#12221 = AXIS2_PLACEMENT_3D ( 'NONE', #9807, #6674, #10815 ) ;
#12222 = PLANE ( 'NONE',  #9186 ) ;
#12223 = DIRECTION ( 'NONE',  ( 0.5773502691896257311, -0.5773502691896257311, -0.5773502691896257311 ) ) ;
#12224 = LINE ( 'NONE', #3966, #3570 ) ;
#12225 = DIRECTION ( 'NONE',  ( 1.000000000000000000, 0.000000000000000000, -7.228014483236699514E-16 ) ) ;
#12226 = FACE_OUTER_BOUND ( 'NONE', #4794, .T. ) ;
#12227 = ORIENTED_EDGE ( 'NONE', *, *, #4900, .T. ) ;
#12228 = LINE ( 'NONE', #7255, #3602 ) ;
#12229 = DIRECTION ( 'NONE',  ( -0.000000000000000000, -0.000000000000000000, 1.000000000000000000 ) ) ;
#12230 = ORIENTED_EDGE ( 'NONE', *, *, #9521, .T. ) ;
#12231 = EDGE_CURVE ( 'NONE', #5329, #10232, #11097, .T. ) ;
#12232 = ORIENTED_EDGE ( 'NONE', *, *, #7576, .T. ) ;
#12233 = CARTESIAN_POINT ( 'NONE',  ( 2.500000000000000444, 0.2499999999999991396, -0.3499999999999994227 ) ) ;
#12234 = LINE ( 'NONE', #5173, #7789 ) ;
#12235 = FACE_OUTER_BOUND ( 'NONE', #1311, .T. ) ;
#12236 = LINE ( 'NONE', #6644, #12257 ) ;
#12237 = PLANE ( 'NONE',  #419 ) ;
#12238 = EDGE_LOOP ( 'NONE', ( #11007, #11216, #11162, #8904, #227, #6377 ) ) ;
#12239 = EDGE_CURVE ( 'NONE', #3987, #3230, #6683, .T. ) ;
#12240 = VERTEX_POINT ( 'NONE', #6532 ) ;
#12241 = EDGE_CURVE ( 'NONE', #867, #3326, #2059, .T. ) ;
#12242 = DIRECTION ( 'NONE',  ( 0.000000000000000000, 6.377659838150027460E-17, 1.000000000000000000 ) ) ;
#12243 = ORIENTED_EDGE ( 'NONE', *, *, #6025, .F. ) ;
#12244 = VECTOR ( 'NONE', #12310, 1000.000000000000000 ) ;
#12245 = DIRECTION ( 'NONE',  ( 0.000000000000000000, -0.000000000000000000, 1.000000000000000000 ) ) ;
#12246 = DIRECTION ( 'NONE',  ( 0.000000000000000000, -1.000000000000000000, 0.000000000000000000 ) ) ;
#12247 = CARTESIAN_POINT ( 'NONE',  ( -2.949999999999999734, 1.714999999999999858, 1.350000000000000533 ) ) ;
#12248 = AXIS2_PLACEMENT_3D ( 'NONE', #4562, #1297, #12662 ) ;
#12249 = ORIENTED_EDGE ( 'NONE', *, *, #12546, .F. ) ;
#12250 = VECTOR ( 'NONE', #12498, 1000.000000000000000 ) ;
#12251 = ORIENTED_EDGE ( 'NONE', *, *, #7574, .F. ) ;
#12252 = CARTESIAN_POINT ( 'NONE',  ( -0.4750000000000005884, 6.866613759074871934E-16, -0.3499999999999994227 ) ) ;
#12253 = ORIENTED_EDGE ( 'NONE', *, *, #967, .F. ) ;
#12254 = VECTOR ( 'NONE', #7755, 1000.000000000000000 ) ;
#12255 = VECTOR ( 'NONE', #10855, 1000.000000000000000 ) ;
#12256 = DIRECTION ( 'NONE',  ( -0.5773502691896208461, 0.5773502691896281735, 0.5773502691896281735 ) ) ;
#12257 = VECTOR ( 'NONE', #2454, 999.9999999999998863 ) ;
#12258 = VERTEX_POINT ( 'NONE', #2076 ) ;
#12259 = DIRECTION ( 'NONE',  ( 1.000000000000000000, 0.000000000000000000, 0.000000000000000000 ) ) ;
#12260 = ORIENTED_EDGE ( 'NONE', *, *, #5129, .T. ) ;
#12261 = EDGE_CURVE ( 'NONE', #2116, #10138, #6556, .T. ) ;
#12262 = EDGE_LOOP ( 'NONE', ( #11672, #12102, #3024, #3696, #7502, #3098, #11987, #7424, #12488, #11861, #7100, #7331, #3137, #4245, #8216 ) ) ;
#12263 = VECTOR ( 'NONE', #8061, 1000.000000000000000 ) ;
#12264 = DIRECTION ( 'NONE',  ( 0.000000000000000000, -1.000000000000000000, 0.000000000000000000 ) ) ;
#12265 = EDGE_CURVE ( 'NONE', #9539, #10076, #2304, .T. ) ;
#12266 = CARTESIAN_POINT ( 'NONE',  ( 3.500000000000000000, 0.000000000000000000, -1.050000000000000488 ) ) ;
#12267 = CARTESIAN_POINT ( 'NONE',  ( 0.4750000000000001443, 0.7499999999999998890, -0.3999999999999999667 ) ) ;
#12268 = FACE_OUTER_BOUND ( 'NONE', #7036, .T. ) ;
#12269 = DIRECTION ( 'NONE',  ( 0.000000000000000000, -3.336006684570795427E-16, 1.000000000000000000 ) ) ;
#12270 = LINE ( 'NONE', #7741, #12532 ) ;
#12271 = ORIENTED_EDGE ( 'NONE', *, *, #6369, .T. ) ;
#12272 = CARTESIAN_POINT ( 'NONE',  ( -0.3250000000000008438, 1.725000000000001865, -1.300000000000000044 ) ) ;
#12273 = DIRECTION ( 'NONE',  ( 0.000000000000000000, -1.000000000000000000, 0.000000000000000000 ) ) ;
#12274 = PLANE ( 'NONE',  #6038 ) ;
#12275 = AXIS2_PLACEMENT_3D ( 'NONE', #8676, #6821, #3481 ) ;
#12276 = VECTOR ( 'NONE', #5338, 1000.000000000000000 ) ;
#12277 = ORIENTED_EDGE ( 'NONE', *, *, #3428, .F. ) ;
#12278 = CARTESIAN_POINT ( 'NONE',  ( -1.925000000000000044, 0.7499999999999998890, -0.3999999999999999667 ) ) ;
#12279 = ORIENTED_EDGE ( 'NONE', *, *, #3210, .T. ) ;
#12280 = VECTOR ( 'NONE', #8010, 1000.000000000000000 ) ;
#12281 = VECTOR ( 'NONE', #9559, 1000.000000000000000 ) ;
#12282 = ORIENTED_EDGE ( 'NONE', *, *, #4528, .T. ) ;
#12283 = CARTESIAN_POINT ( 'NONE',  ( 0.3250000000000001776, 0.4499999999999999556, -0.9499999999999999556 ) ) ;
#12284 = VERTEX_POINT ( 'NONE', #1781 ) ;
#12285 = DIRECTION ( 'NONE',  ( -0.5773502691896208461, 0.5773502691896281735, 0.5773502691896281735 ) ) ;
#12286 = ORIENTED_EDGE ( 'NONE', *, *, #7725, .T. ) ;
#12287 = CIRCLE ( 'NONE', #4151, 0.02999999999999997113 ) ;
#12288 = DIRECTION ( 'NONE',  ( 0.000000000000000000, 1.000000000000000000, 0.000000000000000000 ) ) ;
#12289 = CARTESIAN_POINT ( 'NONE',  ( 3.200000000000000178, 0.3500000000000113021, 1.275000000000000133 ) ) ;
#12290 = CARTESIAN_POINT ( 'NONE',  ( 2.316666666666616248, 2.071666666666662771, -3.141666666666639962 ) ) ;
#12291 = PLANE ( 'NONE',  #3313 ) ;
#12292 = LINE ( 'NONE', #907, #8011 ) ;
#12293 = VECTOR ( 'NONE', #2129, 1000.000000000000114 ) ;
#12294 = EDGE_CURVE ( 'NONE', #3865, #7455, #6702, .T. ) ;
#12295 = ORIENTED_EDGE ( 'NONE', *, *, #10026, .F. ) ;
#12296 = LINE ( 'NONE', #4696, #12340 ) ;
#12297 = PLANE ( 'NONE',  #127 ) ;
#12298 = ORIENTED_EDGE ( 'NONE', *, *, #5364, .T. ) ;
#12299 = DIRECTION ( 'NONE',  ( -4.818676322157797375E-16, 1.000000000000000000, 0.000000000000000000 ) ) ;
#12300 = ORIENTED_EDGE ( 'NONE', *, *, #5696, .F. ) ;
#12301 = VECTOR ( 'NONE', #8301, 1000.000000000000000 ) ;
#12302 = VECTOR ( 'NONE', #12634, 1000.000000000000000 ) ;
#12303 = CARTESIAN_POINT ( 'NONE',  ( -1.924999999999998934, -2.782785576046128179E-15, -0.3499999999999994227 ) ) ;
#12304 = VERTEX_POINT ( 'NONE', #5796 ) ;
#12305 = ORIENTED_EDGE ( 'NONE', *, *, #12413, .T. ) ;
#12306 = CARTESIAN_POINT ( 'NONE',  ( 2.925000000000000266, 0.05000000000000506817, -0.5500000000000020428 ) ) ;
#12307 = CARTESIAN_POINT ( 'NONE',  ( -2.075000000000000178, 1.125000000000000222, 0.4999999999999996669 ) ) ;
#12308 = DIRECTION ( 'NONE',  ( 0.000000000000000000, 0.000000000000000000, 1.000000000000000000 ) ) ;
#12309 = VERTEX_POINT ( 'NONE', #2771 ) ;
#12310 = DIRECTION ( 'NONE',  ( 1.000000000000000000, 0.000000000000000000, 0.000000000000000000 ) ) ;
#12311 = CARTESIAN_POINT ( 'NONE',  ( 0.4749999999999993117, 1.725000000000001865, -1.300000000000000044 ) ) ;
#12312 = ADVANCED_FACE ( 'NONE', ( #6430 ), #8643, .F. ) ;
#12313 = CARTESIAN_POINT ( 'NONE',  ( 0.4125000000000004774, 1.149999999999999911, 0.3874999999999995670 ) ) ;
#12314 = VECTOR ( 'NONE', #1367, 1000.000000000000000 ) ;
#12315 = DIRECTION ( 'NONE',  ( -0.5773502691896323924, -0.5773502691896224004, -0.5773502691896224004 ) ) ;
#12316 = VERTEX_POINT ( 'NONE', #7897 ) ;
#12317 = ADVANCED_FACE ( 'NONE', ( #11148 ), #8989, .T. ) ;
#12318 = VECTOR ( 'NONE', #4149, 1000.000000000000000 ) ;
#12319 = DIRECTION ( 'NONE',  ( 0.000000000000000000, 0.7071067811865485719, -0.7071067811865465735 ) ) ;
#12320 = ORIENTED_EDGE ( 'NONE', *, *, #121, .F. ) ;
#12321 = ORIENTED_EDGE ( 'NONE', *, *, #3209, .F. ) ;
#12322 = DIRECTION ( 'NONE',  ( 0.000000000000000000, -0.000000000000000000, -1.000000000000000000 ) ) ;
#12323 = LINE ( 'NONE', #8112, #7906 ) ;
#12324 = FACE_OUTER_BOUND ( 'NONE', #9799, .T. ) ;
#12325 = CARTESIAN_POINT ( 'NONE',  ( -1.975000000000000089, 0.4499999999999999556, -0.3499999999999998113 ) ) ;
#12326 = ORIENTED_EDGE ( 'NONE', *, *, #2321, .F. ) ;
#12327 = ORIENTED_EDGE ( 'NONE', *, *, #5668, .F. ) ;
#12328 = DIRECTION ( 'NONE',  ( -1.000000000000000000, 0.000000000000000000, -0.000000000000000000 ) ) ;
#12329 = CARTESIAN_POINT ( 'NONE',  ( -1.275000000000000133, 1.150000000000000577, 0.5000000000000000000 ) ) ;
#12330 = VERTEX_POINT ( 'NONE', #610 ) ;
#12331 = LINE ( 'NONE', #1662, #12746 ) ;
#12332 = DIRECTION ( 'NONE',  ( 0.000000000000000000, 0.000000000000000000, 1.000000000000000000 ) ) ;
#12333 = CARTESIAN_POINT ( 'NONE',  ( -0.3250000000000000111, 0.4499999999999999556, -0.3999999999999999667 ) ) ;
#12334 = AXIS2_PLACEMENT_3D ( 'NONE', #4968, #12089, #1933 ) ;
#12335 = VECTOR ( 'NONE', #6451, 1000.000000000000000 ) ;
#12336 = CARTESIAN_POINT ( 'NONE',  ( 0.4750000000000001443, 0.7499999999999991118, -0.3499999999999998113 ) ) ;
#12337 = CARTESIAN_POINT ( 'NONE',  ( -0.5249999999999996891, 1.675000000000001377, -1.350000000000000533 ) ) ;
#12338 = ORIENTED_EDGE ( 'NONE', *, *, #6477, .F. ) ;
#12339 = EDGE_CURVE ( 'NONE', #11453, #2954, #6858, .T. ) ;
#12340 = VECTOR ( 'NONE', #9360, 1000.000000000000114 ) ;
#12341 = ORIENTED_EDGE ( 'NONE', *, *, #488, .T. ) ;
#12342 = CARTESIAN_POINT ( 'NONE',  ( 1.933333333333333348, 1.133333333333333526, 0.5083333333333335258 ) ) ;
#12343 = ORIENTED_EDGE ( 'NONE', *, *, #10484, .T. ) ;
#12344 = AXIS2_PLACEMENT_3D ( 'NONE', #1554, #5316, #5652 ) ;
#12345 = VECTOR ( 'NONE', #415, 1000.000000000000000 ) ;
#12346 = LINE ( 'NONE', #1228, #12159 ) ;
#12347 = EDGE_CURVE ( 'NONE', #8749, #2325, #11169, .T. ) ;
#12348 = LINE ( 'NONE', #7365, #3531 ) ;
#12349 = ADVANCED_FACE ( 'NONE', ( #2326 ), #2854, .F. ) ;
#12350 = EDGE_CURVE ( 'NONE', #11934, #6271, #6475, .T. ) ;
#12351 = EDGE_CURVE ( 'NONE', #3486, #6253, #2374, .T. ) ;
#12352 = VERTEX_POINT ( 'NONE', #12012 ) ;
#12353 = DIRECTION ( 'NONE',  ( 0.000000000000000000, -0.7071067811865459074, 0.7071067811865491270 ) ) ;
#12354 = ORIENTED_EDGE ( 'NONE', *, *, #11587, .T. ) ;
#12355 = DIRECTION ( 'NONE',  ( -0.000000000000000000, -1.000000000000000000, -1.694065894508603636E-16 ) ) ;
#12356 = EDGE_CURVE ( 'NONE', #10891, #1767, #2155, .T. ) ;
#12357 = ORIENTED_EDGE ( 'NONE', *, *, #12347, .F. ) ;
#12358 = FACE_OUTER_BOUND ( 'NONE', #6944, .T. ) ;
#12359 = CARTESIAN_POINT ( 'NONE',  ( 1.925000000000000488, 1.750000000000000888, -1.275000000000001910 ) ) ;
#12360 = EDGE_CURVE ( 'NONE', #10075, #12330, #2467, .T. ) ;
#12361 = CARTESIAN_POINT ( 'NONE',  ( -2.949999999999999289, 1.474999999999999867, -0.9749999999999990896 ) ) ;
#12362 = LINE ( 'NONE', #11593, #7950 ) ;
#12363 = CARTESIAN_POINT ( 'NONE',  ( -3.000000000000000444, 0.1250000000000054123, 1.274999999999999245 ) ) ;
#12364 = VECTOR ( 'NONE', #10464, 1000.000000000000000 ) ;
#12365 = ORIENTED_EDGE ( 'NONE', *, *, #8543, .T. ) ;
#12366 = PLANE ( 'NONE',  #9256 ) ;
#12367 =( NAMED_UNIT ( * ) PLANE_ANGLE_UNIT ( ) SI_UNIT ( $, .RADIAN. ) );
#12368 = LINE ( 'NONE', #8313, #3714 ) ;
#12369 = ORIENTED_EDGE ( 'NONE', *, *, #5699, .T. ) ;
#12370 = CARTESIAN_POINT ( 'NONE',  ( 3.500000000000000000, 0.3500000000000024203, 0.2749999999999982458 ) ) ;
#12371 = AXIS2_PLACEMENT_3D ( 'NONE', #4028, #6060, #45 ) ;
#12372 = VERTEX_POINT ( 'NONE', #12731 ) ;
#12373 = LINE ( 'NONE', #7658, #7831 ) ;
#12374 = LINE ( 'NONE', #10278, #3320 ) ;
#12375 = LINE ( 'NONE', #1914, #8079 ) ;
#12376 = ADVANCED_FACE ( 'NONE', ( #11233 ), #6787, .T. ) ;
#12377 = ORIENTED_EDGE ( 'NONE', *, *, #1528, .F. ) ;
#12378 = CARTESIAN_POINT ( 'NONE',  ( -2.500000000000000444, 0.2499999999999991396, -0.3499999999999994227 ) ) ;
#12379 = ORIENTED_EDGE ( 'NONE', *, *, #11803, .T. ) ;
#12380 = EDGE_CURVE ( 'NONE', #8663, #10315, #10877, .T. ) ;
#12381 = ORIENTED_EDGE ( 'NONE', *, *, #4238, .T. ) ;
#12382 = LINE ( 'NONE', #12069, #3536 ) ;
#12383 = CARTESIAN_POINT ( 'NONE',  ( 3.000000000000000444, 0.1250000000000063005, 0.07500000000000119071 ) ) ;
#12384 = CARTESIAN_POINT ( 'NONE',  ( -1.125000000000000222, 1.474999999999999867, -1.299999999999998712 ) ) ;
#12385 = CARTESIAN_POINT ( 'NONE',  ( 1.925000000000000488, 0.7499999999999991118, -0.3499999999999998113 ) ) ;
#12386 = EDGE_CURVE ( 'NONE', #4919, #500, #2074, .T. ) ;
#12387 = VECTOR ( 'NONE', #7460, 1000.000000000000000 ) ;
#12388 = LINE ( 'NONE', #3759, #3543 ) ;
#12389 = EDGE_CURVE ( 'NONE', #2005, #8437, #2645, .T. ) ;
#12390 = EDGE_CURVE ( 'NONE', #9543, #8556, #11746, .T. ) ;
#12391 = VERTEX_POINT ( 'NONE', #11933 ) ;
#12392 = FACE_OUTER_BOUND ( 'NONE', #4196, .T. ) ;
#12393 = CARTESIAN_POINT ( 'NONE',  ( 3.500000000000000000, 0.2299999999999944866, -0.5500000000000018208 ) ) ;
#12394 = ORIENTED_EDGE ( 'NONE', *, *, #6050, .F. ) ;
#12395 = DIRECTION ( 'NONE',  ( -1.000000000000000000, 0.000000000000000000, 0.000000000000000000 ) ) ;
#12396 = ORIENTED_EDGE ( 'NONE', *, *, #4119, .T. ) ;
#12397 = LINE ( 'NONE', #3679, #7613 ) ;
#12398 = VECTOR ( 'NONE', #4224, 1000.000000000000000 ) ;
#12399 = LINE ( 'NONE', #7451, #12302 ) ;
#12400 = AXIS2_PLACEMENT_3D ( 'NONE', #12407, #1237, #7338 ) ;
#12401 = ADVANCED_FACE ( 'NONE', ( #2726 ), #1525, .F. ) ;
#12402 = PLANE ( 'NONE',  #10368 ) ;
#12403 = EDGE_LOOP ( 'NONE', ( #6768, #9733, #12572, #3022, #7623, #12132 ) ) ;
#12404 = ORIENTED_EDGE ( 'NONE', *, *, #384, .T. ) ;
#12405 = PLANE ( 'NONE',  #186 ) ;
#12406 = PLANE ( 'NONE',  #9284 ) ;
#12407 = CARTESIAN_POINT ( 'NONE',  ( -1.274999999999999689, 0.7499999999999991118, -1.350000000000000533 ) ) ;
#12408 = ADVANCED_FACE ( 'NONE', ( #11723 ), #11260, .F. ) ;
#12409 = CARTESIAN_POINT ( 'NONE',  ( 3.500000000000003109, 1.474999999999999867, -0.9749999999999897637 ) ) ;
#12410 = ORIENTED_EDGE ( 'NONE', *, *, #8203, .T. ) ;
#12411 = LINE ( 'NONE', #8867, #8009 ) ;
#12412 = PRESENTATION_LAYER_ASSIGNMENT (  '', '', ( #11762 ) ) ;
#12413 = EDGE_CURVE ( 'NONE', #7615, #2122, #11388, .T. ) ;
#12414 = CARTESIAN_POINT ( 'NONE',  ( 1.325000000000000622, 1.149999999999999911, -1.349999999999997424 ) ) ;
#12415 = DIRECTION ( 'NONE',  ( 0.000000000000000000, 1.000000000000000000, 0.000000000000000000 ) ) ;
#12416 = VECTOR ( 'NONE', #3911, 1000.000000000000000 ) ;
#12417 = DIRECTION ( 'NONE',  ( 0.000000000000000000, 1.000000000000000000, 0.000000000000000000 ) ) ;
#12418 = VECTOR ( 'NONE', #4557, 1000.000000000000000 ) ;
#12419 = CARTESIAN_POINT ( 'NONE',  ( 0.3250000000000001776, 1.750000000000000888, -0.5500000000000017097 ) ) ;
#12420 = ORIENTED_EDGE ( 'NONE', *, *, #10934, .T. ) ;
#12421 = LINE ( 'NONE', #10886, #8144 ) ;
#12422 = EDGE_CURVE ( 'NONE', #965, #10041, #11639, .T. ) ;
#12423 = ORIENTED_EDGE ( 'NONE', *, *, #7489, .F. ) ;
#12424 = ORIENTED_EDGE ( 'NONE', *, *, #5051, .T. ) ;
#12425 = CARTESIAN_POINT ( 'NONE',  ( 2.500000000000000888, 1.499999999999999334, -0.3499999999999994227 ) ) ;
#12426 = LINE ( 'NONE', #11383, #11971 ) ;
#12427 = LINE ( 'NONE', #8681, #3583 ) ;
#12428 = FACE_OUTER_BOUND ( 'NONE', #11324, .T. ) ;
#12429 = PLANE ( 'NONE',  #5974 ) ;
#12430 = VERTEX_POINT ( 'NONE', #4024 ) ;
#12431 = ORIENTED_EDGE ( 'NONE', *, *, #7210, .T. ) ;
#12432 = STYLED_ITEM ( 'NONE', ( #9813 ), #6000 ) ;
#12433 = DIRECTION ( 'NONE',  ( 0.000000000000000000, -1.000000000000000000, 0.000000000000000000 ) ) ;
#12434 = ORIENTED_EDGE ( 'NONE', *, *, #8247, .T. ) ;
#12435 = FACE_OUTER_BOUND ( 'NONE', #11434, .T. ) ;
#12436 = CARTESIAN_POINT ( 'NONE',  ( -2.925000000000000266, 0.1250000000000055234, 1.350000000000000533 ) ) ;
#12437 = CARTESIAN_POINT ( 'NONE',  ( 1.125000000000000222, 0.7499999999999998890, -0.3999999999999999667 ) ) ;
#12438 = FACE_OUTER_BOUND ( 'NONE', #1594, .T. ) ;
#12439 = ADVANCED_FACE ( 'NONE', ( #7212 ), #2027, .F. ) ;
#12440 = CARTESIAN_POINT ( 'NONE',  ( 0.3250000000000001776, 0.7499999999999998890, -0.3499999999999998113 ) ) ;
#12441 = DIRECTION ( 'NONE',  ( -1.445602896647338917E-15, 0.000000000000000000, 1.000000000000000000 ) ) ;
#12442 = VERTEX_POINT ( 'NONE', #10437 ) ;
#12443 = VECTOR ( 'NONE', #6078, 1000.000000000000000 ) ;
#12444 = ORIENTED_EDGE ( 'NONE', *, *, #7576, .F. ) ;
#12445 = EDGE_LOOP ( 'NONE', ( #1822, #6006, #8680, #10590 ) ) ;
#12446 = LINE ( 'NONE', #1966, #3608 ) ;
#12447 = FACE_OUTER_BOUND ( 'NONE', #5451, .T. ) ;
#12448 = FACE_OUTER_BOUND ( 'NONE', #5708, .T. ) ;
#12449 = DIRECTION ( 'NONE',  ( -0.000000000000000000, -0.000000000000000000, 1.000000000000000000 ) ) ;
#12450 = ORIENTED_EDGE ( 'NONE', *, *, #3064, .T. ) ;
#12451 = PLANE ( 'NONE',  #157 ) ;
#12452 = EDGE_LOOP ( 'NONE', ( #9172, #9490, #4888, #3953 ) ) ;
#12453 = CARTESIAN_POINT ( 'NONE',  ( 1.925000000000000044, 1.150000000000000133, -0.3999999999999999667 ) ) ;
#12454 = ORIENTED_EDGE ( 'NONE', *, *, #11721, .F. ) ;
#12455 = LINE ( 'NONE', #4698, #8278 ) ;
#12456 = DIRECTION ( 'NONE',  ( 1.000000000000000000, 0.000000000000000000, 0.000000000000000000 ) ) ;
#12457 = AXIS2_PLACEMENT_3D ( 'NONE', #11896, #9528, #8779 ) ;
#12458 = PLANE ( 'NONE',  #12195 ) ;
#12459 = LINE ( 'NONE', #6860, #12416 ) ;
#12460 = CARTESIAN_POINT ( 'NONE',  ( 3.500000000000000000, 0.2799999999999950862, -1.350000000000000533 ) ) ;
#12461 = VERTEX_POINT ( 'NONE', #6306 ) ;
#12462 = PLANE ( 'NONE',  #2038 ) ;
#12463 = DIRECTION ( 'NONE',  ( 0.000000000000000000, -0.7071067811865490160, -0.7071067811865460184 ) ) ;
#12464 = LINE ( 'NONE', #7672, #12485 ) ;
#12465 = ORIENTED_EDGE ( 'NONE', *, *, #6156, .T. ) ;
#12466 = PLANE ( 'NONE',  #12248 ) ;
#12467 = DIRECTION ( 'NONE',  ( 1.000000000000000000, -0.000000000000000000, -0.000000000000000000 ) ) ;
#12468 = EDGE_LOOP ( 'NONE', ( #4687, #9163, #6825, #10684 ) ) ;
#12469 = LINE ( 'NONE', #13220, #3631 ) ;
#12470 = VECTOR ( 'NONE', #7328, 1000.000000000000000 ) ;
#12471 = LINE ( 'NONE', #1017, #3507 ) ;
#12472 = DIRECTION ( 'NONE',  ( -0.000000000000000000, -1.000000000000000000, -1.694065894508603636E-16 ) ) ;
#12473 = ORIENTED_EDGE ( 'NONE', *, *, #10218, .F. ) ;
#12474 = PLANE ( 'NONE',  #798 ) ;
#12475 = VECTOR ( 'NONE', #10885, 1000.000000000000000 ) ;
#12476 = VERTEX_POINT ( 'NONE', #6057 ) ;
#12477 = CARTESIAN_POINT ( 'NONE',  ( 2.575000000000001510, 1.574999999999999734, 1.350000000000000533 ) ) ;
#12478 = ORIENTED_EDGE ( 'NONE', *, *, #5229, .F. ) ;
#12479 = DIRECTION ( 'NONE',  ( 1.000000000000000000, 0.000000000000000000, -7.228014483236699514E-16 ) ) ;
#12480 = DIRECTION ( 'NONE',  ( -0.5773502691896249539, -0.5773502691896272854, 0.5773502691896249539 ) ) ;
#12481 = CARTESIAN_POINT ( 'NONE',  ( 2.700000000000000178, 1.149999999999999911, -1.050000000000000488 ) ) ;
#12482 = LINE ( 'NONE', #8714, #3645 ) ;
#12483 = LINE ( 'NONE', #9447, #3519 ) ;
#12484 = ORIENTED_EDGE ( 'NONE', *, *, #1743, .T. ) ;
#12485 = VECTOR ( 'NONE', #11727, 1000.000000000000000 ) ;
#12486 = DIRECTION ( 'NONE',  ( 0.000000000000000000, 0.000000000000000000, 1.000000000000000000 ) ) ;
#12487 = ORIENTED_EDGE ( 'NONE', *, *, #8206, .F. ) ;
#12488 = ORIENTED_EDGE ( 'NONE', *, *, #2605, .F. ) ;
#12489 = VECTOR ( 'NONE', #1372, 1000.000000000000114 ) ;
#12490 = VECTOR ( 'NONE', #4655, 1000.000000000000000 ) ;
#12491 = VECTOR ( 'NONE', #10434, 1000.000000000000000 ) ;
#12492 = ADVANCED_FACE ( 'NONE', ( #2559 ), #4210, .F. ) ;
#12493 = ORIENTED_EDGE ( 'NONE', *, *, #3144, .F. ) ;
#12494 = VECTOR ( 'NONE', #12246, 1000.000000000000000 ) ;
#12495 = ORIENTED_EDGE ( 'NONE', *, *, #12033, .F. ) ;
#12496 = DIRECTION ( 'NONE',  ( 0.000000000000000000, 1.000000000000000000, 0.000000000000000000 ) ) ;
#12497 = PLANE ( 'NONE',  #42 ) ;
#12498 = DIRECTION ( 'NONE',  ( -1.000000000000000000, 0.000000000000000000, 0.000000000000000000 ) ) ;
#12499 = CARTESIAN_POINT ( 'NONE',  ( -0.4749999999999999223, 1.312500000000000222, -1.300000000000000044 ) ) ;
#12500 = ORIENTED_EDGE ( 'NONE', *, *, #12875, .F. ) ;
#12501 = CARTESIAN_POINT ( 'NONE',  ( -2.075000000000000178, 1.574999999999999734, -1.300000000000000711 ) ) ;
#12502 = EDGE_CURVE ( 'NONE', #6713, #9750, #11524, .T. ) ;
#12503 = DIRECTION ( 'NONE',  ( 1.275531967630008943E-16, -1.000000000000000000, 0.000000000000000000 ) ) ;
#12504 = FACE_OUTER_BOUND ( 'NONE', #12075, .T. ) ;
#12505 = CARTESIAN_POINT ( 'NONE',  ( -2.024999999999999911, 1.175000000000000488, 0.5500000000000004885 ) ) ;
#12506 = VECTOR ( 'NONE', #7170, 1000.000000000000000 ) ;
#12507 = DIRECTION ( 'NONE',  ( -0.000000000000000000, -1.000000000000000000, -1.694065894508603636E-16 ) ) ;
#12508 = ORIENTED_EDGE ( 'NONE', *, *, #11120, .F. ) ;
#12509 = VECTOR ( 'NONE', #3599, 1000.000000000000000 ) ;
#12510 = DIRECTION ( 'NONE',  ( 0.000000000000000000, 1.000000000000000000, 0.000000000000000000 ) ) ;
#12511 = ORIENTED_EDGE ( 'NONE', *, *, #8585, .F. ) ;
#12512 = EDGE_CURVE ( 'NONE', #9469, #6866, #7060, .T. ) ;
#12513 = ORIENTED_EDGE ( 'NONE', *, *, #9057, .F. ) ;
#12514 = DIRECTION ( 'NONE',  ( -3.045510385445787457E-16, -0.9363291775690438801, -0.3511234415883935367 ) ) ;
#12515 = VECTOR ( 'NONE', #10033, 1000.000000000000000 ) ;
#12516 = LINE ( 'NONE', #6402, #3680 ) ;
#12517 = LINE ( 'NONE', #10577, #7983 ) ;
#12518 = ADVANCED_FACE ( 'NONE', ( #2621 ), #12474, .F. ) ;
#12519 = PLANE ( 'NONE',  #7521 ) ;
#12520 = ORIENTED_EDGE ( 'NONE', *, *, #1850, .F. ) ;
#12521 = AXIS2_PLACEMENT_3D ( 'NONE', #8178, #32, #5045 ) ;
#12522 = ORIENTED_EDGE ( 'NONE', *, *, #9845, .F. ) ;
#12523 = ADVANCED_FACE ( 'NONE', ( #11414 ), #13191, .F. ) ;
#12524 = VERTEX_POINT ( 'NONE', #10266 ) ;
#12525 = EDGE_CURVE ( 'NONE', #5234, #4943, #11617, .T. ) ;
#12526 = CARTESIAN_POINT ( 'NONE',  ( 1.125000000000000222, 1.150000000000000133, -1.229999999999999982 ) ) ;
#12527 = AXIS2_PLACEMENT_3D ( 'NONE', #12845, #623, #3551 ) ;
#12528 = CARTESIAN_POINT ( 'NONE',  ( 2.075000000000000178, 0.7499999999999998890, -0.5500000000000020428 ) ) ;
#12529 = EDGE_CURVE ( 'NONE', #7980, #8029, #11502, .T. ) ;
#12530 = VECTOR ( 'NONE', #13064, 1000.000000000000000 ) ;
#12531 = CARTESIAN_POINT ( 'NONE',  ( -3.199999999999999289, 0.3500000000000021982, 0.9499999999999959588 ) ) ;
#12532 = VECTOR ( 'NONE', #9013, 1000.000000000000000 ) ;
#12533 = EDGE_CURVE ( 'NONE', #10872, #9018, #7260, .T. ) ;
#12534 = EDGE_CURVE ( 'NONE', #11070, #13129, #2707, .T. ) ;
#12535 = ORIENTED_EDGE ( 'NONE', *, *, #10654, .T. ) ;
#12536 = LINE ( 'NONE', #495, #3404 ) ;
#12537 = ORIENTED_EDGE ( 'NONE', *, *, #766, .T. ) ;
#12538 = CARTESIAN_POINT ( 'NONE',  ( -0.4749999999999999223, 1.150000000000000577, 0.5000000000000000000 ) ) ;
#12539 = ORIENTED_EDGE ( 'NONE', *, *, #4330, .T. ) ;
#12540 = VECTOR ( 'NONE', #3560, 1000.000000000000000 ) ;
#12541 = LINE ( 'NONE', #5561, #12186 ) ;
#12542 = EDGE_CURVE ( 'NONE', #11455, #13046, #11347, .T. ) ;
#12543 = FACE_OUTER_BOUND ( 'NONE', #12989, .T. ) ;
#12544 = DIRECTION ( 'NONE',  ( 1.000000000000000000, -0.000000000000000000, -0.000000000000000000 ) ) ;
#12545 = CARTESIAN_POINT ( 'NONE',  ( -1.925000000000000044, 0.9750000000000004219, -1.229999999999999760 ) ) ;
#12546 = EDGE_CURVE ( 'NONE', #13246, #8788, #7087, .T. ) ;
#12547 = EDGE_LOOP ( 'NONE', ( #987, #2500, #11601, #4607, #2431 ) ) ;
#12548 = DIRECTION ( 'NONE',  ( -3.833233541708440522E-16, 0.7071067811865474617, 0.7071067811865474617 ) ) ;
#12549 = VECTOR ( 'NONE', #2991, 1000.000000000000000 ) ;
#12550 = CARTESIAN_POINT ( 'NONE',  ( 3.000000000000000444, 0.1250000000000056621, 1.350000000000000533 ) ) ;
#12551 = ORIENTED_EDGE ( 'NONE', *, *, #12241, .T. ) ;
#12552 = AXIS2_PLACEMENT_3D ( 'NONE', #12106, #2033, #4030 ) ;
#12553 = DIRECTION ( 'NONE',  ( -0.7071067811865430208, 0.000000000000000000, 0.7071067811865521247 ) ) ;
#12554 = CARTESIAN_POINT ( 'NONE',  ( -2.962499999999999911, 0.08750000000000526801, 0.07500000000000117684 ) ) ;
#12555 =( NAMED_UNIT ( * ) SI_UNIT ( $, .STERADIAN. ) SOLID_ANGLE_UNIT ( ) );
#12556 = LINE ( 'NONE', #10879, #3493 ) ;
#12557 = PLANE ( 'NONE',  #11220 ) ;
#12558 = EDGE_CURVE ( 'NONE', #2025, #4815, #7132, .T. ) ;
#12559 = VERTEX_POINT ( 'NONE', #9333 ) ;
#12560 = DIRECTION ( 'NONE',  ( -4.818676322157797375E-16, 1.000000000000000000, 0.000000000000000000 ) ) ;
#12561 = CARTESIAN_POINT ( 'NONE',  ( -3.200000000000000178, 0.6200000000000112088, 1.305000000000000160 ) ) ;
#12562 = VECTOR ( 'NONE', #11102, 1000.000000000000000 ) ;
#12563 = ORIENTED_EDGE ( 'NONE', *, *, #276, .F. ) ;
#12564 = EDGE_CURVE ( 'NONE', #10340, #7501, #11697, .T. ) ;
#12565 = CARTESIAN_POINT ( 'NONE',  ( -2.740000000000000213, 1.299999999999999378, 0.1500000000000006051 ) ) ;
#12566 = SURFACE_SIDE_STYLE ('',( #12707 ) ) ;
#12567 = EDGE_LOOP ( 'NONE', ( #11203, #6921, #11228, #809 ) ) ;
#12568 = FACE_OUTER_BOUND ( 'NONE', #13119, .T. ) ;
#12569 = FACE_OUTER_BOUND ( 'NONE', #8992, .T. ) ;
#12570 = LINE ( 'NONE', #7397, #3724 ) ;
#12571 = CARTESIAN_POINT ( 'NONE',  ( -2.075000000000000622, 1.474999999999999867, -1.300000000000000711 ) ) ;
#12572 = ORIENTED_EDGE ( 'NONE', *, *, #10795, .F. ) ;
#12573 = EDGE_CURVE ( 'NONE', #13196, #5656, #7173, .T. ) ;
#12574 = DIRECTION ( 'NONE',  ( 1.000000000000000000, 1.275531967630008943E-16, -0.000000000000000000 ) ) ;
#12575 = VECTOR ( 'NONE', #4773, 1000.000000000000000 ) ;
#12576 = CARTESIAN_POINT ( 'NONE',  ( 3.000000000000000444, 0.1250000000000062450, 0.2999999999999981570 ) ) ;
#12577 = EDGE_CURVE ( 'NONE', #8164, #1084, #7154, .T. ) ;
#12578 = AXIS2_PLACEMENT_3D ( 'NONE', #10388, #2391, #5613 ) ;
#12579 = EDGE_CURVE ( 'NONE', #9958, #6155, #11681, .T. ) ;
#12580 = DIRECTION ( 'NONE',  ( 0.000000000000000000, -1.000000000000000000, 0.000000000000000000 ) ) ;
#12581 = EDGE_LOOP ( 'NONE', ( #300, #3175, #2385, #2508, #1847 ) ) ;
#12582 = DIRECTION ( 'NONE',  ( 1.000000000000000000, 0.000000000000000000, 0.000000000000000000 ) ) ;
#12583 = DIRECTION ( 'NONE',  ( -0.000000000000000000, 1.000000000000000000, -0.000000000000000000 ) ) ;
#12584 = DIRECTION ( 'NONE',  ( -0.000000000000000000, 1.000000000000000000, -0.000000000000000000 ) ) ;
#12585 = LINE ( 'NONE', #7000, #7732 ) ;
#12586 = FACE_OUTER_BOUND ( 'NONE', #7142, .T. ) ;
#12587 = AXIS2_PLACEMENT_3D ( 'NONE', #2210, #3310, #10463 ) ;
#12588 = ORIENTED_EDGE ( 'NONE', *, *, #913, .T. ) ;
#12589 = LINE ( 'NONE', #6329, #12250 ) ;
#12590 = CARTESIAN_POINT ( 'NONE',  ( -0.3750000000000001110, 0.7499999999999998890, -0.3499999999999998113 ) ) ;
#12591 = ORIENTED_EDGE ( 'NONE', *, *, #12261, .F. ) ;
#12592 = ORIENTED_EDGE ( 'NONE', *, *, #11716, .T. ) ;
#12593 = PLANE ( 'NONE',  #10148 ) ;
#12594 = AXIS2_PLACEMENT_3D ( 'NONE', #12805, #1239, #3222 ) ;
#12595 = FACE_OUTER_BOUND ( 'NONE', #9809, .T. ) ;
#12596 = EDGE_CURVE ( 'NONE', #12650, #11759, #2770, .T. ) ;
#12597 = VECTOR ( 'NONE', #8999, 1000.000000000000000 ) ;
#12598 = FACE_OUTER_BOUND ( 'NONE', #5761, .T. ) ;
#12599 = DIRECTION ( 'NONE',  ( -1.000000000000000000, -0.000000000000000000, -0.000000000000000000 ) ) ;
#12600 = VERTEX_POINT ( 'NONE', #6555 ) ;
#12601 = CARTESIAN_POINT ( 'NONE',  ( 1.125000000000000222, 0.2299999999999946254, -1.300000000000000711 ) ) ;
#12602 = CARTESIAN_POINT ( 'NONE',  ( -3.500000000000000000, 0.08750000000000569822, -1.350000000000000533 ) ) ;
#12603 = CARTESIAN_POINT ( 'NONE',  ( -2.075000000000000178, 0.5000000000000002220, -0.3499999999999998113 ) ) ;
#12604 = CARTESIAN_POINT ( 'NONE',  ( 2.075000000000000178, 1.750000000000000888, -0.5500000000000018208 ) ) ;
#12605 = EDGE_CURVE ( 'NONE', #10163, #5733, #7323, .T. ) ;
#12606 = ORIENTED_EDGE ( 'NONE', *, *, #7247, .F. ) ;
#12607 = LINE ( 'NONE', #3992, #3875 ) ;
#12608 = EDGE_CURVE ( 'NONE', #8765, #3356, #11327, .T. ) ;
#12609 = VERTEX_POINT ( 'NONE', #643 ) ;
#12610 = DIRECTION ( 'NONE',  ( 0.000000000000000000, -0.000000000000000000, -1.000000000000000000 ) ) ;
#12611 = DIRECTION ( 'NONE',  ( 0.000000000000000000, 0.000000000000000000, 1.000000000000000000 ) ) ;
#12612 = LINE ( 'NONE', #7384, #8480 ) ;
#12613 = VECTOR ( 'NONE', #498, 1000.000000000000000 ) ;
#12614 = DIRECTION ( 'NONE',  ( 0.000000000000000000, 0.000000000000000000, 1.000000000000000000 ) ) ;
#12615 = ORIENTED_EDGE ( 'NONE', *, *, #12239, .T. ) ;
#12616 = AXIS2_PLACEMENT_3D ( 'NONE', #8207, #1962, #60 ) ;
#12617 = FACE_OUTER_BOUND ( 'NONE', #10008, .T. ) ;
#12618 = CARTESIAN_POINT ( 'NONE',  ( 0.3249999999999997891, 1.474999999999999867, -1.300000000000000711 ) ) ;
#12619 = ORIENTED_EDGE ( 'NONE', *, *, #5994, .T. ) ;
#12620 = VERTEX_POINT ( 'NONE', #7745 ) ;
#12621 = DIRECTION ( 'NONE',  ( 0.000000000000000000, 0.7071067811865490160, -0.7071067811865460184 ) ) ;
#12622 = LINE ( 'NONE', #1420, #3774 ) ;
#12623 = FACE_OUTER_BOUND ( 'NONE', #10422, .T. ) ;
#12624 = LINE ( 'NONE', #10857, #12140 ) ;
#12625 = ADVANCED_FACE ( 'NONE', ( #6996 ), #3761, .F. ) ;
#12626 = CARTESIAN_POINT ( 'NONE',  ( 3.199999999999999289, 1.150000000000011013, 0.3500000000000004774 ) ) ;
#12627 = VERTEX_POINT ( 'NONE', #10782 ) ;
#12628 = LINE ( 'NONE', #12333, #12494 ) ;
#12629 = DIRECTION ( 'NONE',  ( 0.7071067811865475727, 0.000000000000000000, -0.7071067811865475727 ) ) ;
#12630 = ORIENTED_EDGE ( 'NONE', *, *, #3663, .F. ) ;
#12631 = DIRECTION ( 'NONE',  ( 1.000000000000000000, -0.000000000000000000, -2.710505431213771932E-16 ) ) ;
#12632 = CARTESIAN_POINT ( 'NONE',  ( -3.500000000000000000, 1.714999999999999858, 0.5500000000000004885 ) ) ;
#12633 = LINE ( 'NONE', #12361, #8162 ) ;
#12634 = DIRECTION ( 'NONE',  ( 0.000000000000000000, 1.000000000000000000, 0.000000000000000000 ) ) ;
#12635 = VECTOR ( 'NONE', #2052, 1000.000000000000000 ) ;
#12636 = ORIENTED_EDGE ( 'NONE', *, *, #7113, .T. ) ;
#12637 = VECTOR ( 'NONE', #5851, 1000.000000000000000 ) ;
#12638 = ORIENTED_EDGE ( 'NONE', *, *, #10001, .F. ) ;
#12639 = CARTESIAN_POINT ( 'NONE',  ( 1.925000000000000044, 1.474999999999999867, -0.9749999999999920952 ) ) ;
#12640 = VERTEX_POINT ( 'NONE', #9501 ) ;
#12641 = VECTOR ( 'NONE', #4613, 1000.000000000000000 ) ;
#12642 = VECTOR ( 'NONE', #9298, 1000.000000000000000 ) ;
#12643 = CARTESIAN_POINT ( 'NONE',  ( 2.125000000000000444, 0.2299999999999920164, -1.350000000000000533 ) ) ;
#12644 = LINE ( 'NONE', #10784, #12187 ) ;
#12645 = DIRECTION ( 'NONE',  ( 0.000000000000000000, 0.000000000000000000, -1.000000000000000000 ) ) ;
#12646 = ADVANCED_FACE ( 'NONE', ( #6976 ), #2453, .F. ) ;
#12647 = ORIENTED_EDGE ( 'NONE', *, *, #12887, .F. ) ;
#12648 = CARTESIAN_POINT ( 'NONE',  ( 0.3250000000000001776, 0.4499999999999999556, -0.9499999999999999556 ) ) ;
#12649 = ADVANCED_FACE ( 'NONE', ( #7280 ), #7301, .F. ) ;
#12650 = VERTEX_POINT ( 'NONE', #1640 ) ;
#12651 = LINE ( 'NONE', #9302, #8227 ) ;
#12652 = CARTESIAN_POINT ( 'NONE',  ( 3.500000000000003553, 1.474999999999999867, -1.349999999999989653 ) ) ;
#12653 = CARTESIAN_POINT ( 'NONE',  ( 3.500000000000000000, 1.150000000000011013, 1.274999999999999245 ) ) ;
#12654 = DIRECTION ( 'NONE',  ( -1.000000000000000000, 0.000000000000000000, 0.000000000000000000 ) ) ;
#12655 = VECTOR ( 'NONE', #12654, 1000.000000000000000 ) ;
#12656 = CARTESIAN_POINT ( 'NONE',  ( -3.000000000000000444, 0.1250000000000054123, 1.350000000000000533 ) ) ;
#12657 = VECTOR ( 'NONE', #11400, 1000.000000000000000 ) ;
#12658 = ORIENTED_EDGE ( 'NONE', *, *, #6501, .T. ) ;
#12659 = CARTESIAN_POINT ( 'NONE',  ( 1.125000000000000222, 1.149999999999999911, -1.300000000000000711 ) ) ;
#12660 = DIRECTION ( 'NONE',  ( -1.000000000000000000, 0.000000000000000000, 7.228014483236699514E-16 ) ) ;
#12661 = ORIENTED_EDGE ( 'NONE', *, *, #1815, .T. ) ;
#12662 = DIRECTION ( 'NONE',  ( 1.000000000000000000, 0.000000000000000000, 0.000000000000000000 ) ) ;
#12663 = ORIENTED_EDGE ( 'NONE', *, *, #9342, .T. ) ;
#12664 = VECTOR ( 'NONE', #3461, 1000.000000000000000 ) ;
#12665 = LINE ( 'NONE', #1045, #8566 ) ;
#12666 = ORIENTED_EDGE ( 'NONE', *, *, #5243, .F. ) ;
#12667 = ORIENTED_EDGE ( 'NONE', *, *, #906, .T. ) ;
#12668 = DIRECTION ( 'NONE',  ( 0.000000000000000000, 0.000000000000000000, -1.000000000000000000 ) ) ;
#12669 = LINE ( 'NONE', #6665, #12690 ) ;
#12670 = CARTESIAN_POINT ( 'NONE',  ( -2.500000000000000444, 0.2499999999999991396, -0.3499999999999994227 ) ) ;
#12671 = DIRECTION ( 'NONE',  ( 0.000000000000000000, 0.000000000000000000, 1.000000000000000000 ) ) ;
#12672 = VERTEX_POINT ( 'NONE', #11525 ) ;
#12673 = VECTOR ( 'NONE', #1832, 1000.000000000000000 ) ;
#12674 = CARTESIAN_POINT ( 'NONE',  ( -2.075000000000000178, 1.574999999999999956, -1.300000000000000044 ) ) ;
#12675 = CARTESIAN_POINT ( 'NONE',  ( -0.4749999999999999223, 0.4499999999999999556, -0.9499999999999999556 ) ) ;
#12676 = DIRECTION ( 'NONE',  ( -0.000000000000000000, -0.000000000000000000, 1.000000000000000000 ) ) ;
#12677 = VECTOR ( 'NONE', #3094, 1000.000000000000000 ) ;
#12678 = LINE ( 'NONE', #7195, #3836 ) ;
#12679 = VERTEX_POINT ( 'NONE', #8581 ) ;
#12680 = CIRCLE ( 'NONE', #19, 0.03000000000000007869 ) ;
#12681 = DIRECTION ( 'NONE',  ( -1.000000000000000000, 0.000000000000000000, 0.000000000000000000 ) ) ;
#12682 = ORIENTED_EDGE ( 'NONE', *, *, #5868, .T. ) ;
#12683 = ORIENTED_EDGE ( 'NONE', *, *, #2752, .F. ) ;
#12684 = VECTOR ( 'NONE', #6547, 1000.000000000000000 ) ;
#12685 = LINE ( 'NONE', #6436, #4384 ) ;
#12686 = VERTEX_POINT ( 'NONE', #9597 ) ;
#12687 = EDGE_CURVE ( 'NONE', #11583, #2774, #2912, .T. ) ;
#12688 = CARTESIAN_POINT ( 'NONE',  ( -0.4749999999999999223, 0.2000000000000000111, -0.9499999999999999556 ) ) ;
#12689 = EDGE_LOOP ( 'NONE', ( #7537, #5923, #1597, #1375, #10706 ) ) ;
#12690 = VECTOR ( 'NONE', #8612, 1000.000000000000000 ) ;
#12691 = CARTESIAN_POINT ( 'NONE',  ( 0.4750000000000001443, 1.474999999999998535, -0.9749999999999940936 ) ) ;
#12692 = EDGE_CURVE ( 'NONE', #3626, #10069, #11793, .T. ) ;
#12693 = CARTESIAN_POINT ( 'NONE',  ( -3.000000000000000444, 0.1250000000000052180, 0.3500000000000004774 ) ) ;
#12694 = DIRECTION ( 'NONE',  ( 1.000000000000000000, 0.000000000000000000, 0.000000000000000000 ) ) ;
#12695 = CARTESIAN_POINT ( 'NONE',  ( 3.500000000000000000, 1.574999999999999734, 1.350000000000000533 ) ) ;
#12696 = VERTEX_POINT ( 'NONE', #5740 ) ;
#12697 = VECTOR ( 'NONE', #188, 1000.000000000000000 ) ;
#12698 = AXIS2_PLACEMENT_3D ( 'NONE', #4603, #8694, #10729 ) ;
#12699 = DIRECTION ( 'NONE',  ( -0.7071067811865474617, 0.7071067811865474617, -0.000000000000000000 ) ) ;
#12700 = CARTESIAN_POINT ( 'NONE',  ( 1.925000000000000044, 1.125000000000000222, -0.5500000000000018208 ) ) ;
#12701 = VECTOR ( 'NONE', #10515, 1000.000000000000000 ) ;
#12702 = CARTESIAN_POINT ( 'NONE',  ( 2.024999999999999911, 0.5000000000000002220, -0.3499999999999998113 ) ) ;
#12703 = LINE ( 'NONE', #9212, #8306 ) ;
#12704 = EDGE_CURVE ( 'NONE', #3758, #10666, #2598, .T. ) ;
#12705 = CARTESIAN_POINT ( 'NONE',  ( 0.3250000000000001776, 1.125000000000000222, -0.5500000000000018208 ) ) ;
#12706 = ORIENTED_EDGE ( 'NONE', *, *, #636, .T. ) ;
#12707 = SURFACE_STYLE_FILL_AREA ( #3566 ) ;
#12708 = CARTESIAN_POINT ( 'NONE',  ( 2.024999999999999911, 0.4499999999999999556, -0.3499999999999998113 ) ) ;
#12709 = EDGE_LOOP ( 'NONE', ( #3895, #3705, #4183, #8260 ) ) ;
#12710 = EDGE_CURVE ( 'NONE', #3712, #1869, #2513, .T. ) ;
#12711 = ORIENTED_EDGE ( 'NONE', *, *, #4583, .T. ) ;
#12712 = CARTESIAN_POINT ( 'NONE',  ( 3.200000000000000178, 1.150000000000011013, 1.250000000000001110 ) ) ;
#12713 = FACE_OUTER_BOUND ( 'NONE', #11767, .T. ) ;
#12714 = LINE ( 'NONE', #4182, #27 ) ;
#12715 = ORIENTED_EDGE ( 'NONE', *, *, #12579, .T. ) ;
#12716 = ORIENTED_EDGE ( 'NONE', *, *, #9388, .T. ) ;
#12717 = VECTOR ( 'NONE', #5849, 1000.000000000000000 ) ;
#12718 = DIRECTION ( 'NONE',  ( -1.000000000000000000, 0.000000000000000000, 2.710505431213771932E-16 ) ) ;
#12719 = EDGE_CURVE ( 'NONE', #3391, #6809, #11435, .T. ) ;
#12720 = VERTEX_POINT ( 'NONE', #11700 ) ;
#12721 = LINE ( 'NONE', #11983, #12697 ) ;
#12722 = CARTESIAN_POINT ( 'NONE',  ( -0.4749999999999999223, 1.150000000000000133, -1.453616071428571743 ) ) ;
#12723 = DIRECTION ( 'NONE',  ( -1.000000000000000000, -0.000000000000000000, 0.000000000000000000 ) ) ;
#12724 = EDGE_CURVE ( 'NONE', #5283, #831, #2535, .T. ) ;
#12725 = LINE ( 'NONE', #453, #3878 ) ;
#12726 = VECTOR ( 'NONE', #1659, 1000.000000000000000 ) ;
#12727 = EDGE_CURVE ( 'NONE', #11326, #11219, #3122, .T. ) ;
#12728 = ORIENTED_EDGE ( 'NONE', *, *, #2347, .F. ) ;
#12729 = COLOUR_RGB ( '',0.7921568627450980005, 0.8196078431372548767, 0.9333333333333333481 ) ;
#12730 = ORIENTED_EDGE ( 'NONE', *, *, #4471, .F. ) ;
#12731 = CARTESIAN_POINT ( 'NONE',  ( -1.125000000000000222, 0.7499999999999991118, -0.5500000000000021538 ) ) ;
#12732 = ORIENTED_EDGE ( 'NONE', *, *, #5548, .T. ) ;
#12733 = VECTOR ( 'NONE', #7558, 1000.000000000000000 ) ;
#12734 = FACE_OUTER_BOUND ( 'NONE', #742, .T. ) ;
#12735 = DIRECTION ( 'NONE',  ( 0.7071067811865521247, 3.407318703740853605E-16, 0.7071067811865430208 ) ) ;
#12736 = ORIENTED_EDGE ( 'NONE', *, *, #9891, .T. ) ;
#12737 = CARTESIAN_POINT ( 'NONE',  ( -2.740000000000000657, 1.299999999999999156, -0.3499999999999994227 ) ) ;
#12738 = ADVANCED_FACE ( 'NONE', ( #7470 ), #725, .F. ) ;
#12739 = DIRECTION ( 'NONE',  ( 0.000000000000000000, 1.000000000000000000, 0.000000000000000000 ) ) ;
#12740 = AXIS2_PLACEMENT_3D ( 'NONE', #870, #6790, #12191 ) ;
#12741 = VERTEX_POINT ( 'NONE', #6640 ) ;
#12742 = DIRECTION ( 'NONE',  ( 0.000000000000000000, -1.000000000000000000, 0.000000000000000000 ) ) ;
#12743 = VECTOR ( 'NONE', #9131, 1000.000000000000000 ) ;
#12744 = CARTESIAN_POINT ( 'NONE',  ( 0.3250000000000001776, 1.499999999999999334, 1.275000000000000133 ) ) ;
#12745 = VERTEX_POINT ( 'NONE', #4571 ) ;
#12746 = VECTOR ( 'NONE', #11141, 1000.000000000000000 ) ;
#12747 = DIRECTION ( 'NONE',  ( 1.000000000000000000, 0.000000000000000000, -7.228014483236699514E-16 ) ) ;
#12748 = EDGE_CURVE ( 'NONE', #9312, #11035, #12145, .T. ) ;
#12749 = ORIENTED_EDGE ( 'NONE', *, *, #8219, .T. ) ;
#12750 = ORIENTED_EDGE ( 'NONE', *, *, #6180, .T. ) ;
#12751 = CARTESIAN_POINT ( 'NONE',  ( -1.275000000000000133, 1.750000000000000888, -0.5500000000000017097 ) ) ;
#12752 = DIRECTION ( 'NONE',  ( 0.7071067811865521247, 3.407318703740853605E-16, 0.7071067811865430208 ) ) ;
#12753 = VECTOR ( 'NONE', #3813, 1000.000000000000000 ) ;
#12754 = CARTESIAN_POINT ( 'NONE',  ( 0.4750000000000004774, 1.149999999999999911, -1.300000000000000266 ) ) ;
#12755 = LINE ( 'NONE', #7112, #3340 ) ;
#12756 = EDGE_CURVE ( 'NONE', #6915, #12696, #12105, .T. ) ;
#12757 = ORIENTED_EDGE ( 'NONE', *, *, #1077, .T. ) ;
#12758 = DIRECTION ( 'NONE',  ( -3.833233541708440522E-16, 0.7071067811865474617, 0.7071067811865474617 ) ) ;
#12759 = CARTESIAN_POINT ( 'NONE',  ( -2.740000000000000213, 0.6999999999999991784, 1.300000000000000711 ) ) ;
#12760 = LINE ( 'NONE', #10695, #8527 ) ;
#12761 = EDGE_CURVE ( 'NONE', #4919, #2086, #3189, .T. ) ;
#12762 = ORIENTED_EDGE ( 'NONE', *, *, #827, .F. ) ;
#12763 = ADVANCED_FACE ( 'NONE', ( #3231 ), #898, .F. ) ;
#12764 = AXIS2_PLACEMENT_3D ( 'NONE', #8220, #4918, #8931 ) ;
#12765 = ADVANCED_BREP_SHAPE_REPRESENTATION ( 'SM06B-SURS-TF', ( #6000, #10678, #7018, #5903, #1347, #11698, #2151, #7486, #4309, #2813 ), #10671 ) ;
#12766 = PLANE ( 'NONE',  #10039 ) ;
#12767 = ORIENTED_EDGE ( 'NONE', *, *, #9087, .F. ) ;
#12768 = LINE ( 'NONE', #1802, #8021 ) ;
#12769 = ORIENTED_EDGE ( 'NONE', *, *, #7734, .F. ) ;
#12770 = DIRECTION ( 'NONE',  ( 1.000000000000000000, 0.000000000000000000, -0.000000000000000000 ) ) ;
#12771 = ADVANCED_FACE ( 'NONE', ( #7800 ), #3957, .F. ) ;
#12772 = ORIENTED_EDGE ( 'NONE', *, *, #6442, .F. ) ;
#12773 = CARTESIAN_POINT ( 'NONE',  ( -2.574999999999999734, 1.750000000000000000, 1.350000000000000533 ) ) ;
#12774 = LINE ( 'NONE', #6101, #3926 ) ;
#12775 = AXIS2_PLACEMENT_3D ( 'NONE', #11978, #10319, #5187 ) ;
#12776 = CARTESIAN_POINT ( 'NONE',  ( -1.125000000000000222, 0.2000000000000000111, -0.9499999999999999556 ) ) ;
#12777 = ADVANCED_FACE ( 'NONE', ( #3057 ), #11957, .F. ) ;
#12778 = CARTESIAN_POINT ( 'NONE',  ( 2.950000000000000622, 1.149999999999999911, -0.9749999999999905409 ) ) ;
#12779 = ORIENTED_EDGE ( 'NONE', *, *, #6437, .T. ) ;
#12780 = ORIENTED_EDGE ( 'NONE', *, *, #6659, .T. ) ;
#12781 = CARTESIAN_POINT ( 'NONE',  ( -2.500000000000000888, 0.6999999999999991784, 0.1500000000000006051 ) ) ;
#12782 = LINE ( 'NONE', #10166, #3934 ) ;
#12783 = LINE ( 'NONE', #9890, #3787 ) ;
#12784 = EDGE_LOOP ( 'NONE', ( #10945, #6694, #8814, #2272 ) ) ;
#12785 = VECTOR ( 'NONE', #9801, 1000.000000000000000 ) ;
#12786 = DIRECTION ( 'NONE',  ( -4.818676322157797375E-16, 1.000000000000000000, 0.000000000000000000 ) ) ;
#12787 = ORIENTED_EDGE ( 'NONE', *, *, #9684, .F. ) ;
#12788 = EDGE_CURVE ( 'NONE', #1555, #6447, #7551, .T. ) ;
#12789 = VERTEX_POINT ( 'NONE', #2131 ) ;
#12790 = EDGE_CURVE ( 'NONE', #2874, #1576, #7511, .T. ) ;
#12791 = LINE ( 'NONE', #1073, #4083 ) ;
#12792 = CARTESIAN_POINT ( 'NONE',  ( 0.4750000000000001443, 1.125000000000000222, 0.4999999999999996669 ) ) ;
#12793 = ORIENTED_EDGE ( 'NONE', *, *, #1674, .F. ) ;
#12794 = CARTESIAN_POINT ( 'NONE',  ( -0.4749999999999999223, 0.2000000000000000111, -0.9499999999999999556 ) ) ;
#12795 = ORIENTED_EDGE ( 'NONE', *, *, #10623, .T. ) ;
#12796 = UNCERTAINTY_MEASURE_WITH_UNIT (LENGTH_MEASURE( 1.000000000000000082E-05 ), #3288, 'distance_accuracy_value', 'NONE');
#12797 = VECTOR ( 'NONE', #5930, 1000.000000000000000 ) ;
#12798 = CARTESIAN_POINT ( 'NONE',  ( -2.075000000000000178, 1.750000000000000444, -0.5500000000000017097 ) ) ;
#12799 =( NAMED_UNIT ( * ) PLANE_ANGLE_UNIT ( ) SI_UNIT ( $, .RADIAN. ) );
#12800 = CARTESIAN_POINT ( 'NONE',  ( 3.200000000000000178, 0.2750000000000112355, 1.350000000000000533 ) ) ;
#12801 = DIRECTION ( 'NONE',  ( 0.000000000000000000, -1.000000000000000000, 0.000000000000000000 ) ) ;
#12802 = ORIENTED_EDGE ( 'NONE', *, *, #12534, .T. ) ;
#12803 = AXIS2_PLACEMENT_3D ( 'NONE', #5762, #9708, #10726 ) ;
#12804 = ORIENTED_EDGE ( 'NONE', *, *, #4165, .T. ) ;
#12805 = CARTESIAN_POINT ( 'NONE',  ( 1.925000000000000044, 1.150000000000000133, -1.229999999999999760 ) ) ;
#12806 = CARTESIAN_POINT ( 'NONE',  ( -1.274999999999999689, 0.7499999999999991118, -1.350000000000000533 ) ) ;
#12807 = LINE ( 'NONE', #10129, #8377 ) ;
#12808 = CARTESIAN_POINT ( 'NONE',  ( -1.924999999999999822, 1.149999999999999911, 0.000000000000000000 ) ) ;
#12809 = LINE ( 'NONE', #11244, #3958 ) ;
#12810 = CARTESIAN_POINT ( 'NONE',  ( -1.125000000000000222, 0.000000000000000000, -1.300000000000000044 ) ) ;
#12811 = ORIENTED_EDGE ( 'NONE', *, *, #8266, .F. ) ;
#12812 = LINE ( 'NONE', #9968, #12785 ) ;
#12813 = ORIENTED_EDGE ( 'NONE', *, *, #4973, .T. ) ;
#12814 = ORIENTED_EDGE ( 'NONE', *, *, #12010, .F. ) ;
#12815 = VECTOR ( 'NONE', #12758, 1000.000000000000114 ) ;
#12816 = ORIENTED_EDGE ( 'NONE', *, *, #5826, .T. ) ;
#12817 = ORIENTED_EDGE ( 'NONE', *, *, #9058, .F. ) ;
#12818 = LINE ( 'NONE', #2829, #8368 ) ;
#12819 = EDGE_CURVE ( 'NONE', #7987, #3635, #12125, .T. ) ;
#12820 = CARTESIAN_POINT ( 'NONE',  ( 0.4750000000000001443, 0.4499999999999999556, -0.3999999999999999667 ) ) ;
#12821 = DIRECTION ( 'NONE',  ( 0.000000000000000000, -1.000000000000000000, 0.000000000000000000 ) ) ;
#12822 = VERTEX_POINT ( 'NONE', #2878 ) ;
#12823 = ORIENTED_EDGE ( 'NONE', *, *, #2259, .F. ) ;
#12824 = CARTESIAN_POINT ( 'NONE',  ( -1.125000000000000222, 1.750000000000000888, -0.5500000000000018208 ) ) ;
#12825 = FACE_OUTER_BOUND ( 'NONE', #4987, .T. ) ;
#12826 = CARTESIAN_POINT ( 'NONE',  ( 0.3250000000000001776, 0.9750000000000004219, -1.453616071428571521 ) ) ;
#12827 = LINE ( 'NONE', #6045, #8282 ) ;
#12828 = LINE ( 'NONE', #8508, #12613 ) ;
#12829 = EDGE_LOOP ( 'NONE', ( #8922, #11112, #2383, #10725 ) ) ;
#12830 = ORIENTED_EDGE ( 'NONE', *, *, #11928, .T. ) ;
#12831 = CARTESIAN_POINT ( 'NONE',  ( 1.125000000000000222, 0.7499999999999998890, -0.3499999999999998113 ) ) ;
#12832 = EDGE_LOOP ( 'NONE', ( #10159, #5833, #7416, #1986 ) ) ;
#12833 = FACE_OUTER_BOUND ( 'NONE', #9791, .T. ) ;
#12834 = VERTEX_POINT ( 'NONE', #3045 ) ;
#12835 = CARTESIAN_POINT ( 'NONE',  ( -1.275000000000000133, 1.150000000000000133, -0.3999999999999999667 ) ) ;
#12836 = ADVANCED_FACE ( 'NONE', ( #3345 ), #5164, .F. ) ;
#12837 = EDGE_LOOP ( 'NONE', ( #12454, #5262, #1652, #3466 ) ) ;
#12838 = PLANE ( 'NONE',  #4768 ) ;
#12839 = VECTOR ( 'NONE', #5023, 1000.000000000000000 ) ;
#12840 = PLANE ( 'NONE',  #9492 ) ;
#12841 = EDGE_LOOP ( 'NONE', ( #11902, #4680, #787, #11475 ) ) ;
#12842 = DIRECTION ( 'NONE',  ( 0.7071067811865475727, 0.000000000000000000, 0.7071067811865475727 ) ) ;
#12843 = VERTEX_POINT ( 'NONE', #2968 ) ;
#12844 = ORIENTED_EDGE ( 'NONE', *, *, #5577, .T. ) ;
#12845 = CARTESIAN_POINT ( 'NONE',  ( 3.500000000000000000, 0.2299999999999946254, -1.350000000000000533 ) ) ;
#12846 = LINE ( 'NONE', #8856, #4355 ) ;
#12847 = DIRECTION ( 'NONE',  ( 1.000000000000000000, -0.000000000000000000, -0.000000000000000000 ) ) ;
#12848 = CARTESIAN_POINT ( 'NONE',  ( -0.4249999999999998224, 1.175000000000000488, 0.5500000000000004885 ) ) ;
#12849 = FACE_OUTER_BOUND ( 'NONE', #6438, .T. ) ;
#12850 = DIRECTION ( 'NONE',  ( -1.000000000000000000, -0.000000000000000000, -0.000000000000000000 ) ) ;
#12851 = VECTOR ( 'NONE', #8215, 1000.000000000000000 ) ;
#12852 = ORIENTED_EDGE ( 'NONE', *, *, #9692, .F. ) ;
#12853 = VECTOR ( 'NONE', #2660, 1000.000000000000000 ) ;
#12854 = VERTEX_POINT ( 'NONE', #12126 ) ;
#12855 = DIRECTION ( 'NONE',  ( 1.000000000000000000, -0.000000000000000000, -0.000000000000000000 ) ) ;
#12856 = ORIENTED_EDGE ( 'NONE', *, *, #3941, .T. ) ;
#12857 = VECTOR ( 'NONE', #8506, 1000.000000000000000 ) ;
#12858 = EDGE_CURVE ( 'NONE', #12352, #878, #7429, .T. ) ;
#12859 = VERTEX_POINT ( 'NONE', #10038 ) ;
#12860 = ADVANCED_FACE ( 'NONE', ( #7494 ), #11292, .F. ) ;
#12861 = DIRECTION ( 'NONE',  ( -0.000000000000000000, 1.000000000000000000, -0.000000000000000000 ) ) ;
#12862 = CARTESIAN_POINT ( 'NONE',  ( 3.200000000000000178, 0.1250000000000056344, 1.350000000000000533 ) ) ;
#12863 = ORIENTED_EDGE ( 'NONE', *, *, #12704, .F. ) ;
#12864 = CARTESIAN_POINT ( 'NONE',  ( 1.275000000000000133, 1.474999999999999867, -0.9749999999999897637 ) ) ;
#12865 = LINE ( 'NONE', #7110, #8445 ) ;
#12866 = CARTESIAN_POINT ( 'NONE',  ( -2.075000000000000178, 0.000000000000000000, -1.300000000000000044 ) ) ;
#12867 = CARTESIAN_POINT ( 'NONE',  ( 3.200000000000000178, 0.3050000000000114286, 1.275000000000000133 ) ) ;
#12868 = VERTEX_POINT ( 'NONE', #12044 ) ;
#12869 = CARTESIAN_POINT ( 'NONE',  ( 1.125000000000000222, 1.124999999999999778, -1.350000000000000533 ) ) ;
#12870 = ORIENTED_EDGE ( 'NONE', *, *, #12045, .F. ) ;
#12871 = DIRECTION ( 'NONE',  ( -0.7071067811865475727, 0.000000000000000000, 0.7071067811865475727 ) ) ;
#12872 = AXIS2_PLACEMENT_3D ( 'NONE', #12737, #7628, #5634 ) ;
#12873 = VECTOR ( 'NONE', #2401, 1000.000000000000114 ) ;
#12874 = DIRECTION ( 'NONE',  ( 0.000000000000000000, 1.000000000000000000, -0.000000000000000000 ) ) ;
#12875 = EDGE_CURVE ( 'NONE', #12984, #4580, #3000, .T. ) ;
#12876 = LINE ( 'NONE', #7729, #4032 ) ;
#12877 = FACE_OUTER_BOUND ( 'NONE', #10029, .T. ) ;
#12878 = EDGE_CURVE ( 'NONE', #10569, #10548, #12062, .T. ) ;
#12879 = EDGE_CURVE ( 'NONE', #141, #7634, #3305, .T. ) ;
#12880 = ORIENTED_EDGE ( 'NONE', *, *, #6203, .T. ) ;
#12881 = AXIS2_PLACEMENT_3D ( 'NONE', #12939, #8819, #1698 ) ;
#12882 = CARTESIAN_POINT ( 'NONE',  ( -1.175000000000000266, 1.175000000000000488, 0.5500000000000004885 ) ) ;
#12883 = VERTEX_POINT ( 'NONE', #3858 ) ;
#12884 = ORIENTED_EDGE ( 'NONE', *, *, #2783, .F. ) ;
#12885 = VECTOR ( 'NONE', #10518, 1000.000000000000000 ) ;
#12886 = CARTESIAN_POINT ( 'NONE',  ( 3.500000000000003553, 1.474999999999999867, -1.349999999999989653 ) ) ;
#12887 = EDGE_CURVE ( 'NONE', #2043, #8663, #12017, .T. ) ;
#12888 = VERTEX_POINT ( 'NONE', #4051 ) ;
#12889 = ADVANCED_FACE ( 'NONE', ( #7727 ), #7833, .T. ) ;
#12890 = VERTEX_POINT ( 'NONE', #11958 ) ;
#12891 = CIRCLE ( 'NONE', #2188, 0.2236160714285718720 ) ;
#12892 = DIRECTION ( 'NONE',  ( 0.000000000000000000, -1.000000000000000000, -5.421010862427604014E-16 ) ) ;
#12893 = DIRECTION ( 'NONE',  ( 0.000000000000000000, 1.000000000000000000, -2.409338161078897701E-16 ) ) ;
#12894 = ADVANCED_FACE ( 'NONE', ( #2935 ), #814, .F. ) ;
#12895 = VERTEX_POINT ( 'NONE', #5609 ) ;
#12896 = ORIENTED_EDGE ( 'NONE', *, *, #11608, .T. ) ;
#12897 = PLANE ( 'NONE',  #13112 ) ;
#12898 = ORIENTED_EDGE ( 'NONE', *, *, #1560, .T. ) ;
#12899 = ADVANCED_FACE ( 'NONE', ( #11997 ), #7258, .F. ) ;
#12900 = EDGE_CURVE ( 'NONE', #1354, #4214, #11918, .T. ) ;
#12901 = AXIS2_PLACEMENT_3D ( 'NONE', #7714, #8648, #9653 ) ;
#12902 = DIRECTION ( 'NONE',  ( 1.000000000000000000, -0.000000000000000000, -0.000000000000000000 ) ) ;
#12903 = CARTESIAN_POINT ( 'NONE',  ( -1.874999999999999556, 0.2799999999999950862, -1.350000000000000533 ) ) ;
#12904 = LINE ( 'NONE', #4373, #3983 ) ;
#12905 = CARTESIAN_POINT ( 'NONE',  ( 1.466666666666638141, -0.06666666666665824192, -3.091666666666660124 ) ) ;
#12906 = LINE ( 'NONE', #2831, #4100 ) ;
#12907 = DIRECTION ( 'NONE',  ( 0.000000000000000000, -1.000000000000000000, 0.000000000000000000 ) ) ;
#12908 = VERTEX_POINT ( 'NONE', #6582 ) ;
#12909 = VECTOR ( 'NONE', #7565, 1000.000000000000000 ) ;
#12910 = ORIENTED_EDGE ( 'NONE', *, *, #12065, .F. ) ;
#12911 = EDGE_CURVE ( 'NONE', #2311, #8835, #7678, .T. ) ;
#12912 = CARTESIAN_POINT ( 'NONE',  ( 0.4750000000000001443, 0.000000000000000000, -1.300000000000000044 ) ) ;
#12913 = ORIENTED_EDGE ( 'NONE', *, *, #8726, .F. ) ;
#12914 = CARTESIAN_POINT ( 'NONE',  ( 1.875000000000000444, 1.474999999999999867, -1.350000000000000533 ) ) ;
#12915 = FACE_OUTER_BOUND ( 'NONE', #5625, .T. ) ;
#12916 = ORIENTED_EDGE ( 'NONE', *, *, #5882, .T. ) ;
#12917 = EDGE_LOOP ( 'NONE', ( #1131, #4002, #803, #10550 ) ) ;
#12918 = EDGE_CURVE ( 'NONE', #1553, #4049, #11938, .T. ) ;
#12919 = LINE ( 'NONE', #12602, #12575 ) ;
#12920 = EDGE_CURVE ( 'NONE', #4004, #6103, #3078, .T. ) ;
#12921 = CARTESIAN_POINT ( 'NONE',  ( 1.325000000000001510, 0.2299999999999920164, -1.350000000000000533 ) ) ;
#12922 = ORIENTED_EDGE ( 'NONE', *, *, #12605, .T. ) ;
#12923 = DIRECTION ( 'NONE',  ( 0.000000000000000000, 0.000000000000000000, 1.000000000000000000 ) ) ;
#12924 = ORIENTED_EDGE ( 'NONE', *, *, #8622, .F. ) ;
#12925 = EDGE_LOOP ( 'NONE', ( #9110, #12830, #9133, #8902, #762, #10309, #9320, #4399, #3940, #12682, #4212, #881, #4635, #4977, #10048, #6092, #1609, #9934, #5825 ) ) ;
#12926 = CARTESIAN_POINT ( 'NONE',  ( 1.275000000000000133, 1.574999999999999734, -1.300000000000000044 ) ) ;
#12927 = CARTESIAN_POINT ( 'NONE',  ( -0.3250000000000000111, 1.574999999999999734, -1.300000000000000044 ) ) ;
#12928 = FACE_OUTER_BOUND ( 'NONE', #6235, .T. ) ;
#12929 = LINE ( 'NONE', #12695, #12635 ) ;
#12930 = AXIS2_PLACEMENT_3D ( 'NONE', #7527, #1511, #9735 ) ;
#12931 = ORIENTED_EDGE ( 'NONE', *, *, #458, .T. ) ;
#12932 = LINE ( 'NONE', #4688, #3939 ) ;
#12933 = ORIENTED_EDGE ( 'NONE', *, *, #2007, .T. ) ;
#12934 = DIRECTION ( 'NONE',  ( 1.000000000000000000, 0.000000000000000000, -0.000000000000000000 ) ) ;
#12935 = ORIENTED_EDGE ( 'NONE', *, *, #3245, .T. ) ;
#12936 = LINE ( 'NONE', #1545, #3822 ) ;
#12937 = EDGE_CURVE ( 'NONE', #13154, #9548, #3167, .T. ) ;
#12938 = EDGE_LOOP ( 'NONE', ( #3552, #7296, #11273, #8100 ) ) ;
#12939 = CARTESIAN_POINT ( 'NONE',  ( -2.075000000000000178, 1.125000000000000222, 0.5500000000000004885 ) ) ;
#12940 = DIRECTION ( 'NONE',  ( 0.000000000000000000, 0.000000000000000000, -1.000000000000000000 ) ) ;
#12941 = ORIENTED_EDGE ( 'NONE', *, *, #4777, .F. ) ;
#12942 = CARTESIAN_POINT ( 'NONE',  ( 1.075000000000000400, 0.2299999999999946254, -1.350000000000000533 ) ) ;
#12943 = LINE ( 'NONE', #10806, #8536 ) ;
#12944 = CARTESIAN_POINT ( 'NONE',  ( 2.075000000000000178, 1.499999999999999334, -0.3499999999999994227 ) ) ;
#12945 = EDGE_CURVE ( 'NONE', #5399, #2116, #12083, .T. ) ;
#12946 = ORIENTED_EDGE ( 'NONE', *, *, #7372, .T. ) ;
#12947 = EDGE_CURVE ( 'NONE', #141, #3707, #7601, .T. ) ;
#12948 = CARTESIAN_POINT ( 'NONE',  ( -0.3250000000000000111, 1.574999999999999956, -1.300000000000000044 ) ) ;
#12949 = VERTEX_POINT ( 'NONE', #3605 ) ;
#12950 = ORIENTED_EDGE ( 'NONE', *, *, #6659, .F. ) ;
#12951 = DIRECTION ( 'NONE',  ( 7.228014483236698528E-16, -1.694065894508603636E-16, 1.000000000000000000 ) ) ;
#12952 = DIRECTION ( 'NONE',  ( 0.000000000000000000, -1.000000000000000000, 0.000000000000000000 ) ) ;
#12953 = LINE ( 'NONE', #290, #4154 ) ;
#12954 = CARTESIAN_POINT ( 'NONE',  ( 1.925000000000000044, 1.574999999999999734, 1.349999999999999645 ) ) ;
#12955 = VECTOR ( 'NONE', #666, 1000.000000000000000 ) ;
#12956 = EDGE_LOOP ( 'NONE', ( #10423, #12715, #4043, #8393, #8271, #6257, #12916, #10813, #3872, #4385, #6237, #4640, #3767, #11186, #12757, #3884, #8870, #8334, #4170, #12667, #46, #8854, #8235, #3913 ) ) ;
#12957 = EDGE_CURVE ( 'NONE', #1762, #1867, #12042, .T. ) ;
#12958 = AXIS2_PLACEMENT_3D ( 'NONE', #8014, #13136, #2626 ) ;
#12959 = LINE ( 'NONE', #8751, #8310 ) ;
#12960 = EDGE_LOOP ( 'NONE', ( #6445, #6364, #4307 ) ) ;
#12961 = PLANE ( 'NONE',  #1430 ) ;
#12962 = DIRECTION ( 'NONE',  ( 0.000000000000000000, -1.000000000000000000, 0.000000000000000000 ) ) ;
#12963 = ORIENTED_EDGE ( 'NONE', *, *, #6287, .F. ) ;
#12964 = VECTOR ( 'NONE', #3129, 1000.000000000000000 ) ;
#12965 = ORIENTED_EDGE ( 'NONE', *, *, #4446, .T. ) ;
#12966 =( LENGTH_UNIT ( ) NAMED_UNIT ( * ) SI_UNIT ( .MILLI., .METRE. ) );
#12967 = ORIENTED_EDGE ( 'NONE', *, *, #944, .F. ) ;
#12968 = DIRECTION ( 'NONE',  ( -0.000000000000000000, 0.7071067811865479058, 0.7071067811865471286 ) ) ;
#12969 = CARTESIAN_POINT ( 'NONE',  ( -3.500000000000000000, 1.150000000000011013, 1.250000000000001110 ) ) ;
#12970 = VECTOR ( 'NONE', #7450, 1000.000000000000000 ) ;
#12971 = CARTESIAN_POINT ( 'NONE',  ( -2.075000000000000178, 0.000000000000000000, -1.300000000000000044 ) ) ;
#12972 = EDGE_LOOP ( 'NONE', ( #12922, #10011, #1672, #9377 ) ) ;
#12973 = CARTESIAN_POINT ( 'NONE',  ( -2.075000000000000178, 1.125000000000000222, -0.5500000000000018208 ) ) ;
#12974 = ORIENTED_EDGE ( 'NONE', *, *, #526, .F. ) ;
#12975 = DIRECTION ( 'NONE',  ( 0.000000000000000000, 0.000000000000000000, 1.000000000000000000 ) ) ;
#12976 = EDGE_CURVE ( 'NONE', #1599, #11070, #3327, .T. ) ;
#12977 = CARTESIAN_POINT ( 'NONE',  ( 2.500000000000000888, 1.499999999999999334, -0.3499999999999994227 ) ) ;
#12978 = VECTOR ( 'NONE', #5396, 1000.000000000000000 ) ;
#12979 = FACE_OUTER_BOUND ( 'NONE', #5044, .T. ) ;
#12980 = ORIENTED_EDGE ( 'NONE', *, *, #11577, .T. ) ;
#12981 = VECTOR ( 'NONE', #2473, 1000.000000000000000 ) ;
#12982 = ORIENTED_EDGE ( 'NONE', *, *, #2053, .F. ) ;
#12983 = AXIS2_PLACEMENT_3D ( 'NONE', #4361, #7029, #8161 ) ;
#12984 = VERTEX_POINT ( 'NONE', #11466 ) ;
#12985 = VECTOR ( 'NONE', #990, 1000.000000000000000 ) ;
#12986 = DIRECTION ( 'NONE',  ( 0.000000000000000000, 0.000000000000000000, -1.000000000000000000 ) ) ;
#12987 = VERTEX_POINT ( 'NONE', #4419 ) ;
#12988 = ADVANCED_FACE ( 'NONE', ( #12193 ), #7341, .F. ) ;
#12989 = EDGE_LOOP ( 'NONE', ( #6712, #13084, #11222, #11160, #6967, #4547 ) ) ;
#12990 = VECTOR ( 'NONE', #815, 1000.000000000000000 ) ;
#12991 = DIRECTION ( 'NONE',  ( -0.000000000000000000, 1.000000000000000000, -0.000000000000000000 ) ) ;
#12992 = LINE ( 'NONE', #3244, #4209 ) ;
#12993 = CARTESIAN_POINT ( 'NONE',  ( 2.740000000000000657, 1.299999999999999156, 1.350000000000000533 ) ) ;
#12994 = PLANE ( 'NONE',  #6643 ) ;
#12995 = CARTESIAN_POINT ( 'NONE',  ( -3.500000000000000000, 1.750000000000000000, 1.350000000000000533 ) ) ;
#12996 = ORIENTED_EDGE ( 'NONE', *, *, #6139, .F. ) ;
#12997 = ORIENTED_EDGE ( 'NONE', *, *, #3049, .F. ) ;
#12998 = CARTESIAN_POINT ( 'NONE',  ( -2.500000000000000444, 0.2499999999999991396, -0.3499999999999994227 ) ) ;
#12999 = ORIENTED_EDGE ( 'NONE', *, *, #2601, .F. ) ;
#13000 = CARTESIAN_POINT ( 'NONE',  ( 1.925000000000000044, 1.499999999999999334, 1.275000000000000133 ) ) ;
#13001 = DIRECTION ( 'NONE',  ( 0.000000000000000000, -1.000000000000000000, 0.000000000000000000 ) ) ;
#13002 = VECTOR ( 'NONE', #2174, 1000.000000000000000 ) ;
#13003 = CARTESIAN_POINT ( 'NONE',  ( -1.274999999999999023, 0.7499999999999991118, -0.5500000000000018208 ) ) ;
#13004 = VECTOR ( 'NONE', #8059, 1000.000000000000114 ) ;
#13005 = EDGE_LOOP ( 'NONE', ( #7257, #8361, #2898, #8050 ) ) ;
#13006 = VECTOR ( 'NONE', #1485, 1000.000000000000000 ) ;
#13007 = EDGE_CURVE ( 'NONE', #33, #115, #7778, .T. ) ;
#13008 = ORIENTED_EDGE ( 'NONE', *, *, #8023, .F. ) ;
#13009 = CARTESIAN_POINT ( 'NONE',  ( 0.8333333333333343695, 1.916666666666666519, -0.3916666666666656083 ) ) ;
#13010 = ORIENTED_EDGE ( 'NONE', *, *, #1056, .T. ) ;
#13011 = CARTESIAN_POINT ( 'NONE',  ( 2.812500000000000888, 1.149999999999999911, 0.3874999999999995670 ) ) ;
#13012 = SURFACE_STYLE_FILL_AREA ( #2658 ) ;
#13013 = ORIENTED_EDGE ( 'NONE', *, *, #3573, .F. ) ;
#13014 = VERTEX_POINT ( 'NONE', #3502 ) ;
#13015 = FACE_OUTER_BOUND ( 'NONE', #5309, .T. ) ;
#13016 = LINE ( 'NONE', #8444, #13163 ) ;
#13017 = CARTESIAN_POINT ( 'NONE',  ( 2.200000000000000178, 3.600000000000000089, 0.5749999999999982903 ) ) ;
#13018 = CARTESIAN_POINT ( 'NONE',  ( 1.125000000000000222, 1.499999999999999334, 1.275000000000000133 ) ) ;
#13019 = ADVANCED_FACE ( 'NONE', ( #12220 ), #330, .F. ) ;
#13020 = VERTEX_POINT ( 'NONE', #11557 ) ;
#13021 = CARTESIAN_POINT ( 'NONE',  ( -0.4749999999999999223, 1.125000000000000222, 0.4999999999999998890 ) ) ;
#13022 = ORIENTED_EDGE ( 'NONE', *, *, #793, .T. ) ;
#13023 = ORIENTED_EDGE ( 'NONE', *, *, #1128, .T. ) ;
#13024 = DIRECTION ( 'NONE',  ( -1.000000000000000000, 0.000000000000000000, 0.000000000000000000 ) ) ;
#13025 = ADVANCED_FACE ( 'NONE', ( #11850 ), #405, .F. ) ;
#13026 = DIRECTION ( 'NONE',  ( 1.000000000000000000, -0.000000000000000000, -0.000000000000000000 ) ) ;
#13027 = LINE ( 'NONE', #6208, #8578 ) ;
#13028 = LINE ( 'NONE', #6666, #8500 ) ;
#13029 = ORIENTED_EDGE ( 'NONE', *, *, #1528, .T. ) ;
#13030 = VECTOR ( 'NONE', #1208, 1000.000000000000000 ) ;
#13031 = EDGE_LOOP ( 'NONE', ( #8859, #4333, #8733, #11117 ) ) ;
#13032 = VERTEX_POINT ( 'NONE', #3406 ) ;
#13033 = ORIENTED_EDGE ( 'NONE', *, *, #4906, .F. ) ;
#13034 = LINE ( 'NONE', #7174, #241 ) ;
#13035 = DIRECTION ( 'NONE',  ( 0.000000000000000000, 0.000000000000000000, -1.000000000000000000 ) ) ;
#13036 = LINE ( 'NONE', #10408, #3844 ) ;
#13037 = EDGE_LOOP ( 'NONE', ( #1483, #12606, #10090, #6195 ) ) ;
#13038 = PLANE ( 'NONE',  #11856 ) ;
#13039 = ORIENTED_EDGE ( 'NONE', *, *, #2156, .F. ) ;
#13040 = ORIENTED_EDGE ( 'NONE', *, *, #11876, .F. ) ;
#13041 = CARTESIAN_POINT ( 'NONE',  ( -2.124999999999999556, 1.474999999999999867, -1.349999999999997868 ) ) ;
#13042 = LINE ( 'NONE', #2253, #3810 ) ;
#13043 = FACE_OUTER_BOUND ( 'NONE', #7545, .T. ) ;
#13044 = AXIS2_PLACEMENT_3D ( 'NONE', #5756, #9875, #1905 ) ;
#13045 = ORIENTED_EDGE ( 'NONE', *, *, #5296, .T. ) ;
#13046 = VERTEX_POINT ( 'NONE', #8317 ) ;
#13047 = DIRECTION ( 'NONE',  ( -1.000000000000000000, -0.000000000000000000, -1.445602896647338917E-15 ) ) ;
#13048 =( NAMED_UNIT ( * ) SI_UNIT ( $, .STERADIAN. ) SOLID_ANGLE_UNIT ( ) );
#13049 = EDGE_CURVE ( 'NONE', #12430, #1766, #3368, .T. ) ;
#13050 = VERTEX_POINT ( 'NONE', #10385 ) ;
#13051 = CARTESIAN_POINT ( 'NONE',  ( 2.075000000000000178, 0.4499999999999999556, -0.3999999999999999667 ) ) ;
#13052 = DIRECTION ( 'NONE',  ( 1.000000000000000000, 0.000000000000000000, 0.000000000000000000 ) ) ;
#13053 = AXIS2_PLACEMENT_3D ( 'NONE', #2132, #4606, #10386 ) ;
#13054 = EDGE_LOOP ( 'NONE', ( #3890, #2698, #12030, #2803 ) ) ;
#13055 = EDGE_CURVE ( 'NONE', #1289, #9080, #2955, .T. ) ;
#13056 = LINE ( 'NONE', #996, #8871 ) ;
#13057 = DIRECTION ( 'NONE',  ( 1.000000000000000000, 0.000000000000000000, 0.000000000000000000 ) ) ;
#13058 = LINE ( 'NONE', #5454, #12970 ) ;
#13059 = EDGE_CURVE ( 'NONE', #4526, #481, #2979, .T. ) ;
#13060 = EDGE_CURVE ( 'NONE', #1864, #4726, #12287, .T. ) ;
#13061 = CARTESIAN_POINT ( 'NONE',  ( -3.000000000000000444, 0.6200000000000112088, 1.305000000000000160 ) ) ;
#13062 = ORIENTED_EDGE ( 'NONE', *, *, #13059, .F. ) ;
#13063 = EDGE_CURVE ( 'NONE', #11027, #12834, #12382, .T. ) ;
#13064 = DIRECTION ( 'NONE',  ( 1.000000000000000000, -0.000000000000000000, -0.000000000000000000 ) ) ;
#13065 = EDGE_LOOP ( 'NONE', ( #4077, #6218, #8512, #8195 ) ) ;
#13066 = CARTESIAN_POINT ( 'NONE',  ( 2.433333333333334014, 1.433333333333332682, 1.208333333333333481 ) ) ;
#13067 = EDGE_CURVE ( 'NONE', #6399, #10402, #8157, .T. ) ;
#13068 = FACE_OUTER_BOUND ( 'NONE', #2505, .T. ) ;
#13069 = LINE ( 'NONE', #7340, #8403 ) ;
#13070 = EDGE_LOOP ( 'NONE', ( #4387, #10789, #2167, #10637 ) ) ;
#13071 = PLANE ( 'NONE',  #4570 ) ;
#13072 = ORIENTED_EDGE ( 'NONE', *, *, #5261, .F. ) ;
#13073 = EDGE_LOOP ( 'NONE', ( #6421, #6529, #2719, #11842 ) ) ;
#13074 = PLANE ( 'NONE',  #948 ) ;
#13075 = ADVANCED_FACE ( 'NONE', ( #3618 ), #929, .F. ) ;
#13076 = AXIS2_PLACEMENT_3D ( 'NONE', #1496, #4609, #1412 ) ;
#13077 = ORIENTED_EDGE ( 'NONE', *, *, #2284, .F. ) ;
#13078 = LINE ( 'NONE', #12866, #13228 ) ;
#13079 = DIRECTION ( 'NONE',  ( 1.000000000000000000, 0.000000000000000000, 0.000000000000000000 ) ) ;
#13080 = LINE ( 'NONE', #6605, #8701 ) ;
#13081 = CARTESIAN_POINT ( 'NONE',  ( -0.4749999999999999223, 1.150000000000000133, -0.3999999999999999667 ) ) ;
#13082 = CARTESIAN_POINT ( 'NONE',  ( 1.275000000000000133, 1.499999999999999334, 1.275000000000000133 ) ) ;
#13083 = CARTESIAN_POINT ( 'NONE',  ( -0.3250000000000000111, 1.750000000000000888, -0.5500000000000018208 ) ) ;
#13084 = ORIENTED_EDGE ( 'NONE', *, *, #1768, .T. ) ;
#13085 = EDGE_CURVE ( 'NONE', #7666, #7818, #7891, .T. ) ;
#13086 = ORIENTED_EDGE ( 'NONE', *, *, #1070, .T. ) ;
#13087 = CARTESIAN_POINT ( 'NONE',  ( 2.125000000000000444, 0.2299999999999920164, -1.350000000000000533 ) ) ;
#13088 = ORIENTED_EDGE ( 'NONE', *, *, #4584, .T. ) ;
#13089 = DIRECTION ( 'NONE',  ( 0.000000000000000000, -0.000000000000000000, 1.000000000000000000 ) ) ;
#13090 = DIRECTION ( 'NONE',  ( -0.000000000000000000, 1.000000000000000000, 5.421010862427604014E-16 ) ) ;
#13091 = LINE ( 'NONE', #5766, #12726 ) ;
#13092 = EDGE_CURVE ( 'NONE', #2887, #5046, #12331, .T. ) ;
#13093 = CARTESIAN_POINT ( 'NONE',  ( -0.3750000000000001110, 1.575000000000000178, 0.5500000000000003775 ) ) ;
#13094 = EDGE_CURVE ( 'NONE', #10740, #5582, #12607, .T. ) ;
#13095 = ORIENTED_EDGE ( 'NONE', *, *, #1445, .T. ) ;
#13096 = PLANE ( 'NONE',  #3550 ) ;
#13097 = EDGE_CURVE ( 'NONE', #1553, #10805, #8300, .T. ) ;
#13098 = VERTEX_POINT ( 'NONE', #5857 ) ;
#13099 = ADVANCED_FACE ( 'NONE', ( #8326 ), #4948, .T. ) ;
#13100 = ORIENTED_EDGE ( 'NONE', *, *, #8370, .F. ) ;
#13101 = VECTOR ( 'NONE', #9683, 1000.000000000000000 ) ;
#13102 = STYLED_ITEM ( 'NONE', ( #3838 ), #7486 ) ;
#13103 = VECTOR ( 'NONE', #12006, 1000.000000000000000 ) ;
#13104 = DIRECTION ( 'NONE',  ( 0.7071067811865521247, 3.407318703740853605E-16, 0.7071067811865430208 ) ) ;
#13105 = CARTESIAN_POINT ( 'NONE',  ( 0.3250000000000001776, 1.574999999999999734, -1.350000000000000533 ) ) ;
#13106 = ORIENTED_EDGE ( 'NONE', *, *, #10711, .F. ) ;
#13107 = DIRECTION ( 'NONE',  ( 1.000000000000000000, 0.000000000000000000, -0.000000000000000000 ) ) ;
#13108 = ORIENTED_EDGE ( 'NONE', *, *, #2157, .F. ) ;
#13109 = ORIENTED_EDGE ( 'NONE', *, *, #4944, .F. ) ;
#13110 = DIRECTION ( 'NONE',  ( -0.000000000000000000, -0.000000000000000000, 1.000000000000000000 ) ) ;
#13111 = DIRECTION ( 'NONE',  ( -0.5773502691896249539, 0.5773502691896272854, -0.5773502691896249539 ) ) ;
#13112 = AXIS2_PLACEMENT_3D ( 'NONE', #2741, #11901, #669 ) ;
#13113 = EDGE_CURVE ( 'NONE', #5306, #13235, #12411, .T. ) ;
#13114 = DIRECTION ( 'NONE',  ( 0.7071067811865521247, 3.407318703740853605E-16, 0.7071067811865430208 ) ) ;
#13115 = VERTEX_POINT ( 'NONE', #6839 ) ;
#13116 = EDGE_LOOP ( 'NONE', ( #12592, #6296, #8901, #1987 ) ) ;
#13117 = EDGE_CURVE ( 'NONE', #12984, #6866, #3565, .T. ) ;
#13118 = CARTESIAN_POINT ( 'NONE',  ( -0.4749999999999999223, 0.7499999999999998890, -0.3999999999999999667 ) ) ;
#13119 = EDGE_LOOP ( 'NONE', ( #9921, #1441, #688, #10057 ) ) ;
#13120 = CARTESIAN_POINT ( 'NONE',  ( -3.200000000000000178, 0.6200000000000113198, 1.324999999999999956 ) ) ;
#13121 = COLOUR_RGB ( '',0.7921568627450980005, 0.8196078431372548767, 0.9333333333333333481 ) ;
#13122 = DIRECTION ( 'NONE',  ( -1.000000000000000000, 1.275531967630008943E-16, 0.000000000000000000 ) ) ;
#13123 = CARTESIAN_POINT ( 'NONE',  ( -1.275000000000000133, 0.9750000000000004219, -1.229999999999999760 ) ) ;
#13124 = LINE ( 'NONE', #4805, #13144 ) ;
#13125 = ADVANCED_FACE ( 'NONE', ( #12435 ), #4778, .F. ) ;
#13126 = ORIENTED_EDGE ( 'NONE', *, *, #6945, .F. ) ;
#13127 = AXIS2_PLACEMENT_3D ( 'NONE', #5504, #9616, #398 ) ;
#13128 = ORIENTED_EDGE ( 'NONE', *, *, #8949, .T. ) ;
#13129 = VERTEX_POINT ( 'NONE', #4858 ) ;
#13130 = ADVANCED_FACE ( 'NONE', ( #3756 ), #3489, .T. ) ;
#13131 = PLANE ( 'NONE',  #8576 ) ;
#13132 = ORIENTED_EDGE ( 'NONE', *, *, #10332, .T. ) ;
#13133 = VECTOR ( 'NONE', #13244, 1000.000000000000000 ) ;
#13134 = ORIENTED_EDGE ( 'NONE', *, *, #6660, .F. ) ;
#13135 = CARTESIAN_POINT ( 'NONE',  ( 3.500000000000003109, 1.149999999999999911, -0.9749999999999897637 ) ) ;
#13136 = DIRECTION ( 'NONE',  ( 0.000000000000000000, 1.000000000000000000, 0.000000000000000000 ) ) ;
#13137 = ORIENTED_EDGE ( 'NONE', *, *, #793, .F. ) ;
#13138 = CARTESIAN_POINT ( 'NONE',  ( 3.200000000000000178, 0.6200000000000113198, 1.305000000000000160 ) ) ;
#13139 = DIRECTION ( 'NONE',  ( 0.000000000000000000, -0.7071067811865490160, -0.7071067811865460184 ) ) ;
#13140 = ORIENTED_EDGE ( 'NONE', *, *, #12093, .F. ) ;
#13141 = CARTESIAN_POINT ( 'NONE',  ( 3.200000000000000178, 0.6950000000000109424, 1.275000000000000133 ) ) ;
#13142 = LINE ( 'NONE', #9502, #4540 ) ;
#13143 = CARTESIAN_POINT ( 'NONE',  ( -1.975000000000000089, 0.5000000000000002220, -0.3499999999999998113 ) ) ;
#13144 = VECTOR ( 'NONE', #9825, 1000.000000000000000 ) ;
#13145 = EDGE_CURVE ( 'NONE', #6253, #4510, #7918, .T. ) ;
#13146 = DIRECTION ( 'NONE',  ( -1.000000000000000000, -0.000000000000000000, -0.000000000000000000 ) ) ;
#13147 = ORIENTED_EDGE ( 'NONE', *, *, #10967, .F. ) ;
#13148 = CARTESIAN_POINT ( 'NONE',  ( 0.4750000000000001443, 1.750000000000000888, -0.5500000000000018208 ) ) ;
#13149 = ORIENTED_EDGE ( 'NONE', *, *, #6528, .F. ) ;
#13150 = DIRECTION ( 'NONE',  ( 0.000000000000000000, 0.000000000000000000, 1.000000000000000000 ) ) ;
#13151 = ORIENTED_EDGE ( 'NONE', *, *, #1047, .T. ) ;
#13152 = AXIS2_PLACEMENT_3D ( 'NONE', #1461, #9101, #812 ) ;
#13153 = DIRECTION ( 'NONE',  ( -4.818676322157797375E-16, 1.000000000000000000, 0.000000000000000000 ) ) ;
#13154 = VERTEX_POINT ( 'NONE', #1997 ) ;
#13155 = CARTESIAN_POINT ( 'NONE',  ( 3.200000000000000178, 0.3500000000000113021, 1.275000000000000133 ) ) ;
#13156 = VECTOR ( 'NONE', #3873, 1000.000000000000000 ) ;
#13157 = DIRECTION ( 'NONE',  ( 0.000000000000000000, 0.000000000000000000, -1.000000000000000000 ) ) ;
#13158 = ORIENTED_EDGE ( 'NONE', *, *, #8913, .T. ) ;
#13159 = ORIENTED_EDGE ( 'NONE', *, *, #2651, .T. ) ;
#13160 = DIRECTION ( 'NONE',  ( 0.7071067811865497932, -1.703659351870409300E-16, -0.7071067811865452413 ) ) ;
#13161 = VERTEX_POINT ( 'NONE', #7776 ) ;
#13162 = DIRECTION ( 'NONE',  ( 0.000000000000000000, -1.000000000000000000, 0.000000000000000000 ) ) ;
#13163 = VECTOR ( 'NONE', #2234, 1000.000000000000000 ) ;
#13164 = DIRECTION ( 'NONE',  ( 9.019373039313980092E-17, -0.7071067811865465735, -0.7071067811865485719 ) ) ;
#13165 = CARTESIAN_POINT ( 'NONE',  ( -3.500000000000000000, 1.750000000000000000, 0.5500000000000004885 ) ) ;
#13166 = ORIENTED_EDGE ( 'NONE', *, *, #9078, .F. ) ;
#13167 = EDGE_LOOP ( 'NONE', ( #13010, #3293, #11863, #5325 ) ) ;
#13168 = VERTEX_POINT ( 'NONE', #11819 ) ;
#13169 = PLANE ( 'NONE',  #9348 ) ;
#13170 = ORIENTED_EDGE ( 'NONE', *, *, #12390, .F. ) ;
#13171 = LINE ( 'NONE', #4931, #8801 ) ;
#13172 = VERTEX_POINT ( 'NONE', #9134 ) ;
#13173 = CARTESIAN_POINT ( 'NONE',  ( 3.500000000000000000, 1.574999999999999734, 1.350000000000000533 ) ) ;
#13174 = VERTEX_POINT ( 'NONE', #753 ) ;
#13175 = EDGE_LOOP ( 'NONE', ( #1655, #6094, #8308, #13045 ) ) ;
#13176 = VECTOR ( 'NONE', #5824, 1000.000000000000114 ) ;
#13177 = VECTOR ( 'NONE', #1605, 1000.000000000000000 ) ;
#13178 = CARTESIAN_POINT ( 'NONE',  ( 3.000000000000000444, 0.6500000000000112355, 1.305000000000000160 ) ) ;
#13179 = CARTESIAN_POINT ( 'NONE',  ( 1.925000000000000044, 0.4499999999999999556, -0.3999999999999999667 ) ) ;
#13180 = EDGE_LOOP ( 'NONE', ( #11891, #4941, #9022, #12104 ) ) ;
#13181 = ORIENTED_EDGE ( 'NONE', *, *, #5200, .F. ) ;
#13182 = ORIENTED_EDGE ( 'NONE', *, *, #2601, .T. ) ;
#13183 = CARTESIAN_POINT ( 'NONE',  ( -2.075000000000000178, 1.750000000000000444, -0.5500000000000017097 ) ) ;
#13184 = PLANE ( 'NONE',  #10196 ) ;
#13185 = PLANE ( 'NONE',  #11310 ) ;
#13186 = VERTEX_POINT ( 'NONE', #10063 ) ;
#13187 = EDGE_CURVE ( 'NONE', #1692, #10556, #12455, .T. ) ;
#13188 = LINE ( 'NONE', #8497, #8651 ) ;
#13189 = EDGE_CURVE ( 'NONE', #9054, #6869, #3441, .T. ) ;
#13190 = EDGE_LOOP ( 'NONE', ( #8363, #3790, #11346, #12931 ) ) ;
#13191 = PLANE ( 'NONE',  #10835 ) ;
#13192 = ORIENTED_EDGE ( 'NONE', *, *, #2950, .F. ) ;
#13193 = AXIS2_PLACEMENT_3D ( 'NONE', #2780, #3736, #5722 ) ;
#13194 = ADVANCED_FACE ( 'NONE', ( #12358 ), #12897, .F. ) ;
#13195 = CARTESIAN_POINT ( 'NONE',  ( -2.649999999999999023, 1.474999999999999867, -1.349999999999998535 ) ) ;
#13196 = VERTEX_POINT ( 'NONE', #12998 ) ;
#13197 = DIRECTION ( 'NONE',  ( -0.7071067811865475727, 0.000000000000000000, 0.7071067811865475727 ) ) ;
#13198 = LINE ( 'NONE', #68, #4208 ) ;
#13199 = DIRECTION ( 'NONE',  ( -0.000000000000000000, -0.000000000000000000, 1.000000000000000000 ) ) ;
#13200 = CARTESIAN_POINT ( 'NONE',  ( 1.125000000000000666, 0.7499999999999991118, -0.3499999999999998113 ) ) ;
#13201 = FACE_OUTER_BOUND ( 'NONE', #12098, .T. ) ;
#13202 = CARTESIAN_POINT ( 'NONE',  ( 1.875000000000000444, 1.474999999999999867, -1.349999999999997868 ) ) ;
#13203 = EDGE_LOOP ( 'NONE', ( #8907, #6301, #6531, #10899 ) ) ;
#13204 = EDGE_CURVE ( 'NONE', #6530, #7076, #3782, .T. ) ;
#13205 = ORIENTED_EDGE ( 'NONE', *, *, #2951, .F. ) ;
#13206 = ORIENTED_EDGE ( 'NONE', *, *, #9248, .F. ) ;
#13207 = ORIENTED_EDGE ( 'NONE', *, *, #5071, .T. ) ;
#13208 = EDGE_CURVE ( 'NONE', #11305, #7200, #3687, .T. ) ;
#13209 = DIRECTION ( 'NONE',  ( 0.000000000000000000, -1.694065894508603883E-16, 1.000000000000000000 ) ) ;
#13210 = DIRECTION ( 'NONE',  ( -1.000000000000000000, 1.275531967630008943E-16, 0.000000000000000000 ) ) ;
#13211 = ORIENTED_EDGE ( 'NONE', *, *, #6780, .F. ) ;
#13212 = AXIS2_PLACEMENT_3D ( 'NONE', #1705, #2703, #3740 ) ;
#13213 = VECTOR ( 'NONE', #4845, 1000.000000000000000 ) ;
#13214 = EDGE_CURVE ( 'NONE', #7259, #6484, #12721, .T. ) ;
#13215 = ORIENTED_EDGE ( 'NONE', *, *, #4583, .F. ) ;
#13216 = EDGE_CURVE ( 'NONE', #8505, #1599, #3515, .T. ) ;
#13217 = DIRECTION ( 'NONE',  ( 0.000000000000000000, 0.7071067811865490160, -0.7071067811865460184 ) ) ;
#13218 = DIRECTION ( 'NONE',  ( 0.000000000000000000, 0.000000000000000000, -1.000000000000000000 ) ) ;
#13219 = ORIENTED_EDGE ( 'NONE', *, *, #7884, .F. ) ;
#13220 = CARTESIAN_POINT ( 'NONE',  ( 2.500000000000000888, 1.499999999999999334, -0.3499999999999994227 ) ) ;
#13221 = CARTESIAN_POINT ( 'NONE',  ( -0.4749999999999999223, 0.000000000000000000, -1.300000000000000044 ) ) ;
#13222 = VECTOR ( 'NONE', #4564, 1000.000000000000114 ) ;
#13223 = PLANE ( 'NONE',  #11213 ) ;
#13224 = ADVANCED_FACE ( 'NONE', ( #7863 ), #10324, .F. ) ;
#13225 = ORIENTED_EDGE ( 'NONE', *, *, #1120, .T. ) ;
#13226 = EDGE_CURVE ( 'NONE', #8295, #10006, #7947, .T. ) ;
#13227 = DIRECTION ( 'NONE',  ( 0.000000000000000000, 1.000000000000000000, 0.000000000000000000 ) ) ;
#13228 = VECTOR ( 'NONE', #11701, 1000.000000000000000 ) ;
#13229 = CARTESIAN_POINT ( 'NONE',  ( 3.500000000000000000, 0.3500000000000024203, 0.3499999999999987566 ) ) ;
#13230 = LINE ( 'NONE', #264, #4251 ) ;
#13231 = EDGE_CURVE ( 'NONE', #11490, #10405, #12651, .T. ) ;
#13232 = VERTEX_POINT ( 'NONE', #11225 ) ;
#13233 = DIRECTION ( 'NONE',  ( 1.000000000000000000, 1.275531967630008943E-16, -0.000000000000000000 ) ) ;
#13234 = ADVANCED_FACE ( 'NONE', ( #3467 ), #3248, .F. ) ;
#13235 = VERTEX_POINT ( 'NONE', #12337 ) ;
#13236 = ORIENTED_EDGE ( 'NONE', *, *, #11303, .F. ) ;
#13237 = CARTESIAN_POINT ( 'NONE',  ( -1.865000000000000213, 0.2149999999999987477, 0.7500000000000005551 ) ) ;
#13238 = VERTEX_POINT ( 'NONE', #1181 ) ;
#13239 = ADVANCED_FACE ( 'NONE', ( #8038 ), #4266, .F. ) ;
#13240 = DIRECTION ( 'NONE',  ( 0.7071067811865521247, 3.407318703740853605E-16, 0.7071067811865430208 ) ) ;
#13241 = AXIS2_PLACEMENT_3D ( 'NONE', #8323, #9369, #10389 ) ;
#13242 = VERTEX_POINT ( 'NONE', #5114 ) ;
#13243 = FACE_OUTER_BOUND ( 'NONE', #7940, .T. ) ;
#13244 = DIRECTION ( 'NONE',  ( 0.000000000000000000, 1.000000000000000000, 8.673617379884030542E-16 ) ) ;
#13245 = ORIENTED_EDGE ( 'NONE', *, *, #2684, .F. ) ;
#13246 = VERTEX_POINT ( 'NONE', #6107 ) ;
#13247 = CARTESIAN_POINT ( 'NONE',  ( -1.925000000000000044, 0.4499999999999999556, -0.3999999999999999667 ) ) ;
#13248 = EDGE_CURVE ( 'NONE', #10284, #4719, #8111, .T. ) ;
ENDSEC;
END-ISO-10303-21;
